age,gender_0,gender_1,race_0,race_1,race_2,race_3,race_4,eye_distance,mouth_width,face_width,face_height,face_aspect_ratio,eye_to_face_ratio,mouth_to_face_ratio
21,1,0,0,0,1,0,0,77.40894317626953,66.86251068115234,160.5243682861328,193.1954345703125,1.2035271444018014,0.4822254963700526,0.4165256116253371
39,1,0,0,0,0,0,1,81.0732421875,68.35238647460938,176.1894073486328,195.52633666992188,1.1097508051833465,0.4601482200747587,0.3879483307379419
36,1,0,0,0,0,0,1,73.98152923583984,64.83088684082031,160.9552459716797,191.28407287597656,1.18843018580229,0.4596403726341234,0.4027882809872963
26,1,0,0,0,0,1,0,79.21012878417969,64.32743835449219,176.2900848388672,198.3532257080078,1.1251524774595625,0.4493169814773156,0.3648953848612008
21,0,1,0,1,0,0,0,79.20275115966797,66.95966339111328,155.65098571777344,182.07052612304688,1.16973577316868,0.5088483750644438,0.4301910654939547
61,0,1,0,0,0,1,0,83.24432373046875,71.0831298828125,188.1509552001953,195.95521545410156,1.0414787171587965,0.4424337024592599,0.377798400264187
54,1,0,0,1,0,0,0,78.92668151855469,64.60877227783203,176.10585021972656,195.6754913330078,1.1111243101172634,0.448177510401149,0.3668746506559545
25,1,0,0,0,0,1,0,79.19496154785156,66.9553451538086,162.8437042236328,196.1143341064453,1.2043102006395163,0.4863249821380465,0.4111632406854305
35,1,0,0,0,0,1,0,81.35004425048828,61.956016540527344,183.04832458496097,187.4342041015625,1.023960227587693,0.4444184039102202,0.3384680885826451
39,0,1,1,0,0,0,0,86.97773742675781,74.80374908447266,164.200439453125,200.2888946533203,1.219782939195468,0.529704656798971,0.4555636351133347
37,1,0,1,0,0,0,0,77.10514068603516,71.76888275146484,167.00588989257812,199.04666137695312,1.1918541406233296,0.4616911459567736,0.4297386325573797
56,1,0,1,0,0,0,0,83.77412414550781,75.87660217285156,170.1132049560547,195.1249237060547,1.1470298484850796,0.4924610300955129,0.4460359334976538
49,0,1,1,0,0,0,0,82.10018920898438,73.45996856689453,171.12644958496094,200.5631866455078,1.1720174592059898,0.4797632943832171,0.4292730243925448
35,0,1,0,0,1,0,0,79.88102722167969,67.439697265625,168.39076232910156,198.97390747070312,1.1816200884097794,0.4743789155462153,0.4004952310496783
25,1,0,1,0,0,0,0,72.87728118896484,62.26335525512695,156.25180053710938,190.69827270507812,1.2204548814769518,0.4664092249718216,0.3984808817632765
6,1,0,0,0,1,0,0,79.56181335449219,65.04412078857422,171.82403564453125,190.03868103027344,1.106007551955214,0.4630423971596691,0.3785507687826468
43,0,1,1,0,0,0,0,80.73043823242188,73.01724243164062,165.7756805419922,199.09445190429688,1.200987088415932,0.4869860160940329,0.4404581069606577
63,1,0,1,0,0,0,0,84.97570037841797,78.09561920166016,181.4810333251953,193.72579956054688,1.0674713275045673,0.4682346073385546,0.4303238623383902
1,1,0,0,0,0,1,0,79.0315933227539,64.29771423339844,175.9058380126953,191.7341766357422,1.089981883500106,0.4492835156332339,0.3655234809703018
1,1,0,1,0,0,0,0,80.4653091430664,58.71501922607422,189.29774475097656,189.25979614257812,0.9997995295271564,0.4250727299943244,0.3101728406923945
27,0,1,0,0,1,0,0,74.99044799804688,63.437774658203125,165.1141815185547,192.21728515625,1.1641476424885382,0.4541732715406994,0.3842054878313061
5,0,1,0,0,1,0,0,77.10450744628906,60.813323974609375,167.73184204101562,187.00282287597656,1.114891606748399,0.4596891473202484,0.3625627861389529
40,0,1,1,0,0,0,0,83.0097885131836,67.48278045654297,171.64784240722656,198.64535522460935,1.157284312105319,0.4836051962496954,0.393146686320957
26,1,0,0,1,0,0,0,80.3541488647461,66.44088745117188,165.8188934326172,201.07388305664065,1.2126114153472494,0.4845898268968917,0.400683456967894
30,1,0,0,0,0,1,0,74.20438385009766,65.56719970703125,149.99160766601562,202.99172973632812,1.3533539168959852,0.4947235715702681,0.4371391221636139
24,1,0,0,0,1,0,0,78.50563049316406,70.80587768554688,158.76869201660156,200.08950805664065,1.2602579609065394,0.4944654358238031,0.4459687661730128
26,1,0,0,0,0,1,0,82.0165786743164,68.66136169433594,175.65586853027344,210.5360107421875,1.1985708903651155,0.4669162457283984,0.3908856690575213
42,0,1,1,0,0,0,0,82.14955139160156,71.82195281982422,173.112548828125,187.6732635498047,1.0841112606812595,0.4745441734161273,0.414885883813846
28,0,1,0,1,0,0,0,72.21990966796875,59.38656234741211,159.4995574951172,193.04454040527344,1.2103139559567944,0.4527906584955863,0.3723305774640166
46,0,1,0,0,0,1,0,81.83899688720703,69.79202270507812,176.55499267578125,200.71380615234375,1.136834496212332,0.4635326118332603,0.3952990603513631
40,1,0,1,0,0,0,0,75.89239501953125,67.37982177734375,161.29347229003906,200.36837768554688,1.2422596825570411,0.4705236606417711,0.4177467371784326
29,1,0,0,0,0,1,0,74.5180435180664,62.83518600463867,162.94094848632812,193.667724609375,1.1885761461958415,0.4573315928888126,0.385631645012248
9,1,0,0,1,0,0,0,77.98768615722656,65.48021697998047,167.99942016601562,202.98138427734375,1.208226695525254,0.464214019787448,0.3897645415399259
60,1,0,0,1,0,0,0,82.28250122070312,69.333251953125,167.47300720214844,196.5391845703125,1.173557386075236,0.491317989658978,0.4139965783825464
17,0,1,0,1,0,0,0,74.472900390625,59.182861328125,156.62196350097656,180.88072204589844,1.1548873351008055,0.4754946159908195,0.3778707660484411
58,1,0,1,0,0,0,0,74.36927032470703,61.89968490600586,161.14306640625,189.884521484375,1.178359861948179,0.4615108299926368,0.3841287514658158
43,0,1,0,1,0,0,0,74.56797790527344,63.834007263183594,158.20765686035156,193.62074279785156,1.223839266950011,0.4713297661129885,0.4034824137464426
26,1,0,0,1,0,0,0,74.5797119140625,63.97492218017578,161.57318115234375,202.9051971435547,1.2558098794393353,0.4615847220569542,0.3959501306089607
57,1,0,1,0,0,0,0,82.51298522949219,74.37896728515625,162.76242065429688,202.7976226806641,1.2459732527043264,0.5069535393845463,0.4569787484491597
14,0,1,1,0,0,0,0,75.76252746582031,68.13595581054688,162.71481323242188,198.4585723876953,1.2196712053758565,0.4656154283728372,0.4187446395136837
29,1,0,0,1,0,0,0,70.01150512695312,57.81507110595703,148.09133911132812,178.0108184814453,1.202033957891522,0.4727589442237521,0.3904014336888018
72,0,1,1,0,0,0,0,75.49789428710938,59.353797912597656,176.3404541015625,190.66702270507812,1.0812438001053593,0.4281371207291249,0.3365863959861025
29,0,1,0,0,0,1,0,91.26171112060548,81.55728149414062,177.19418334960938,205.49024963378903,1.15968958884136,0.5150378494114755,0.4602706474468503
26,1,0,0,0,0,1,0,79.59174346923828,69.2734146118164,170.6864776611328,203.7069091796875,1.1934566344740607,0.4663037433302321,0.4058518024453364
64,1,0,1,0,0,0,0,84.19462585449219,68.13865661621094,183.4433135986328,194.48385620117188,1.0601850369247874,0.4589680823074692,0.3714425741637866
29,1,0,0,1,0,0,0,84.32943725585938,67.8414306640625,158.84800720214844,199.5204315185547,1.2560461728968808,0.5308813043436078,0.4270839266981055
42,0,1,0,1,0,0,0,85.27790832519531,71.3000717163086,164.37063598632812,190.23252868652344,1.157338885653192,0.5188147372763617,0.4337762112342203
23,0,1,1,0,0,0,0,75.07986450195312,61.276878356933594,152.63577270507812,196.269287109375,1.285866894968359,0.4918890452176107,0.4014581724254928
47,1,0,1,0,0,0,0,72.14569854736328,62.60736083984375,163.1770477294922,203.45440673828125,1.2468322571662107,0.4421314121760756,0.3836774945434207
45,1,0,0,1,0,0,0,73.9599838256836,59.50714874267578,159.03744506835938,181.72418212890625,1.1426502862316192,0.4650476106044914,0.374170678591433
17,1,0,1,0,0,0,0,82.95851135253906,71.9128646850586,170.08689880371094,195.6930694580078,1.150547577940425,0.4877419244869498,0.4228007282797821
28,0,1,0,0,1,0,0,75.20942687988281,60.6677131652832,169.4498748779297,196.7118225097656,1.1608850266279347,0.4438446881950375,0.3580274887130352
11,0,1,1,0,0,0,0,81.14405059814453,66.33065795898438,175.09263610839844,198.47824096679688,1.1335613271818046,0.4634349702057653,0.3788317968890456
5,0,1,0,0,1,0,0,75.39588928222656,53.188419342041016,176.19671630859375,181.03060913085935,1.0274346362607545,0.4279074596950887,0.3018695266084639
2,0,1,0,0,0,1,0,83.65911865234375,73.85987091064453,175.54331970214844,204.88070678710935,1.1671233467313873,0.476572499564732,0.4207501090668993
26,0,1,0,0,1,0,0,80.9675521850586,67.39966583251953,164.07383728027344,187.23190307617188,1.1411441713058703,0.4934824072332055,0.4107886238888067
34,1,0,0,0,1,0,0,77.45079803466797,65.26305389404297,162.22145080566406,185.92437744140625,1.146114626136204,0.4774386966089427,0.4023084097073324
92,1,0,0,0,1,0,0,74.9935531616211,65.110595703125,157.39344787597656,192.5556640625,1.2234033033842089,0.4764718873222396,0.4136804713397667
45,1,0,1,0,0,0,0,81.51367950439453,69.86505889892578,169.22364807128906,202.9011077880859,1.1990115453757946,0.4816920119229149,0.412856357224338
1,1,0,0,0,0,0,1,78.77784729003906,55.38556671142578,187.4365692138672,186.8085479736328,0.9966494198924556,0.4202907021849758,0.2954896525460314
25,1,0,0,0,1,0,0,80.44300079345703,66.50920867919922,158.25433349609375,189.4171600341797,1.1969161023881545,0.5083146793919715,0.4202678511855152
58,1,0,1,0,0,0,0,79.37838745117188,58.49298477172851,184.9496612548828,197.8088531494141,1.0695280640541955,0.4291891475366313,0.3162643520126169
18,0,1,1,0,0,0,0,78.66773986816406,63.961952209472656,162.70516967773438,184.77926635742188,1.1356693012484425,0.4834987113438317,0.3931156725761101
32,1,0,0,1,0,0,0,70.97740173339844,62.44630813598633,153.26605224609375,190.08982849121097,1.240260486294712,0.4630993014645708,0.4074373106166951
26,1,0,1,0,0,0,0,87.67533874511719,73.72417449951172,195.0969085693359,202.7770233154297,1.0393656404010334,0.4493937878772592,0.3778848934108595
65,0,1,0,0,0,0,1,75.69380187988281,54.82145309448242,175.0967559814453,192.79005432128903,1.1010486929964518,0.4322969974835167,0.3130923402161246
23,1,0,0,1,0,0,0,76.67093658447266,55.918663024902344,186.49411010742188,189.57345581054688,1.0165117584751135,0.4111172011829739,0.2998414426744781
10,1,0,0,0,0,1,0,78.88876342773438,68.9986343383789,175.51455688476562,189.58790588378903,1.0801833719596448,0.4494713420239491,0.3931220040265952
35,0,1,0,0,0,0,1,83.5052719116211,74.3080062866211,181.32589721679688,202.4322967529297,1.1164003590226144,0.46052589946256,0.4098036045991652
24,0,1,0,0,0,1,0,84.41447448730469,69.82011413574219,167.00404357910156,194.82386779785156,1.1665817403132106,0.5054636563175293,0.4180743929273296
62,1,0,1,0,0,0,0,75.42102813720703,62.424774169921875,167.3941192626953,198.15049743652344,1.18373631229877,0.4505596043003586,0.3729209511354296
26,0,1,0,0,1,0,0,79.6787338256836,66.3714370727539,162.34877014160156,198.39944458007812,1.2220569604995033,0.4907874186924073,0.4088200792335189
32,1,0,1,0,0,0,0,80.60845947265625,72.87471771240234,168.57965087890625,198.2346343994141,1.1759108134694711,0.4781624534894709,0.4322865620640628
65,1,0,0,0,1,0,0,87.63739013671875,75.83946228027344,171.4477996826172,188.4448699951172,1.0991384569762042,0.5111607748769736,0.4423472475042949
13,0,1,0,1,0,0,0,73.63158416748047,58.14970779418945,163.91453552246094,168.826904296875,1.0299690857723898,0.4492071672154472,0.3547562612970422
35,1,0,1,0,0,0,0,80.63867950439453,74.01811218261719,165.35646057128906,194.7233734130859,1.1775976139083848,0.4876657327194621,0.4476275793935867
21,0,1,0,0,0,0,1,87.09353637695312,75.32160186767578,170.76956176757812,201.5832366943359,1.1804400890171285,0.5100062064660547,0.4410715884496469
10,0,1,1,0,0,0,0,67.42024993896484,52.696502685546875,151.97433471679688,184.9406280517578,1.2169201358663184,0.4436291829446203,0.346746065931109
51,0,1,1,0,0,0,0,81.30242156982422,68.59619140625,175.19357299804688,194.6921844482422,1.1112975271667795,0.4640719415587843,0.3915451362306238
32,1,0,0,0,0,1,0,78.08100128173828,60.3781852722168,170.49774169921875,195.8402099609375,1.1486381462249882,0.4579591524413491,0.3541289442926003
26,1,0,0,1,0,0,0,87.7301254272461,74.04302215576172,183.5413055419922,187.6477813720703,1.0223735786228163,0.4779857327928531,0.4034134002540453
37,1,0,0,1,0,0,0,73.15309143066406,65.73925018310547,159.23971557617188,196.11947631835935,1.2315990116457232,0.4593897393371786,0.4128319995124538
11,0,1,1,0,0,0,0,72.37712860107422,56.96760559082031,170.43255615234375,184.3906707763672,1.0818981709782418,0.4246672715298526,0.3342530727515402
7,1,0,0,1,0,0,0,71.88994598388672,52.25875473022461,167.17306518554688,181.7986297607422,1.0874875660080905,0.4300330672533606,0.312602719057775
55,0,1,1,0,0,0,0,92.90074157714844,80.25108337402344,177.2445068359375,198.87515258789065,1.1220384548897475,0.524138904136194,0.4527704965678067
20,0,1,1,0,0,0,0,79.10765838623047,58.09891128540039,184.39166259765625,190.2644805908203,1.031849693800845,0.4290197141876413,0.3150842639353634
27,0,1,0,1,0,0,0,81.75432586669922,73.08377838134766,176.10955810546875,199.34510803222656,1.1319380400287102,0.4642242405590392,0.4149904137376753
25,1,0,1,0,0,0,0,82.04492950439453,68.60505676269531,181.38668823242188,205.24822998046875,1.1315506776190305,0.4523205661005582,0.3782254223352237
14,0,1,1,0,0,0,0,84.17733001708984,74.27788543701172,168.4218292236328,202.53953552246097,1.20257294708233,0.4998005923882825,0.441022911218857
26,0,1,0,0,0,0,1,76.70323181152344,65.03321075439453,152.5546875,206.37164306640625,1.3527715630921289,0.5027917074755467,0.4262944116639781
72,1,0,1,0,0,0,0,84.91128540039062,70.30294036865234,166.5852508544922,191.1314697265625,1.1473492926064073,0.5097167064001266,0.42202379867387
14,1,0,0,1,0,0,0,71.35343170166016,59.57609558105469,158.3951416015625,183.4067840576172,1.1579066264479918,0.4504774008861159,0.3761232508691225
2,0,1,0,0,1,0,0,74.81597900390625,55.08067321777344,161.32162475585938,207.7899932861328,1.288047982411519,0.4637690645450114,0.3414339106807988
25,1,0,1,0,0,0,0,76.48096466064453,64.02242279052734,171.6798095703125,194.5447235107422,1.1331834768319988,0.4454860758062601,0.3729176013811139
28,0,1,1,0,0,0,0,74.51204681396484,62.07259368896485,155.42147827148438,191.8262634277344,1.2342326527911385,0.4794192388506948,0.3993823400684607
9,1,0,1,0,0,0,0,78.64227294921875,60.202903747558594,175.8976287841797,196.58248901367188,1.1175960152076398,0.4470911489415818,0.3422610308262056
65,1,0,0,0,0,1,0,73.15738677978516,59.39244079589844,158.20526123046875,181.35958862304688,1.1463562413316175,0.4624206945508066,0.3754138157856664
27,1,0,0,0,1,0,0,79.46147918701172,67.27730560302734,162.099365234375,194.1589202880859,1.1977771782595008,0.4902022847043266,0.4150374401883249
3,1,0,1,0,0,0,0,79.02140045166016,66.5968017578125,153.40391540527344,196.1468048095703,1.2786297161410494,0.5151198406044316,0.4341271315133796
7,1,0,1,0,0,0,0,80.98872375488281,64.15144348144531,180.5535888671875,205.86676025390625,1.140197553233565,0.4485578174491834,0.3553041724838499
40,1,0,1,0,0,0,0,81.43521881103516,64.94242858886719,178.7696533203125,200.78836059570312,1.1231680370042356,0.4555315586204259,0.3632743442898883
46,1,0,0,0,0,0,1,80.96831512451172,70.01499938964844,172.1925048828125,199.38217163085935,1.1579027308218268,0.4702197414435407,0.406608867426012
29,0,1,0,0,1,0,0,79.71239471435547,68.40209197998047,164.10488891601562,204.04017639160156,1.2433522105244756,0.4857405238862206,0.4168193429934118
21,0,1,0,0,0,0,1,78.30381774902344,65.67092895507812,153.8438262939453,187.44271850585935,1.2183961035116062,0.5089825158106144,0.4268674963245026
35,1,0,0,0,1,0,0,62.86190414428711,50.46013641357422,140.78329467773438,190.29879760742188,1.35171433544749,0.4465153645408261,0.358424176171484
31,0,1,1,0,0,0,0,72.12959289550781,58.50554275512695,156.85781860351562,197.3980407714844,1.2584520333694107,0.4598405966477669,0.3729845491668445
36,0,1,1,0,0,0,0,78.10546875,69.82543182373047,160.7985382080078,202.6573486328125,1.2603183517169567,0.4857349427453335,0.4342417076789889
24,0,1,1,0,0,0,0,69.11577606201172,55.54207229614258,154.76425170898438,184.56964111328125,1.192585749455516,0.4465874728743925,0.3588817939725692
77,0,1,1,0,0,0,0,82.07614135742188,73.76856231689453,175.50790405273438,196.61293029785156,1.120251144009878,0.4676492594473733,0.4203147585577085
57,1,0,0,0,0,1,0,80.52107238769531,68.83185577392578,173.1434326171875,190.7224273681641,1.1015285101216803,0.4650541529098816,0.3975424001562334
50,1,0,1,0,0,0,0,77.67908477783203,63.843753814697266,173.09202575683594,198.53033447265625,1.1469640707282305,0.4487733298988457,0.3688428368409449
26,1,0,0,1,0,0,0,67.99079132080078,58.068878173828125,160.74972534179688,190.1275634765625,1.1827551373559146,0.4229605442636632,0.3612378064743698
1,1,0,0,0,0,1,0,86.22806549072266,67.84929656982422,194.12091064453125,196.74188232421875,1.0135017483226572,0.4441977178266027,0.3495208030116237
35,0,1,0,1,0,0,0,75.76565551757812,60.40080642700195,159.5462646484375,185.28135681152344,1.1613017529416536,0.4748820392914171,0.3785786308447647
67,0,1,1,0,0,0,0,77.4692153930664,63.41246032714844,162.1089324951172,193.6792907714844,1.1947478019282998,0.4778836933948709,0.3911719073781357
2,0,1,0,0,1,0,0,75.5506591796875,59.0389289855957,172.1971893310547,187.91749572753903,1.0912924679987752,0.4387450194348928,0.3428565194063153
23,1,0,0,0,0,0,1,78.0984115600586,68.23104858398438,165.30410766601562,187.32992553710935,1.1332442259426196,0.4724529393900513,0.4127607568097461
3,0,1,1,0,0,0,0,90.0555191040039,78.70993041992188,192.48085021972656,197.56996154785156,1.0264395721564796,0.4678674216224679,0.4089234348771347
1,0,1,0,0,1,0,0,88.59303283691406,71.55462646484375,194.18006896972656,195.9252014160156,1.0089871862521642,0.4562416385315326,0.3684962460076136
60,0,1,1,0,0,0,0,73.00206756591797,54.81978988647461,173.435302734375,181.5885467529297,1.0470102908116798,0.4209181545796611,0.3160820722320525
26,0,1,0,1,0,0,0,73.07744598388672,57.81765365600586,160.8565216064453,189.52706909179688,1.178236773983572,0.4543020404399855,0.3594361800105541
42,1,0,1,0,0,0,0,80.5488052368164,62.48686218261719,180.97117614746097,195.2653656005859,1.0789860007401266,0.4450919033160437,0.345286268856986
38,0,1,1,0,0,0,0,83.25929260253906,67.58942413330078,186.17662048339844,189.5886688232422,1.01832694315207,0.4472059509210147,0.3630392686139009
26,0,1,1,0,0,0,0,73.08454895019531,59.74658966064453,147.1584014892578,187.29086303710935,1.2727160742554078,0.4966386438733523,0.4060018935786407
40,1,0,1,0,0,0,0,76.41343688964844,60.128692626953125,175.5267791748047,193.7085723876953,1.103584155639201,0.4353377715291486,0.3425613624863007
22,0,1,0,1,0,0,0,81.30232238769531,71.86575317382812,172.1883544921875,196.71487426757812,1.142440061337037,0.4721708539899203,0.41736709422523
51,1,0,1,0,0,0,0,86.27957916259766,73.40242004394531,181.62977600097656,200.8233337402344,1.1056740704186887,0.475029926602639,0.4041320848380645
22,0,1,1,0,0,0,0,74.75176239013672,66.13763427734375,162.97486877441406,192.2238006591797,1.1794689703064054,0.4586704867583377,0.4058149257901222
31,0,1,1,0,0,0,0,82.87602233886719,73.43325805664062,182.0810089111328,192.4818115234375,1.0571218419455315,0.4551601665350832,0.4032999294972094
60,1,0,0,0,0,1,0,70.11402893066406,61.805477142333984,156.98159790039062,191.98789978027344,1.2229962132382888,0.4466385224028197,0.3937116067677649
22,0,1,0,0,1,0,0,77.71326446533203,64.76446533203125,165.88963317871094,193.0134124755859,1.163504968798471,0.4684636584952385,0.3904069476256015
37,1,0,0,1,0,0,0,76.96241760253906,63.81934356689453,167.43121337890625,207.90118408203125,1.2417110279881876,0.4596658893486532,0.3811675390685234
26,0,1,0,0,0,1,0,74.82398986816406,59.91450881958008,153.90333557128906,192.92208862304688,1.2535276633668804,0.4861752319429431,0.3892996119751236
24,1,0,0,0,0,0,1,76.34246063232422,67.1546859741211,163.79869079589844,196.9546813964844,1.20241914290939,0.4660749134280373,0.4099830447228621
88,0,1,1,0,0,0,0,79.2437744140625,58.68789291381836,172.7435760498047,199.2049865722656,1.1531831812653437,0.4587364475493738,0.3397399443490606
32,0,1,1,0,0,0,0,87.14437103271484,77.76335906982422,167.38478088378906,207.41961669921875,1.239178470133583,0.5206230254184037,0.4645784321563458
25,0,1,0,1,0,0,0,79.0980453491211,66.46226501464844,164.58995056152344,195.9252471923828,1.1903840211626182,0.4805763965495231,0.4038051216851478
31,1,0,1,0,0,0,0,77.93473052978516,65.40094757080078,161.6303253173828,195.7582550048828,1.2111480603685307,0.4821788880072465,0.4046329019160065
25,0,1,0,1,0,0,0,77.11054229736328,63.05070495605469,158.8118896484375,184.1070556640625,1.1592775331344587,0.4855464063053666,0.3970150162914772
29,1,0,1,0,0,0,0,75.0268325805664,60.42595291137695,166.79928588867188,189.8020782470703,1.1379070194206429,0.4498030802760279,0.3622674556994657
16,1,0,1,0,0,0,0,82.23785400390625,71.14512634277344,155.96063232421875,197.71421813964844,1.267718751797763,0.5272987982822877,0.4561736207562521
53,0,1,1,0,0,0,0,72.96136474609375,60.55625534057617,162.1343231201172,197.1066436767578,1.215699673478338,0.4500056702493545,0.3734943605723329
31,1,0,0,0,1,0,0,67.53987121582031,56.394386291503906,153.37245178222656,183.3773956298828,1.1956345060601905,0.4403650748944154,0.3676956691777885
42,1,0,1,0,0,0,0,84.20662689208984,72.79850769042969,175.86083984375,202.0322265625,1.148818729297568,0.4788253426226458,0.4139551918159277
38,0,1,0,0,0,0,1,76.70098876953125,61.571929931640625,167.24847412109375,182.98095703125,1.0940665258253142,0.4586050137234558,0.3681464375397553
29,1,0,1,0,0,0,0,81.38652038574219,68.36865997314453,183.60305786132812,188.72813415527344,1.027913893993074,0.4432743187055842,0.3723721204293997
37,1,0,1,0,0,0,0,77.59981536865234,67.58377075195312,162.4021453857422,195.14845275878903,1.2016371599972826,0.4778250631131446,0.416150726281517
30,1,0,1,0,0,0,0,74.07266235351562,57.3520622253418,170.02691650390625,186.7491149902344,1.098350301412094,0.4356525653502271,0.3373116645565008
70,1,0,0,0,0,1,0,81.158203125,72.35011291503906,171.97921752929688,206.6021270751953,1.2013203109265245,0.4719070379022663,0.4206910227552008
69,0,1,1,0,0,0,0,83.21484375,78.71258544921875,176.41766357421875,199.8783416748047,1.13298372524198,0.4716922447790586,0.4461717939944513
52,0,1,0,0,0,1,0,70.45132446289062,57.37349319458008,162.41400146484375,200.38790893554688,1.2338093214144654,0.4337761758683137,0.3532546004477279
17,0,1,1,0,0,0,0,79.01932525634766,65.16095733642578,179.2885284423828,189.66549682617188,1.0578785964386108,0.4407383224283742,0.3634418660386644
26,0,1,1,0,0,0,0,67.20120239257812,53.17759704589844,148.259521484375,187.76516723632812,1.2664627900887742,0.4532673633353148,0.3586791358388594
24,0,1,0,0,0,1,0,81.90890502929688,69.31395721435547,166.30642700195312,201.26593017578125,1.2102113779007324,0.4925179772417029,0.4167845973477708
29,0,1,1,0,0,0,0,82.79570770263672,70.8297348022461,179.699462890625,197.22756958007812,1.0975412302713543,0.4607454378037331,0.3941566305368256
9,1,0,1,0,0,0,0,89.97897338867188,78.58257293701172,173.6746368408203,200.21226501464844,1.152800827205131,0.5180893135889564,0.452470057611439
38,1,0,0,0,1,0,0,72.30289459228516,62.41170501708984,154.85096740722656,188.5315399169922,1.2175031455967116,0.4669192308120571,0.4030436881479709
20,0,1,1,0,0,0,0,81.83485412597656,74.2669906616211,168.90081787109375,198.910888671875,1.1776786588664427,0.4845142561028537,0.439707703004151
31,0,1,0,0,0,0,1,79.44677734375,67.41169738769531,174.70587158203125,187.3287048339844,1.0722519119572134,0.4547458916195992,0.3858582243244348
31,1,0,0,0,1,0,0,85.13727569580078,73.24281311035156,161.76913452148438,199.6746368408203,1.234318508480997,0.5262887506175895,0.4527613585063983
26,1,0,1,0,0,0,0,67.3767318725586,52.18424987792969,153.81886291503906,191.8376617431641,1.2471660374262712,0.4380264591461304,0.3392578055056443
50,0,1,1,0,0,0,0,80.80463409423828,71.11030578613281,175.49757385253906,205.6587677001953,1.1718610302442074,0.4604316305941298,0.4051925290197053
75,1,0,1,0,0,0,0,69.33759307861328,53.26065444946289,158.1679229736328,176.37628173828125,1.1151204265841177,0.438379614368282,0.3367348666413331
1,0,1,0,0,1,0,0,74.7464599609375,51.4525260925293,178.91485595703125,193.60845947265625,1.0821262350576066,0.4177767103861338,0.2875810721100001
24,1,0,1,0,0,0,0,77.34886169433594,65.30934143066406,171.36119079589844,201.5504150390625,1.176173053554006,0.451379109441782,0.3811209593451731
45,1,0,0,0,0,1,0,76.18048095703125,63.584957122802734,162.75408935546875,195.96115112304688,1.2040321192486358,0.4680710712628953,0.3906811642927619
1,1,0,0,0,1,0,0,85.2527847290039,70.06732177734375,194.87533569335935,188.3333282470703,0.9664297822861329,0.437473446425006,0.3595494603154718
25,1,0,0,1,0,0,0,77.63381958007812,54.78141784667969,183.9976501464844,190.9249725341797,1.0376489720503512,0.4219283209229694,0.2977288992716322
10,1,0,0,0,0,0,1,85.55322265625,73.7856674194336,163.8236083984375,201.2041015625,1.2281752522087592,0.5222276782487595,0.4503970345957618
50,1,0,1,0,0,0,0,75.99176025390625,63.78961944580078,161.58641052246094,200.69015502929688,1.241998967489908,0.4702855890430414,0.3947709416871653
35,0,1,1,0,0,0,0,79.47552490234375,65.74468994140625,154.52603149414062,198.46302795410156,1.2843339470710924,0.5143180351807413,0.4254602885074362
2,0,1,0,0,1,0,0,79.12901306152344,62.1386833190918,176.832275390625,185.01275634765625,1.046261243536908,0.4474806020944215,0.3513989919647109
26,0,1,0,0,0,1,0,75.351318359375,58.80751037597656,169.99069213867188,180.1673889160156,1.0598662000213632,0.4432673190006562,0.3459454728733244
26,1,0,0,1,0,0,0,86.9249038696289,73.44649505615234,190.11231994628903,205.29122924804688,1.079841797238844,0.4572291995289265,0.3863321171237225
25,1,0,0,0,1,0,0,79.57029724121094,64.5047607421875,163.724365234375,190.35043334960935,1.1626274017133524,0.4860015619990606,0.3939838804679287
1,0,1,0,0,0,1,0,84.270263671875,62.941917419433594,198.6795654296875,194.16798400878903,0.9772921718892368,0.4241516408072583,0.3168011631357663
39,0,1,1,0,0,0,0,84.91671752929688,72.89398956298828,165.83258056640625,194.8638153076172,1.175063516723034,0.5120629326231385,0.4395637414193075
30,0,1,0,0,1,0,0,76.20506286621094,61.2869758605957,166.91690063476562,188.96221923828125,1.1320736157913298,0.4565449189172092,0.3671705838505774
3,0,1,1,0,0,0,0,75.20156860351562,58.673336029052734,170.51776123046875,179.8406524658203,1.0546740185191084,0.4410189769139329,0.3440892937231969
42,1,0,0,0,0,1,0,84.55265045166016,71.46729278564453,184.98529052734375,196.8953857421875,1.064384012268712,0.4570776963434395,0.3863404089152728
85,1,0,1,0,0,0,0,79.81694793701172,67.00164031982422,171.75497436523438,193.60943603515625,1.1272420886247445,0.4647140394739437,0.3901001445078745
29,0,1,1,0,0,0,0,74.78634643554688,63.67391586303711,158.91102600097656,196.05270385742188,1.2337262478955806,0.4706177306733095,0.400689099211063
10,1,0,0,0,1,0,0,89.7309799194336,77.31678771972656,175.95654296875,200.41452026367188,1.1390001012878823,0.5099610301810139,0.4394084267355609
65,1,0,1,0,0,0,0,79.8858871459961,69.00614929199219,160.35374450683594,200.0535888671875,1.2475766592320463,0.498185355082809,0.4303369996392596
85,0,1,1,0,0,0,0,84.68451690673828,71.90739440917969,175.4590606689453,200.69293212890625,1.1438162917535049,0.4826454477977647,0.4098243438385547
12,0,1,1,0,0,0,0,85.29901885986328,73.94253540039062,190.3141326904297,197.61016845703125,1.0383368048576271,0.4482011800910921,0.3885288725281776
60,1,0,1,0,0,0,0,74.85198974609375,64.15310668945312,158.02877807617188,191.0148468017578,1.2087345680144803,0.4736604981531537,0.4059583796726601
28,0,1,1,0,0,0,0,69.4471664428711,64.49261474609375,147.90151977539062,189.9058380126953,1.284001937918516,0.4695500529564296,0.4360510618419263
1,1,0,0,0,0,1,0,84.2521743774414,65.94280242919922,190.22361755371097,200.73353576660156,1.055250332992553,0.4429112192320295,0.3466593858177458
41,1,0,0,0,1,0,0,92.9598159790039,82.02574157714844,174.8876953125,203.3444366455078,1.1627143709690928,0.5315400595387665,0.4690195123823882
64,1,0,1,0,0,0,0,74.46411895751953,58.3341064453125,174.3135223388672,191.33351135253903,1.097640095761388,0.4271849823145708,0.3346504944803446
87,1,0,1,0,0,0,0,85.04762268066406,65.97312927246094,194.02127075195312,198.8257598876953,1.0247626928589932,0.4383417465056878,0.3400303946921593
32,0,1,1,0,0,0,0,82.5295181274414,75.91302490234375,173.17083740234375,197.8188934326172,1.142333757808229,0.4765786166159893,0.4383707213124345
80,0,1,1,0,0,0,0,74.57679748535156,65.85662078857422,170.2578125,198.15576171875,1.1638570871380718,0.4380227631865737,0.3868052797199789
53,1,0,1,0,0,0,0,67.75653839111328,50.642547607421875,147.31581115722656,192.6029815673828,1.3074155452453258,0.4599407073745695,0.3437685826769288
36,1,0,1,0,0,0,0,81.24259948730469,74.55429077148438,165.391845703125,192.29209899902344,1.1626455837743286,0.4912128475374385,0.4507736790440552
29,1,0,1,0,0,0,0,78.07568359375,63.224796295166016,170.4410858154297,193.8271942138672,1.137209337094709,0.4580801819010822,0.3709480961863386
35,1,0,0,1,0,0,0,86.46422576904297,77.07427215576172,175.98390197753906,201.01300048828125,1.1422237956397665,0.4913189490484104,0.437962059538825
23,0,1,0,0,0,1,0,69.2044906616211,58.36245346069336,167.84645080566406,187.24801635742188,1.1155911576243058,0.4123083349659113,0.3477133605182189
35,1,0,0,1,0,0,0,63.205867767333984,48.53745651245117,149.34642028808594,175.2543487548828,1.1734753897470127,0.4232164898590221,0.3249991289970224
35,1,0,1,0,0,0,0,81.2520751953125,70.66985321044922,168.64443969726562,204.82275390625,1.214524204141733,0.4817951623022286,0.4190464466976141
86,0,1,1,0,0,0,0,77.79157257080078,61.82389450073242,171.464111328125,193.40565490722656,1.1279658081749409,0.4536901160729414,0.3605646337408891
9,1,0,1,0,0,0,0,84.80562591552734,71.71370697021484,170.2552947998047,195.16712951660156,1.1463204697750489,0.4981085963596395,0.4212127855086073
32,0,1,0,0,1,0,0,73.80304718017578,58.06540298461914,150.9861297607422,182.68650817871097,1.2099555665689443,0.4888068016388434,0.3845744180384753
28,1,0,0,0,0,1,0,82.9215316772461,69.89801788330078,182.8170166015625,202.4421234130859,1.1073483594489184,0.4535766594308233,0.382338685876484
1,0,1,0,0,1,0,0,85.04232788085938,70.2292251586914,188.41307067871097,195.2889709472656,1.036493754089278,0.4513610843160491,0.3727407281549427
14,1,0,1,0,0,0,0,83.39952850341797,71.87853240966797,180.9232482910156,193.19725036621097,1.0678409336065675,0.4609663450728541,0.3972874303807056
63,1,0,1,0,0,0,0,77.44255065917969,63.46418380737305,171.26412963867188,190.7480926513672,1.1137655798315853,0.4521819649132936,0.3705631993183158
38,1,0,0,1,0,0,0,75.77069854736328,64.31646728515625,160.8823699951172,193.6769256591797,1.2038418234705135,0.470969557134588,0.3997732460499448
35,1,0,0,1,0,0,0,74.47523498535156,67.17375946044922,157.90786743164062,196.12750244140625,1.2420375604547451,0.4716372666966222,0.4253984336121136
25,0,1,0,0,0,1,0,75.11737060546875,66.49375915527344,168.92218017578125,199.2783660888672,1.179705151102698,0.4446862485867826,0.393635454420963
61,1,0,1,0,0,0,0,78.51090240478516,65.72221374511719,162.35105895996094,192.69509887695312,1.1869038619851298,0.4835872516492026,0.4048154300079165
8,0,1,1,0,0,0,0,72.01402282714844,56.065555572509766,161.8993377685547,186.4054718017578,1.151366487170171,0.4448073958776596,0.3462988567171227
19,1,0,0,0,0,0,1,80.40348052978516,68.7642822265625,166.01576232910156,200.05795288085935,1.2050539664075643,0.4843123291534042,0.414203333839154
39,1,0,0,0,0,0,1,76.49977111816406,68.21784973144531,154.9465789794922,198.03564453125,1.278089815441881,0.4937170708898911,0.440266898312574
80,1,0,0,0,1,0,0,78.25379180908203,69.71968841552734,170.37234497070312,191.10980224609375,1.1217184471984385,0.4593104111030366,0.4092195152183659
25,1,0,0,0,0,1,0,74.16725158691406,59.411338806152344,164.6394500732422,194.589599609375,1.181913566419282,0.4504828675868372,0.360857247638536
23,1,0,0,0,0,1,0,59.91062927246094,52.22185897827149,143.4154815673828,187.9847869873047,1.3107705314156148,0.4177417153134358,0.3641298582798775
26,1,0,0,1,0,0,0,70.15894317626953,56.10359191894531,152.27003479003906,181.48133850097656,1.1918388194447855,0.4607534455023259,0.3684480140580844
52,1,0,1,0,0,0,0,75.28112030029297,59.85559844970703,162.92056274414062,201.34471130371097,1.2358459111138336,0.4620725526127636,0.3673913067910742
26,1,0,0,0,0,1,0,76.3509750366211,59.0637092590332,170.97496032714844,189.3837432861328,1.1076694676446217,0.4465623205323688,0.3454523934149128
1,1,0,0,0,1,0,0,83.50855255126953,62.9423713684082,193.53839111328125,188.5467071533203,0.97420830083764,0.4314831391896328,0.325219048305341
55,1,0,1,0,0,0,0,72.7826919555664,63.1911506652832,160.24456787109375,195.5272674560547,1.2201803159614344,0.454197561405734,0.3943419206329436
15,0,1,1,0,0,0,0,78.20826721191406,65.13081359863281,169.87103271484375,202.9026336669922,1.19445105162572,0.4603979028207793,0.3834133021841664
50,1,0,0,1,0,0,0,84.10862731933594,74.91372680664062,180.390380859375,205.3803253173828,1.138532577729236,0.46625893752563,0.4152867045889787
32,1,0,1,0,0,0,0,79.44116973876953,65.70355224609375,162.12423706054688,190.70220947265625,1.176272054877499,0.4900018108279606,0.4052666858290665
22,0,1,0,0,0,1,0,68.66051483154297,59.20865631103515,155.92393493652344,192.57127380371097,1.2350334403894223,0.440346216631171,0.3797278226408214
57,1,0,0,0,0,1,0,82.33302307128906,66.76960754394531,171.66372680664062,194.44386291503903,1.132702094566883,0.4796180567839338,0.3889558311823998
26,0,1,1,0,0,0,0,69.26477813720703,57.85786437988281,149.3650360107422,192.4901123046875,1.2887226987368303,0.4637281922673361,0.3873588218846727
1,0,1,0,0,0,1,0,84.41168975830078,68.50078582763672,193.7591857910156,186.93804931640625,0.9647958033743677,0.4356525829404825,0.3535356816657981
40,1,0,0,0,1,0,0,69.84056854248047,61.51755142211914,152.62344360351562,196.35369873046875,1.2865238399452927,0.4576005290767251,0.403067510270107
31,1,0,1,0,0,0,0,78.06338500976562,68.66317749023438,163.9420623779297,198.39447021484375,1.2101498989166806,0.4761644685779841,0.4188258735695763
65,1,0,1,0,0,0,0,81.11136627197266,72.91989135742188,170.3738250732422,196.0790557861328,1.150875468704422,0.4760788004677573,0.4279993791656333
24,1,0,0,0,1,0,0,76.36135864257812,57.95487594604492,167.64920043945312,192.8606719970703,1.150382295242275,0.4554829873474774,0.3456913352054754
26,0,1,0,0,1,0,0,74.42709350585938,58.23734664916992,169.2251739501953,187.2284240722656,1.1063863590849008,0.4398110031062164,0.3441411540005848
29,0,1,0,0,0,1,0,81.6152114868164,67.31523895263672,191.6581268310547,187.48284912109375,0.9782149717364116,0.4258374681850024,0.3512255914510457
40,0,1,1,0,0,0,0,83.26333618164062,69.32223510742188,180.06997680664062,192.8456573486328,1.0709484211002631,0.4623943294614232,0.3849738659202482
17,0,1,0,1,0,0,0,74.2484359741211,62.728981018066406,162.15402221679688,200.455810546875,1.236206218054026,0.4578883394878255,0.3868481346346065
1,0,1,0,0,0,1,0,73.99259185791016,54.41484069824219,173.57640075683594,181.1064453125,1.0433817300210813,0.4262825564724478,0.3134921594236316
37,0,1,0,1,0,0,0,75.73446655273438,64.43267822265625,162.99961853027344,204.15951538085935,1.2525152955676482,0.4646297165331613,0.3952934295406916
2,0,1,0,0,0,1,0,64.74381256103516,52.55525207519531,148.81497192382812,156.04083251953125,1.048556005503275,0.4350624921944996,0.3531583643485552
44,1,0,0,0,0,1,0,74.60478210449219,60.85541534423828,169.16891479492188,189.31361389160156,1.1190803825933415,0.4410076295336717,0.3597316647565622
21,0,1,0,0,1,0,0,82.87736511230469,69.91383361816406,168.5653076171875,204.3231658935547,1.2121305907000357,0.4916632389181736,0.4147581409630187
35,1,0,0,0,1,0,0,81.88567352294922,72.20609283447266,174.79440307617188,189.41734313964844,1.083657942165941,0.4684685097569462,0.4130915610782268
50,1,0,0,0,0,1,0,75.81053924560547,58.234130859375,170.3433074951172,194.40611267089844,1.141260643165984,0.4450455985644082,0.341863333028474
10,0,1,0,0,0,0,1,66.60834503173828,54.62619400024414,149.39686584472656,181.95506286621097,1.2179309240350684,0.4458483426350234,0.3656448459703236
38,1,0,1,0,0,0,0,87.78473663330078,75.85502624511719,176.60385131835938,203.0743408203125,1.1498862527875195,0.497071473685211,0.42952079288676
1,0,1,0,0,1,0,0,88.79617309570312,71.17288970947266,193.07467651367188,193.0109100341797,0.9996697315223124,0.4599058493795552,0.3686288175882704
26,0,1,0,0,0,1,0,67.68629455566406,62.42512130737305,146.2151336669922,192.9425811767578,1.3195801032209722,0.4629226322756775,0.4269402198102658
66,0,1,0,1,0,0,0,77.56295013427734,68.75906372070312,172.8889617919922,187.4349365234375,1.084134779807088,0.4486286997754988,0.3977064990616878
27,0,1,0,0,1,0,0,75.72213745117188,63.43500900268555,149.47935485839844,188.50848388671875,1.2611004647785145,0.5065725465761031,0.424373045112333
5,0,1,0,0,1,0,0,76.9996337890625,62.41557312011719,169.4615020751953,185.3846740722656,1.0939633592413496,0.4543783269128311,0.3683171242777104
28,1,0,0,1,0,0,0,71.83080291748047,62.828346252441406,160.71517944335938,190.1493225097656,1.183144760615345,0.4469447327020887,0.390929758284493
24,0,1,0,0,1,0,0,86.326904296875,70.91575622558594,172.8756866455078,195.72994995117188,1.1322005641691426,0.4993582728258,0.4102124341579798
31,0,1,0,1,0,0,0,78.44912719726562,63.672664642333984,175.05413818359375,198.6129150390625,1.1345799482372745,0.448142089134674,0.3637312736677792
51,1,0,0,1,0,0,0,77.29930114746094,72.09614562988281,164.49810791015625,195.04263305664065,1.185683139669709,0.4699099711814279,0.4382794826385449
36,0,1,1,0,0,0,0,74.8132095336914,60.0334587097168,172.30258178710938,191.2224884033203,1.109806286243509,0.4341966832866603,0.3484187995737167
15,0,1,1,0,0,0,0,82.35303497314453,69.17940521240234,169.6932373046875,197.5538024902344,1.1641819416499355,0.4853053444037847,0.4076733186967809
40,1,0,1,0,0,0,0,82.39178466796875,69.18193054199219,161.18026733398438,197.28697204589844,1.2240144237823898,0.5111778633375966,0.429220844997354
38,1,0,1,0,0,0,0,86.88667297363281,74.45746612548828,175.12648010253906,201.80923461914065,1.1523627637635294,0.4961366945921566,0.4251639505452994
26,1,0,0,1,0,0,0,74.21978759765625,65.18753051757812,153.96388244628906,196.6664276123047,1.277354302109864,0.4820597299730222,0.423394951347236
32,0,1,1,0,0,0,0,83.23396301269531,68.2068862915039,182.39334106445312,193.9577484130859,1.0634036707762604,0.4563432114732882,0.3739549146555813
10,1,0,1,0,0,0,0,68.56979370117188,59.08915710449219,147.50221252441406,170.28399658203125,1.154450456489569,0.4648729841243733,0.4005984459027145
19,0,1,0,1,0,0,0,73.32534790039062,59.0446662902832,158.50892639160156,186.7693328857422,1.1782890537301498,0.4625944391247589,0.3725005754212945
12,0,1,1,0,0,0,0,79.45086669921875,69.66184997558594,177.92784118652344,189.26031494140625,1.063691402533249,0.4465342026823652,0.391517423642311
4,0,1,0,0,1,0,0,75.33454895019531,58.39812850952149,173.09829711914062,184.4804229736328,1.0657552734135685,0.4352125364834976,0.3373697458694643
30,0,1,1,0,0,0,0,80.01146697998047,64.4856948852539,179.6514892578125,192.1146240234375,1.0693739574167378,0.4453704631702685,0.3589488467457812
15,0,1,1,0,0,0,0,86.4627456665039,75.62652587890625,175.49021911621094,194.34194946289065,1.1074232537951072,0.4926926759903788,0.430944392569399
25,0,1,0,0,0,1,0,78.37629699707031,62.920047760009766,160.57965087890625,191.43753051757812,1.192165566868382,0.4880836181178036,0.3918307669472891
29,0,1,0,1,0,0,0,67.29197692871094,54.20743560791016,139.1361541748047,197.1931304931641,1.4172673642065678,0.4836412025889992,0.3895999277068293
25,0,1,0,0,0,1,0,80.76200103759766,68.65453338623047,170.8607635498047,199.0528106689453,1.1650001236879808,0.4726772803754684,0.4018156770452343
2,0,1,0,0,0,0,1,89.68722534179688,77.89095306396484,194.7069396972656,186.4500274658203,0.957593128194181,0.4606267526018561,0.4000419973991236
42,0,1,0,1,0,0,0,88.22464752197266,77.78324127197266,185.76565551757812,202.291015625,1.0889581018696868,0.4749244271023196,0.4187170177138173
26,0,1,0,0,0,1,0,82.48699951171875,73.96028900146484,174.0389862060547,202.4872131347656,1.163458932672875,0.4739570214116145,0.4249639153488233
26,1,0,1,0,0,0,0,85.18098449707031,72.84738159179688,168.5218505859375,210.24334716796875,1.2475732163928228,0.5054595840296234,0.4322726182896291
53,0,1,1,0,0,0,0,80.63483428955078,70.11216735839844,175.60525512695312,191.8895721435547,1.092732515350004,0.4591823532345666,0.3992600751481561
20,1,0,1,0,0,0,0,85.650146484375,73.8662109375,185.811767578125,199.09768676757812,1.0715020332814338,0.4609511421194742,0.3975324700920397
46,1,0,1,0,0,0,0,82.16481018066406,65.13153076171875,173.20216369628906,202.1152801513672,1.1669327671089458,0.4743867422161105,0.3760434013741724
56,1,0,1,0,0,0,0,73.83824157714844,58.66312789916992,160.5036163330078,190.74615478515625,1.1884227853745188,0.4600409838987752,0.3654941193191406
55,0,1,0,0,0,1,0,85.58172607421875,73.16558074951172,169.29872131347656,198.9882049560547,1.175367441716258,0.5055072206703445,0.4321685372569177
36,0,1,0,1,0,0,0,66.3780517578125,46.35587692260742,150.98684692382812,183.8621368408203,1.217736117991639,0.4396280411849371,0.3070193057676981
2,1,0,0,0,1,0,0,82.43722534179688,65.06027221679688,192.1129913330078,191.2980499267578,0.9957580099055487,0.4291080200760632,0.3386562864143929
39,0,1,1,0,0,0,0,85.46623992919922,72.2627182006836,164.1546630859375,196.0857391357422,1.194518239381895,0.520644606266569,0.4402111815906986
8,1,0,0,0,1,0,0,84.95608520507812,73.2199478149414,185.5936737060547,194.51693725585935,1.048079567431471,0.4577531308509605,0.3945174765542276
92,0,1,1,0,0,0,0,67.66612243652344,51.30787658691406,159.85906982421875,187.40023803710935,1.172284051465925,0.4232861013824814,0.3209569318984044
35,1,0,0,0,0,1,0,79.24454498291016,65.87213134765625,178.9034881591797,195.91651916503903,1.095096139158125,0.4429457793042144,0.3681992566240318
14,1,0,0,0,0,1,0,74.5306625366211,59.085201263427734,163.35162353515625,188.8833465576172,1.1562991690558009,0.4562590865255816,0.3617056260889352
1,1,0,0,0,0,1,0,78.55937194824219,54.61249542236328,187.563232421875,192.3780059814453,1.0256701353319648,0.4188420669331567,0.2911684487262759
29,0,1,0,1,0,0,0,72.9743881225586,62.81232452392578,155.99876403808594,197.8677215576172,1.2683928797622348,0.4677882454552168,0.402646296021875
21,0,1,0,0,1,0,0,69.45561218261719,57.68791580200195,161.2775115966797,187.20928955078125,1.1607897945434038,0.4306590019587524,0.3576934888868263
32,1,0,0,0,0,0,1,79.46669006347656,61.03671646118164,175.80679321289062,192.97650146484375,1.0976623709367233,0.4520114872196523,0.3471806484023068
27,1,0,0,0,0,1,0,85.05162811279297,75.41842651367188,167.73086547851562,205.3121337890625,1.2240569629407927,0.5070720160547141,0.4496395239988319
36,0,1,1,0,0,0,0,76.47189331054688,66.79914093017578,159.86058044433594,198.37159729003903,1.24090377214108,0.4783661681822472,0.4178587413138757
45,1,0,1,0,0,0,0,76.06573486328125,68.32434844970703,155.5191650390625,202.83352661132812,1.3042349253893013,0.4891084313896326,0.4393307309266075
54,1,0,0,1,0,0,0,87.98111724853516,71.8989028930664,199.51583862304688,209.5524139404297,1.05030465444072,0.440973096951773,0.3603668931212415
23,0,1,1,0,0,0,0,80.33946990966797,65.25377655029297,181.99411010742188,194.643798828125,1.0695060335372208,0.4414399447446275,0.3585488371671862
85,0,1,1,0,0,0,0,73.8288345336914,60.80302429199219,150.27908325195312,183.6763610839844,1.2222350383655087,0.4912781801437552,0.4046007133943702
70,1,0,1,0,0,0,0,73.36927795410156,57.13016891479492,173.50457763671875,181.5855712890625,1.046575103449222,0.4228665257911583,0.3292718249452369
1,1,0,0,0,0,1,0,84.11568450927734,65.3188705444336,190.55613708496097,195.04263305664065,1.0235442218776682,0.4414220701366007,0.3427801987574436
50,1,0,1,0,0,0,0,72.49141693115234,60.83241653442383,156.55880737304688,196.26039123535156,1.2535889518352303,0.4630299511570784,0.388559529515787
34,1,0,0,1,0,0,0,77.56555938720703,64.95755767822266,169.0141143798828,191.6294860839844,1.1338075922657582,0.4589294785929393,0.3843321483330172
57,0,1,1,0,0,0,0,77.58403015136719,70.94468688964844,162.8247528076172,196.90594482421875,1.2093121065988637,0.4764879345036394,0.43571192749466
9,0,1,0,0,0,0,1,79.13115692138672,60.09419250488281,181.7008819580078,189.36781311035156,1.0421953436313844,0.4355023270590091,0.3307314299045117
24,1,0,0,1,0,0,0,79.10105895996094,66.95411682128906,163.15484619140625,192.9967041015625,1.1829051272871605,0.4848220007339713,0.4103716094509468
23,0,1,1,0,0,0,0,82.86064910888672,71.3422622680664,171.1409912109375,193.42547607421875,1.130211264441111,0.4841659997560605,0.4168625047878475
22,1,0,1,0,0,0,0,72.95636749267578,59.822471618652344,159.5273895263672,201.9362640380859,1.2658407100976805,0.4573281598180814,0.3749981228694568
38,0,1,1,0,0,0,0,82.63458251953125,73.58612060546875,168.14752197265625,200.1896820068359,1.1905598111602875,0.4914409772447856,0.4376283381531792
5,1,0,0,0,0,1,0,78.48675537109375,64.90833282470703,177.458984375,190.06199645996097,1.0710192956944278,0.4422811031378289,0.3657652671309391
31,0,1,1,0,0,0,0,74.3156967163086,67.51465606689453,155.61642456054688,184.4315185546875,1.18516743380728,0.4775568962349087,0.433853021990144
52,1,0,1,0,0,0,0,79.39461517333984,69.4750747680664,171.18751525878906,198.83644104003903,1.1615125129858466,0.4637874149485535,0.4058419485967709
50,0,1,0,1,0,0,0,76.43386840820312,61.56775665283203,161.8570098876953,205.0702362060547,1.2669839653428845,0.472230819420406,0.3803836280897003
67,1,0,1,0,0,0,0,77.37738800048828,64.47427368164062,161.8253936767578,197.84576416015625,1.222587874900204,0.4781535594781106,0.3984187661574696
56,0,1,1,0,0,0,0,83.53394317626953,72.07267761230469,173.566162109375,196.8073577880859,1.1339039556804005,0.481280119126155,0.4152461328659623
32,0,1,0,1,0,0,0,75.23042297363281,67.36692810058594,158.27830505371094,183.84451293945312,1.1615269248496591,0.4753047042556069,0.4256232594715069
32,1,0,0,1,0,0,0,83.54785919189453,74.1510238647461,183.89324951171875,205.6516876220703,1.1183210268355446,0.4543280376725866,0.4032286343388627
48,1,0,1,0,0,0,0,75.45050048828125,62.730098724365234,177.28370666503906,187.8761749267578,1.0597486845293247,0.4255918488371742,0.3538401802647768
35,0,1,1,0,0,0,0,74.09101104736328,58.55910873413086,169.93789672851562,187.92381286621097,1.1058381707902902,0.4359887492648412,0.3445912292752569
28,0,1,1,0,0,0,0,74.67799377441406,69.526611328125,160.83729553222656,198.8444061279297,1.2363078194639734,0.4643076938548188,0.4322791619820176
2,0,1,0,0,0,1,0,75.3757095336914,56.717620849609375,177.92269897460938,187.7561187744141,1.0552679329645736,0.4236430200760835,0.3187767562906817
51,1,0,1,0,0,0,0,75.93504333496094,58.55316162109375,169.77806091308594,202.23489379882812,1.1911721261933703,0.4472606350112231,0.3448806124076816
54,0,1,1,0,0,0,0,84.23238372802734,73.30830383300781,164.56675720214844,195.94021606445312,1.19064274824208,0.5118432492691037,0.4454624073497315
1,1,0,0,0,1,0,0,81.75409698486328,65.9112319946289,187.87791442871097,183.6774749755859,0.9776427183264328,0.4351447972661221,0.3508194786760766
80,0,1,1,0,0,0,0,82.291259765625,71.52861022949219,166.45982360839844,195.55859375,1.174809569725709,0.4943610895516601,0.4297049502933832
90,1,0,0,0,1,0,0,74.85603332519531,63.9094123840332,153.767333984375,199.03640747070312,1.2943998072498812,0.4868136254010997,0.4156241168265773
24,0,1,1,0,0,0,0,75.58390808105469,63.93914794921875,156.9771728515625,198.3473358154297,1.263542540691485,0.4814961736667711,0.4073149413238545
29,0,1,0,1,0,0,0,75.380126953125,63.18292236328125,156.5562744140625,197.95333862304688,1.2644229007359793,0.4814890187905114,0.4035796240026386
39,1,0,0,0,0,1,0,90.0493392944336,74.9314956665039,193.7911071777344,215.57859802246097,1.112427712303353,0.464672195777515,0.3866611670564476
27,1,0,0,1,0,0,0,79.47759246826172,70.19805145263672,169.64654541015625,199.88815307617188,1.1782624432044884,0.4684893068474097,0.4137900437814288
47,0,1,1,0,0,0,0,75.32890319824219,63.00162506103515,168.69760131835938,185.9586639404297,1.1023195498168106,0.446532153448255,0.3734589263195331
26,1,0,0,0,1,0,0,65.57991790771484,55.00393295288086,153.6959991455078,193.64599609375,1.2599286719911331,0.426685914222326,0.3578748520370219
29,0,1,1,0,0,0,0,79.01311492919922,64.56336212158203,176.73048400878906,198.6142120361328,1.1238254291560443,0.4470825470339898,0.3653210281389327
60,1,0,0,0,0,1,0,81.43821716308594,70.33982849121094,175.88214111328125,193.59849548339844,1.1007285575327772,0.463027210424017,0.3999259279309479
40,1,0,1,0,0,0,0,80.2964859008789,72.17472839355469,168.0596923828125,195.80479431152344,1.165090757547694,0.477785510388634,0.429458886721942
31,0,1,0,1,0,0,0,67.392822265625,60.53915023803711,149.52606201171875,191.8707275390625,1.2831925415385117,0.4507095375811024,0.4048735680158051
3,0,1,0,0,1,0,0,90.72542572021484,80.67156219482422,193.9688262939453,198.1410217285156,1.021509618397379,0.4677319930921643,0.4158996253994571
27,0,1,1,0,0,0,0,80.91802978515625,69.06660461425781,176.8136749267578,198.57627868652344,1.1230821302072955,0.4576457664752187,0.3906180030637762
38,1,0,1,0,0,0,0,86.97068786621094,75.4257583618164,176.2277374267578,199.1879119873047,1.1302869508274165,0.493513048150873,0.4280016271170943
7,0,1,0,0,0,0,1,84.7761459350586,72.37053680419922,187.3813934326172,179.59584045410156,0.9584507680517632,0.4524256351287317,0.3862205071616347
3,0,1,0,0,0,1,0,85.01421356201172,70.61016845703125,190.9435577392578,196.2704315185547,1.027897635523116,0.4452321647745902,0.3697960239823994
50,1,0,1,0,0,0,0,85.89801788330078,77.19886016845703,167.5018310546875,207.07083129882812,1.236230254887314,0.5128183814017891,0.4608836791954379
45,1,0,1,0,0,0,0,75.226318359375,57.0965576171875,171.77273559570312,189.8577880859375,1.105284767268309,0.4379409694937453,0.332395926624666
26,0,1,1,0,0,0,0,70.22393798828125,58.85850143432617,150.59292602539062,191.95144653320312,1.274637870445782,0.4663163127359726,0.3908450615031039
90,1,0,1,0,0,0,0,79.97724914550781,65.84845733642578,163.27285766601562,195.63978576660156,1.1982382654610872,0.4898379944393822,0.4033031471227308
2,1,0,0,1,0,0,0,85.0287857055664,70.35630798339844,189.27964782714844,208.522705078125,1.1016646928070657,0.4492230764462078,0.3717056154270127
28,1,0,0,0,0,0,1,81.32649993896484,68.8932113647461,164.21160888671875,197.08383178710935,1.2001820889719648,0.4952542666765287,0.4195392264396607
1,0,1,0,0,0,0,1,78.54524230957031,60.62784957885742,176.5333709716797,187.23692321777344,1.0606318917900843,0.4449314136881854,0.3434356305844498
12,1,0,1,0,0,0,0,84.92798614501953,74.30089569091797,180.30384826660156,196.7898101806641,1.0914343319488444,0.4710270299913011,0.4120871318345623
80,1,0,1,0,0,0,0,84.54157257080078,68.43082427978516,183.47454833984375,193.59817504882812,1.0551772809939433,0.4607809275769807,0.3729717549326408
55,1,0,1,0,0,0,0,77.79187774658203,65.67373657226562,165.1639404296875,204.7716064453125,1.239808192469751,0.470997952362968,0.3976275717412047
41,1,0,0,1,0,0,0,67.47198486328125,52.664642333984375,143.97999572753906,182.3195343017578,1.2662837874142647,0.4686205505309365,0.3657774961574832
7,1,0,0,0,1,0,0,78.22217559814453,62.640159606933594,171.63726806640625,187.41433715820312,1.0919209986824816,0.4557412063205321,0.3649566339094735
1,1,0,0,0,0,1,0,89.52104187011719,77.64498138427734,197.88522338867188,201.35980224609375,1.017558556409224,0.4523887147161383,0.3923738218278819
63,1,0,1,0,0,0,0,79.89523315429688,63.69355010986328,174.72152709960938,189.74685668945312,1.085995869194056,0.4572718341040386,0.3645432315478296
31,0,1,0,0,1,0,0,64.66547393798828,46.68920135498047,147.6260223388672,184.5003204345703,1.2497818305438066,0.4380357399967896,0.3162667435948931
24,0,1,0,1,0,0,0,70.98027801513672,60.380855560302734,160.5008544921875,184.8039703369141,1.1514204763683022,0.442242368364411,0.3762027046606273
22,1,0,1,0,0,0,0,85.9099349975586,73.15117645263672,174.93467712402344,200.2885284423828,1.1449332501433336,0.4910972278906773,0.4181628117149965
6,0,1,0,0,0,1,0,64.94629669189453,53.32148742675781,158.51394653320312,182.5204315185547,1.15144714714628,0.40971976354327,0.3363835712436118
50,0,1,0,0,0,1,0,77.54778289794922,65.55696105957031,164.97532653808594,211.8470458984375,1.284113511662187,0.4700568535019487,0.3973743373342312
27,1,0,0,0,0,1,0,76.67188262939453,60.67390060424805,169.300537109375,186.89759826660156,1.103939783403393,0.4528744204742918,0.3583798471061568
51,1,0,1,0,0,0,0,76.03667449951172,64.44131469726562,164.11395263671875,191.9733123779297,1.1697561925333684,0.4633163315968987,0.3926620111326693
28,0,1,0,0,1,0,0,74.28327941894531,53.453155517578125,169.08555603027344,186.3812713623047,1.1022897267992222,0.439323625050773,0.3161308202340344
30,0,1,0,1,0,0,0,70.31898498535156,57.367408752441406,155.26336669921875,188.33543395996097,1.2130062484398558,0.4529013281128689,0.369484508625756
30,0,1,0,1,0,0,0,83.27513122558594,70.20121002197266,167.6298370361328,192.90037536621097,1.1507520306461376,0.4967798853591672,0.4187870802907283
41,1,0,1,0,0,0,0,78.06733703613281,65.4913330078125,168.3553466796875,201.72732543945312,1.1982234566227294,0.4637057187418202,0.3890065525059691
26,1,0,0,0,1,0,0,65.30458068847656,52.120235443115234,152.64541625976562,173.48228454589844,1.1365050376008246,0.42781881230776,0.3414464496884674
39,0,1,0,1,0,0,0,82.5261001586914,68.03771209716797,170.9366912841797,206.8939971923828,1.2103545215370095,0.4827875135449592,0.398028718036061
22,0,1,0,0,0,1,0,69.37190246582031,61.13394927978515,151.53494262695312,197.3924102783203,1.3026197579013743,0.4577947585105781,0.4034313685014812
27,0,1,0,0,1,0,0,75.08988952636719,57.139766693115234,172.70538330078125,187.25830078125,1.084264411463791,0.4347860390407848,0.3308511037759687
5,1,0,0,0,0,1,0,76.85498046875,63.11458206176758,167.288818359375,189.1151428222656,1.1304709105901063,0.4594149281612341,0.3772791432251191
23,0,1,1,0,0,0,0,61.2532844543457,48.82755661010742,148.28897094726562,195.15838623046875,1.3160681133856595,0.4130670275952521,0.3292730153712607
75,1,0,0,0,0,1,0,68.89306640625,57.32070541381836,141.95066833496094,180.3733367919922,1.270676206795767,0.4853310464427195,0.403807224623689
1,1,0,0,0,0,1,0,79.37957000732422,60.99174499511719,178.7147979736328,186.68679809570312,1.04460738681106,0.4441689826884716,0.3412797691443311
16,1,0,1,0,0,0,0,88.26810455322266,76.93457794189453,195.5858459472656,202.23048400878903,1.033973000599005,0.4513010853404072,0.3933545271094814
3,0,1,1,0,0,0,0,85.46633911132812,81.55828094482422,175.12294006347656,201.15916442871097,1.1486739792958998,0.4880362280369965,0.4657201444611534
31,0,1,0,0,0,0,1,78.82183837890625,69.1832275390625,167.2247314453125,203.00900268554688,1.2139891087338173,0.4713527580379661,0.4137140896631518
4,0,1,1,0,0,0,0,70.34090423583984,56.26278305053711,162.0421142578125,173.9635467529297,1.0735699638931515,0.4340902644847372,0.3472108674231552
54,1,0,1,0,0,0,0,82.27336883544922,76.9587631225586,173.6388702392578,194.12933349609375,1.1180062000438151,0.473818844375596,0.4432116093390653
7,0,1,1,0,0,0,0,83.13314819335938,70.36913299560547,169.77947998046875,188.65130615234375,1.1111549297597447,0.4896536860810442,0.4144737220522801
54,1,0,1,0,0,0,0,76.328125,58.50440979003906,173.406005859375,184.0461578369141,1.0613597662019147,0.4401700196122325,0.3373839879426303
32,0,1,0,1,0,0,0,75.56382751464844,69.01499938964844,156.41954040527344,189.8926696777344,1.213995829330109,0.4830843212994182,0.4412172495254416
34,1,0,0,0,1,0,0,84.09644317626953,73.13370513916016,169.94711303710938,196.45687866210935,1.1559883257282009,0.4948389041354669,0.4303321417598356
26,0,1,0,0,0,1,0,69.45342254638672,50.53541564941406,158.37803649902344,176.39114379882812,1.1137348820454391,0.438529382493102,0.3190809582345445
19,1,0,1,0,0,0,0,77.84747314453125,63.355098724365234,168.7625732421875,186.27362060546875,1.1037614384923575,0.4612839899804919,0.3754096510097989
2,1,0,1,0,0,0,0,78.94884490966797,62.22296142578125,178.7518768310547,181.8179626464844,1.0171527475391355,0.4416672222372556,0.348096828569753
22,0,1,0,0,1,0,0,69.7784652709961,56.156150817871094,153.36439514160156,173.3833465576172,1.130531936030733,0.4549847779634219,0.3661615902832077
65,0,1,1,0,0,0,0,74.30270385742188,59.46497344970703,162.87965393066406,192.8249053955078,1.1838489384167716,0.4561816166987416,0.3650853376384294
43,0,1,1,0,0,0,0,75.69898223876953,64.48533630371094,158.0565643310547,189.8216857910156,1.2009731237320065,0.4789360224243235,0.4079889789875748
5,0,1,0,0,1,0,0,84.98306274414062,63.9139518737793,180.02825927734375,190.55499267578125,1.058472672238754,0.4720540157710429,0.3550217734167847
26,1,0,0,0,0,0,1,75.133056640625,62.38478088378906,162.43276977539062,202.015380859375,1.2436861178856862,0.4625486393202416,0.3840652410843804
36,0,1,0,0,0,1,0,77.89508056640625,67.37653350830078,161.61264038085938,199.45960998535156,1.2341832267284372,0.4819863123505515,0.4169013843813205
62,1,0,1,0,0,0,0,72.22039794921875,61.41941452026367,153.75131225585938,194.2520294189453,1.2634170503578417,0.4697221564459621,0.3994724573020548
28,1,0,0,0,0,1,0,78.33099365234375,57.683494567871094,178.24595642089844,193.3760528564453,1.0848832519926548,0.4394545336410214,0.323617408922652
32,1,0,0,1,0,0,0,76.18223571777344,57.30279922485352,160.54469299316406,185.6313934326172,1.1562599172338963,0.4745235379472634,0.3569273960821206
28,1,0,0,1,0,0,0,83.32508850097656,69.09770965576172,179.94955444335938,199.555419921875,1.1089520090180982,0.4630469286724676,0.3839837773952966
3,0,1,0,0,1,0,0,77.22466278076172,59.9242057800293,183.07693481445312,187.21160888671875,1.0225843527283,0.4218153578932717,0.327317069409983
43,0,1,0,1,0,0,0,82.23697662353516,73.69647979736328,165.813232421875,210.9538726806641,1.2722378642492098,0.4959614828224409,0.4444547562395921
34,1,0,0,0,0,1,0,79.00865173339844,60.376731872558594,181.24658203125,196.69468688964844,1.0852325306511708,0.4359180231038839,0.3331192853178804
80,0,1,1,0,0,0,0,85.24187469482422,70.01300811767578,167.57789611816406,193.4150848388672,1.154180171246956,0.5086701568010956,0.4177938125461819
10,0,1,0,0,0,1,0,69.15016174316406,53.58888626098633,156.9613037109375,181.33587646484375,1.15529033065879,0.4405554751922304,0.3414146352891952
32,1,0,0,1,0,0,0,53.99638366699219,44.766754150390625,139.9309844970703,180.80694580078125,1.292115155557751,0.385878680558577,0.3199202400475349
42,1,0,1,0,0,0,0,81.9149398803711,71.19959259033203,176.70474243164062,203.74972534179688,1.1530518227071285,0.4635695610266964,0.4029297211300147
22,1,0,1,0,0,0,0,79.92399597167969,64.41028594970703,178.42652893066406,195.7168884277344,1.0969046452940263,0.4479378512302835,0.3609905227419216
3,0,1,1,0,0,0,0,83.80320739746094,71.23442840576172,189.5797576904297,191.18951416015625,1.0084911832852703,0.4420472334093054,0.3757491267716593
2,1,0,0,0,0,0,1,79.59628295898438,58.70269012451172,187.687255859375,190.48263549804688,1.0148938169822586,0.4240899713437231,0.3127686525956499
75,1,0,1,0,0,0,0,96.00372314453124,81.50104522705078,181.59518432617188,199.66241455078125,1.0994917915452975,0.5286688823867395,0.4488062033664
26,1,0,0,1,0,0,0,84.02567291259766,70.28892517089844,195.3578643798828,201.5143585205078,1.03151393039726,0.4301115451856377,0.3597957286952022
54,0,1,0,0,0,1,0,86.4076156616211,78.49390411376953,181.8558654785156,199.8894195556641,1.0991639946817056,0.4751434078535634,0.4316270135539993
26,0,1,0,0,1,0,0,73.72338104248047,56.53092956542969,151.2283477783203,194.1831970214844,1.2840396650112842,0.4874971004149875,0.3738117250893738
24,0,1,1,0,0,0,0,84.45011901855469,71.7476806640625,171.615234375,203.3778839111328,1.1850805941081408,0.4920898737580662,0.4180729113318993
55,0,1,0,0,0,1,0,75.11776733398438,57.29799270629883,167.09593200683594,190.99427795410156,1.143021710105354,0.4495487498218166,0.3429047734325139
26,0,1,0,1,0,0,0,82.50642395019531,67.4649887084961,171.07969665527344,196.5279235839844,1.1487507134174388,0.4822689399341537,0.3943483068270715
50,1,0,1,0,0,0,0,79.26896667480469,68.88541412353516,163.908447265625,197.3096466064453,1.2037796092759718,0.4836173363679288,0.4202676266702811
21,0,1,0,0,0,1,0,80.16165924072266,66.75651550292969,173.45436096191406,198.2386779785156,1.142886675660138,0.4621484221911492,0.3848650165537644
35,0,1,1,0,0,0,0,68.14784240722656,56.422630310058594,151.07440185546875,191.68948364257812,1.2688415859224476,0.4510879511700656,0.3734757815823591
36,1,0,1,0,0,0,0,67.02925872802734,49.57698440551758,155.78285217285156,196.62852478027344,1.2621962047664967,0.430273664868158,0.3182441694578077
27,0,1,0,1,0,0,0,72.79016876220703,59.557716369628906,164.00247192382812,188.55111694335935,1.1496846037231254,0.4438358026457969,0.3631513334585031
26,0,1,1,0,0,0,0,82.22423553466797,69.9643783569336,166.57125854492188,194.46707153320312,1.1674707463458238,0.4936279899241637,0.420026713900737
21,0,1,0,0,0,0,1,82.78294372558594,76.7104721069336,174.02301025390625,198.5498504638672,1.1409402134474935,0.4757011363313532,0.44080648872244
6,0,1,0,0,0,1,0,79.46666717529297,64.20287322998047,170.69078063964844,192.1811981201172,1.125902625788782,0.4655592228092152,0.3761355650808201
19,0,1,0,0,1,0,0,81.69922637939453,72.3033447265625,168.36912536621094,192.64015197753903,1.144153665694571,0.4852387645400829,0.4294335114546639
61,1,0,0,0,0,1,0,85.25264739990234,71.6104507446289,171.94371032714844,198.94747924804688,1.1570500535874195,0.4958171906241672,0.4164761281955553
61,1,0,0,0,0,1,0,75.89813995361328,64.66976928710938,160.66629028320312,185.72088623046875,1.1559418338663474,0.4723961686040626,0.4025098804056365
46,0,1,0,1,0,0,0,81.74931335449219,72.15755462646484,182.0645751953125,190.59963989257812,1.0468793266790617,0.4490127377431572,0.3963294591990602
79,1,0,0,1,0,0,0,78.75064849853516,62.425880432128906,155.16810607910156,190.132568359375,1.225332790118926,0.5075182683378868,0.4023112868330393
26,1,0,1,0,0,0,0,85.00157928466797,71.63938903808594,169.31385803222656,197.3978271484375,1.1658692882118695,0.5020355703458668,0.4231159213467947
13,0,1,1,0,0,0,0,85.20042419433594,71.96212005615234,176.5510711669922,192.83627319335935,1.0922407432519268,0.4825823124785715,0.4075994531241695
25,0,1,1,0,0,0,0,82.89341735839844,70.42952728271484,171.95347595214844,203.05679321289065,1.1808821664611056,0.4820688671711771,0.4095847838651084
74,1,0,0,1,0,0,0,79.90841674804688,68.53699493408203,168.76483154296875,187.8307342529297,1.1129731978851685,0.4734897431974837,0.4061094619505013
5,1,0,0,0,0,1,0,73.46924591064453,61.45087814331055,168.67254638671875,187.3066864013672,1.1104752398290447,0.4355732304070408,0.3643205694092087
21,1,0,1,0,0,0,0,76.67852783203125,65.13093566894531,167.80288696289062,186.8215484619141,1.1133392985260702,0.4569559512345493,0.3881395418622859
45,1,0,0,0,1,0,0,71.80411529541016,62.59105682373047,152.08473205566406,189.08969116210935,1.243318041240992,0.4721323062799581,0.4115538488164723
28,0,1,0,1,0,0,0,74.44684600830078,66.2929916381836,153.18914794921875,196.08169555664065,1.2799972986444217,0.4859798948224416,0.4327525319232098
45,1,0,1,0,0,0,0,72.09529113769531,62.278133392333984,151.8936004638672,185.32357788085935,1.220088122968318,0.4746433748197674,0.4100115686384619
34,0,1,1,0,0,0,0,73.95066833496094,61.549896240234375,159.4993438720703,191.3553924560547,1.1997252641335951,0.4636424610892103,0.3858943538325883
65,1,0,1,0,0,0,0,80.90328979492188,70.95399475097656,168.13613891601562,201.04107666015625,1.1957041356860034,0.4811772788200712,0.4220032362371437
28,1,0,0,0,0,0,1,81.60337829589844,69.47074127197266,165.32015991210938,200.8341064453125,1.214819212321617,0.4936081500240622,0.420219417334861
13,1,0,1,0,0,0,0,80.80894470214844,70.58985900878906,177.07106018066406,200.90023803710935,1.1345740960275077,0.4563644935524742,0.3986527156767844
54,1,0,1,0,0,0,0,76.055419921875,63.93577575683594,163.35748291015625,184.1511077880859,1.1272890871449446,0.4655765904749165,0.3913856568909028
22,1,0,0,1,0,0,0,78.3137435913086,60.07718276977539,180.10174560546875,195.0547637939453,1.0830253928867113,0.4348305638461874,0.3335735729146156
4,0,1,1,0,0,0,0,85.49462890625,73.75016784667969,187.96905517578125,195.72787475585935,1.041277111133119,0.4548335300525865,0.3923527081503465
62,0,1,0,1,0,0,0,76.04045104980469,61.69589614868164,168.1096649169922,189.5682373046875,1.1276462742239772,0.4523264684832446,0.3669979128156929
28,1,0,1,0,0,0,0,77.60635375976562,62.308082580566406,161.74691772460938,195.8348388671875,1.210748505270538,0.4798011291436067,0.3852195977338639
28,1,0,1,0,0,0,0,80.81504821777344,66.47257995605469,176.96482849121094,195.48944091796875,1.1046796280633688,0.4566729383844042,0.375625939475064
1,1,0,0,0,1,0,0,72.991943359375,55.10822677612305,169.0919647216797,185.24037170410156,1.0955007354075144,0.4316700884014066,0.32590683340175
70,0,1,1,0,0,0,0,83.63865661621094,70.05831909179688,170.1306610107422,193.70233154296875,1.1385503964552175,0.491614245893807,0.4117912589981258
23,1,0,0,0,0,0,1,81.95984649658203,73.61595916748047,177.2964324951172,202.59298706054688,1.1426794335871726,0.4622757792875456,0.415213990103878
26,1,0,0,0,1,0,0,76.6034927368164,61.695919036865234,169.06155395507812,192.9182281494141,1.141112356039712,0.4531100711233907,0.3649316925908456
24,0,1,1,0,0,0,0,80.37457275390625,68.15948486328125,168.50404357910156,201.5231170654297,1.1959541906828357,0.4769889852297561,0.4044976216329483
68,1,0,0,1,0,0,0,81.8565444946289,67.47395324707031,172.4936981201172,194.468017578125,1.12739201314303,0.4745480292133776,0.3911676425424212
24,0,1,0,0,0,0,1,80.02484130859375,71.55073547363281,167.4900360107422,198.20115661621097,1.183360881261612,0.4777886685955531,0.427193982267959
35,0,1,0,0,1,0,0,75.79388427734375,72.85154724121094,156.1475372314453,194.39051818847656,1.2449156844551872,0.4853991655660914,0.4665558518110265
1,0,1,0,0,1,0,0,78.22917938232422,59.2068977355957,179.13941955566406,198.8449249267578,1.1100009446272134,0.4366943890761912,0.3305073661757529
70,0,1,1,0,0,0,0,76.15118408203125,63.7896614074707,169.7734832763672,184.66799926757812,1.0877316981649294,0.4485458071097469,0.3757339495922939
2,1,0,1,0,0,0,0,83.45848846435547,70.8160171508789,187.3430633544922,191.5204162597656,1.0222978787176602,0.4454848072300098,0.3780018105974931
42,1,0,1,0,0,0,0,79.82890319824219,66.8358383178711,169.0293426513672,210.58688354492188,1.245859921370395,0.4722783745476306,0.3954096801744291
32,0,1,1,0,0,0,0,77.56248474121094,64.34870910644531,174.44078063964844,199.4100799560547,1.1431391170393044,0.4446350472452647,0.3688856978883501
37,1,0,1,0,0,0,0,82.00111389160156,73.1624984741211,169.39932250976562,177.90530395507812,1.050212606044054,0.4840699046294847,0.4318936899520562
42,1,0,1,0,0,0,0,78.46299743652344,64.23800659179688,180.9582366943359,206.3658905029297,1.1404061747767298,0.4335972701207216,0.3549880224590382
1,0,1,0,0,1,0,0,83.05027770996094,64.19022369384766,192.83836364746097,184.9957275390625,0.9593305193009414,0.4306730058225861,0.3328706097672428
75,1,0,1,0,0,0,0,83.09435272216797,74.99835205078125,177.56057739257812,197.2869873046875,1.111096788497681,0.4679774865704015,0.4223817761358334
28,0,1,0,0,0,0,1,75.89286804199219,63.21683883666992,158.4252166748047,199.4236297607422,1.2587871675131987,0.4790453794851074,0.3990326802988281
29,1,0,0,0,0,1,0,81.3050765991211,70.8366470336914,168.695068359375,202.26199340820312,1.1989798834979557,0.4819647508954738,0.4199094124244726
50,0,1,1,0,0,0,0,74.62578582763672,66.5626220703125,161.2256317138672,194.2209625244141,1.2046531339948778,0.4628655197957464,0.4128538456493291
35,0,1,1,0,0,0,0,85.35009765625,77.462890625,180.12684631347656,199.4489593505859,1.107269479439411,0.4738332980510543,0.4300463379578109
35,1,0,0,0,0,1,0,82.59080505371094,68.54139709472656,184.0580139160156,196.9757843017578,1.0701831455795046,0.4487215921573322,0.3723901808806952
26,0,1,0,0,0,1,0,82.05093383789062,72.20722198486328,178.25851440429688,200.9219207763672,1.1271378618171857,0.4602918077270412,0.4050702555564591
90,0,1,0,0,1,0,0,85.44731903076172,75.33821868896484,186.4971923828125,191.8442840576172,1.0286711644635862,0.4581694659261611,0.4039643585321233
4,0,1,0,0,0,1,0,85.41778564453125,72.19778442382812,186.1255340576172,196.2700958251953,1.0545038692242934,0.4589256711982851,0.3878983331834444
40,1,0,1,0,0,0,0,73.2652587890625,62.33587646484375,156.57281494140625,183.89675903320312,1.1745126962303272,0.4679309036915529,0.3981270726222269
79,0,1,1,0,0,0,0,84.83252716064453,72.01846313476562,173.0480499267578,197.9281311035156,1.1437755651525008,0.4902252709380412,0.4161761034882928
26,1,0,1,0,0,0,0,83.470458984375,72.98503112792969,166.8900604248047,201.3520050048828,1.2064948894641068,0.500152368402935,0.4373240140374591
53,1,0,1,0,0,0,0,76.05577850341797,64.52661895751953,165.17970275878906,193.34437561035156,1.170509284017124,0.4604426405493765,0.3906449635143573
27,1,0,0,1,0,0,0,75.19039916992188,67.8227767944336,160.57568359375,195.6617126464844,1.2185015082451751,0.4682552020774861,0.4223726486883436
25,0,1,1,0,0,0,0,80.57814025878906,73.97872924804688,166.8043975830078,203.015380859375,1.2170865025206985,0.4830696398078504,0.4435058686701136
29,0,1,0,1,0,0,0,80.270751953125,72.17037200927734,163.96604919433594,203.80294799804688,1.2429582160420016,0.4895571512977449,0.4401543634422729
27,0,1,1,0,0,0,0,70.96117401123047,57.71827697753906,155.31134033203125,183.31381225585935,1.1802989521818767,0.4568962823933308,0.371629507891352
22,1,0,0,1,0,0,0,72.84720611572266,62.57487106323242,155.68165588378906,186.84751892089844,1.2001896938992838,0.4679241475315535,0.4019411966554517
60,0,1,1,0,0,0,0,76.04793548583984,61.425804138183594,169.15992736816406,193.62960815429688,1.1446541220893076,0.449562355984743,0.3631226679619865
1,1,0,1,0,0,0,0,76.88245391845703,65.14874267578125,167.37380981445312,187.0004119873047,1.117262086551111,0.4593457841683069,0.3892409615817653
45,1,0,1,0,0,0,0,85.92281341552734,75.24000549316406,186.29461669921875,200.77685546875,1.0777383642433076,0.4612200552968939,0.4038764341464709
52,1,0,1,0,0,0,0,79.52671813964844,69.51824951171875,164.99400329589844,205.3247985839844,1.2444379461219397,0.4819976274957466,0.4213380372803336
35,0,1,1,0,0,0,0,84.21302795410156,76.3099365234375,169.08155822753906,199.65460205078125,1.180818323084644,0.4980615794939215,0.4513202819005518
28,1,0,0,1,0,0,0,75.17830657958984,59.062835693359375,167.9172821044922,184.22364807128903,1.0971095158427449,0.4477103585609944,0.3517376827038299
28,0,1,0,0,1,0,0,72.78105163574219,57.0777587890625,165.49942016601562,182.7487640380859,1.1042260078903428,0.4397662031850874,0.3448819260623796
10,1,0,1,0,0,0,0,79.42288208007812,65.79821014404297,185.1013946533203,190.7805938720703,1.0306815582312965,0.4290777075387824,0.355471174419175
55,1,0,0,0,0,1,0,80.60679626464844,65.0344467163086,173.2975311279297,196.92892456054688,1.1363631280769504,0.46513528346312,0.375276244808702
29,1,0,0,0,1,0,0,71.37152862548828,54.1035270690918,161.1669921875,182.77784729003903,1.1340898332171965,0.4428420959947889,0.3356985592071378
22,0,1,0,0,1,0,0,68.60542297363281,50.37884140014648,155.63528442382812,178.8577117919922,1.1492105562959902,0.4408089285640754,0.3236980713380786
99,0,1,0,0,1,0,0,76.78410339355469,65.16999053955078,172.90533447265625,182.3116912841797,1.0544017733183992,0.4440817492863272,0.376911393383626
22,0,1,0,0,1,0,0,71.0388412475586,52.682743072509766,161.9182891845703,186.4528961181641,1.1515246181092418,0.4387326571032477,0.3253662284713052
31,0,1,0,1,0,0,0,81.83423614501953,69.91436767578125,178.69017028808594,194.4284515380859,1.0880758086727802,0.4579671954707168,0.3912602890414434
1,1,0,0,0,1,0,0,90.17300415039062,68.66545104980469,200.26907348632812,201.95315551757812,1.0084090968312438,0.4502592566123122,0.3428659745334684
58,1,0,0,0,0,1,0,74.02166748046875,60.9802131652832,162.43577575683594,195.9010772705078,1.206021742179315,0.4556980574973714,0.3754112225657094
65,1,0,1,0,0,0,0,81.506103515625,71.81385040283203,173.5426788330078,193.9585876464844,1.1176420057058234,0.4696602822067452,0.4138108901265447
45,0,1,1,0,0,0,0,81.20378112792969,71.76778411865234,177.65350341796875,199.6169586181641,1.1236308588214077,0.4570907950904859,0.4039761825006227
36,0,1,0,1,0,0,0,84.30198669433594,71.33541870117188,166.79249572753906,212.58624267578125,1.2745551995519495,0.5054303332210219,0.4276896175095346
24,0,1,0,0,1,0,0,74.72899627685547,60.69834899902344,164.48463439941406,191.52267456054688,1.1643803402053774,0.4543220498967268,0.3690213935219694
37,1,0,0,0,0,1,0,75.40480041503906,62.74741744995117,165.76129150390625,196.43893432617188,1.1850712101959142,0.4548999330960335,0.3785408335122225
26,0,1,0,0,0,1,0,68.84820556640625,59.0025520324707,164.23800659179688,201.7444610595703,1.2283664740341944,0.4191977666748239,0.359250293259573
27,1,0,0,1,0,0,0,77.21279907226562,63.814945220947266,168.62152099609375,198.985595703125,1.1800723568834055,0.4579059577694968,0.378450774515464
1,1,0,0,0,1,0,0,87.13617706298828,63.970611572265625,201.44448852539065,202.66278076171875,1.0060477814272617,0.4325567688688856,0.3175595025733483
55,1,0,0,0,0,1,0,79.95772552490234,70.73774719238281,169.9308319091797,199.51565551757812,1.1740992101080878,0.4705310073903252,0.4162737650233415
96,0,1,0,0,1,0,0,84.77198791503906,70.9741439819336,168.0500030517578,180.08811950683594,1.071634134105731,0.5044450245498067,0.4223394388161613
30,0,1,1,0,0,0,0,89.90994262695312,78.49848175048828,173.31521606445312,201.3794860839844,1.1619261750745222,0.5187654302292597,0.4529231970105611
8,0,1,1,0,0,0,0,80.59154510498047,61.8509635925293,184.6834716796875,197.38577270507812,1.0687787646066202,0.4363765981438628,0.3349025390848336
25,0,1,0,0,0,1,0,75.76832580566406,62.2755012512207,160.26901245117188,198.42337036132812,1.2380644725179204,0.4727571764925419,0.3885685716706701
26,0,1,0,1,0,0,0,62.22705841064453,50.79231643676758,142.66258239746094,179.91995239257812,1.261157266110026,0.4361834572521521,0.3560311020815473
32,1,0,0,0,0,0,1,77.48371887207031,57.81147766113281,174.83518981933594,194.095947265625,1.110165221693596,0.4431814839571901,0.3306627099548533
4,0,1,1,0,0,0,0,78.33248138427734,66.4610595703125,173.1962890625,197.2255096435547,1.138739811985137,0.4522757491415425,0.3837325841682971
41,1,0,0,0,0,1,0,72.56037902832031,58.89287185668945,155.95953369140625,192.81947326660156,1.2363429711717997,0.4652513207169108,0.3776163628010039
67,1,0,0,0,0,1,0,79.34882354736328,72.29530334472656,161.62059020996094,196.1128845214844,1.2134152230648,0.4909573925220877,0.447314932155661
54,1,0,1,0,0,0,0,77.01536560058594,62.00649642944336,172.68092346191406,194.9225311279297,1.1288017646658066,0.4459981105994733,0.3590813344423613
21,0,1,0,1,0,0,0,71.88585662841797,60.61686325073242,161.1836395263672,189.4567108154297,1.1754090636750851,0.4459873026794294,0.3760733001739697
1,0,1,1,0,0,0,0,69.84248352050781,55.49590301513672,168.07412719726562,171.79664611816406,1.022148078249601,0.4155457159598094,0.3301870665078757
46,0,1,1,0,0,0,0,83.29875946044922,72.7168960571289,178.6482391357422,202.8408966064453,1.13542063211897,0.466272490920867,0.4070395342764978
22,0,1,0,0,1,0,0,73.86231231689453,58.781700134277344,162.19068908691406,194.58692932128903,1.1997416770146072,0.455404146395318,0.3624233947410979
60,1,0,1,0,0,0,0,86.90418243408203,73.89041137695312,172.0349578857422,198.47149658203125,1.1536695740283611,0.5051542052970411,0.429508120239305
22,0,1,1,0,0,0,0,81.7554702758789,73.26859283447266,168.81887817382812,188.7697906494141,1.1181793925620278,0.4842791941295662,0.4340071064743719
25,0,1,1,0,0,0,0,73.70799255371094,63.804100036621094,155.3318328857422,201.8136444091797,1.2992420205176374,0.4745195571594684,0.4107599765693464
2,0,1,1,0,0,0,0,89.38375091552734,80.8836898803711,194.15023803710935,199.1865692138672,1.025940381158818,0.4603844518513687,0.4166036091334135
45,0,1,1,0,0,0,0,78.33927154541016,64.1863784790039,174.2688446044922,190.16192626953125,1.091198640245242,0.449531135202068,0.3683181501815578
28,0,1,1,0,0,0,0,90.38937377929688,80.35554504394531,180.36387634277344,197.4935302734375,1.0949727532918505,0.5011500950862019,0.4455190622053011
72,1,0,1,0,0,0,0,83.25069427490234,70.53119659423828,183.19886779785156,198.162353515625,1.081678920277415,0.4544279955199519,0.3849979939399244
50,1,0,1,0,0,0,0,71.94711303710938,53.520751953125,156.7117156982422,198.24269104003903,1.2650151276613373,0.459104877491405,0.3415236168824954
26,0,1,1,0,0,0,0,80.42179870605469,67.2222671508789,162.18124389648438,193.79083251953125,1.1949028621535445,0.4958760752715992,0.4144885409424098
39,1,0,0,1,0,0,0,79.06342315673828,67.6296157836914,177.10031127929688,189.6080780029297,1.0706253232040197,0.4464329993867201,0.3818718064082665
40,0,1,1,0,0,0,0,80.20538330078125,68.69837188720703,171.89944458007812,195.3431701660156,1.1363804615146176,0.4665831439811206,0.3996427798532204
34,1,0,0,1,0,0,0,73.35264587402344,64.62007904052734,162.52198791503906,187.6647186279297,1.1547035637173868,0.4513398267831285,0.397608224397972
66,0,1,1,0,0,0,0,84.53324127197266,78.64106750488281,183.1927490234375,198.83250427246097,1.085373222097467,0.4614442532392893,0.429280459647568
31,0,1,0,0,0,0,1,83.10072326660156,68.07485961914062,179.94143676757812,195.7941741943359,1.088099426744236,0.4618209388532273,0.3783167503940168
1,1,0,0,0,1,0,0,85.71084594726562,66.14617156982422,194.4505920410156,180.89256286621097,0.9302751972493618,0.4407847003581587,0.3401695560580857
28,1,0,1,0,0,0,0,74.07798767089844,64.7541732788086,154.46463012695312,196.3104705810547,1.270908883280974,0.4795789664599228,0.4192168344661668
8,0,1,1,0,0,0,0,83.53376007080078,68.87892150878906,182.31390380859375,196.9483642578125,1.080270676802484,0.4581864483495484,0.3778039966776374
9,1,0,1,0,0,0,0,88.65430450439453,77.21333312988281,180.9373779296875,199.5329742431641,1.1027736586339991,0.4899723070975733,0.4267406437153522
35,1,0,0,0,0,1,0,83.79751586914062,71.1931381225586,175.15089416503906,205.7691650390625,1.1748108168101776,0.4784304200592942,0.4064674546021762
50,1,0,0,0,1,0,0,84.75225830078125,71.45906829833984,168.40528869628906,200.13316345214844,1.1884018904719738,0.5032636383149933,0.4243279344226111
5,0,1,0,1,0,0,0,79.02522277832031,59.78471755981445,181.6372528076172,186.0544281005859,1.0243186638461617,0.4350716692573005,0.3291434804023159
85,0,1,0,0,1,0,0,82.26480865478516,69.42706298828125,165.49420166015625,196.94400024414065,1.1900356524186075,0.4970857457816959,0.4195135677976822
22,0,1,0,0,0,0,1,72.66751098632812,62.618194580078125,160.1341552734375,198.6133575439453,1.240293535159957,0.4537914529367237,0.3910358441217881
47,1,0,1,0,0,0,0,76.81584930419922,67.37388610839844,163.60890197753906,195.65086364746097,1.1958448549108944,0.4695089837761079,0.411798412519435
47,1,0,0,0,0,1,0,85.53804779052734,72.93730163574219,165.1809844970703,199.72439575195312,1.2091246238788187,0.5178443998924371,0.4415599159783178
8,0,1,1,0,0,0,0,78.94879913330078,70.77178955078125,172.01959228515625,190.717529296875,1.108696554638516,0.4589523674863014,0.4114170287850881
17,0,1,0,0,0,0,1,71.98963165283203,55.87882995605469,163.41343688964844,185.8135681152344,1.1370764341778856,0.4405367944219052,0.3419475841132277
43,0,1,0,0,0,1,0,68.07044219970703,59.73706817626953,142.00787353515625,182.1226043701172,1.2824824415459606,0.4793427329425867,0.4206602541758411
40,1,0,1,0,0,0,0,78.17533111572266,68.74604797363281,167.36041259765625,197.87217712402344,1.1823117190785086,0.4671076624533694,0.4107664823873381
26,1,0,0,1,0,0,0,81.53182983398438,68.0743637084961,173.00254821777344,203.74920654296875,1.1777237309041937,0.4712753116870459,0.3934876359324195
45,0,1,1,0,0,0,0,71.52518463134766,59.765254974365234,160.77232360839844,187.2796630859375,1.1648750163125363,0.4448849343346264,0.3717384536901923
48,1,0,1,0,0,0,0,81.69149017333984,71.64517974853516,169.5381622314453,200.00596618652344,1.1797105946771145,0.481847208310649,0.4225902817722455
22,1,0,0,1,0,0,0,79.46343231201172,66.83817291259766,161.96131896972656,198.96519470214844,1.228473539038902,0.4906321633924507,0.4126798505826622
52,1,0,1,0,0,0,0,72.34300231933594,60.16220474243164,154.8017578125,200.24549865722656,1.29356088384842,0.4673267496546112,0.3886403203205334
28,0,1,0,0,1,0,0,76.23868560791016,60.491947174072266,169.68983459472656,189.31300354003903,1.1156413935588945,0.449282573643804,0.3564853918241262
24,1,0,0,0,1,0,0,53.23546600341797,45.594974517822266,140.0343780517578,191.11180114746097,1.3647491694991107,0.3801599774574049,0.3255984362709134
53,1,0,1,0,0,0,0,83.76879119873047,75.19784545898438,165.30978393554688,202.7378387451172,1.226411612903464,0.5067382535046524,0.4548904709010054
24,1,0,0,1,0,0,0,79.90884399414062,68.94351196289062,173.0347442626953,191.7741851806641,1.1082987176813417,0.4618080856225372,0.3984373904597044
75,1,0,1,0,0,0,0,75.12617492675781,59.51314163208008,157.79283142089844,196.37921142578125,1.2445382319172476,0.4761063874084709,0.3771599831004618
15,0,1,1,0,0,0,0,79.70147705078125,70.45919799804688,170.74974060058594,195.9359436035156,1.1475036091670832,0.4667736347384398,0.4126460031518495
41,0,1,1,0,0,0,0,68.70467376708984,53.96246719360352,151.63343811035156,178.8970184326172,1.1797992623660258,0.4530971177814346,0.3558744553053807
27,0,1,0,0,1,0,0,74.59034729003906,56.28132629394531,167.87100219726562,183.38458251953125,1.0924136993239344,0.4443313396222402,0.335265326097291
41,1,0,0,0,0,0,1,75.19866180419922,61.657562255859375,166.6151123046875,188.8768615722656,1.1336118252398872,0.4513315794949267,0.3700598427296724
21,0,1,0,0,0,1,0,72.2540283203125,59.94941711425781,170.58172607421875,176.49134826660156,1.0346439347777006,0.4235742595832061,0.3514410276759322
29,1,0,0,1,0,0,0,73.87047576904297,64.72332000732422,162.3526611328125,187.99441528320312,1.1579386132107463,0.4550000921057479,0.3986588181291179
38,1,0,0,1,0,0,0,68.60742950439453,57.62239837646485,149.36090087890625,183.94561767578125,1.2315513403666092,0.4593399551065759,0.3857930558626047
53,1,0,1,0,0,0,0,77.26425170898438,65.57657623291016,157.0223846435547,201.0373382568359,1.2803100571501091,0.4920588353334236,0.4176256549776063
42,0,1,1,0,0,0,0,74.7411880493164,64.96343994140625,160.63043212890625,186.78744506835935,1.162839709716164,0.4652990536023488,0.4044279722118468
52,1,0,1,0,0,0,0,83.46089935302734,72.72267150878906,168.31759643554688,204.1961212158203,1.2131596787268302,0.4958536785248514,0.4320562617862502
6,1,0,0,0,1,0,0,77.33973693847656,56.229854583740234,185.3201446533203,191.9759521484375,1.0359151861637506,0.4173304369212346,0.3034200879182877
35,1,0,0,0,0,0,1,79.82530975341797,67.0162124633789,165.62306213378906,200.2751617431641,1.209222672029716,0.4819697735629092,0.404630922771152
29,1,0,0,0,1,0,0,75.0045166015625,55.17816162109375,166.3396759033203,194.11915588378903,1.1670045335222048,0.450911763499867,0.3317197855619504
51,1,0,1,0,0,0,0,83.80948638916016,74.25140380859375,172.962646484375,199.63980102539065,1.154236507611634,0.4845525209787495,0.4292915569796247
27,1,0,0,0,1,0,0,74.17040252685547,66.3226547241211,160.5016632080078,197.6371612548828,1.2313714219817644,0.4621160992626706,0.4132209810073301
60,0,1,1,0,0,0,0,77.65428161621094,67.9044189453125,174.1363525390625,191.4291076660156,1.0993058306023378,0.4459395208636371,0.3899497029494751
28,1,0,1,0,0,0,0,82.23472595214844,72.98887634277344,167.9756622314453,201.48062133789065,1.199463176161083,0.4895633382819548,0.4345205452573581
55,1,0,1,0,0,0,0,84.66480255126953,72.86930847167969,190.96011352539065,210.2862548828125,1.1012051208005391,0.4433638050807518,0.3815943922864853
23,1,0,0,1,0,0,0,77.34351348876953,66.63638305664062,164.7509002685547,190.7954559326172,1.1580844512631383,0.4694573041039203,0.4044674896951639
16,1,0,1,0,0,0,0,81.88461303710938,72.56958770751953,174.5510711669922,200.3338623046875,1.1477091544916904,0.4691155000634213,0.4157498846746838
20,1,0,1,0,0,0,0,77.07711029052734,65.16483306884766,161.24684143066406,195.73533630371097,1.213886328358729,0.4780069464099885,0.4041309119029687
35,1,0,0,1,0,0,0,85.99922180175781,79.52005767822266,185.35121154785156,208.599609375,1.1254288959484169,0.4639798201672701,0.4290236735662944
36,1,0,1,0,0,0,0,87.70894622802734,76.27088928222656,168.005615234375,198.50320434570312,1.1815272011520728,0.5220596115532783,0.4539782148104122
36,1,0,0,1,0,0,0,70.17875671386719,56.366554260253906,160.24075317382812,189.35205078125,1.1816722464842768,0.4379582304991897,0.3517616657674333
2,0,1,0,0,0,1,0,82.87069702148438,64.59712219238281,189.71075439453125,191.27276611328125,1.0082336487656445,0.4368265641342749,0.3405032171135836
40,1,0,0,0,1,0,0,81.68793487548828,70.68865966796875,163.4718475341797,192.7935028076172,1.179368225879424,0.4997064394125017,0.4324209992989082
5,1,0,0,0,0,0,1,85.24984741210938,74.4901123046875,172.7869415283203,200.44830322265625,1.1600894225551308,0.4933813091317243,0.4311096176934085
35,1,0,1,0,0,0,0,82.53311920166016,70.52024841308594,170.04721069335938,198.6227874755859,1.1680449603713638,0.4853541487986501,0.4147098216168497
12,1,0,1,0,0,0,0,83.63676452636719,67.9415054321289,181.0911407470703,196.8417053222656,1.0869758979385638,0.4618490124990847,0.3751785159221162
27,1,0,1,0,0,0,0,76.0315933227539,62.02108383178711,166.8971710205078,192.5689239501953,1.153817783565265,0.4555595092346495,0.3716125531221026
14,0,1,1,0,0,0,0,80.1612548828125,69.16873168945312,170.89431762695312,196.4260101318359,1.1494004766186323,0.4690691650602291,0.404745650118351
2,0,1,0,0,0,0,1,82.40252685546875,70.7442626953125,181.4354705810547,181.14007568359375,0.998371901059286,0.4541698852576687,0.3899141797838705
31,0,1,1,0,0,0,0,77.80301666259766,67.64995574951172,165.51783752441406,196.4917755126953,1.1871335346784757,0.4700581993232096,0.4087170105731551
68,1,0,1,0,0,0,0,76.96410369873047,63.595951080322266,168.7382049560547,189.86077880859375,1.1251795576350958,0.4561154583739622,0.3768912386906384
58,1,0,1,0,0,0,0,86.5917739868164,78.2593994140625,167.98251342773438,200.6742248535156,1.19461377710511,0.5154808808362541,0.4658782501651845
18,1,0,1,0,0,0,0,73.98350524902344,59.73110580444336,155.88125610351562,190.6364288330078,1.2229592806617648,0.4746145052865972,0.3831833749452076
19,0,1,0,1,0,0,0,78.70706939697266,73.47491455078125,164.67735290527344,201.75396728515625,1.2251470146062535,0.4779471372863695,0.4461749794645161
36,1,0,0,1,0,0,0,81.25298309326172,70.0002212524414,179.2897491455078,196.8005828857422,1.0976677909567654,0.4531936905512567,0.3904306943707679
26,0,1,0,1,0,0,0,66.12491607666016,55.83015060424805,161.13795471191406,198.671875,1.232930350612864,0.4103621409051624,0.3464742413049886
37,0,1,0,1,0,0,0,78.50822448730469,63.688533782958984,168.29098510742188,184.0637054443359,1.093722906945052,0.4665028518146238,0.3784429317013382
37,0,1,0,0,1,0,0,81.00483703613281,72.48013305664062,169.36441040039062,192.7965850830078,1.1383535928665398,0.4782872437286622,0.4279537411979999
56,0,1,0,1,0,0,0,73.53550720214844,64.0703125,152.26133728027344,196.1877899169922,1.2884938055933504,0.4829558738656599,0.420791736395059
85,1,0,1,0,0,0,0,73.90438842773438,59.357906341552734,143.77700805664062,187.73764038085935,1.305755648405902,0.5140209093697367,0.4128469992793898
53,0,1,1,0,0,0,0,84.99899291992188,71.25428771972656,173.32833862304688,203.66915893554688,1.1750482382369394,0.4903929362917222,0.4110942750953716
29,1,0,1,0,0,0,0,80.1316146850586,68.32066345214844,167.10643005371094,198.945556640625,1.1905320254683225,0.4795244244000837,0.4088452097874928
74,1,0,0,0,1,0,0,77.0472412109375,68.30653381347656,167.64041137695312,188.4556427001953,1.1241659523039311,0.4595982590241353,0.4074586387161968
3,0,1,0,0,1,0,0,80.91059875488281,62.13265228271485,183.1379241943359,182.1058349609375,0.9943644155740065,0.4418014406946369,0.3392669899260357
58,1,0,1,0,0,0,0,76.91609954833984,63.667327880859375,163.8021697998047,197.21896362304688,1.2040070278927528,0.4695670371298803,0.3886842766409757
24,0,1,1,0,0,0,0,78.59729766845703,65.1871566772461,164.2015380859375,192.6244201660156,1.1730975386186853,0.4786635897851449,0.3969947994222158
76,0,1,1,0,0,0,0,76.86079406738281,61.23210906982422,178.65379333496094,195.4176788330078,1.0938344783232,0.4302220100262592,0.342741723681283
7,0,1,1,0,0,0,0,72.17570495605469,60.732173919677734,163.13705444335938,193.9425048828125,1.1888317191000202,0.4424237350755517,0.3722770043072203
60,1,0,0,0,0,1,0,79.36485290527344,66.11714935302734,182.6970367431641,191.7843780517578,1.0497399491014665,0.4344068974520081,0.3618950286860699
60,0,1,1,0,0,0,0,81.94892883300781,74.28941345214844,172.58746337890625,201.10931396484375,1.1652602687793108,0.4748255013928414,0.4304450160962742
59,1,0,1,0,0,0,0,76.70234680175781,66.67743682861328,161.10107421875,198.91127014160156,1.234698595935563,0.4761131927500871,0.4138857369633412
4,1,0,1,0,0,0,0,83.09991455078125,59.3011589050293,188.1765289306641,196.07290649414065,1.0419626061143157,0.4416061611031225,0.3151357889425175
48,0,1,1,0,0,0,0,81.11746215820312,73.72728729248047,171.56161499023438,201.39202880859375,1.1738758044452855,0.4728182476180379,0.4297423249173608
60,0,1,1,0,0,0,0,75.99617767333984,63.32438278198242,156.51223754882812,194.48573303222656,1.242623171696409,0.4855606108731966,0.4045970064304186
15,1,0,1,0,0,0,0,80.54112243652344,63.71873474121094,176.2752227783203,199.4720916748047,1.1315946083112105,0.4569055206233386,0.3614730064550374
1,0,1,0,0,0,1,0,81.93336486816406,63.18330764770508,195.0931396484375,189.25770568847656,0.9700889843155094,0.4199705075012373,0.3238622729715812
26,0,1,0,1,0,0,0,69.56634521484375,57.70325469970703,153.09866333007812,187.68556213378903,1.2259124805625647,0.454388978333925,0.3769024068831992
78,1,0,1,0,0,0,0,78.79778289794922,68.1843490600586,162.64956665039062,193.83755493164065,1.1917495934574944,0.4844635280665838,0.4192101489370604
27,0,1,0,0,0,1,0,72.56703186035156,64.33951568603516,159.19618225097656,197.63833618164065,1.241476606958194,0.4558339957295453,0.404152378381803
50,0,1,1,0,0,0,0,77.68502044677734,65.52301025390625,165.45126342773438,194.0945587158203,1.1731222518019435,0.4695341627337196,0.3960260495836305
12,0,1,1,0,0,0,0,83.42528533935547,74.65596771240234,176.39663696289062,198.23248291015625,1.12378833476207,0.4729414731240371,0.4232278403817192
62,0,1,1,0,0,0,0,75.45051574707031,63.9298095703125,161.04592895507812,197.362060546875,1.2255017051808048,0.4685030924818742,0.3969663187707463
24,0,1,0,0,1,0,0,71.36328125,58.66472244262695,157.75045776367188,194.6128692626953,1.2336754645380967,0.4523808188050415,0.371883056786519
2,0,1,0,0,0,0,1,87.81908416748047,73.18213653564453,187.83656311035156,193.59776306152344,1.0306713445762274,0.4675292323991676,0.3896053852553242
26,0,1,0,0,0,1,0,81.46092224121094,69.11226654052734,176.8792266845703,187.96878051757812,1.0626956259413316,0.4605454454325529,0.3907313924646201
64,0,1,1,0,0,0,0,75.99617767333984,63.32438278198242,156.51223754882812,194.48573303222656,1.242623171696409,0.4855606108731966,0.4045970064304186
23,1,0,0,0,0,1,0,69.10816192626953,57.72696304321289,148.1880645751953,182.77853393554688,1.2334227757107878,0.4663544403820853,0.3895520412436482
21,0,1,0,0,1,0,0,75.86000061035156,59.93859100341797,168.20481872558594,188.9515686035156,1.1233421850522398,0.4509977846360733,0.3563428887325961
3,0,1,1,0,0,0,0,82.55624389648438,71.76739501953125,178.52838134765625,182.4351348876953,1.0218830950605622,0.4624264403972774,0.4019943186499597
63,0,1,0,0,0,1,0,77.48036193847656,63.401248931884766,173.91705322265625,189.83056640625,1.0915005911652642,0.4455018096430302,0.3645487763107146
36,1,0,0,0,0,1,0,81.8957748413086,65.08185577392578,184.7454376220703,198.95411682128903,1.076909499807433,0.443289836520028,0.3522785548136907
53,0,1,1,0,0,0,0,82.38582611083984,72.88362121582031,166.78988647460938,195.67335510253903,1.1731727818660431,0.4939497702900681,0.4369786607350169
24,1,0,0,1,0,0,0,74.98625183105469,57.1865234375,167.71852111816406,190.1516571044922,1.1337546732273125,0.4470958325361337,0.3409672530871526
2,0,1,1,0,0,0,0,81.14253997802734,68.2527084350586,176.59974670410156,190.63302612304688,1.0794637573430867,0.4594714403185652,0.3864824820469202
31,1,0,0,0,0,0,1,72.2567367553711,57.02504348754883,161.17816162109375,181.1319122314453,1.1237993435938294,0.4483035172298099,0.353801302322869
61,0,1,1,0,0,0,0,75.77378845214844,67.97472381591797,166.0230255126953,196.9929351806641,1.1865398463395704,0.4564052981094133,0.4094294969387853
32,0,1,1,0,0,0,0,84.43656158447266,71.90080261230469,189.3347625732422,202.61903381347656,1.0701628747921843,0.4459643883505505,0.3797548935816295
28,1,0,1,0,0,0,0,65.56839752197266,57.34840774536133,153.50274658203125,194.81146240234375,1.2691073400321036,0.4271480412041563,0.3735985773695233
54,1,0,1,0,0,0,0,73.80231475830078,58.50300216674805,166.16403198242188,191.71617126464844,1.1537765963992117,0.4441533698827684,0.352079818169897
39,1,0,0,0,1,0,0,86.49419403076172,74.93270111083984,171.437744140625,202.0236053466797,1.1784079775394505,0.5045224694499786,0.4370840358782072
40,1,0,1,0,0,0,0,80.23976135253906,70.02265167236328,168.72113037109375,200.0530242919922,1.1857022523022782,0.4755762433315595,0.4150200482793822
60,1,0,1,0,0,0,0,78.66026306152344,62.00593185424805,171.806396484375,191.3426818847656,1.1137110480177457,0.4578424591349672,0.360905840079634
14,0,1,1,0,0,0,0,76.82955169677734,63.602596282958984,165.11993408203125,194.64845275878903,1.178830731982294,0.4652954358533632,0.3851902959903154
35,1,0,0,1,0,0,0,73.10327911376953,58.61447525024414,163.6133575439453,198.4868927001953,1.213146014969366,0.4468050788220915,0.358249938330987
85,1,0,1,0,0,0,0,83.16845703125,71.54456329345703,176.59254455566406,194.1407928466797,1.0993713994844454,0.470962447709871,0.4051392060376894
27,1,0,0,0,0,1,0,78.64213562011719,62.36608123779297,177.851318359375,186.11488342285156,1.0464633331914852,0.4421790985052417,0.3506641492067719
32,1,0,0,0,0,1,0,78.25173950195312,60.754878997802734,171.1918487548828,194.7134246826172,1.1373989246498133,0.4570996812704331,0.3548935269972651
26,1,0,0,0,0,0,1,77.14875030517578,64.9308090209961,160.7422332763672,201.54116821289065,1.253815902049694,0.4799532066506284,0.4039436786308631
22,1,0,1,0,0,0,0,76.941650390625,60.548919677734375,167.62815856933594,192.30227661132812,1.1471955443081852,0.4590019424379685,0.3612097167594283
9,1,0,1,0,0,0,0,79.87218475341797,67.41089630126953,178.8892822265625,190.14279174804688,1.0629076788805707,0.4464894920438005,0.3768302687686673
69,1,0,1,0,0,0,0,77.77021789550781,59.87984848022461,180.00721740722656,188.14822387695312,1.0452260003070284,0.4320394427272873,0.3326524866209096
39,1,0,1,0,0,0,0,79.4275131225586,71.9566421508789,164.59957885742188,206.84027099609375,1.2566269757911184,0.4825499170405512,0.4371617634162272
60,1,0,1,0,0,0,0,85.30084991455078,73.68156433105469,167.1712646484375,201.570556640625,1.2057727568462766,0.5102602417582899,0.4407549616018494
35,1,0,1,0,0,0,0,88.58670043945312,78.60426330566406,172.8928680419922,204.77490234375,1.184403409248867,0.5123791480972899,0.4546414447042007
3,1,0,1,0,0,0,0,74.42071533203125,62.210941314697266,169.21250915527344,182.3070373535156,1.0773851074226806,0.4398062277047203,0.3676497773436538
78,1,0,0,0,1,0,0,79.91789245605469,67.44088745117188,160.5790557861328,183.8766326904297,1.1450847795202244,0.4976856543638749,0.4199855773282974
49,1,0,1,0,0,0,0,86.27565002441406,76.93766021728516,181.82736206054688,203.46994018554688,1.1190281697965414,0.4744921173947684,0.4231357665061742
75,1,0,1,0,0,0,0,74.83187866210938,59.126014709472656,168.56201171875,189.1169891357422,1.1219431187810496,0.4439427240994742,0.3507671396810683
27,0,1,0,0,0,1,0,70.99758911132812,54.1261100769043,155.63211059570312,194.11277770996097,1.2472540336757487,0.4561885644265516,0.3477824073048243
25,0,1,1,0,0,0,0,82.83563995361328,70.62737274169922,174.62490844726562,199.4544982910156,1.142188133780744,0.4743632548768295,0.404451881290622
34,0,1,1,0,0,0,0,80.08352661132812,72.7348403930664,164.7049102783203,200.92901611328125,1.2199333691615448,0.4862242812069296,0.4416069944129668
32,1,0,0,0,0,1,0,75.09762573242188,63.996395111083984,163.64308166503906,198.03875732421875,1.2101871665408024,0.4589110946110094,0.3910730258800562
22,0,1,0,0,0,1,0,70.87846374511719,58.38621520996094,156.6260528564453,177.61912536621094,1.1340330815142656,0.4525330393793453,0.3727746064281814
9,1,0,1,0,0,0,0,77.74006652832031,64.29296875,176.83583068847656,192.506591796875,1.088617567194314,0.4396171648339265,0.3635743304944908
25,1,0,0,0,1,0,0,65.6660385131836,56.03423309326172,143.0019073486328,189.61834716796875,1.325984741627865,0.4591969417099624,0.3918425574328358
4,0,1,0,0,0,0,1,79.84635925292969,69.02337646484375,178.30445861816406,198.38995361328125,1.1126471830865987,0.4478091006345461,0.3871096494151956
65,0,1,1,0,0,0,0,77.47783660888672,63.40894317626953,159.61949157714844,188.68634033203125,1.1821008729427884,0.4853908244121901,0.3972506274123938
12,0,1,0,1,0,0,0,67.60865020751953,57.95135498046875,161.27130126953125,186.04849243164065,1.1536367039086484,0.4192230711558891,0.3593407787019414
69,0,1,1,0,0,0,0,84.51697540283203,73.24970245361328,170.77947998046875,196.70767211914065,1.1518226436901975,0.4948895231001865,0.4289139565361746
60,1,0,1,0,0,0,0,79.21821594238281,67.4872817993164,171.20889282226562,197.250244140625,1.1521027961169823,0.462699189490235,0.3941809370227977
26,1,0,0,0,1,0,0,75.41529846191406,57.637454986572266,167.58497619628906,187.18321228027344,1.116945065893194,0.4500122873400153,0.3439297262486264
30,0,1,1,0,0,0,0,76.7271499633789,67.0865707397461,164.96337890625,197.55288696289065,1.1975560168124435,0.4651162607852713,0.4066755372286108
35,1,0,1,0,0,0,0,75.53328704833984,57.84540557861328,163.5562744140625,204.64434814453125,1.2512167379555816,0.4618183393999192,0.3536728002997343
21,0,1,0,1,0,0,0,84.99608612060547,77.6306381225586,171.0469512939453,189.7864227294922,1.1095574711725962,0.4969166973022462,0.4538557251988071
26,1,0,0,0,1,0,0,77.19265747070312,68.40555572509766,164.093505859375,195.36285400390625,1.1905581088097934,0.4704187229496806,0.4168693658341355
21,0,1,0,0,1,0,0,77.38117980957031,70.2567367553711,160.18321228027344,200.2312469482422,1.2500139315342016,0.4830792110360232,0.4386023713424007
21,1,0,0,0,0,0,1,80.41648864746094,64.33426666259766,177.9152069091797,193.461669921875,1.0873813053014143,0.4519933402236443,0.361600718568359
40,0,1,0,0,1,0,0,78.349365234375,71.11788940429688,171.7388916015625,190.5378875732422,1.109462660416452,0.4562121282123272,0.4141047420364848
83,1,0,1,0,0,0,0,75.6088638305664,63.46299362182617,163.28187561035156,203.56137084960935,1.246686872555157,0.4630572961508352,0.388671390407539
24,0,1,0,1,0,0,0,53.47203826904297,42.790794372558594,138.3758544921875,188.5821075439453,1.362825243146682,0.3864260745870366,0.3092359901197539
73,1,0,1,0,0,0,0,79.39258575439453,67.2439956665039,172.73768615722656,205.54737854003903,1.1899393995178849,0.4596135766351013,0.389283874077705
29,0,1,0,1,0,0,0,80.63569641113281,75.78160858154297,167.54229736328125,201.4441680908203,1.2023481309560282,0.481285607754863,0.4523132950554333
53,0,1,1,0,0,0,0,74.27442932128906,59.8787956237793,158.9793701171875,189.21156311035156,1.190164251945892,0.4671953931289299,0.3766450677194229
26,1,0,0,1,0,0,0,74.44175720214844,63.216670989990234,158.64720153808594,200.6394195556641,1.2646893081659385,0.4692283033071808,0.3984732814515735
81,0,1,1,0,0,0,0,80.84685516357422,70.32115173339844,166.16578674316406,193.89320373535156,1.1668659808715298,0.4865433296959983,0.4231987409182558
26,1,0,1,0,0,0,0,75.7605209350586,64.28106689453125,164.4772491455078,194.16452026367188,1.18049469621115,0.4606139835670261,0.3908204157625705
26,0,1,0,0,0,0,1,89.59539794921875,77.91291046142578,193.1099853515625,209.3988342285156,1.084350111918339,0.4639604616307523,0.4034639136841267
18,1,0,0,0,1,0,0,80.48297882080078,60.659549713134766,181.57472229003903,194.6994171142578,1.0722826099287874,0.4432499072874307,0.3340748588134422
47,1,0,0,0,0,1,0,77.07441711425781,66.91055297851562,171.2728271484375,186.47938537597656,1.0887855854353357,0.4500096039604666,0.3906664827837872
34,1,0,1,0,0,0,0,87.49210357666016,76.40953063964844,171.8516082763672,202.80465698242188,1.1801149783613127,0.5091142553403264,0.4446250541732996
30,0,1,0,1,0,0,0,84.5484619140625,73.2213363647461,166.16131591796875,198.84507751464844,1.1966989814453273,0.508833608153433,0.4406641579613772
1,1,0,1,0,0,0,0,83.63845825195312,67.10073852539062,193.89463806152344,190.19635009765625,0.9809263010011978,0.4313603464651475,0.3460680460080558
28,0,1,0,0,0,1,0,84.98560333251953,75.21318817138672,187.0657958984375,191.8876953125,1.025776488913454,0.4543086186566156,0.4020680948655186
13,0,1,1,0,0,0,0,78.43988037109375,66.53809356689453,163.05728149414062,189.1426544189453,1.159976743668096,0.4810572067210162,0.4080657604320819
16,0,1,0,0,0,0,1,83.09580993652344,75.34758758544922,169.44784545898438,201.9123382568359,1.1915898824792654,0.4903916583385367,0.4446653622614956
31,0,1,0,0,0,0,1,72.92843627929688,63.47416687011719,149.8459014892578,200.84410095214844,1.3403376332354782,0.4866895627740942,0.4235962828430615
26,1,0,1,0,0,0,0,77.44200897216797,58.45912170410156,160.92095947265625,182.5582733154297,1.1344592644344136,0.4812425256843372,0.3632784809118352
22,0,1,0,0,1,0,0,74.4358139038086,62.71793746948242,162.27572631835938,191.20518493652344,1.178273481034428,0.4586996194229152,0.3864899507301524
36,0,1,1,0,0,0,0,86.66228485107422,72.54854583740234,182.0054626464844,201.7344512939453,1.1083977830147946,0.4761521087935773,0.3986064197332138
30,1,0,0,1,0,0,0,75.50527954101562,69.91434478759766,155.76817321777344,201.56643676757812,1.294015539912482,0.4847285423027631,0.4488358779803697
26,0,1,0,0,0,1,0,84.2821273803711,73.74180603027344,183.3970489501953,194.7895965576172,1.0621195797458862,0.4595609791041915,0.4020882912368961
14,1,0,0,1,0,0,0,76.55912017822266,65.4495620727539,158.6125030517578,179.30099487304688,1.130434180302533,0.4826802345666292,0.4126381011173921
14,0,1,0,1,0,0,0,81.34778594970703,65.5439682006836,185.97267150878903,197.7634124755859,1.0634003957201832,0.4374179565725201,0.3524387087034236
28,0,1,1,0,0,0,0,77.83660125732422,64.4037857055664,159.7469024658203,193.39157104492188,1.2106123377653613,0.4872495181806624,0.4031614053946764
56,0,1,1,0,0,0,0,78.98674774169922,66.27708435058594,161.68414306640625,190.14010620117188,1.1759972412574702,0.4885250108247047,0.4099170338761351
26,1,0,0,0,1,0,0,72.73516845703125,62.72303009033203,159.84458923339844,196.26890563964844,1.2278733148299736,0.455036787956747,0.3924000830503337
32,1,0,0,0,1,0,0,82.64482116699219,70.57135772705078,183.7188415527344,192.2589569091797,1.0464847006668825,0.449844014193122,0.3841269470817672
26,1,0,0,0,0,0,1,70.81761932373047,60.86808395385742,161.80325317382812,197.3887176513672,1.2199304635692891,0.4376773515650506,0.3761857858844516
2,0,1,0,0,0,1,0,86.11622619628906,70.41341400146484,187.2108917236328,197.13914489746097,1.0530324549091117,0.4599958122277245,0.3761181486460283
27,1,0,0,0,0,1,0,81.59319305419922,74.0633316040039,173.13525390625,198.22120666503903,1.1448922284329954,0.4712685095225069,0.4277773008847061
30,0,1,0,0,0,0,1,66.99873352050781,54.78840255737305,153.8972625732422,182.2713623046875,1.184370399167702,0.4353471426343404,0.3560063489192887
32,1,0,1,0,0,0,0,75.58097839355469,59.45629119873047,158.9871826171875,201.3424835205078,1.266407016000178,0.4753903877618868,0.3739690849286292
28,1,0,0,0,0,1,0,78.3502426147461,61.99517822265625,174.12667846679688,186.88233947753903,1.073255064204159,0.4499611622103399,0.3560349210616667
18,1,0,0,0,0,0,1,81.86708068847656,69.6451416015625,164.0347900390625,195.73953247070312,1.1932805987320776,0.4990836435915887,0.4245754305228636
8,0,1,0,0,0,1,0,76.3146743774414,63.186798095703125,167.06161499023438,182.2260284423828,1.0907713806851136,0.4568055587269547,0.3782245137483959
29,0,1,0,0,0,0,1,80.27670288085938,67.82489013671875,175.48208618164062,192.0914001464844,1.0946496267867,0.4574638051531104,0.386506062314039
26,0,1,0,0,0,0,1,68.4335708618164,52.485801696777344,147.36920166015625,188.3310546875,1.2779539589405164,0.4643681996705732,0.356151767842329
60,1,0,0,1,0,0,0,82.89839935302734,74.35192108154297,165.3859100341797,188.0746154785156,1.137186447380233,0.5012422118419583,0.4495662361211843
2,1,0,0,0,1,0,0,83.21688079833984,65.77651977539062,187.70457458496097,196.1117706298828,1.0447895106632925,0.4433396521227205,0.3504257683694231
5,0,1,0,0,1,0,0,77.599365234375,61.51765441894531,178.82374572753906,200.5267333984375,1.1213652447699296,0.4339432938207636,0.34401278291461
26,1,0,0,1,0,0,0,79.28302764892578,66.43202209472656,165.04263305664062,194.9412384033203,1.1811568610664305,0.480379076488175,0.4025143132073511
16,1,0,1,0,0,0,0,65.91595458984375,54.48399353027344,150.3821563720703,182.61830139160156,1.2143615027023134,0.4383229778056698,0.3623035793918996
18,0,1,0,1,0,0,0,62.12003707885742,45.92386245727539,150.15301513671875,199.5140380859375,1.3287381402516232,0.4137115529934267,0.3058470881551087
3,0,1,0,0,1,0,0,82.9380111694336,67.06383514404297,194.916015625,190.48426818847656,0.9772632976191667,0.4255063951696944,0.3440652884731004
5,1,0,1,0,0,0,0,85.70494842529297,71.15143585205078,186.3310546875,196.29421997070312,1.053470235006787,0.459960625291531,0.3818549515075758
96,0,1,0,0,1,0,0,77.67816162109375,64.17387390136719,167.1400146484375,198.26119995117188,1.186198292301187,0.4647490416013309,0.3839527837564845
1,1,0,0,0,0,1,0,76.39523315429688,55.51749420166016,180.61700439453125,183.69830322265625,1.017059849035002,0.4229681109505212,0.3073768961442322
16,0,1,0,0,0,1,0,73.97599029541016,61.41501235961914,160.96128845214844,187.8984375,1.167351723553453,0.4595887061217343,0.3815514460042172
61,0,1,1,0,0,0,0,77.53695678710938,68.0796890258789,159.90176391601562,198.26611328125,1.2399244912981966,0.4849036989225066,0.4257594623010916
24,0,1,0,1,0,0,0,84.88372802734375,71.65144348144531,176.0782928466797,202.41146850585935,1.1495537878829236,0.4820794582626737,0.4069294535007552
50,1,0,1,0,0,0,0,79.6203842163086,66.46734619140625,165.79222106933594,201.40182495117188,1.2147845275982136,0.4802419781987875,0.4009075079801781
25,1,0,0,0,0,0,1,75.88009643554688,63.92067337036133,161.3614959716797,198.20681762695312,1.228340233420618,0.470249088722284,0.3961333711332222
18,0,1,1,0,0,0,0,77.10700225830078,63.287296295166016,167.8940887451172,202.08639526367188,1.2036540224502044,0.459259779987598,0.3769477339446031
60,1,0,0,0,1,0,0,72.91040802001953,62.70899200439453,161.957275390625,192.63137817382812,1.1893962633615576,0.4501829747639728,0.3871946589194379
37,0,1,1,0,0,0,0,76.91731262207031,66.1110610961914,163.81787109375,189.05242919921875,1.1540403250084204,0.4695294360042802,0.4035644014587227
1,1,0,1,0,0,0,0,83.0363998413086,67.34426879882812,185.87648010253903,189.41258239746097,1.0190239361804745,0.4467289233984926,0.362306563808813
69,0,1,0,0,1,0,0,79.01795196533203,74.73527526855469,163.41664123535156,184.53379821777344,1.129222806335917,0.4835367522425755,0.4573296495607289
54,1,0,0,0,0,1,0,77.51536560058594,61.4559326171875,176.2215576171875,199.1577911376953,1.130155662171214,0.4398744776105962,0.3487424208943293
21,0,1,0,0,0,1,0,70.54435729980469,58.58339309692383,160.45494079589844,188.0125274658203,1.1717465759123966,0.4396521350472989,0.3651080658927353
22,0,1,0,0,0,1,0,77.85501098632812,73.49002075195312,157.2145233154297,199.78659057617188,1.2707896596507633,0.4952151324475447,0.4674505840946089
1,1,0,0,0,0,1,0,81.66793060302734,56.38883209228515,196.04396057128903,191.16879272460935,0.9751322722083708,0.4165796812359837,0.2876336099717799
36,1,0,0,0,0,1,0,91.23332214355467,78.63823699951172,173.4585418701172,201.29931640625,1.1605039119778806,0.5259661539866318,0.4533546526546654
40,1,0,0,0,0,0,1,77.20278930664062,63.73210906982422,168.11734008789062,196.50880432128903,1.1688788569849815,0.4592196692279304,0.3790930134661034
27,0,1,0,0,0,1,0,77.37940216064453,73.53783416748047,160.44654846191406,200.86306762695312,1.2519002094621745,0.4822752680093485,0.4583322911738203
36,0,1,0,1,0,0,0,68.44882202148438,57.56826400756836,159.47824096679688,201.14535522460935,1.261271468792332,0.4292047718016611,0.360978799732021
70,1,0,1,0,0,0,0,78.28297424316406,71.35838317871094,166.34432983398438,195.0015563964844,1.1722765458317734,0.4706080112336401,0.4289799553127438
4,0,1,0,0,0,1,0,74.63185119628906,54.586692810058594,171.48045349121094,182.17190551757812,1.0623479341738222,0.4352207477694491,0.3183260348262164
68,0,1,1,0,0,0,0,90.1161117553711,77.25028991699219,170.93545532226562,201.21109008789065,1.1771173494027098,0.5271937971293004,0.4519266630281691
44,0,1,1,0,0,0,0,79.06375885009766,71.37629699707031,160.1437530517578,190.587890625,1.190105058693128,0.4937049203820305,0.4457014128674865
35,1,0,1,0,0,0,0,82.3210678100586,75.16998291015625,167.1494140625,198.00865173339844,1.1846206751245902,0.4924998886282506,0.4497172983331483
38,1,0,0,1,0,0,0,77.50078582763672,66.80264282226562,159.56553649902344,200.4841766357422,1.256437831341915,0.4856987763652274,0.4186533275791321
27,1,0,1,0,0,0,0,82.89208221435547,70.1856689453125,178.58132934570312,205.29920959472656,1.149611834265732,0.4641699248071475,0.3930179554741972
32,1,0,1,0,0,0,0,81.81317901611328,69.99860382080078,161.98329162597656,199.73590087890625,1.2330648357245475,0.5050717156990607,0.4321347166004584
35,1,0,0,0,0,0,1,84.2052993774414,71.06014251708984,180.05262756347656,192.5993194580078,1.0696834701293545,0.4676704834410444,0.3946631797530307
34,1,0,1,0,0,0,0,77.68682098388672,66.15704345703125,164.17727661132812,197.152099609375,1.2008488852943466,0.4731886323574597,0.4029610237332104
27,1,0,0,0,1,0,0,86.83280944824219,75.26691436767578,190.6597442626953,200.7890625,1.0531277238227503,0.4554333678776049,0.3947708765620252
27,1,0,1,0,0,0,0,63.68539047241211,49.49504852294922,145.68106079101562,198.6725616455078,1.3637501029080936,0.437156279111469,0.3397493693016934
59,1,0,1,0,0,0,0,71.9142837524414,61.56331634521485,156.3197021484375,197.16619873046875,1.2613010133760645,0.4600461922845356,0.3938295397131436
53,1,0,1,0,0,0,0,82.37633514404297,72.8821029663086,165.142578125,204.16900634765625,1.2363196013151514,0.4988194811981833,0.4413283587660994
35,1,0,0,0,0,0,1,70.96805572509766,60.92682266235352,158.01705932617188,200.88601684570312,1.271293224303352,0.4491164183647318,0.3855711713796106
2,0,1,0,0,0,0,1,82.57893371582031,58.17219924926758,189.63482666015625,189.30320739746097,0.9982512744703294,0.4354629113765567,0.3067590498738806
24,1,0,0,1,0,0,0,76.3094482421875,57.493385314941406,169.81593322753906,188.3123321533203,1.1089202795888278,0.4493656560479472,0.3385629618035023
83,0,1,1,0,0,0,0,70.64704895019531,59.703346252441406,157.4298553466797,195.12242126464844,1.2394245096329737,0.4487525494743161,0.3792377635167572
35,1,0,0,1,0,0,0,79.52459716796875,62.45323181152344,180.79017639160156,189.8905334472656,1.0503365682654802,0.4398723357386081,0.345445936599156
1,0,1,0,0,0,1,0,79.3819351196289,63.8261604309082,188.14990234375,183.89178466796875,0.9773684832001578,0.4219079262374426,0.3392303670415824
55,1,0,0,0,0,1,0,82.14510345458984,65.96414947509766,181.18380737304688,189.30943298339844,1.044847416158009,0.4533799385585152,0.3640730947842449
26,0,1,1,0,0,0,0,72.54991912841797,53.97397232055664,162.21530151367188,182.72003173828125,1.1264044145852738,0.4472446091795063,0.332730462643856
47,1,0,1,0,0,0,0,77.12420654296875,66.81369018554688,164.22683715820312,200.2284240722656,1.2192186583937032,0.4696199955959293,0.406837830781481
30,0,1,0,0,0,1,0,86.88013458251953,74.2917709350586,164.79856872558594,206.69090270996097,1.254203263464818,0.5271898612614035,0.4508034961078176
32,1,0,0,0,0,1,0,81.63260650634766,72.6806869506836,158.00132751464844,206.3331298828125,1.3058949132163664,0.5166577255420808,0.4600004828690145
35,1,0,0,0,0,1,0,69.92082214355469,59.60907745361328,159.54348754882812,187.30076599121097,1.1739793887474583,0.4382555704265615,0.3736227555848682
60,0,1,1,0,0,0,0,77.72555541992188,64.44512939453125,166.38926696777344,196.83712768554688,1.1829917354204742,0.4671308242194245,0.3873154234582516
26,0,1,1,0,0,0,0,91.70115661621094,77.16114807128906,174.73110961914062,200.84347534179688,1.1494431402603296,0.5248129930387948,0.4415993708245562
4,1,0,1,0,0,0,0,84.95783233642578,72.73865509033203,187.8120574951172,194.8863983154297,1.037667128056975,0.4523555807306703,0.3872949163140025
26,0,1,0,0,0,1,0,71.51890563964844,61.86690139770508,155.31263732910156,193.8813018798828,1.2483292101276713,0.4604834923258858,0.3983378459192053
14,0,1,1,0,0,0,0,77.21265411376953,68.92044830322266,164.6470947265625,199.11268615722656,1.2093300916600005,0.468958497214909,0.4185949859466529
24,0,1,1,0,0,0,0,69.94416046142578,60.33650207519531,140.45794677734375,201.1405029296875,1.4320336267519185,0.4979722548009506,0.4295698709795447
3,0,1,1,0,0,0,0,80.8295669555664,65.30307006835938,169.2620086669922,196.53152465820312,1.1611083089818537,0.4775411067854649,0.3858105583328938
6,0,1,0,0,0,1,0,75.68663787841797,62.89871597290039,163.876953125,196.69796752929688,1.2002784026577678,0.4618504093170848,0.3838167281821703
1,1,0,1,0,0,0,0,77.36944580078125,64.29664611816406,164.45399475097656,197.3226776123047,1.1998655180805995,0.470462550441158,0.3909704122148255
23,0,1,0,0,1,0,0,63.52938461303711,54.77829360961914,147.1944122314453,192.6654815673828,1.308918447695146,0.4316018770681653,0.3721492737338897
28,0,1,0,0,1,0,0,73.86531066894531,60.23824691772461,158.00656127929688,198.8005218505859,1.258178902451908,0.467482553071824,0.3812388955876697
56,1,0,0,0,1,0,0,80.72627258300781,72.59786987304688,165.32240295410156,187.27670288085935,1.132796883752367,0.4882960272808267,0.4391290507264294
1,1,0,0,0,0,0,1,66.3860092163086,51.53997039794922,152.8815460205078,156.48797607421875,1.0235897016192337,0.434231671148874,0.3371235557170225
11,0,1,0,0,0,0,1,72.95162963867188,62.7319450378418,160.0935516357422,193.03607177734375,1.2057704373787337,0.4556812494525534,0.3918455452882612
13,1,0,1,0,0,0,0,81.27603149414062,64.3798828125,181.80877685546875,194.76223754882812,1.0712477192652634,0.4470412974548091,0.3541076725007595
32,0,1,0,1,0,0,0,81.41289520263672,72.17998504638672,163.9445037841797,201.36422729492188,1.228246282412751,0.4965881339322636,0.4402708439766063
30,0,1,0,0,1,0,0,78.12628936767578,62.85555267333984,163.36138916015625,201.491455078125,1.2334092903714646,0.4782420728014397,0.3847638233029318
23,0,1,0,1,0,0,0,80.35612487792969,69.2706069946289,158.91168212890625,190.575439453125,1.199253805006819,0.5056653091919716,0.4359063227235733
26,0,1,0,1,0,0,0,78.21188354492188,69.65473937988281,160.91082763671875,197.47854614257812,1.2272545548545477,0.4860573069793499,0.4328778889705249
70,1,0,0,1,0,0,0,73.84513854980469,58.875205993652344,156.62945556640625,190.452392578125,1.215942377437294,0.4714639292000637,0.3758884673431747
26,1,0,1,0,0,0,0,84.32510375976562,72.25238037109375,169.2390899658203,200.5462951660156,1.184988026149976,0.4982602055872316,0.4269248929764743
25,0,1,0,1,0,0,0,71.08988189697266,63.26851272583008,160.1431427001953,186.5757598876953,1.1650561912412611,0.4439146172500207,0.3950747541171672
33,0,1,0,1,0,0,0,76.82890319824219,66.67862701416016,160.10687255859375,190.92117309570312,1.19246082347797,0.4798601207460684,0.4164632407628724
36,1,0,0,1,0,0,0,73.34001922607422,63.05440139770508,151.55056762695312,192.7809600830078,1.2720569978830083,0.4839310097907595,0.4160617963036313
24,0,1,1,0,0,0,0,70.45003509521484,59.30592346191406,164.59442138671875,192.55352783203125,1.169866671116525,0.4280220101123033,0.3603155135043933
49,0,1,0,1,0,0,0,72.99420928955078,63.75270462036133,160.45941162109375,195.07911682128903,1.2157536591368394,0.4549076215106541,0.3973135883790097
18,0,1,1,0,0,0,0,74.9164047241211,67.10610961914062,159.0703887939453,188.68316650390625,1.1861614718772102,0.4709638625524792,0.4218642459349724
76,1,0,1,0,0,0,0,77.2604751586914,67.50241088867188,160.81146240234375,195.1907196044922,1.213786111316698,0.4804413441959058,0.419761190404348
76,1,0,1,0,0,0,0,73.71155548095703,57.90706634521485,161.46243286132812,186.36705017089844,1.1542440360164747,0.4565244941172424,0.3586411112419462
21,0,1,0,1,0,0,0,79.18693542480469,65.83012390136719,164.71568298339844,186.7229461669922,1.133607576309609,0.4807492158034877,0.3996591138683628
37,1,0,0,0,0,1,0,81.6900634765625,68.13578796386719,171.3355712890625,199.2510681152344,1.1629287871522913,0.4767840260020619,0.3976745018634478
24,0,1,0,0,1,0,0,82.81005859375,74.58283233642578,168.57308959960938,194.0380859375,1.151062049099144,0.4912412698280514,0.4424361712392712
53,1,0,1,0,0,0,0,69.25209045410156,56.30681228637695,153.05885314941406,191.42034912109375,1.2506323233340295,0.4524540007267568,0.3678768730313886
45,1,0,1,0,0,0,0,71.59415435791016,57.1612663269043,158.45285034179688,192.09877014160156,1.2123402622750392,0.4518325432674465,0.3607462169572991
24,0,1,0,1,0,0,0,77.3714370727539,66.83036804199219,156.21359252929688,188.93833923339844,1.209487191058385,0.4952926043119031,0.4278140394822465
26,0,1,0,1,0,0,0,76.3934097290039,62.86927032470703,171.13589477539062,188.56707763671875,1.101855796437129,0.4463903369264955,0.3673646046448675
68,1,0,1,0,0,0,0,78.14642333984375,67.87895965576172,163.49185180664062,193.5867462158203,1.1840758060822043,0.4779835965908953,0.4151825238118971
80,1,0,1,0,0,0,0,75.32144927978516,65.80830383300781,157.1617431640625,197.0663299560547,1.253907763992764,0.4792607142385564,0.4187297907755449
3,0,1,0,0,0,0,1,74.5080795288086,56.86604309082031,160.30686950683594,172.48292541503906,1.075954673344076,0.4647840716871547,0.3547324158082657
58,1,0,1,0,0,0,0,77.3577880859375,63.375526428222656,164.5448760986328,193.66368103027344,1.1769657349535818,0.4701318565493773,0.3851564869770456
36,0,1,0,0,0,1,0,81.21595001220703,64.45687866210938,180.8455352783203,194.1809539794922,1.0737392752364538,0.4490901580026077,0.3564195188059831
18,0,1,0,0,0,1,0,76.56378173828125,63.43313217163086,167.6743927001953,194.85366821289065,1.162095565548237,0.4566217924234776,0.3783113876252433
29,1,0,0,1,0,0,0,78.97706604003906,68.17900085449219,168.36990356445312,206.61154174804688,1.227128705154568,0.4690687846703322,0.4049357955971793
4,0,1,1,0,0,0,0,76.70336151123047,55.91939926147461,169.63938903808594,198.5216064453125,1.1702565516829475,0.4521553746813466,0.3296368819680202
17,0,1,0,0,0,1,0,78.15196990966797,62.29604721069336,159.4945068359375,191.5747833251953,1.20113718726537,0.4899978780464097,0.3905842805907641
85,0,1,1,0,0,0,0,77.04103088378906,65.7164535522461,167.83485412597656,200.81727600097656,1.196517118251513,0.4590287952105716,0.3915542685961966
65,1,0,1,0,0,0,0,82.05565643310547,71.20619201660156,180.23985290527344,205.55499267578125,1.1404525101549678,0.4552581191698514,0.3950635271214107
35,1,0,0,0,0,1,0,83.60932922363281,62.56505584716797,186.0011444091797,203.58164978027344,1.0945182645350762,0.4495097569921535,0.3363691984041373
26,0,1,0,1,0,0,0,90.74740600585938,80.80650329589844,172.76954650878906,205.15853881835935,1.1874693368366434,0.5252511674633753,0.4677126549717932
68,1,0,1,0,0,0,0,83.22172546386719,74.64417266845703,175.82933044433594,199.7844085693359,1.1362405126861566,0.4733096876019415,0.4245262862562505
72,1,0,1,0,0,0,0,80.39987182617188,58.96608352661133,181.64773559570312,196.3788146972656,1.0810969597460314,0.442614225619192,0.324617773699383
26,1,0,0,0,0,1,0,75.0296401977539,59.16964340209961,166.05023193359375,184.87400817871097,1.1133619388899447,0.4518490538920747,0.3563358070211099
26,1,0,0,1,0,0,0,82.08566284179688,69.19564819335938,167.78753662109375,200.2782287597656,1.1936418687166497,0.4892238392364437,0.4124004058157219
54,1,0,0,0,0,1,0,79.67253112792969,69.76872253417969,163.62384033203125,193.927734375,1.1852046375483856,0.4869249552281341,0.4263970482088829
13,0,1,1,0,0,0,0,76.91608428955078,65.80023193359375,159.2979736328125,202.5901031494141,1.271768237406406,0.4828440848020144,0.4130638352328676
26,0,1,0,1,0,0,0,81.48796081542969,68.8157730102539,169.6761016845703,197.18624877929688,1.1621333046999642,0.4802559700889208,0.4055713935376896
58,1,0,0,0,0,1,0,75.5881118774414,57.190208435058594,165.6343231201172,207.3106231689453,1.2516163272427825,0.4563553643566091,0.3452799356905304
58,1,0,0,0,1,0,0,68.40763854980469,54.03505325317383,158.4436798095703,193.16189575195312,1.2191202324012531,0.4317473479031931,0.3410363437539274
45,1,0,0,1,0,0,0,83.14725494384766,67.94866180419922,189.62619018554688,197.24281311035156,1.0401665134829314,0.4384798052552187,0.3583295205040627
76,1,0,0,0,1,0,0,85.05156707763672,74.23217010498047,165.2392120361328,193.4869384765625,1.1709505031666017,0.5147178204834244,0.4492406444588234
32,1,0,0,1,0,0,0,79.69618225097656,65.67192077636719,159.49391174316406,198.58953857421875,1.2451230044066577,0.4996816579388483,0.411751897352169
34,1,0,0,0,1,0,0,75.47724914550781,57.14273834228515,156.70263671875,189.59820556640625,1.2099235184325408,0.4816590883596581,0.3646571591826178
9,1,0,1,0,0,0,0,76.61985778808594,64.84945678710938,168.37078857421875,189.1854553222656,1.1236239785078377,0.4550662168711735,0.385158597499372
26,1,0,0,0,0,0,1,72.59713745117188,57.417449951171875,162.0216064453125,193.5681915283203,1.194706038133598,0.448070717504432,0.354381438444459
26,0,1,0,0,1,0,0,76.17478942871094,63.69149017333984,154.45236206054688,188.92921447753903,1.22321997512396,0.4931927774523102,0.4123698033725902
15,0,1,1,0,0,0,0,85.6117935180664,71.64788818359375,168.220703125,198.01937866210935,1.1771403577772874,0.5089254290802169,0.4259159951932566
14,0,1,1,0,0,0,0,75.48255157470703,67.1951675415039,165.3873291015625,187.6479949951172,1.1345971666298853,0.4563986369739005,0.4062896952658332
35,1,0,1,0,0,0,0,71.97773742675781,58.378665924072266,157.52345275878906,186.42295837402344,1.183461605932974,0.4569334671515559,0.3706030111812351
37,0,1,1,0,0,0,0,76.35928344726562,60.20540618896485,176.1488494873047,183.54042053222656,1.0419620739302904,0.4334929445722491,0.3417871099595456
26,1,0,0,0,0,1,0,71.65686798095703,67.07588195800781,148.7744903564453,197.3608856201172,1.3265774606067535,0.4816475446111495,0.4508560694599072
25,0,1,0,0,1,0,0,70.84937286376953,65.24746704101562,155.55007934570312,194.86024475097656,1.2527171028817563,0.4554762888054203,0.4194627692603488
49,1,0,1,0,0,0,0,82.48250579833984,71.36394500732422,166.3690185546875,204.13487243652344,1.2270005209498898,0.4957804434677653,0.4289497265013078
8,1,0,1,0,0,0,0,76.87089538574219,60.17489242553711,172.10671997070312,193.61183166503903,1.1249521906988675,0.4466466817729577,0.3496370881728522
55,1,0,1,0,0,0,0,70.049560546875,55.99193572998047,154.82412719726562,192.0540313720703,1.2404657778394517,0.4524460225609601,0.3616486444560389
24,0,1,0,0,0,1,0,79.03852081298828,66.9588394165039,160.904052734375,201.9334716796875,1.254993073499802,0.4912152271482392,0.416141410229371
12,0,1,0,0,0,0,1,77.0341567993164,63.09131622314453,170.16603088378906,183.8733673095703,1.0805527187452728,0.4526999683733888,0.3707632827507817
26,0,1,0,0,1,0,0,65.73694610595703,50.629276275634766,150.13706970214844,181.9893035888672,1.2121543596788538,0.4378462043809047,0.3372203572114227
12,1,0,1,0,0,0,0,73.67173767089844,58.51551818847656,161.5450439453125,189.48399353027344,1.1729483548527744,0.4560445549529726,0.3622241621246251
27,0,1,1,0,0,0,0,71.23834228515625,59.29265594482422,146.17135620117188,194.9983673095703,1.3340395298870942,0.4873618480156451,0.4056379956085326
47,1,0,0,0,0,1,0,89.26226806640625,74.62177276611328,168.75765991210938,204.6694793701172,1.2128011224895572,0.528937578969126,0.4421830262696047
23,0,1,1,0,0,0,0,74.58059692382812,62.0064811706543,165.7244110107422,187.73570251464844,1.1328186437330556,0.4500278291469917,0.3741541803798299
25,0,1,1,0,0,0,0,65.73664093017578,50.68693542480469,158.93873596191406,179.342529296875,1.1283752082931515,0.413597355813425,0.3189086355698124
60,1,0,1,0,0,0,0,82.07720184326172,64.41735076904297,184.73231506347656,195.818115234375,1.0600100754818624,0.4443034334034024,0.3487064553210859
4,1,0,0,0,1,0,0,83.323486328125,71.2160415649414,184.7857208251953,189.92323303222656,1.027802538984553,0.4509195080443897,0.3853979693177201
1,0,1,1,0,0,0,0,78.06411743164062,64.89164733886719,163.19200134277344,189.5978851318359,1.1618086889785657,0.4783574978510888,0.3976398769849436
26,0,1,0,0,0,0,1,81.12590789794922,71.90174102783203,168.3231964111328,196.1525115966797,1.1653326206898615,0.4819651101432125,0.4271647791918743
28,1,0,0,0,1,0,0,82.72222900390625,69.60257720947266,164.18357849121094,197.1848602294922,1.2010023294750387,0.5038398466161738,0.4239314178013157
17,1,0,0,1,0,0,0,90.07289123535156,80.45413970947266,185.70066833496097,185.333251953125,0.9980214590225748,0.485043441377825,0.4332463659438857
79,0,1,1,0,0,0,0,81.67534637451172,65.5152587890625,170.95082092285156,190.6686553955078,1.1153421455727008,0.4777710100109493,0.3832403871206263
35,1,0,0,1,0,0,0,78.48489379882812,65.40876007080078,170.56539916992188,201.3204040527344,1.1803120974856898,0.4601454584621782,0.3834819980436876
3,0,1,0,0,0,0,1,80.7482681274414,61.05863571166992,185.66574096679688,186.69190979003903,1.005526969153807,0.4349120505860144,0.3288632323536156
17,1,0,1,0,0,0,0,82.50703430175781,70.81868743896484,174.39743041992188,202.32765197753903,1.160152712630946,0.4730977635570301,0.406076438560158
12,0,1,0,0,0,0,1,86.10746002197266,73.13899993896484,187.48196411132812,188.73043823242188,1.0066591692006832,0.4592839659544074,0.3901121917814685
22,0,1,1,0,0,0,0,71.24600982666016,54.887107849121094,161.24630737304688,182.9215850830078,1.1344234051810855,0.4418458381303017,0.3403929599586958
26,0,1,1,0,0,0,0,73.53955078125,64.56641387939453,162.7967529296875,193.25015258789065,1.187063925478637,0.4517261521365355,0.3966075042496763
1,0,1,1,0,0,0,0,82.95386505126953,64.06656646728516,189.1461181640625,197.91860961914065,1.046379442201764,0.4385702749623262,0.3387146777800366
10,1,0,1,0,0,0,0,72.30060577392578,58.33938217163086,159.0707244873047,179.73533630371094,1.1299083277769033,0.45451861747003,0.3667512193690102
46,1,0,1,0,0,0,0,71.07501220703125,54.73036575317383,158.9658660888672,180.7420654296875,1.136986636669829,0.4471086400856519,0.3442900485477664
25,1,0,0,0,0,1,0,81.89070129394531,70.81202697753906,168.75057983398438,196.52923583984375,1.1646136921910897,0.4852765624539412,0.4196253846784019
60,1,0,0,0,1,0,0,78.31473541259766,64.3729019165039,175.9605712890625,194.54129028320312,1.1055959233254409,0.4450697951187295,0.3658370818241668
26,1,0,0,1,0,0,0,75.89663696289062,60.01691818237305,174.50270080566406,191.19046020507812,1.095630378913152,0.4349310160386191,0.3439311707227456
29,0,1,1,0,0,0,0,70.82758331298828,58.9866943359375,155.1697998046875,194.7575225830078,1.2551251778899597,0.4564521150516343,0.3801428783834493
31,1,0,0,1,0,0,0,63.0748176574707,53.5127067565918,150.6899871826172,189.48013305664065,1.257416876856023,0.4185733825899926,0.3551178665357584
37,1,0,0,0,0,1,0,78.88746643066406,73.28524017333984,166.55703735351562,196.50978088378903,1.1798347521437895,0.4736363451471955,0.4400008629944147
41,1,0,1,0,0,0,0,78.97091674804688,66.36656188964844,170.2919158935547,190.4020843505859,1.1180923260596916,0.4637384947704133,0.3897223279297213
2,1,0,0,0,0,0,1,83.1855697631836,66.48576354980469,177.54234313964844,192.88861083984375,1.08643722634732,0.4685393258426966,0.3744783490747859
105,1,0,1,0,0,0,0,82.33342742919922,63.09745788574219,169.11427307128906,195.10072326660156,1.1536620754911566,0.4868508490379879,0.3731054554995713
1,1,0,0,0,1,0,0,75.43112182617188,55.783355712890625,170.44329833984375,193.0379180908203,1.1325638495092107,0.4425584494133125,0.3272839487162776
52,1,0,1,0,0,0,0,76.17579650878906,65.04965209960938,158.738525390625,191.975830078125,1.20938398290969,0.4798822234321194,0.409791208148965
40,1,0,1,0,0,0,0,81.02517700195312,68.96092987060547,175.78512573242188,198.14854431152344,1.1272201984435413,0.460933066232741,0.3923024179848812
65,0,1,1,0,0,0,0,85.34526062011719,76.4267349243164,177.9076385498047,196.698486328125,1.1056213658474248,0.4797166738640345,0.4295865851927486
35,0,1,1,0,0,0,0,77.18698120117188,68.98867797851562,161.15316772460938,193.3814392089844,1.199985342760678,0.4789665775175749,0.428093837388345
45,1,0,0,1,0,0,0,79.55929565429688,70.35832214355469,168.59210205078125,195.02935791015625,1.1568119475217875,0.4719040493980732,0.4173286962301604
36,1,0,1,0,0,0,0,80.68297576904297,65.44087982177734,164.01893615722656,200.8922882080078,1.2248115547794731,0.4919125660692083,0.3989836866094931
1,0,1,0,0,0,1,0,86.41392517089844,75.32571411132812,188.34234619140625,192.84829711914065,1.023924258239595,0.4588130440038097,0.399940404452523
37,0,1,0,1,0,0,0,80.83235168457031,74.75309753417969,162.31097412109375,209.1019592285156,1.2882798613020026,0.4980091587908561,0.4605547957491117
26,1,0,0,0,0,1,0,72.79347229003906,57.85575485229492,157.9106903076172,189.53976440429688,1.200297231524128,0.4609787478493956,0.3663827619244098
54,1,0,0,0,0,1,0,78.65135955810547,65.05455017089844,172.31478881835938,194.1361846923828,1.126636814075348,0.456439984620319,0.3775331799261513
31,0,1,0,1,0,0,0,83.14836120605469,74.40948486328125,177.15603637695312,195.36631774902344,1.1027923278511516,0.4693509908357363,0.4200222943854565
34,0,1,0,1,0,0,0,73.65528869628906,62.62272644042969,158.89581298828125,189.3076171875,1.191394622849261,0.4635445535731091,0.3941118728222762
49,1,0,0,0,0,1,0,87.42875671386719,77.4913558959961,180.1149139404297,202.54330444335935,1.124522672844002,0.48540542701968,0.4302328674549693
54,1,0,1,0,0,0,0,82.8429946899414,69.8050537109375,167.11227416992188,196.60482788085935,1.176483468120056,0.495732555262252,0.4177135046343684
24,1,0,0,0,1,0,0,76.65987396240234,61.90739822387695,172.88046264648438,191.07806396484375,1.1052611789660167,0.4434270523625375,0.3580936635417772
13,0,1,0,0,0,1,0,80.0383071899414,64.64717864990234,164.61239624023438,192.375732421875,1.1686588423214674,0.4862228423741184,0.3927236351966873
29,1,0,1,0,0,0,0,85.15430450439453,73.24112701416016,167.0946502685547,196.4217071533203,1.17551164467343,0.5096171802480477,0.4383211963785013
32,0,1,1,0,0,0,0,88.47201538085938,79.69669342041016,170.47592163085938,207.78125,1.2188304835794923,0.5189707410553412,0.4674953075952959
54,1,0,1,0,0,0,0,77.75450897216797,66.07379913330078,162.65542602539062,195.30747985839844,1.2007437109900705,0.4780320636830795,0.4062194588146516
45,1,0,0,0,0,1,0,81.83548736572266,71.99185943603516,176.03900146484375,203.9886932373047,1.1587698836047005,0.4648713448994755,0.4089540319871244
28,1,0,0,0,1,0,0,84.45281982421875,71.87825775146484,165.9657745361328,192.001953125,1.1568767937946072,0.5088568414798819,0.4330908463046762
40,1,0,1,0,0,0,0,78.49851989746094,64.18289947509766,177.1141815185547,197.0676116943359,1.1126585686403143,0.4432085518190837,0.3623814813969246
60,1,0,1,0,0,0,0,81.13694763183594,68.94917297363281,165.96575927734375,199.84486389160156,1.2041330980665883,0.4888776334656402,0.4154421567066284
20,0,1,0,1,0,0,0,67.95735168457031,54.667179107666016,156.523193359375,190.15245056152344,1.214851591514212,0.4341679352819055,0.3492592882522589
7,0,1,0,0,0,1,0,75.72531127929688,65.2671127319336,158.95001220703125,197.4243927001953,1.2420533346235385,0.4764095971296007,0.4106140781349777
26,0,1,0,1,0,0,0,84.2142333984375,72.40728759765625,171.23208618164062,202.2223663330078,1.1809840716330064,0.491813393601385,0.4228605117901069
21,0,1,0,0,0,1,0,81.85318756103516,68.69879913330078,167.39456176757812,195.19747924804688,1.1660921190442983,0.4889835529704103,0.410400424051331
10,0,1,1,0,0,0,0,78.5040283203125,66.9438705444336,165.1531982421875,194.51925659179688,1.1778110182676922,0.475340648294264,0.4053440760273036
81,0,1,0,0,1,0,0,71.76997375488281,60.072383880615234,156.32945251464844,190.1816864013672,1.2165441850028018,0.4590943843301555,0.3842678581311241
35,0,1,0,1,0,0,0,75.005615234375,68.55182647705078,163.73977661132812,185.7771453857422,1.134587753998984,0.4580781578346543,0.4186632466207243
60,0,1,1,0,0,0,0,78.8179702758789,69.36873626708984,165.24725341796875,192.8808135986328,1.1672255339141342,0.4769699262505766,0.4197875294885039
1,1,0,0,0,1,0,0,83.23863983154297,59.890010833740234,191.35890197753903,192.1551055908203,1.0041607869038396,0.4349870268450495,0.3129721701725164
35,0,1,1,0,0,0,0,83.89849853515625,70.69074249267578,166.37594604492188,196.67657470703125,1.1821214507410112,0.5042706023892629,0.4248855929786216
57,1,0,1,0,0,0,0,80.55207824707031,67.39425659179688,174.5509033203125,197.32310485839844,1.13046166536473,0.461481875572147,0.3861008755029124
2,0,1,1,0,0,0,0,82.39358520507812,67.20490264892578,180.93739318847656,199.02455139160156,1.0999636276636535,0.4553706879111021,0.371426278806397
58,1,0,1,0,0,0,0,82.81010437011719,67.48735046386719,180.70733642578125,198.75347900390625,1.0998639177305165,0.4582553537007521,0.3734621504511251
3,1,0,0,0,1,0,0,83.75404357910156,62.10834884643555,195.7045440673828,205.64028930664065,1.0507691085386186,0.4279616703752382,0.3173577248418467
1,1,0,0,0,1,0,0,80.9898452758789,60.21387481689453,189.0406188964844,195.10597229003903,1.032084921372776,0.4284256248665142,0.3185234748404346
52,0,1,0,0,1,0,0,85.40320587158203,71.22610473632812,177.95632934570312,200.1162567138672,1.1245245249193443,0.4799110331483365,0.4002448521960813
48,0,1,1,0,0,0,0,73.40448760986328,68.41500091552734,161.83920288085938,191.88075256347656,1.1856259123120667,0.453564317564646,0.4227344159986513
45,1,0,0,0,0,1,0,77.36760711669922,61.62276840209961,173.5943603515625,192.01467895507812,1.106111273236129,0.4456804181887862,0.3549813961542383
57,1,0,0,0,0,1,0,76.54639434814453,65.76446533203125,171.1442413330078,201.97991943359375,1.1801736234909983,0.4472624597353681,0.3842633840309505
33,0,1,1,0,0,0,0,85.02198791503906,73.82206726074219,183.83644104003903,199.24337768554688,1.0838078487504677,0.4624871295050883,0.4015638403523269
35,0,1,1,0,0,0,0,88.8575668334961,72.74089050292969,177.64405822753906,197.1638641357422,1.1098815581166288,0.5002000501456741,0.4094755052812293
54,1,0,1,0,0,0,0,73.85816955566406,58.68744659423828,157.79600524902344,191.4950714111328,1.2135609587132938,0.4680610858247386,0.3719197231997195
45,0,1,1,0,0,0,0,79.24445343017578,69.45525360107422,166.19833374023438,196.85626220703125,1.1844659195844571,0.4768065458107043,0.417905835985286
35,1,0,0,1,0,0,0,82.91873168945312,70.11001586914062,177.1705322265625,197.69320678710935,1.115835710953912,0.4680164960131075,0.3957205241077291
36,1,0,0,0,0,1,0,76.0776138305664,62.353328704833984,163.9895782470703,195.04551696777344,1.189377514429079,0.463917369894971,0.3802273862238433
1,1,0,0,0,1,0,0,79.67206573486328,62.81778717041016,182.1718292236328,197.09703063964844,1.0819292504204563,0.4373456975999205,0.3448271197480018
26,0,1,0,0,1,0,0,76.40680694580078,66.18038940429688,158.60617065429688,205.43170166015625,1.2952314579734847,0.4817391822184492,0.4172623872783978
24,0,1,1,0,0,0,0,75.73491668701172,62.318450927734375,164.70228576660156,189.51547241210935,1.1506547801083369,0.4598291780499945,0.3783702857411791
26,1,0,0,0,0,1,0,81.19827270507812,63.77423477172851,177.92367553710938,195.6046600341797,1.0993739840619614,0.4563657560465733,0.3584359112367099
46,0,1,0,1,0,0,0,80.45850372314453,73.30603790283203,170.841064453125,202.43064880371097,1.1849062721056356,0.4709552939201017,0.4290890959822226
30,1,0,1,0,0,0,0,77.32624053955078,61.22725296020508,176.91998291015625,199.65760803222656,1.1285192590913655,0.4370690029900054,0.3460731340410404
18,0,1,0,0,1,0,0,77.77693939208984,59.651634216308594,170.05075073242188,197.2129669189453,1.1597300574653957,0.4573748663684134,0.3507872441573139
35,1,0,0,1,0,0,0,87.05309295654297,79.41967010498047,182.2528076171875,213.99070739746097,1.1741421720478362,0.4776502161733137,0.4357665110531374
45,0,1,0,0,0,1,0,80.8590316772461,69.34534454345703,168.35964965820312,200.2513427734375,1.189425988827962,0.4802755995358911,0.4118881494719139
65,1,0,1,0,0,0,0,78.7352294921875,64.20684814453125,176.4532928466797,190.10362243652344,1.0773594494589824,0.4462100322525608,0.3638744684709318
44,0,1,1,0,0,0,0,83.59152221679688,73.70244598388672,179.62069702148438,203.32595825195312,1.1319739964467088,0.4653780082303017,0.4103226811054585
26,1,0,0,1,0,0,0,74.7308120727539,64.72863006591797,161.6144256591797,192.0494079589844,1.1883184757528231,0.4624018664667339,0.400512700533434
55,1,0,1,0,0,0,0,86.04241943359375,76.19055938720703,168.21376037597656,202.7279815673828,1.2051807243014074,0.5115064263546533,0.4529389225763255
58,1,0,0,0,0,1,0,75.10298156738281,64.43594360351562,154.2897491455078,198.27088928222656,1.2850554905967275,0.4867658543961632,0.4176294534172019
80,1,0,1,0,0,0,0,82.11289978027344,65.97901916503906,171.68609619140625,209.3465881347656,1.2193566793048467,0.4782734397357892,0.3843003052004956
34,1,0,0,1,0,0,0,70.65617370605469,59.71783447265625,148.5813751220703,177.49032592773438,1.1945664507540954,0.475538563618795,0.4019200550781936
50,1,0,0,1,0,0,0,79.60206604003906,63.80224609375,160.58056640625,189.54676818847656,1.180384229738893,0.4957141939495665,0.3973223380738227
49,1,0,1,0,0,0,0,74.7726821899414,57.2921028137207,166.18646240234375,187.76126098632812,1.1298228403932864,0.4499324500266086,0.3447459076119831
50,1,0,0,0,0,1,0,77.21286010742188,64.71539306640625,169.24072265625,185.68739318847656,1.0971791556671138,0.4562309761832633,0.3823866505099464
40,1,0,0,0,0,0,1,75.90476989746094,66.25489044189453,155.58383178710938,203.14944458007812,1.305723366281751,0.4878705520077691,0.4258468870502774
24,0,1,0,0,0,1,0,72.5037612915039,58.30660629272461,152.9491424560547,192.5878448486328,1.2591626324676328,0.4740383641728208,0.381215646955832
26,0,1,0,0,0,1,0,71.83212280273438,63.38243865966797,146.26747131347656,191.9468688964844,1.3123004532231843,0.4911011461241828,0.4333324292168038
2,0,1,0,0,1,0,0,80.89779663085938,63.93122863769531,177.0999298095703,187.51893615722656,1.0588312279900929,0.4567918051568179,0.3609895763732851
77,0,1,1,0,0,0,0,76.8736801147461,61.35638046264648,172.89462280273438,194.3073883056641,1.123848649285992,0.444627362427898,0.3548773204627166
36,0,1,0,0,0,1,0,87.1733627319336,76.29879760742188,188.310791015625,202.1808319091797,1.0736550508802432,0.4629228216916173,0.4051748558641603
32,0,1,0,1,0,0,0,64.69437408447266,54.118377685546875,149.37289428710938,182.7678680419922,1.223567829453009,0.4331065177067782,0.3623038700818505
47,1,0,0,0,0,1,0,83.76062774658203,73.12045288085938,175.21116638183594,208.1404266357422,1.1879404203162705,0.4780553059274963,0.417327584712887
39,1,0,1,0,0,0,0,77.45317077636719,67.4546890258789,167.6540985107422,201.84017944335935,1.2039084116421213,0.4619819704044067,0.4023444080703869
52,1,0,1,0,0,0,0,88.6319580078125,76.76850891113281,182.2444610595703,207.34405517578125,1.1377248667546973,0.486335537949992,0.4212391886414559
36,1,0,0,0,0,1,0,87.81511688232422,79.22743225097656,182.5410919189453,201.0308074951172,1.1012907032701544,0.4810704042535104,0.434025190811044
35,1,0,0,0,0,1,0,85.3298110961914,72.2493896484375,181.1252593994141,206.7169647216797,1.1412928567065914,0.4711093934613707,0.3988918491435503
91,0,1,0,0,1,0,0,75.80224609375,64.93453979492188,161.2391357421875,186.8876953125,1.1590715520289263,0.4701231233027298,0.4027219539228281
52,1,0,0,0,0,0,1,82.40697479248047,69.60993957519531,178.8187713623047,201.7164306640625,1.1280495281748966,0.4608407392841085,0.3892764671453794
24,0,1,0,1,0,0,0,79.29953002929688,64.64944458007812,178.46969604492188,192.8666229248047,1.0806687476862122,0.4443305042069255,0.3622432604121513
35,1,0,1,0,0,0,0,74.27188873291016,62.24016952514648,153.90562438964844,174.64527893066406,1.134755663565019,0.4825807310645992,0.4044047757966972
24,0,1,0,0,0,1,0,71.52146911621094,60.94635772705078,158.3416290283203,193.90963745117188,1.2246282840533995,0.451690875956688,0.3849041979740538
57,1,0,1,0,0,0,0,77.16484069824219,65.53173065185547,163.2751922607422,203.5975646972656,1.246959577129945,0.4726060317541311,0.4013575470007999
5,0,1,0,0,1,0,0,84.11276245117188,70.91536712646484,179.1551513671875,192.1830139160156,1.0727183251467152,0.4694967563549347,0.3958321409420164
70,1,0,1,0,0,0,0,80.29788208007812,68.16692352294922,177.1609649658203,185.9198303222656,1.0494401538066531,0.4532481638693377,0.3847739457509766
55,1,0,1,0,0,0,0,77.03121185302734,66.93852233886719,165.3374786376953,188.78805541992188,1.1418346098866907,0.4659029065141736,0.4048599439788836
4,0,1,1,0,0,0,0,86.50126647949219,72.86441040039062,193.3795623779297,197.75125122070312,1.0226067780328805,0.4473133841850318,0.3767947838147895
21,1,0,0,0,0,0,1,78.14268493652344,59.37929153442383,180.47726440429688,186.3411407470703,1.03249094207034,0.4329779997189661,0.329012586324475
24,0,1,0,0,1,0,0,84.54620361328125,70.11880493164062,179.3631591796875,203.94873046875,1.1370714666350878,0.4713688362758049,0.3909320356104735
51,1,0,1,0,0,0,0,76.40586853027344,64.93075561523438,160.5558319091797,191.16265869140625,1.190630426925505,0.4758834831580165,0.4044123146642423
24,0,1,0,0,1,0,0,84.20018005371094,71.27532196044922,164.87796020507812,201.71261596679688,1.2234055765604035,0.5106818397618533,0.4322913861367263
16,0,1,1,0,0,0,0,76.3243408203125,69.32768249511719,160.37208557128906,202.80514526367188,1.2645913067802586,0.4759203607562027,0.4322927038589857
76,1,0,0,1,0,0,0,77.30127716064453,64.63269805908203,166.23365783691406,205.2633056640625,1.234787878309452,0.4650157986445926,0.3888063277924791
31,0,1,1,0,0,0,0,83.48430633544922,72.39552307128906,183.44541931152344,206.6345977783203,1.126409144222988,0.455090711170486,0.3946433949835967
56,1,0,0,0,1,0,0,77.16246032714844,64.21613311767578,162.24432373046875,193.99932861328125,1.195723364322847,0.4755942060280391,0.3957989508733505
41,1,0,1,0,0,0,0,90.26795959472656,77.0370101928711,172.15835571289062,198.7919158935547,1.1547038485026018,0.5243309813278357,0.4474776136997155
30,0,1,1,0,0,0,0,79.08853149414062,57.59041213989258,179.67144775390625,195.17727661132812,1.0863010180596977,0.4401841944440009,0.3205317976775778
60,1,0,0,0,0,1,0,73.5271987915039,61.35014343261719,163.17567443847656,185.44363403320312,1.1364661716359103,0.4506014701304419,0.3759760371374995
44,1,0,1,0,0,0,0,68.83588409423828,60.19487762451172,148.48927307128906,195.42202758789065,1.316068316221532,0.4635747934545445,0.4053819941297202
25,1,0,0,0,0,1,0,81.76812744140625,66.44803619384766,181.7131805419922,197.31524658203125,1.0858609485206472,0.4499845701754717,0.3656753791643207
42,1,0,0,0,1,0,0,79.54168701171875,70.21800231933594,162.97183227539062,198.28884887695312,1.216706262109661,0.4880701523764475,0.4308597463682018
56,1,0,1,0,0,0,0,78.9714584350586,70.11298370361328,165.65208435058594,205.4197998046875,1.2400677034038232,0.4767308467300868,0.4232544611707162
4,1,0,1,0,0,0,0,75.67610168457031,67.86280059814453,163.25,200.64744567871097,1.2290808311100212,0.4635595815287615,0.4156986254097674
24,0,1,0,1,0,0,0,71.12068939208984,54.242244720458984,157.77296447753906,186.8653259277344,1.1843938316462137,0.4507786845965917,0.3437993632184115
32,1,0,1,0,0,0,0,82.33451843261719,72.5586929321289,184.4827117919922,195.89697265625,1.0618717101097668,0.4462993720812763,0.393308902646337
30,0,1,1,0,0,0,0,82.39161682128906,71.6093978881836,167.3785400390625,202.99810791015625,1.21280845120755,0.4922471949036038,0.4278290267765002
24,0,1,0,1,0,0,0,68.8660659790039,53.63775634765625,153.81451416015625,179.80299377441406,1.1689598654337512,0.4477215063547157,0.3487171327135424
21,0,1,0,0,0,1,0,71.2519302368164,59.945945739746094,159.18197631835938,195.85797119140625,1.2304029370743328,0.4476130519595673,0.3765875203098115
30,1,0,0,0,0,1,0,81.86243438720703,69.92266082763672,175.87918090820312,197.4269256591797,1.122514470670767,0.4654469844838179,0.3975607599863201
46,1,0,1,0,0,0,0,77.83269500732422,61.6017951965332,176.35658264160156,201.6935882568359,1.1436691799972398,0.4413370561024009,0.3493024999340267
36,0,1,0,0,0,1,0,85.83749389648438,76.93181610107422,178.2333984375,207.3003845214844,1.1630838346729788,0.4816016226419229,0.4316352421908816
48,1,0,1,0,0,0,0,79.7356948852539,70.95305633544922,168.56201171875,195.5299072265625,1.1599879785061484,0.4730347844821343,0.4209314756745796
24,1,0,1,0,0,0,0,77.79680633544922,67.4095230102539,162.6241912841797,197.9754180908203,1.217379877664484,0.4783839705588587,0.414511042163821
1,1,0,0,0,0,1,0,84.69434356689453,62.155311584472656,183.99281311035156,194.2555999755859,1.055778194222614,0.4603133249345899,0.3378138011683879
2,0,1,0,0,0,1,0,84.85031127929688,73.31388092041016,184.9502410888672,196.65931701660156,1.0633093304382786,0.4587737262722839,0.3963978661978785
50,1,0,0,0,0,1,0,89.45344543457031,76.03085327148438,174.7489776611328,196.6804962158203,1.1255029863305772,0.5118968169761505,0.4350861120281961
31,0,1,1,0,0,0,0,71.8284912109375,58.31443786621094,160.66635131835938,190.93272399902344,1.1883802826933652,0.4470661754719866,0.3629536451640782
56,1,0,1,0,0,0,0,80.62946319580078,65.15523529052734,175.43948364257812,196.3707733154297,1.1193077478242854,0.4595856162006651,0.3713829631604921
72,0,1,1,0,0,0,0,70.57245635986328,56.97103500366211,157.3849334716797,186.7867431640625,1.1868146400282558,0.4484066854630802,0.3619853168086998
26,1,0,1,0,0,0,0,75.13834381103516,61.85556411743164,165.53216552734375,189.3492126464844,1.1438816863373082,0.4539198987197644,0.373677006643243
53,0,1,1,0,0,0,0,84.48457336425781,69.93672180175781,175.60057067871094,186.56336975097656,1.0624303157438126,0.4811178747182759,0.3982716088646325
34,1,0,1,0,0,0,0,77.9324951171875,66.79536437988281,176.29734802246094,192.8195037841797,1.0937175513247863,0.4420514318074632,0.3788790082728461
25,0,1,0,1,0,0,0,72.20697021484375,60.53050994873047,145.21038818359375,202.82583618164065,1.3967722193897174,0.4972576075173793,0.4168469673960238
28,1,0,0,0,0,1,0,75.01214599609375,64.43157958984375,165.53121948242188,192.9307556152344,1.1655248853870863,0.4531601122171365,0.3892412548599986
45,0,1,1,0,0,0,0,69.05958557128906,65.41799926757812,153.5533905029297,195.3649139404297,1.2722930656272435,0.4497431502170019,0.4260277096670815
29,1,0,1,0,0,0,0,83.28284454345703,70.22142791748047,168.98561096191406,202.2674865722656,1.196950944053175,0.4928398581949518,0.4155467883789641
54,1,0,0,1,0,0,0,85.78239440917969,73.44352722167969,190.1212158203125,205.5827789306641,1.0813247645384545,0.4511984316903086,0.3862984302135575
5,1,0,0,1,0,0,0,82.34246063232422,68.12916564941406,185.8502655029297,190.5122985839844,1.0250848879254424,0.4430580737105603,0.3665809433473211
52,1,0,1,0,0,0,0,67.9315185546875,50.90470886230469,146.36767578125,199.52297973632812,1.3631628614129256,0.4641155787443997,0.3477865491174636
56,1,0,1,0,0,0,0,79.57872009277344,71.34273529052734,167.9757843017578,197.25428771972656,1.174301930124474,0.4737511446877088,0.424720358277147
26,1,0,0,0,0,0,1,81.24366760253906,68.26219177246094,160.07662963867188,199.12417602539065,1.2439303380815654,0.5075298485851675,0.4264344640847555
51,0,1,0,1,0,0,0,70.40066528320312,55.0701904296875,157.1616668701172,190.14566040039065,1.2098730192110545,0.4479506147092739,0.3504047235335004
35,1,0,1,0,0,0,0,88.71121978759766,74.01505279541016,171.77490234375,202.1241149902344,1.1766801333162782,0.5164387729359428,0.4308839753976037
39,1,0,0,1,0,0,0,75.12223815917969,63.58211898803711,166.19297790527344,189.3718109130859,1.139469388538329,0.4520181243878897,0.3825800571687066
45,0,1,1,0,0,0,0,79.45138549804688,69.10739135742188,174.48403930664062,192.0467987060547,1.100655392144774,0.4553504481771993,0.3960671224258604
41,1,0,0,1,0,0,0,81.73216247558594,72.24888610839844,175.0745086669922,204.34310913085935,1.1671779671793268,0.4668421639328888,0.4126750756492052
23,0,1,0,0,0,0,1,83.23533630371094,71.37960052490234,168.50257873535156,202.03599548339844,1.1990083297224436,0.4939706972344886,0.4236113242932051
70,1,0,1,0,0,0,0,75.73526763916016,64.49730682373047,161.499755859375,194.19842529296875,1.202468847457986,0.4689497345439098,0.3993647326618322
24,0,1,0,0,0,1,0,71.67324829101562,59.15206527709961,151.91064453125,186.81297302246097,1.229755647465712,0.4718118898920971,0.3893872312873457
26,1,0,0,0,1,0,0,76.24559020996094,59.20131301879883,163.98110961914062,193.76727294921875,1.181643869829024,0.4649656926157378,0.3610252007459802
25,0,1,0,1,0,0,0,87.37525177001953,69.21634674072266,176.07098388671875,199.2515869140625,1.1316548730269933,0.4962501477599249,0.3931161467539441
58,0,1,0,1,0,0,0,80.04170989990234,72.98194122314453,167.27413940429688,196.90591430664065,1.1771449849203803,0.4785061826349845,0.4363014001031519
42,1,0,1,0,0,0,0,79.55113983154297,69.15852355957031,164.08505249023438,203.21893310546875,1.2384975354020349,0.4848164937892652,0.4214797296279399
53,0,1,1,0,0,0,0,80.10137939453125,71.31471252441406,166.57785034179688,207.4362945556641,1.2452813752250422,0.4808645280880577,0.4281164175074009
2,0,1,0,0,0,0,1,75.56523895263672,58.26639175415039,163.75338745117188,181.7247772216797,1.1097466748641551,0.4614575620621517,0.3558179324475001
26,1,0,0,0,0,1,0,83.72892761230469,67.87921142578125,169.51907348632812,195.31564331054688,1.1521750284123589,0.4939203942679495,0.4004222653520801
21,0,1,0,1,0,0,0,82.09220886230469,65.1226806640625,173.31475830078125,182.47543334960935,1.052855712569671,0.4736596563798493,0.3757480395930538
26,0,1,0,0,1,0,0,80.96009826660156,66.72683715820312,167.6830291748047,189.15692138671875,1.1280624063006883,0.4828162913386006,0.3979343496272502
3,1,0,1,0,0,0,0,82.86711120605469,69.03700256347656,186.19949340820312,190.97506713867188,1.0256476193519997,0.4450447726212982,0.3707690139206098
50,1,0,1,0,0,0,0,67.46328735351562,53.39376449584961,159.34226989746094,193.9810028076172,1.2173857127330163,0.4233860067195555,0.3350885143672754
69,1,0,0,1,0,0,0,78.34352111816406,70.94400787353516,165.80126953125,197.82913208007812,1.1931701888615005,0.4725146034144086,0.4278857940841262
32,1,0,0,1,0,0,0,69.61795806884766,52.12112045288086,155.9498748779297,187.4270782470703,1.2018417994485695,0.4464124009290893,0.3342171354332849
36,0,1,1,0,0,0,0,81.5082015991211,67.28077697753906,163.79019165039062,203.6306915283203,1.2432410602642745,0.4976378669432169,0.4107741513676811
55,0,1,1,0,0,0,0,84.61946868896484,74.95347595214844,187.0969085693359,205.22610473632812,1.0968973581959198,0.4522761457472498,0.4006131182246208
50,1,0,0,0,1,0,0,78.17901611328125,67.92115783691406,166.3477020263672,189.14862060546875,1.1370678302215889,0.4699735263002874,0.4083083626015352
88,0,1,1,0,0,0,0,74.97370147705078,66.2311782836914,160.4571990966797,196.6297149658203,1.2254340476636747,0.4672504686553649,0.4127653895029377
24,0,1,0,0,0,0,1,89.58172607421875,75.9070053100586,174.28372192382812,195.03269958496097,1.1190528721334132,0.5139993860893736,0.4355369765584548
60,0,1,1,0,0,0,0,73.03074645996094,62.24151611328125,152.07473754882812,197.29000854492188,1.2973226962274127,0.4802293111734764,0.4092824167675894
36,1,0,1,0,0,0,0,84.63719177246094,67.69832611083984,183.8964080810547,199.8928985595703,1.0869864215698273,0.4602438549814198,0.3681329440703428
20,0,1,0,0,0,0,1,77.97431182861328,66.9947738647461,161.09536743164062,198.14260864257812,1.2299708663357942,0.4840257859165378,0.4158702694736068
61,0,1,1,0,0,0,0,76.94232177734375,64.42072296142578,165.15811157226562,194.7544860839844,1.1792002477502823,0.4658706801916739,0.3900548531837519
1,1,0,0,0,1,0,0,75.31791687011719,54.171749114990234,179.37295532226562,178.16490173339844,0.9932651297030995,0.4198956121049534,0.3020062250614314
42,0,1,1,0,0,0,0,81.44709014892578,71.43936157226562,172.91712951660156,198.49221801757812,1.1479037303734627,0.4710180557392733,0.4131421899726066
85,0,1,1,0,0,0,0,81.88279724121094,68.277587890625,162.9855499267578,196.4657745361328,1.2054183614708194,0.5023929868507195,0.4189180447058495
55,1,0,0,0,0,1,0,79.2469711303711,64.22232818603516,178.15533447265625,189.48382568359375,1.0635877182374027,0.4448195242929093,0.3604850136883898
35,1,0,1,0,0,0,0,80.50248718261719,61.78687286376953,186.5887451171875,201.12355041503903,1.0778975456891728,0.4314434245862868,0.3311393343953524
30,0,1,0,0,0,1,0,77.25218200683594,66.95015716552734,161.34127807617188,187.02316284179688,1.1591773975752204,0.4788122601233139,0.4149598786115917
63,1,0,0,0,0,1,0,80.98335266113281,65.90765380859375,177.99159240722656,191.5369415283203,1.0761010615046545,0.4549841459693848,0.3702852079541138
36,1,0,0,0,0,1,0,76.60884857177734,68.23609161376953,166.749267578125,188.69871520996097,1.1316314485252672,0.4594253976910857,0.4092137411146331
24,0,1,0,1,0,0,0,65.78861999511719,50.1369743347168,161.5270538330078,175.49449157714844,1.086471197317699,0.4072916482655079,0.3103936656118926
24,0,1,0,0,1,0,0,68.12256622314453,49.279422760009766,147.039794921875,185.8542327880859,1.2639723340666638,0.4632933979494417,0.3351434404964509
28,1,0,0,0,0,0,1,81.33880615234375,67.7889404296875,164.4747772216797,195.58905029296875,1.1891735231193117,0.4945366549590459,0.4121540188397478
37,1,0,1,0,0,0,0,70.30543518066406,59.82015228271485,160.68272399902344,198.55484008789065,1.235695009060821,0.4375419673685103,0.3722873921597098
3,0,1,0,0,1,0,0,87.05889892578125,76.22897338867188,191.11146545410156,194.30941772460935,1.0167334401570784,0.4555399055672555,0.3988717956169901
38,0,1,0,0,1,0,0,77.52214050292969,65.286865234375,155.63330078125,188.0100860595703,1.2080325040707542,0.498107667920574,0.4194916184816949
55,1,0,1,0,0,0,0,68.53666687011719,52.21608352661133,141.8461456298828,190.3084259033203,1.3416538395050188,0.4831760959437626,0.3681177468357726
39,1,0,0,0,1,0,0,81.05852508544922,68.72918701171875,172.4071044921875,193.4577178955078,1.122098294413814,0.4701576847671165,0.3986447496705866
30,0,1,0,0,1,0,0,68.91024017333984,55.5936164855957,153.94729614257812,177.69004821777344,1.1542264961458368,0.4476222830800399,0.3611210971455305
30,0,1,0,0,1,0,0,77.02230834960938,70.98217010498047,161.19947814941406,200.22494506835935,1.2420942509675683,0.4778074298616415,0.440337468333414
21,0,1,1,0,0,0,0,75.89897155761719,58.54279327392578,178.17144775390625,185.12469482421875,1.039025596738241,0.4259884089983389,0.3285756164185531
30,1,0,1,0,0,0,0,83.61437225341797,71.71534729003906,183.83644104003903,196.50592041015625,1.0689171270855806,0.4548302381202376,0.3901040886361571
34,1,0,0,0,0,1,0,81.25070190429688,73.78324890136719,173.18299865722656,196.54623413085935,1.1349049020676365,0.4691609599918799,0.4260421027089565
37,1,0,1,0,0,0,0,82.08311462402344,70.88431549072266,165.95799255371094,206.9352569580078,1.246913473546837,0.4946017565105092,0.4271220349196591
54,0,1,0,0,0,1,0,77.31574249267578,66.78881072998047,167.62420654296875,203.010986328125,1.211107813811397,0.4612444949760683,0.3984437099355327
26,0,1,0,1,0,0,0,70.11862182617188,52.99689865112305,156.9550323486328,202.97178649902344,1.2931843182203735,0.4467433810623062,0.3376565749953457
28,1,0,0,0,1,0,0,69.58934020996094,58.37613677978515,160.2890167236328,201.49468994140625,1.257071096074034,0.4341491490333709,0.3641929932132289
35,1,0,1,0,0,0,0,82.5110092163086,72.5255355834961,163.47950744628906,197.50486755371097,1.2081322646424102,0.5047177502869432,0.4436368613804654
38,1,0,1,0,0,0,0,58.16505813598633,42.48480224609375,153.50173950195312,197.1042022705078,1.284051913092489,0.3789211661360114,0.2767708195616453
20,1,0,1,0,0,0,0,74.8360824584961,61.22370147705078,152.369140625,191.30421447753903,1.2555312295707124,0.491149862442798,0.4018116872348198
3,1,0,0,0,1,0,0,75.9814224243164,58.66441345214844,181.1104278564453,182.15736389160156,1.005780650222891,0.4195309089796973,0.3239151612995358
40,1,0,1,0,0,0,0,79.5440444946289,58.19008255004883,179.79495239257812,198.69384765625,1.1051136030916295,0.4424153372278567,0.3236469198700981
28,1,0,1,0,0,0,0,77.8547592163086,69.99520874023438,162.12705993652344,199.9243927001953,1.233134017100356,0.4802082961770266,0.4317305745730487
31,1,0,0,0,1,0,0,75.92851257324219,60.15691375732422,171.21597290039062,189.76707458496097,1.108349129875651,0.4434662916491768,0.3513510611087791
40,1,0,0,0,0,1,0,81.44204711914062,66.73389434814453,179.42803955078125,198.72853088378903,1.1075667514471472,0.4538981049062351,0.3719256729060882
28,0,1,1,0,0,0,0,86.49837493896484,77.6556625366211,170.62725830078125,208.44886779785156,1.2216621768041216,0.5069434731611625,0.4551187384124165
33,0,1,1,0,0,0,0,73.86854553222656,62.21434783935547,157.7995147705078,193.82888793945312,1.2283237259718056,0.4681164301402043,0.3942619717800495
26,1,0,0,1,0,0,0,83.6437759399414,68.4515151977539,169.6136932373047,195.80364990234375,1.1544094475225946,0.4931428255790427,0.4035730482089328
32,0,1,0,0,0,0,1,80.43026733398438,69.43256378173828,166.28871154785156,211.06024169921875,1.269239744145132,0.4836784564948632,0.4175422560884912
36,1,0,1,0,0,0,0,77.54762268066406,66.178955078125,174.7899169921875,200.55551147460935,1.1474089291064398,0.4436618771558211,0.3786199811576257
24,0,1,0,1,0,0,0,65.06423950195312,50.13747024536133,136.91017150878906,173.1654510498047,1.2648107086673848,0.4752330581791454,0.3662070516224772
48,0,1,0,1,0,0,0,81.00101470947266,74.78602600097656,167.94866943359375,201.41053771972656,1.1992386626162794,0.4822962574377533,0.4452909704684898
5,0,1,0,0,1,0,0,85.53567504882812,73.7066650390625,189.6696929931641,192.1864471435547,1.0132691423214424,0.4509717588455786,0.3886053901174341
1,1,0,0,0,1,0,0,83.03073120117188,65.7453384399414,188.8269805908203,197.4010467529297,1.045406997110699,0.4397185769818338,0.3481776716136167
22,0,1,0,1,0,0,0,75.04774475097656,65.22663116455078,165.67796325683594,197.5086212158203,1.1921236677061278,0.4529736078094867,0.3936952741472062
25,0,1,0,1,0,0,0,77.58428192138672,66.25132751464844,160.61895751953125,197.14598083496097,1.227414147616965,0.4830331557341385,0.4124751432693882
33,1,0,1,0,0,0,0,85.5505599975586,75.88209533691406,171.7205047607422,206.2191925048828,1.200900223256434,0.4981965323055392,0.4418930368428652
16,1,0,1,0,0,0,0,74.06281280517578,62.432373046875,157.567626953125,186.6852874755859,1.1847946883855982,0.4700382574601369,0.3962258888715008
30,0,1,1,0,0,0,0,79.99811553955078,72.4574966430664,175.96707153320312,191.8457946777344,1.090236900609755,0.4546198038219666,0.4117673608575934
26,0,1,0,1,0,0,0,84.43672180175781,72.85238647460938,175.45294189453125,202.7092742919922,1.1553483920141123,0.4812499630386058,0.4152246504843595
78,1,0,0,0,1,0,0,87.09432983398438,74.67467498779297,169.1744842529297,204.09622192382812,1.206424377914388,0.5148195380561719,0.4414062517616322
50,1,0,0,1,0,0,0,74.98360443115234,57.950958251953125,172.5100860595703,187.85301208496097,1.0889392984250934,0.4346621472628527,0.3359279423925497
40,1,0,0,0,0,1,0,81.33671569824219,69.27960205078125,168.0066680908203,196.0743865966797,1.1670631221058836,0.484127901722767,0.4123622165599426
35,0,1,1,0,0,0,0,66.28086853027344,45.54644775390625,154.98971557617188,192.72328186035156,1.243458516869366,0.4276468814971066,0.2938675484666065
50,1,0,1,0,0,0,0,75.29718780517578,64.95458984375,171.200439453125,207.46844482421875,1.211845281980272,0.4398188932557751,0.3794066770578278
23,0,1,0,0,1,0,0,75.46350860595703,62.67173767089844,155.23651123046875,196.4880218505859,1.2657333013550784,0.4861195862223524,0.4037177670004069
20,0,1,1,0,0,0,0,69.96672058105469,52.74886703491211,152.88365173339844,178.89984130859375,1.1701698597608257,0.4576468431239728,0.3450262106958083
35,0,1,0,1,0,0,0,79.49319458007812,66.08358001708984,165.3083038330078,189.46282958984375,1.1461180424501634,0.4808784116518494,0.3997595915317513
1,1,0,0,0,0,1,0,83.59220886230469,63.90731430053711,198.60171508789065,198.97525024414065,1.001880825430358,0.4209037612052402,0.3217863162574155
16,0,1,0,1,0,0,0,63.35482406616211,55.15852355957031,144.5179901123047,190.98423767089844,1.3215256974061491,0.4383871102616994,0.3816723683792358
36,1,0,0,0,1,0,0,73.91202545166016,59.630821228027344,166.78485107421875,185.1099395751953,1.1098726196231212,0.4431579065821123,0.3575313995483427
61,1,0,0,0,0,1,0,66.52365112304688,61.355369567871094,146.33065795898438,190.71917724609375,1.303343946553915,0.454611849976736,0.4192926514761427
48,1,0,1,0,0,0,0,78.65681457519531,59.788936614990234,174.5900421142578,188.08644104003903,1.0773033717292348,0.4505229142663219,0.3424533031263161
28,1,0,0,1,0,0,0,78.24312591552734,67.93415832519531,164.69015502929688,190.90667724609375,1.1591869423653964,0.4750929155516831,0.412496778044264
5,1,0,1,0,0,0,0,88.92062377929688,77.74822235107422,177.21742248535156,206.33509826660156,1.1643048148026012,0.5017600557114912,0.4387165847505808
1,1,0,0,0,1,0,0,77.90008544921875,59.02492141723633,177.3197784423828,191.2205810546875,1.078393976884093,0.4393197765839253,0.3328727451372015
24,0,1,1,0,0,0,0,76.27693176269531,61.314083099365234,159.48532104492188,187.93116760253903,1.1783602802517787,0.4782692931420977,0.3844496954180192
47,1,0,0,0,0,1,0,83.0450439453125,70.02689361572266,169.37783813476562,199.00421142578125,1.1749129261376177,0.490294626852172,0.4134359865899675
35,0,1,0,0,1,0,0,83.12491607666016,72.54209899902344,170.2357940673828,196.40936279296875,1.1537489155496048,0.4882928207434308,0.4261271808108099
54,0,1,1,0,0,0,0,82.06134033203125,70.05693817138672,177.45716857910156,197.2074279785156,1.1112959231658786,0.4624289961859297,0.3947822380596523
40,1,0,0,0,1,0,0,83.65557098388672,69.20621490478516,165.89434814453125,197.2434234619141,1.1889701226594576,0.5042701690536432,0.4171704200826118
1,0,1,0,0,0,0,1,81.12397003173828,60.79458236694336,193.38047790527344,190.94178771972656,0.987389160415968,0.419504444866852,0.3143780748991804
29,1,0,1,0,0,0,0,79.77519989013672,71.15867614746094,173.1538543701172,199.81382751464844,1.1539669633200624,0.460718591453453,0.410956350964957
26,1,0,0,0,1,0,0,79.85062408447266,66.01408386230469,164.13272094726562,195.63528442382812,1.191933474902204,0.4865003371882682,0.4021994120448074
13,0,1,1,0,0,0,0,84.73872375488281,70.81620025634766,168.0760955810547,200.17251586914065,1.1909636238105463,0.5041688020056223,0.4213341582664058
13,1,0,1,0,0,0,0,80.4535140991211,65.86170959472656,174.56622314453125,190.79168701171875,1.0929473272372612,0.4608767529587325,0.3772878189625302
35,0,1,1,0,0,0,0,80.038330078125,73.42610931396484,169.20986938476562,194.3730926513672,1.1487101394149948,0.4730121852179093,0.4339351456326789
25,1,0,0,0,0,1,0,79.01751708984375,60.9774284362793,176.42784118652344,192.05821228027344,1.088593563173656,0.4478744202640028,0.3456224824052152
9,1,0,0,1,0,0,0,59.91049575805664,49.52129364013672,141.40347290039062,189.87582397460935,1.342794629297148,0.4236847549017386,0.3502127113597923
34,1,0,1,0,0,0,0,67.90451049804688,51.77759552001953,154.8313446044922,175.2759246826172,1.1320441938313557,0.4385708247351663,0.334412877781837
29,1,0,0,1,0,0,0,73.52184295654297,55.95476150512695,171.9213409423828,195.4065399169922,1.1366043264080876,0.4276481474233199,0.3254672235477703
34,1,0,0,1,0,0,0,87.85614776611328,76.00798034667969,172.8012237548828,205.349609375,1.188357379148465,0.5084231804442343,0.439857882340558
26,1,0,0,0,0,1,0,69.13716125488281,46.9840202331543,160.6641845703125,178.6015625,1.1116451558737874,0.4303209295823231,0.2924361789705059
4,0,1,0,0,1,0,0,84.76693725585938,74.00446319580078,191.8461151123047,194.55618286132812,1.01412625815976,0.4418485993643275,0.3857490841160862
28,1,0,0,0,0,1,0,78.42317199707031,62.01871871948242,175.17967224121094,192.65359497070312,1.0997485753109055,0.4476727864240249,0.3540291971438712
21,1,0,1,0,0,0,0,85.17781066894531,71.44317626953125,170.0264434814453,200.6727752685547,1.1802445029114177,0.5009680195906739,0.4201886177624348
3,0,1,0,0,0,0,1,73.62106323242188,53.55340576171875,170.48756408691406,178.39552307128906,1.0463843742898664,0.4318265887996972,0.3141191326683357
24,1,0,0,0,0,0,1,73.15242767333984,62.59137725830078,162.26812744140625,179.73556518554688,1.107645524845586,0.4508120530308986,0.3857281047438107
35,1,0,1,0,0,0,0,83.0586166381836,67.92196655273438,182.271240234375,200.4490203857422,1.0997292832812962,0.4556869011884814,0.3726422581280313
1,0,1,0,0,0,0,1,81.85538482666016,60.58425521850586,191.591796875,186.1016540527344,0.9713445830572406,0.427238463033284,0.316215287954279
28,1,0,0,1,0,0,0,73.82026672363281,64.20539093017578,153.87985229492188,198.2193145751953,1.288143389917568,0.4797266544170508,0.4172436480321121
34,0,1,0,0,0,1,0,85.49160766601562,73.53013610839844,170.99411010742188,195.00735473632812,1.1404331682174351,0.499968142834324,0.4300156073341085
47,1,0,1,0,0,0,0,76.82672882080078,63.604942321777344,165.3488311767578,193.694091796875,1.1714270395405222,0.4646342418875223,0.3846712545175701
32,1,0,0,0,0,0,1,80.9476089477539,68.3863296508789,181.3306427001953,185.22677612304688,1.0214863487209564,0.4464088790640277,0.3771360903625432
28,1,0,0,1,0,0,0,77.75924682617188,67.82001495361328,163.11184692382812,197.9127960205078,1.2133563548755073,0.4767234771272303,0.4157884067445123
38,1,0,0,1,0,0,0,79.35433197021484,69.534912109375,181.69943237304688,195.27976989746097,1.0747406711570364,0.436734066440519,0.3826919611207863
55,1,0,0,0,0,1,0,81.15503692626953,64.18289947509766,186.5192108154297,196.4294281005859,1.0531324212762343,0.4351028324185684,0.3441087874782503
26,0,1,1,0,0,0,0,72.25950622558594,62.13401412963867,159.9420166015625,192.3584442138672,1.2026761216413724,0.4517856393269961,0.3884783714114536
22,0,1,0,0,1,0,0,71.0743179321289,59.05632781982422,150.50970458984375,192.03103637695312,1.275871458921933,0.4722241540890309,0.3923755480137277
54,1,0,1,0,0,0,0,80.11444091796875,68.7073745727539,171.3433380126953,196.6867523193359,1.1479101236183622,0.4675667104841441,0.4009923897225766
9,1,0,1,0,0,0,0,80.6002426147461,70.97479248046875,182.2245178222656,196.34800720214844,1.0775059775087912,0.4423128324222556,0.3894909056622923
66,0,1,1,0,0,0,0,85.18988037109375,80.16106414794922,176.12020874023438,198.93621826171875,1.1295479359505898,0.4837030399886884,0.455149722574889
37,1,0,1,0,0,0,0,82.5831298828125,74.2674560546875,172.9672088623047,199.9293975830078,1.1558803480616209,0.477449630054186,0.4293730386423137
4,0,1,1,0,0,0,0,78.06790924072266,63.631439208984375,166.9049530029297,195.37986755371097,1.1706055694481483,0.4677387209674498,0.381243564460711
1,0,1,0,0,0,1,0,81.73784637451172,63.563194274902344,186.07711791992188,192.02243041992188,1.0319507984993543,0.4392686606941511,0.3415959736771971
62,1,0,1,0,0,0,0,83.36962890625,64.25611877441406,195.52142333984375,197.65773010253903,1.010926203002226,0.4263963891125212,0.3286397862536418
5,1,0,0,0,1,0,0,88.70545959472656,71.86410522460938,187.8161163330078,186.4490509033203,0.99272125600093,0.4722995093639735,0.3826301311501434
35,0,1,1,0,0,0,0,85.81681823730469,74.8465347290039,167.5367889404297,198.45513916015625,1.184546632505414,0.5122267102052326,0.4467468620018541
32,0,1,1,0,0,0,0,76.62623596191406,65.74940490722656,155.31207275390625,195.2880096435547,1.2573910461744384,0.4933694760698301,0.4233373732086317
32,0,1,0,0,0,0,1,76.17694091796875,69.28192138671875,158.36868286132812,195.8207092285156,1.2364863159213206,0.4810101311802367,0.4374723596544896
27,1,0,0,0,1,0,0,75.55077362060547,63.94620132446289,165.22335815429688,196.0192718505859,1.1863895882537971,0.4572644840570967,0.3870288198884419
42,1,0,1,0,0,0,0,76.5447006225586,56.36320114135742,175.99667358398438,184.16636657714844,1.0464195875228604,0.4349212917710743,0.3202515138131931
40,1,0,1,0,0,0,0,70.82011413574219,63.46239471435547,146.2197723388672,200.34030151367188,1.3701314008982266,0.4843402024427666,0.4340206095197585
30,1,0,1,0,0,0,0,76.68498992919922,64.718017578125,165.48854064941406,192.93038940429688,1.1658232566871087,0.4633854986470372,0.3910725016013617
1,1,0,1,0,0,0,0,77.40613555908203,63.859100341796875,173.83062744140625,182.64988708496097,1.0507347857702891,0.4452963019141929,0.3673639178649465
26,1,0,0,0,0,0,1,68.72325134277344,62.110836029052734,145.70835876464844,202.1631774902344,1.387450790086608,0.4716493406790536,0.4262681740131025
30,1,0,0,0,0,1,0,77.18568420410156,61.57188034057617,173.78616333007812,189.62060546875,1.0911145158812037,0.444141712579845,0.3542967930285137
50,1,0,0,0,0,1,0,79.51388549804688,64.90215301513672,170.690673828125,204.94349670410156,1.2006719061315971,0.4658361450849533,0.3802325666631862
9,1,0,1,0,0,0,0,65.0771484375,56.818111419677734,147.8804473876953,185.05262756347656,1.2513664303322511,0.4400659423682192,0.384216523707957
1,0,1,1,0,0,0,0,79.97126007080078,61.17320251464844,187.67117309570312,199.81068420410156,1.0646850068028717,0.4261243682321917,0.3259595040920487
27,0,1,0,0,1,0,0,69.86276245117188,57.33676528930664,161.01942443847656,195.41941833496097,1.213638783124754,0.4338778547669292,0.3560860156422573
66,0,1,1,0,0,0,0,84.68141174316406,73.04275512695312,172.9359588623047,199.24331665039065,1.152121964461032,0.4896691948872774,0.4223688098616397
1,0,1,0,1,0,0,0,82.41820526123047,64.81999206542969,172.58424377441406,180.3403778076172,1.0449411479494108,0.4775534745162473,0.3755846457812006
24,0,1,0,0,0,1,0,85.88821411132812,76.30343627929688,173.5225372314453,202.58416748046875,1.167480436332376,0.494968639127089,0.4397321379500285
25,1,0,0,0,1,0,0,75.1919937133789,57.028072357177734,171.08602905273438,180.60447692871097,1.055635448018042,0.4394981526527934,0.3333298029823335
46,0,1,1,0,0,0,0,81.33970642089844,68.88661193847656,179.2106170654297,195.6527557373047,1.0917475702116015,0.4538777208227644,0.3843891230692325
30,0,1,0,0,0,1,0,77.24250030517578,61.80315780639648,164.80506896972656,191.2657928466797,1.1605577064004855,0.468690076027726,0.3750076268451988
45,1,0,1,0,0,0,0,81.7712173461914,71.05989074707031,167.24766540527344,199.37550354003903,1.192097378799959,0.4889229224697632,0.42487822221541
73,1,0,1,0,0,0,0,80.26715850830078,67.65887451171875,170.27334594726562,195.62892150878903,1.1489110078883171,0.4714017808351511,0.3973544663453843
28,1,0,1,0,0,0,0,81.42041015625,66.38920593261719,180.2553253173828,183.87457275390625,1.0200784494447024,0.4516948945219222,0.3683064886750116
15,0,1,1,0,0,0,0,89.09454345703125,75.48872375488281,192.04583740234375,194.5035400390625,1.0127974793411938,0.4639233250881382,0.3930765945045239
33,1,0,0,0,0,1,0,82.06514739990234,68.20921325683594,183.9765167236328,194.32107543945312,1.0562276039357772,0.4460631653504972,0.3707495634309619
70,0,1,1,0,0,0,0,78.26345825195312,65.14402770996094,179.27255249023438,197.38758850097656,1.101047459631217,0.4365612982289434,0.3633798191918396
85,0,1,1,0,0,0,0,86.39196014404297,72.92879486083984,187.81056213378903,202.9105224609375,1.080399952780035,0.4599952162567974,0.3883104018872387
53,1,0,0,0,0,1,0,79.82626342773438,69.71318054199219,175.30108642578125,199.0870056152344,1.1356860911385374,0.4553666212532637,0.3976768311216785
3,0,1,0,0,0,0,1,79.3060073852539,57.460975646972656,183.1433258056641,189.134033203125,1.0327104871067905,0.4330270133316602,0.3137486741282906
38,1,0,1,0,0,0,0,68.05502319335938,58.364219665527344,157.80059814453125,193.09991455078125,1.223695707248961,0.4312722764905305,0.3698605731016997
52,1,0,0,0,0,1,0,83.30828857421875,76.93913269042969,175.28167724609375,196.4190368652344,1.1205908110376193,0.4752823562799135,0.4389456667647463
30,0,1,1,0,0,0,0,81.52200317382812,67.9697265625,167.76820373535156,200.46246337890625,1.1948775686668776,0.4859204626308464,0.4051406944173989
48,1,0,1,0,0,0,0,73.50289154052734,61.14633560180664,146.98866271972656,203.6037750244141,1.3851665241192068,0.5000582370130163,0.4159935499134282
26,1,0,1,0,0,0,0,74.7278060913086,60.15502166748047,160.44898986816406,186.32830810546875,1.1612931203778154,0.4657418295541162,0.3749167988960726
2,1,0,0,0,1,0,0,78.82904052734375,56.42585754394531,189.33363342285156,187.51866149902344,0.9904138958777884,0.4163499062593361,0.298023423117464
24,0,1,0,0,1,0,0,72.64837646484375,61.351356506347656,162.51504516601562,195.7527008056641,1.2045204836616503,0.447025543946596,0.3775118570940604
40,1,0,0,0,0,1,0,73.40040588378906,59.771820068359375,160.87037658691406,197.5169677734375,1.2278019854495974,0.4562704920637314,0.371552683200603
4,0,1,0,0,0,0,1,87.97967529296875,76.15352630615234,179.11607360839844,195.9447784423828,1.0939541856571564,0.4911880520858153,0.4251629949897564
1,1,0,0,0,1,0,0,86.68367004394531,71.23197937011719,191.59437561035156,208.9302978515625,1.0904824172733925,0.4524332709026659,0.3717853363033097
30,0,1,0,1,0,0,0,75.8186264038086,63.7940673828125,171.15936279296875,195.08399963378903,1.1397798896327926,0.4429709550596856,0.3727173690169473
31,0,1,1,0,0,0,0,79.78215789794922,68.7157974243164,173.62257385253906,195.20169067382812,1.1242875067594411,0.4595148898420876,0.395776861842159
34,0,1,1,0,0,0,0,84.83108520507812,69.93119812011719,183.29869079589844,201.4029541015625,1.0987691904784145,0.4628024610363248,0.3815149896405151
22,0,1,0,0,0,1,0,75.60026550292969,61.14687728881836,166.41650390625,190.87388610839844,1.1469648840593742,0.4542834618465411,0.3674327717115436
55,1,0,0,0,0,1,0,78.96162414550781,67.2076416015625,166.43922424316406,196.1111297607422,1.178274716506898,0.4744171604053297,0.4037968928728819
3,0,1,0,0,1,0,0,79.66019439697266,60.17410659790039,187.5139007568359,187.3580017089844,0.9991686000492642,0.4248228748666176,0.320904777485979
18,0,1,1,0,0,0,0,80.65936279296875,73.11831665039062,169.8528594970703,192.98556518554688,1.1361926184638391,0.474877862120184,0.4304803396710068
34,0,1,0,1,0,0,0,71.25798797607422,59.127689361572266,153.2784423828125,185.37127685546875,1.2093760477582651,0.4648924328060927,0.3857534591452921
65,0,1,1,0,0,0,0,74.59618377685547,59.78268051147461,165.7790985107422,197.03660583496097,1.188549145248207,0.4499733949996222,0.3606165134719972
1,0,1,1,0,0,0,0,83.53504943847656,63.65469741821289,196.3794708251953,182.3274688720703,0.9284446490558416,0.425375672352403,0.3241413022997415
24,0,1,0,0,0,1,0,72.13055419921875,56.89922332763672,169.33709716796875,180.4246063232422,1.0654759609128974,0.4259583718248758,0.3360115667460466
25,0,1,1,0,0,0,0,68.29718780517578,51.23363494873047,151.75958251953125,184.8211212158203,1.217854702466871,0.4500354222863391,0.3375973635281764
32,0,1,1,0,0,0,0,86.88378143310547,76.82256317138672,172.09584045410156,199.7351531982422,1.1606041881733458,0.5048569518231768,0.4463940730274391
69,0,1,1,0,0,0,0,75.01666259765625,67.29591369628906,155.18565368652344,193.4305725097656,1.2464462269205456,0.4833994690591093,0.4336477766960822
27,1,0,0,1,0,0,0,78.59061431884766,70.22245025634766,162.86228942871094,199.2824249267578,1.2236253439995324,0.4825586978700113,0.4311768580846694
25,1,0,0,1,0,0,0,71.68547058105469,63.62288284301758,154.3247528076172,183.3544464111328,1.188107825059693,0.4645105161478439,0.4122662222717473
65,1,0,0,1,0,0,0,75.068603515625,60.72445297241211,156.5581817626953,180.05426025390625,1.1500788922473906,0.4794933274672991,0.3878714755671845
16,1,0,1,0,0,0,0,75.32893371582031,57.343021392822266,175.52330017089844,188.66943359375,1.074896799513522,0.4291677152974916,0.3266974888062734
58,1,0,0,0,0,1,0,73.03802490234375,61.06622314453125,161.8419647216797,196.0162811279297,1.2111585611619318,0.4512922530812546,0.377320080422572
27,1,0,0,1,0,0,0,72.4439468383789,62.059791564941406,160.39332580566406,195.27392578125,1.2174691484223477,0.4516643474688811,0.3869225309295871
50,1,0,0,0,0,1,0,73.52782440185547,57.90876770019531,171.09454345703125,195.72769165039065,1.1439738970959397,0.4297496747482264,0.3384606342793073
28,1,0,0,0,1,0,0,85.65414428710938,76.22499084472656,165.99147033691406,202.34100341796875,1.2189843430344691,0.5160153356871685,0.4592102876732892
23,0,1,1,0,0,0,0,88.03114318847656,79.38203430175781,184.1358642578125,203.85804748535156,1.1071066916107424,0.4780771173681967,0.4311057741071742
11,0,1,1,0,0,0,0,79.02423095703125,65.78717803955078,173.05665588378906,205.4706268310547,1.1873026540454603,0.4566379175274112,0.3801482104434525
6,0,1,1,0,0,0,0,84.7527084350586,72.45348358154297,188.6235809326172,195.1701507568359,1.0347070593817078,0.4493219141319089,0.3841167855223035
4,0,1,0,0,1,0,0,81.5812759399414,72.26441192626953,173.9527587890625,195.25460815429688,1.122457669044877,0.4689852377614084,0.4154255007470065
25,0,1,0,0,1,0,0,70.80358123779297,61.784454345703125,160.886474609375,194.0708465576172,1.206259550585668,0.4400841115432532,0.3840251611934002
32,0,1,0,0,0,0,1,80.21808624267578,67.72078704833984,156.51268005371094,197.72296142578125,1.263303148076744,0.5125341040428615,0.4326856266540186
68,1,0,1,0,0,0,0,78.25609588623047,59.97747421264648,182.7162170410156,198.4727478027344,1.0862349878783986,0.4282931047585326,0.328254794149897
54,1,0,0,0,0,1,0,75.03150939941406,64.77964782714844,157.37071228027344,198.6207275390625,1.2621200264082415,0.4767819139420603,0.4116372537717021
21,0,1,1,0,0,0,0,79.49579620361328,66.19560241699219,165.4159393310547,195.18081665039065,1.1799395961459682,0.4805812337377875,0.4001766860236595
61,1,0,0,0,0,1,0,77.714599609375,63.244686126708984,165.91357421875,182.2435302734375,1.0984244726905656,0.4684041072306212,0.3811905470936546
55,1,0,0,0,1,0,0,76.36878967285156,67.30801391601562,161.74490356445312,195.98843383789065,1.2117131947826223,0.472155771154914,0.4161368453207201
57,1,0,1,0,0,0,0,75.65293884277344,66.30133056640625,156.26019287109375,195.2885284423828,1.2497650543890302,0.4841472255520831,0.4243008366251108
26,0,1,0,0,0,0,1,64.37782287597656,56.042236328125,150.11903381347656,194.2709045410156,1.2941124093724043,0.4288451719984172,0.3733186585636947
22,0,1,1,0,0,0,0,82.2238540649414,68.85737609863281,167.2202911376953,198.74053955078125,1.1884953566258951,0.491709788958777,0.4117764395107596
63,1,0,1,0,0,0,0,72.78887939453125,61.87369918823242,156.1105499267578,193.4698944091797,1.2393133872114968,0.4662649604955047,0.3963454053378303
25,0,1,0,0,0,0,1,77.8323745727539,68.19064331054688,165.67788696289062,196.101318359375,1.1836300061172242,0.4697813087765128,0.4115856651758273
60,0,1,0,1,0,0,0,81.31329345703125,74.20780944824219,173.37936401367188,199.3623046875,1.1498617832730038,0.468990608655245,0.4280083150056457
66,0,1,0,1,0,0,0,78.26746368408203,66.9815673828125,159.18212890625,200.1756134033203,1.2575256706185487,0.4916849914111746,0.4207857241453352
54,0,1,0,1,0,0,0,81.0967788696289,68.5312728881836,178.2616729736328,196.24188232421875,1.1008641344527572,0.4549310994159926,0.3844419933067735
30,1,0,1,0,0,0,0,72.21810150146484,55.06311798095703,166.864013671875,202.7105407714844,1.2148247924210835,0.432796142872819,0.3299879750539522
30,0,1,1,0,0,0,0,78.69933319091797,64.20653533935547,161.241943359375,191.3866424560547,1.1869532112342096,0.4880822666315389,0.398199959648541
19,1,0,0,1,0,0,0,70.69757843017578,58.537864685058594,154.29391479492188,185.835693359375,1.2044265880892098,0.4582006913502889,0.3793919206915164
2,1,0,1,0,0,0,0,79.07322692871094,66.69002532958984,165.7826690673828,216.94207763671875,1.3085932254386738,0.4769691993351332,0.4022738064524917
36,0,1,0,0,0,0,1,82.76380157470703,77.93103790283203,174.65940856933594,198.0238800048828,1.1337716165818328,0.4738582493358875,0.4461886052470807
52,1,0,0,0,0,1,0,81.62774658203125,66.07862854003906,177.63914489746094,199.29833984375,1.1219280522814463,0.4595144084326089,0.3719823610847811
32,0,1,0,0,1,0,0,79.55674743652344,64.26188659667969,164.27249145507812,197.21530151367188,1.2005375931587563,0.4842974422061346,0.3911907954123452
25,0,1,0,0,1,0,0,71.74405670166016,59.45734786987305,156.09010314941406,175.436767578125,1.1239454907028394,0.4596323229601855,0.380916833740309
69,0,1,1,0,0,0,0,73.93321990966797,61.74447250366211,162.7383270263672,195.77294921875,1.202992268606955,0.4543073611521713,0.3794095320499279
35,1,0,0,0,0,1,0,69.49266815185547,59.56100082397461,152.13905334472656,196.24310302734375,1.2898930203192691,0.4567707411350487,0.3914905444364598
28,0,1,0,0,0,0,1,79.41787719726562,66.52032470703125,157.22779846191406,199.4308624267578,1.2684198619944855,0.5051134594147697,0.4230824660636887
4,0,1,0,0,0,1,0,51.168739318847656,41.63014221191406,110.42916870117188,124.51898956298828,1.127591478117021,0.463362532931072,0.376985018555811
61,1,0,1,0,0,0,0,69.21569061279297,58.11847305297851,154.7306365966797,186.04879760742188,1.2024043957912225,0.4473302258376299,0.3756106375007679
26,0,1,0,0,1,0,0,83.11210632324219,67.32199096679688,174.04684448242188,190.04364013671875,1.0919108628591798,0.4775272230323958,0.3868038582773396
26,1,0,0,0,1,0,0,77.97953796386719,61.72657012939453,164.71026611328125,195.41537475585935,1.186418912233803,0.4734345939932847,0.3747584870450116
28,1,0,0,0,0,1,0,80.39278411865234,64.45123291015625,175.90234375,192.58218383789065,1.0948244334458486,0.4570307728981146,0.3664034914836446
39,0,1,0,1,0,0,0,81.39722442626953,72.03517150878906,173.92247009277344,198.6821746826172,1.1423605850160503,0.4680086729612956,0.4141797863747231
38,0,1,1,0,0,0,0,77.30643463134766,67.1201171875,169.3678741455078,190.1557159423828,1.1227378090547189,0.4564409574210746,0.3962978075159376
29,1,0,0,0,0,1,0,74.8100814819336,56.67681884765625,166.9931182861328,194.27210998535156,1.1633539871533976,0.4479830201969817,0.3393961345792937
42,1,0,1,0,0,0,0,78.61454772949219,66.88176727294922,169.8905487060547,197.2523956298828,1.161055733424993,0.4627364401860364,0.3936756210533425
10,0,1,0,0,0,1,0,78.34823608398438,61.504878997802734,176.6579132080078,193.5621337890625,1.0956890086273725,0.4435025562185396,0.348158075010108
26,1,0,0,1,0,0,0,79.3728256225586,67.77433776855469,162.5541229248047,195.7784118652344,1.2043890880319217,0.4882855272718944,0.4169339820430526
66,1,0,1,0,0,0,0,80.84773254394531,69.77765655517578,161.92608642578125,196.1320343017578,1.2112442079655574,0.4992878808381615,0.430922886456336
30,1,0,0,0,1,0,0,76.04481506347656,65.27131652832031,161.02117919921875,195.81216430664065,1.2160646523671137,0.4722659183199269,0.4053585798646107
28,0,1,1,0,0,0,0,76.85982513427734,66.34392547607422,166.49937438964844,194.5848388671875,1.1686821021429927,0.4616223058857082,0.3984635120658984
2,1,0,0,0,0,0,1,87.2905044555664,76.45941925048828,185.97862243652344,198.39598083496097,1.0667676652066596,0.469357732152036,0.4111193977500544
28,0,1,1,0,0,0,0,82.60157775878906,70.68010711669922,169.22894287109375,192.37472534179688,1.136772008842092,0.4881054999067677,0.4176596858525445
23,0,1,0,0,1,0,0,76.36285400390625,64.70659637451172,165.94241333007812,197.0837554931641,1.1876635486862683,0.4601768316579315,0.3899340444434963
70,1,0,1,0,0,0,0,82.69254302978516,74.65997314453125,172.84353637695312,198.7338409423828,1.149790412231359,0.4784242718191187,0.4319512011239222
58,1,0,1,0,0,0,0,78.7142333984375,69.39752960205078,173.15281677246094,192.72813415527344,1.113052260700652,0.4545940104565286,0.4007877601739835
22,0,1,0,1,0,0,0,86.73160552978516,70.35018157958984,167.12503051757812,195.66661071777344,1.1707798054654257,0.5189623915770222,0.4209434180009944
26,1,0,0,0,0,0,1,81.1107406616211,67.86433410644531,165.87979125976562,197.80514526367188,1.1924607799506546,0.4889730089821654,0.4091175518793042
1,0,1,1,0,0,0,0,80.67025756835938,65.26620483398438,179.02394104003906,186.17889404296875,1.0399664590186262,0.450611561223073,0.3645669090671368
20,1,0,1,0,0,0,0,78.29104614257812,62.827423095703125,171.40994262695312,197.7521514892578,1.1536795850847137,0.4567474029961396,0.36653313181743
31,1,0,0,1,0,0,0,73.9651107788086,58.44169616699219,163.5055694580078,187.9422149658203,1.1494545145392645,0.4523705891119789,0.3574293913089085
55,0,1,0,1,0,0,0,72.70793151855469,68.66433715820312,160.0531463623047,194.16632080078125,1.2131365437906243,0.4542736782816453,0.4290096053642765
25,1,0,0,0,0,1,0,82.9229507446289,66.20120239257812,182.3954162597656,200.1160125732422,1.097154833585506,0.454632865480188,0.3629543096537858
1,1,0,0,0,0,0,1,73.91114044189453,51.136680603027344,176.8000030517578,182.34437561035156,1.0313595727539135,0.4180494296725617,0.2892346138029035
53,1,0,1,0,0,0,0,82.86631774902344,70.651611328125,180.20034790039065,194.59388732910156,1.079875203330169,0.4598565913692323,0.3920725578575413
27,1,0,1,0,0,0,0,81.00072479248047,63.12873840332031,178.19491577148438,194.1366271972656,1.089462212525888,0.4545624909767633,0.3542678988904266
1,0,1,1,0,0,0,0,86.2520523071289,72.81442260742188,195.43768310546875,197.93014526367188,1.0127532322252206,0.4413276443754331,0.3725710489932858
27,1,0,0,0,0,1,0,71.96112060546875,60.41588592529297,157.96920776367188,192.9037322998047,1.2211476846069662,0.4555389092862034,0.382453560289278
28,0,1,1,0,0,0,0,79.0273666381836,71.45327758789062,171.4965362548828,196.51318359375,1.1458726099382366,0.4608102785279055,0.4166456019945197
43,1,0,1,0,0,0,0,78.99176025390625,65.5445785522461,167.6993408203125,196.0547790527344,1.1690849713166396,0.4710320259311265,0.3908457733443102
20,0,1,0,0,1,0,0,78.3080825805664,61.78086853027344,177.2963409423828,183.5305938720703,1.035162896744234,0.4416790677367375,0.3484610466402732
42,1,0,0,0,0,1,0,79.33187866210938,68.0079345703125,172.5761260986328,193.82357788085935,1.1231192996537824,0.4596920817237991,0.3940749865450321
35,1,0,1,0,0,0,0,82.41095733642578,68.79156494140625,181.87644958496097,201.71925354003903,1.1091004580326866,0.4531150543376353,0.3782323940146592
26,1,0,0,1,0,0,0,78.43946838378906,65.59822845458984,162.43905639648438,181.6046600341797,1.1179864255731429,0.4828855210309305,0.4038328583642866
75,0,1,1,0,0,0,0,68.24791717529297,54.45407485961914,150.81777954101562,188.77845764160156,1.2516989589431156,0.4525190424033037,0.361058722819945
14,1,0,1,0,0,0,0,84.6104965209961,71.65019226074219,190.98231506347656,196.5421905517578,1.02911199126701,0.4430279133063928,0.3751666338159525
45,0,1,0,1,0,0,0,75.1553726196289,64.40026092529297,163.97222900390625,194.04042053222656,1.1833736829155626,0.4583420807058646,0.3927510244662148
36,1,0,0,1,0,0,0,78.16223907470703,67.67564392089844,164.5558624267578,196.6240692138672,1.1948773280647027,0.4749890883376839,0.4112624304164198
28,0,1,0,1,0,0,0,78.18596649169922,70.01898193359375,167.59837341308594,194.82052612304688,1.1624249218867149,0.4665079075617957,0.4177784098239149
92,0,1,1,0,0,0,0,87.29918670654297,73.61859130859375,175.46189880371094,191.3949432373047,1.0908062920909003,0.4975392794774464,0.419570241804751
29,0,1,0,1,0,0,0,89.10261535644531,82.22955322265625,190.3167724609375,203.62338256835935,1.0699182207398616,0.468180571813415,0.4320667703606305
1,1,0,0,0,0,1,0,82.25989532470703,67.65138244628906,174.32249450683594,203.3938140869141,1.1667674597149489,0.4718834224890079,0.3880817713036808
23,0,1,0,1,0,0,0,83.08743286132812,70.61894989013672,181.0080108642578,199.9280242919922,1.1045258347263036,0.4590262743875869,0.3901426768514435
1,1,0,0,0,1,0,0,83.20484161376953,70.40137481689453,181.3109588623047,178.3432159423828,0.983631751006426,0.4589068533742566,0.3882907864954834
22,0,1,1,0,0,0,0,80.16949462890625,67.57396697998047,160.7353515625,197.9962921142578,1.2318154667877734,0.498767034442534,0.4204051337997363
41,0,1,0,1,0,0,0,90.73589324951172,80.33009338378906,170.8297882080078,204.34825134277344,1.196209709596739,0.5311479584522389,0.4702346951690683
90,0,1,1,0,0,0,0,76.99223327636719,63.63817596435547,162.02195739746094,185.8468017578125,1.147047009819207,0.4751962913736144,0.392775010168793
1,1,0,0,0,0,1,0,76.86500549316406,57.67702102661133,178.3245391845703,189.26417541503903,1.0613467797561271,0.4310399782590038,0.3234384975301362
59,1,0,1,0,0,0,0,90.02604675292969,78.60572052001953,197.0514984130859,200.53970336914065,1.0177019966056908,0.4568655781759393,0.3989095295039859
32,0,1,0,1,0,0,0,85.58427429199219,73.29972076416016,169.45956420898438,198.83978271484375,1.173375982895993,0.50504245476783,0.432549918951544
85,0,1,0,0,0,0,1,82.13963317871094,70.78433990478516,169.33648681640625,200.88497924804688,1.186306525101382,0.4850675405104294,0.4180099707721536
28,1,0,0,0,1,0,0,80.15680694580078,69.97476959228516,176.58453369140625,187.38235473632812,1.0611481697700198,0.4539288083172695,0.3962678278187768
76,0,1,1,0,0,0,0,78.56061553955078,66.13330078125,168.5178985595703,207.39813232421875,1.2307187194771745,0.4661855874720628,0.3924408110149331
39,1,0,0,0,0,1,0,71.49269104003906,61.411380767822266,154.96707153320312,198.4676818847656,1.280708733288814,0.4613411761137984,0.3962866443834444
26,0,1,0,0,1,0,0,67.60267639160156,55.03863525390625,162.61265563964844,199.2830352783203,1.22550753810905,0.4157282600525871,0.3384646480152966
29,0,1,0,0,0,1,0,74.32598114013672,52.82551193237305,170.05087280273438,182.0739288330078,1.0707027010924,0.4370808565408408,0.3106453443120677
31,0,1,0,0,0,0,1,84.45283508300781,75.65003967285156,170.16812133789062,204.1954040527344,1.199962733603189,0.4962905767486019,0.4445605856025096
61,1,0,1,0,0,0,0,86.39535522460938,74.4261474609375,176.5606231689453,192.69189453125,1.0913639240323092,0.4893240274868104,0.4215331036168889
31,1,0,0,0,0,1,0,86.1270523071289,74.6640625,172.72390747070312,206.94866943359375,1.1981472192475482,0.498640017866302,0.4322740470230751
42,0,1,0,1,0,0,0,69.0244369506836,62.11845016479492,156.73568725585938,193.4490509033203,1.2342374241006715,0.4403874966778072,0.3963261414957218
13,1,0,0,1,0,0,0,67.44989776611328,55.38380813598633,161.25247192382812,178.96951293945312,1.1098714382747206,0.4182875273873322,0.3434602116496442
25,0,1,0,0,1,0,0,85.5417251586914,68.33094024658203,187.66014099121097,199.85317993164065,1.0649740476375362,0.4558332137387541,0.3641206911902634
62,0,1,1,0,0,0,0,88.86625671386719,76.87686157226562,172.93211364746094,202.0786590576172,1.1685432786045415,0.5138794341866992,0.4445493665160806
8,0,1,1,0,0,0,0,82.43019104003906,72.5010986328125,172.56776428222656,199.4378204345703,1.1557072739749876,0.477668534345895,0.4201311811297521
48,1,0,1,0,0,0,0,82.26913452148438,69.1881103515625,174.50621032714844,203.52088928222656,1.1662673145023552,0.4714395801000643,0.3964793586535109
49,0,1,1,0,0,0,0,77.3891830444336,69.11813354492188,161.73875427246094,198.25680541992188,1.2257841746817435,0.478482620894098,0.4273442926887346
38,0,1,1,0,0,0,0,88.42576599121094,75.64581298828125,175.91526794433594,203.31678771972656,1.1557654437593283,0.5026611221670145,0.4300127775845898
35,1,0,0,0,0,0,1,84.07304382324219,74.2277603149414,182.35682678222656,199.32794189453125,1.0930654224016074,0.4610359003649672,0.4070467863733195
35,1,0,0,0,0,1,0,88.26386260986328,77.3699951171875,174.94908142089844,205.7841339111328,1.1762515826879385,0.5045117235998232,0.4422429342801071
52,0,1,1,0,0,0,0,78.968505859375,70.21887969970703,166.03460693359375,192.3468017578125,1.1584741597559984,0.4756147366973849,0.4229171315338577
35,1,0,1,0,0,0,0,74.45975494384766,55.840057373046875,166.74122619628906,193.8400421142578,1.1625201909338714,0.4465587583972368,0.3348905285565762
25,1,0,1,0,0,0,0,83.06389617919922,65.92634582519531,189.1431427001953,194.86083984375,1.0302294709812323,0.4391589089267757,0.3485526616721867
75,1,0,1,0,0,0,0,80.42787170410156,58.852577209472656,186.2085723876953,185.09275817871097,0.9940077183629272,0.4319235719000456,0.3160572923943519
22,0,1,0,0,1,0,0,84.15422821044922,68.47517395019531,183.01254272460935,198.7261199951172,1.0858606576170742,0.4598276542011738,0.374155633984247
55,1,0,0,0,0,1,0,86.10057830810547,74.24201202392578,169.75152587890625,205.02259826660156,1.2077805911026465,0.507215342320552,0.4373569641835619
32,1,0,1,0,0,0,0,76.4255599975586,65.06034088134766,157.69725036621094,197.25698852539065,1.2508587693654296,0.484634702381177,0.4125648400987455
42,0,1,0,1,0,0,0,83.62896728515625,72.4662857055664,165.7727813720703,198.03741455078125,1.1946316693950756,0.5044794844664783,0.4371422443767699
45,0,1,0,0,0,1,0,77.11270141601562,63.91080856323242,158.43679809570312,187.91656494140625,1.1860664138636277,0.4867095418668837,0.4033836162519981
4,1,0,1,0,0,0,0,79.74410247802734,58.69330978393555,180.27088928222656,200.6159820556641,1.1128584479415635,0.4423570704928538,0.32558395877244
28,0,1,0,0,1,0,0,78.8336410522461,66.20960998535156,164.17662048339844,203.08377075195312,1.236983500781032,0.4801758059103048,0.4032828169468057
50,1,0,0,0,1,0,0,77.29527282714844,66.7045669555664,167.47093200683594,186.3458709716797,1.1127057617621263,0.4615444119221439,0.398305342642051
71,0,1,0,0,0,1,0,69.44327545166016,57.584468841552734,157.1007537841797,189.2476806640625,1.2046261784589862,0.4420301862272364,0.3665448284268613
23,0,1,1,0,0,0,0,68.17354583740234,55.499786376953125,162.0935821533203,187.35467529296875,1.1558426484507855,0.4205814007671116,0.3423934843049939
20,0,1,0,0,1,0,0,69.70474243164062,56.17277526855469,142.32363891601562,187.96408081054688,1.3206806841234815,0.4897622275718582,0.3946833828616617
60,1,0,0,0,0,1,0,78.35212707519531,63.396766662597656,170.07943725585938,191.54812622070312,1.1262274223811506,0.4606795997174315,0.3727479799173288
39,0,1,0,0,0,1,0,79.5003433227539,63.561065673828125,177.1109619140625,195.04281616210935,1.1012464392618888,0.4488730819571119,0.3588770846644101
31,1,0,0,0,0,1,0,83.01228332519531,71.93571472167969,174.4227294921875,197.3174591064453,1.131260012275426,0.4759258358522218,0.4124216776741917
75,0,1,1,0,0,0,0,85.41617584228516,71.73332977294922,188.1266632080078,194.9921417236328,1.036493915315098,0.4540354588006604,0.3813033652419335
27,1,0,0,1,0,0,0,80.92520904541016,70.56739807128906,169.8387451171875,190.5181121826172,1.1217588310085609,0.4764826129018579,0.4154964641466119
7,0,1,0,0,1,0,0,75.9052734375,56.65983200073242,172.13003540039062,192.99647521972656,1.1212248621851415,0.440976342454919,0.3291687698136837
26,0,1,0,0,0,1,0,73.85132598876953,64.0229263305664,157.2127685546875,199.32379150390625,1.2678600684687398,0.4697539943333538,0.4072374459094625
44,1,0,0,0,0,1,0,73.53529357910156,59.24321746826172,163.55099487304688,192.73863220214844,1.178461998056067,0.4496169138939316,0.3622308596425724
40,0,1,0,0,1,0,0,69.71202850341797,53.63557052612305,153.8224334716797,189.92117309570312,1.2346779907799963,0.4531980604522986,0.3486849695171278
6,0,1,0,0,0,0,1,81.02444458007812,62.98136138916016,169.55450439453125,183.14854431152344,1.080175044393752,0.4778666592752074,0.3714520095709798
32,0,1,0,0,0,1,0,72.07701110839844,54.83986282348633,159.59573364257812,198.12940979003903,1.241445527821933,0.4516224178637392,0.3436173484831536
25,1,0,0,1,0,0,0,77.90528869628906,69.4929428100586,170.99830627441406,193.65365600585935,1.1324887376082458,0.4555909961544793,0.4063955036989545
26,0,1,0,0,0,1,0,77.56616973876953,68.8460693359375,164.88430786132812,197.86729431152344,1.20003714651812,0.4704278457110948,0.417541670453193
62,1,0,0,0,1,0,0,81.03560638427734,70.78736114501953,173.31707763671875,200.05953979492188,1.1542979060277987,0.4675569625869876,0.4084269254377423
16,1,0,1,0,0,0,0,80.9866943359375,67.56873321533203,170.42918395996094,195.6528778076172,1.148001024599062,0.47519264279857,0.396462223460543
52,1,0,1,0,0,0,0,74.5156021118164,60.921600341796875,159.92369079589844,193.30657958984375,1.2087426111028792,0.4659447373992666,0.380941685616471
55,0,1,1,0,0,0,0,87.94831848144531,76.67540740966797,170.6973114013672,201.9875030517578,1.1833080520923775,0.5152296644828168,0.4491893093112528
17,0,1,1,0,0,0,0,76.23806762695312,68.09109497070312,164.89749145507812,187.94049072265625,1.1397413572774426,0.4623361274584467,0.4129298412599121
61,1,0,1,0,0,0,0,79.6193618774414,67.46002960205078,160.92083740234375,202.35630798339844,1.2574897772713878,0.4947734747264109,0.4192125189690832
62,1,0,1,0,0,0,0,74.10517883300781,66.01046752929688,157.7005157470703,190.68614196777344,1.2091662545581492,0.4699108210391791,0.4185811772180154
49,1,0,1,0,0,0,0,85.36485290527344,72.60466766357422,170.69203186035156,197.54153442382812,1.1572979258073568,0.5001103564993185,0.4253547565886048
29,0,1,0,0,1,0,0,77.68893432617188,64.69535064697266,168.98098754882812,190.02459716796875,1.1245324099733998,0.4597495579419736,0.3828557968882655
8,0,1,1,0,0,0,0,85.15192413330078,75.8981704711914,184.14122009277344,199.85247802734375,1.0853217868690928,0.4624272832036185,0.4121737133758136
63,1,0,1,0,0,0,0,83.8584976196289,72.16486358642578,180.10804748535156,197.75592041015625,1.0979849216689777,0.4656010588668962,0.4006753978735739
77,1,0,1,0,0,0,0,72.65385437011719,53.98276901245117,170.97821044921875,183.7628173828125,1.0747733111722493,0.4249304878044427,0.3157289392058778
26,0,1,0,0,0,1,0,84.61978912353516,73.16830444335938,170.73928833007812,198.4953155517578,1.1625637982514074,0.495608186909774,0.4285381833260795
25,0,1,0,0,0,1,0,82.07355499267578,73.07278442382812,177.83897399902344,198.64089965820312,1.1169705672013936,0.4615048835871403,0.4108929712124261
2,0,1,1,0,0,0,0,87.3812255859375,71.38067626953125,183.12982177734375,208.7459259033203,1.1398794793625782,0.4771545384463866,0.3897818256838507
35,0,1,1,0,0,0,0,79.0007553100586,66.87064361572266,175.28384399414062,190.57757568359375,1.0872512340039984,0.450701864529508,0.381499184933199
1,1,0,0,1,0,0,0,76.19728088378906,57.372467041015625,177.03219604492188,179.97122192382812,1.0166016461670084,0.4304148205022211,0.3240792823157284
35,1,0,0,0,0,1,0,83.10872650146484,73.49478149414062,176.95616149902344,199.7876739501953,1.1290235516964346,0.4696571500954686,0.4153276205335535
35,0,1,0,0,0,0,1,71.29649353027344,59.814945220947266,160.19566345214844,190.2888336181641,1.1878525892494256,0.4450588236526777,0.373386794198798
18,1,0,1,0,0,0,0,76.71870422363281,57.1205940246582,178.2320556640625,199.6129150390625,1.119960796588125,0.4304427951402563,0.320484403391054
60,1,0,0,0,1,0,0,85.52701568603516,69.26898956298828,193.8654632568359,193.5660095214844,0.9984553528497504,0.4411668496761987,0.3573044337000844
27,0,1,1,0,0,0,0,80.51262664794922,61.57178497314453,167.26161193847656,184.2061462402344,1.101305578162134,0.4813574717763929,0.3681166542613037
46,1,0,0,0,0,1,0,78.31997680664062,61.35918045043945,178.08160400390625,193.6859436035156,1.0876246577342543,0.4397982444324943,0.3445565351550491
39,1,0,0,0,0,1,0,87.05674743652344,73.32337951660156,170.5457000732422,199.50607299804688,1.1698100445356725,0.510459937712509,0.4299339091229638
42,1,0,0,1,0,0,0,77.54409790039062,65.92913818359375,173.5807647705078,208.95486450195312,1.2037904359864622,0.4467320904070918,0.3798182262346813
28,1,0,0,0,0,1,0,77.27133178710938,69.07401275634766,168.84507751464844,203.13885498046875,1.2031079494327876,0.4576463402103361,0.4090969886306281
26,0,1,1,0,0,0,0,81.04657745361328,72.20913696289062,164.82342529296875,202.5712890625,1.229020017648799,0.4917175899575888,0.438099965672604
26,0,1,0,0,0,1,0,85.61729431152344,76.45951843261719,184.56549072265625,200.226806640625,1.0848550606976837,0.4638857132841764,0.414267684241751
35,0,1,0,0,0,1,0,87.1513900756836,77.72166442871094,175.98146057128906,200.69007873535156,1.1404046658315643,0.4952305191283435,0.4416468881233449
18,0,1,1,0,0,0,0,78.04185485839844,62.294334411621094,177.90438842773438,185.1708068847656,1.040844514973743,0.4386730172769145,0.3501562550657672
37,1,0,0,0,1,0,0,90.92819213867188,78.70661163330078,172.19313049316406,200.35562133789065,1.1635517675070357,0.5280593475375701,0.4570833424532309
26,0,1,0,1,0,0,0,61.7023811340332,44.84174346923828,152.17047119140625,195.1101837158203,1.2821816360836704,0.4054819614537528,0.2946809792869374
30,0,1,0,0,0,1,0,77.77726745605469,61.742801666259766,174.11773681640625,194.54763793945312,1.11733383109952,0.4466935355245561,0.3546037456905542
25,1,0,1,0,0,0,0,79.36771392822266,73.02942657470703,165.83258056640625,199.0643615722656,1.2003935589276558,0.4786014524838231,0.4403804507248985
38,1,0,1,0,0,0,0,79.2227554321289,62.01074981689453,171.7387237548828,188.05081176757812,1.09498200322006,0.4612981493049931,0.3610761071300407
23,0,1,0,1,0,0,0,87.5213394165039,78.0106430053711,181.24400329589844,203.295166015625,1.1216656127581,0.4828923320216935,0.4304177881019939
30,0,1,1,0,0,0,0,75.35999298095703,61.2952880859375,160.7563934326172,191.44061279296875,1.1908740218983154,0.4687837999584446,0.3812930035136058
3,0,1,1,0,0,0,0,81.7545394897461,65.22079467773438,187.14247131347656,197.4060516357422,1.0548436720442438,0.4368572185455518,0.3485087816783451
53,1,0,1,0,0,0,0,83.94853973388672,70.30658721923828,183.36512756347656,200.07354736328125,1.0911210327820955,0.4578217289698433,0.3834239811760273
56,0,1,1,0,0,0,0,83.19976806640625,73.2481460571289,177.84048461914062,194.5876922607422,1.0941698268392994,0.4678336782796397,0.411875542365933
27,0,1,0,0,0,1,0,71.40362548828125,61.769657135009766,157.10252380371094,193.58660888671875,1.2322310565079924,0.4545033635328181,0.3931805526700946
15,0,1,0,0,0,1,0,75.31841278076172,70.45658874511719,155.10874938964844,202.44615173339844,1.305188472797455,0.4855845532707794,0.4542399382521182
1,1,0,0,0,1,0,0,86.85279083251953,69.54962158203125,197.9375762939453,194.2946929931641,0.9815957971751084,0.438788796239172,0.3513714923878185
75,1,0,1,0,0,0,0,72.49711608886719,60.0072135925293,158.85458374023438,196.69781494140625,1.2382256168512875,0.4563740899501993,0.3777493364035097
48,1,0,1,0,0,0,0,75.1236343383789,59.90166473388672,171.77928161621094,189.85198974609375,1.1052088934116095,0.4373265136026126,0.3487129773177125
30,1,0,0,0,1,0,0,84.72154235839844,70.38968658447266,173.35708618164062,182.0954437255859,1.0504066937003624,0.4887111581330378,0.4060387038965314
26,0,1,0,0,0,0,1,87.15690612792969,75.02351379394531,166.38284301757812,199.82823181152344,1.201014649030921,0.5238334947715834,0.4509089545129312
1,1,0,0,1,0,0,0,73.24224853515625,55.14926528930664,172.8178253173828,182.34068298339844,1.0551034457731818,0.4238118863065522,0.3191179219390366
35,1,0,0,1,0,0,0,76.80742645263672,62.28732681274414,166.34835815429688,193.8617248535156,1.165396082080345,0.461726387352701,0.3744390837628187
25,1,0,1,0,0,0,0,76.39705657958984,59.4363899230957,178.2222137451172,202.9699859619141,1.1388590776466827,0.4286618091774372,0.3334959692964991
32,1,0,1,0,0,0,0,78.98640441894531,58.19068908691406,182.3613739013672,190.0373992919922,1.04209238626803,0.4331312203299491,0.319095474233416
26,0,1,1,0,0,0,0,77.74224853515625,64.58526611328125,165.3771514892578,195.99717712402344,1.1851526970867834,0.4700906251865515,0.3905331875151836
35,1,0,0,1,0,0,0,76.61157989501953,63.72692108154297,163.04197692871094,198.5113220214844,1.2175473197818387,0.4698886835046011,0.3908620484245426
82,0,1,0,1,0,0,0,79.923583984375,70.36428833007812,175.64710998535156,197.03028869628903,1.121739428065288,0.4550236208898648,0.4006003192192931
70,0,1,1,0,0,0,0,77.56791687011719,65.24893188476562,166.12200927734375,193.0571746826172,1.1621408597358385,0.4669334136250189,0.3927771652209632
37,0,1,1,0,0,0,0,74.69672393798828,61.465606689453125,159.97572326660156,189.7548065185547,1.1861475144095828,0.466925371004607,0.3842183390977386
21,1,0,0,0,0,1,0,70.30735778808594,56.75701141357422,157.13079833984375,191.80569458007812,1.220675364769924,0.4474447945973304,0.3612087000972254
53,0,1,1,0,0,0,0,80.77088165283203,74.43733215332031,165.9053497314453,197.8718414306641,1.1926790893178771,0.4868491690206353,0.4486734892745392
53,0,1,1,0,0,0,0,79.33625793457031,71.17037200927734,159.72315979003906,206.51071166992188,1.2929290401053075,0.4967110470320036,0.445585800473976
35,1,0,0,1,0,0,0,85.55836486816406,74.08307647705078,168.50172424316406,204.38572692871097,1.2129592610800994,0.5077595808141119,0.4396576759662223
26,0,1,0,0,0,1,0,78.02049255371094,68.56967163085938,169.55780029296875,192.58883666992188,1.1358300021418015,0.4601409809451645,0.4044029322884701
3,1,0,0,1,0,0,0,80.50208282470703,65.78291320800781,180.71334838867188,197.5655975341797,1.0932540362721994,0.4454683815141646,0.3640180086006942
37,1,0,0,1,0,0,0,87.614013671875,75.53588104248047,168.8390350341797,196.8572235107422,1.1659461538079183,0.5189203649152488,0.4473839892960121
16,0,1,1,0,0,0,0,82.56373596191406,69.16590118408203,166.34420776367188,197.0831298828125,1.1847910578456209,0.4963427165387917,0.4157998773383636
35,1,0,1,0,0,0,0,79.4686279296875,68.89165496826172,170.4999237060547,190.23968505859375,1.115775778214252,0.4660918679746333,0.4040568081838694
52,1,0,1,0,0,0,0,77.48587799072266,67.56165313720703,165.2919921875,190.0193328857422,1.1495979349694847,0.46878180222322,0.408741235695
1,0,1,0,0,0,0,1,82.05528259277344,67.8149185180664,180.98117065429688,190.2136993408203,1.051013752718834,0.4533912688050417,0.3747070387095893
44,0,1,1,0,0,0,0,84.47529602050781,75.08073425292969,169.72955322265625,200.36146545410156,1.1804748298091698,0.4977052871263416,0.4423551045022581
59,1,0,1,0,0,0,0,73.70436096191406,63.53683090209961,158.4303436279297,202.11505126953125,1.2757344751091002,0.4652161907507263,0.4010395322458841
40,0,1,0,1,0,0,0,79.48753356933594,72.61026763916016,163.84315490722656,200.46994018554688,1.2235478515966054,0.4851440611867149,0.4431693693903447
30,1,0,0,1,0,0,0,77.14105987548828,66.99230194091797,161.0957794189453,203.6744384765625,1.2643064840754594,0.4788521471743553,0.41585386148881
26,1,0,0,1,0,0,0,81.12116241455078,65.92442321777344,165.24819946289062,189.46923828125,1.1465736927669137,0.490904970088754,0.3989418549312419
11,0,1,1,0,0,0,0,78.58025360107422,65.15233612060547,169.0699462890625,187.49441528320312,1.1089754234773337,0.4647795502739669,0.3853572888064513
52,1,0,0,1,0,0,0,74.71280670166016,56.8352165222168,173.049560546875,196.3482360839844,1.134635854974034,0.4317422504024345,0.3284331745345374
32,0,1,0,1,0,0,0,73.68944549560547,59.9416618347168,156.25717163085938,185.73309326171875,1.1886372402829166,0.4715908058907452,0.3836090286871598
2,0,1,0,0,1,0,0,90.03659057617188,73.80146789550781,194.65301513671875,191.2215576171875,0.9823714134758144,0.4625491699315971,0.3791437180855984
27,1,0,1,0,0,0,0,79.41796875,65.7488021850586,167.54002380371094,197.9646148681641,1.181595957632777,0.4740238597736246,0.3924363903761262
34,0,1,0,1,0,0,0,83.15050506591797,73.41876983642578,166.2334442138672,202.7447509765625,1.2196387552177634,0.5002032260063198,0.441660642860585
31,1,0,0,1,0,0,0,81.2600326538086,64.33538818359375,171.5830841064453,215.6672515869141,1.2569260700146887,0.4735899991364951,0.3749518113550278
57,0,1,1,0,0,0,0,78.22920227050781,66.0767593383789,158.4927215576172,196.57041931152344,1.2402488731324093,0.4935823014564677,0.4169072162367903
25,0,1,0,0,0,1,0,79.45393371582031,67.73321533203125,168.4226531982422,196.27455139160156,1.165369073960474,0.4717532481945817,0.4021621441404663
24,1,0,0,0,0,0,1,87.18549346923828,78.24951171875,170.90374755859375,204.77667236328125,1.1981988416788478,0.5101438366022198,0.4578572022940715
35,1,0,1,0,0,0,0,77.6175537109375,67.59857177734375,161.93869018554688,201.42575073242188,1.243839569787994,0.4793020965033402,0.4174331143464871
89,0,1,0,0,0,1,0,76.61363983154297,66.03600311279297,158.13111877441406,186.2116851806641,1.177577738169987,0.484494389373404,0.4176028325392315
26,1,0,0,0,0,1,0,75.95687103271484,59.42185974121094,172.82705688476562,186.7432861328125,1.0805211261412944,0.4394964098900321,0.3438226676557429
49,1,0,0,0,0,0,1,75.6785659790039,57.146148681640625,162.46945190429688,200.7763214111328,1.235778905251682,0.4658018174615533,0.3517347292788477
54,1,0,1,0,0,0,0,71.20601654052734,60.06298065185547,156.61863708496094,196.74769592285156,1.2562214790320376,0.4546458701584805,0.3834982973276232
47,0,1,1,0,0,0,0,67.5538330078125,58.73733139038086,154.99453735351562,196.0485992431641,1.2648742503486512,0.4358465411831511,0.3789638808780157
38,1,0,1,0,0,0,0,81.46389770507812,71.40213775634766,166.6188201904297,204.1648101806641,1.225340630472133,0.4889237459008084,0.4285358501203027
25,1,0,1,0,0,0,0,82.68395233154297,73.35676574707031,173.2540283203125,198.5311279296875,1.1458961725417582,0.4772411535429159,0.423405830492138
16,1,0,1,0,0,0,0,82.13043975830078,65.66375732421875,185.1830596923828,193.4088592529297,1.0444198274626804,0.4435094651461743,0.354588359395812
22,0,1,1,0,0,0,0,72.97827911376953,59.86898422241211,162.5815887451172,194.86083984375,1.1985418604146976,0.4488717306618231,0.3682396308494073
14,1,0,1,0,0,0,0,81.98278045654297,68.12592315673828,184.5,194.08676147460935,1.0519607668000506,0.4443511135855987,0.3692461959714812
26,1,0,0,1,0,0,0,72.2164306640625,53.6338005065918,158.40565490722656,191.90005493164065,1.2114469969145405,0.4558955341989368,0.338585137872783
8,0,1,1,0,0,0,0,72.613525390625,57.447208404541016,167.53627014160156,182.7703857421875,1.0909302540143102,0.4334197325107697,0.3428941587155227
24,1,0,1,0,0,0,0,81.60721588134766,71.41039276123047,172.6182098388672,202.80503845214844,1.174876269667375,0.4727613382013695,0.4136898003280735
45,0,1,1,0,0,0,0,73.87742614746094,64.27783966064453,151.9302215576172,198.6071014404297,1.3072257738076885,0.4862589245908791,0.4230747444560802
30,1,0,0,1,0,0,0,79.29637908935547,61.416873931884766,180.09779357910156,196.2666778564453,1.0897783585018888,0.4402962274744768,0.3410195800367181
82,1,0,0,0,0,1,0,76.94876861572266,64.59571838378906,165.75729370117188,200.55462646484375,1.2099294214250669,0.4642255366116576,0.3897006094962105
1,1,0,0,0,1,0,0,81.30455017089844,64.93489837646484,189.7771453857422,196.45538330078125,1.0351898955033012,0.4284211884715533,0.3421639536440374
24,0,1,0,0,0,1,0,78.82440948486328,65.84683990478516,172.02117919921875,193.4822540283203,1.1247583287651306,0.4582250270100536,0.3827833305835413
30,1,0,0,0,1,0,0,81.56828308105469,70.46371459960938,164.933349609375,198.71597290039065,1.2048259091992355,0.4945530014047459,0.4272253899317166
43,1,0,0,0,0,1,0,73.70614624023438,62.82951354980469,154.2115478515625,193.5427703857422,1.25504719382,0.4779547787898529,0.4074241807771861
25,0,1,0,1,0,0,0,67.5594253540039,52.00273895263672,160.75457763671875,185.5613555908203,1.1543145975610172,0.4202643952489993,0.323491496896313
35,1,0,1,0,0,0,0,75.5866928100586,61.61749649047851,171.24440002441406,189.1748046875,1.1047065168877326,0.441396581723445,0.3598219648741436
34,0,1,0,1,0,0,0,76.79261016845703,63.10599136352539,164.39627075195312,190.07876586914065,1.1562231004372243,0.4671189304794171,0.3838651027476282
40,1,0,1,0,0,0,0,73.77118682861328,64.89830017089844,159.12570190429688,195.2144775390625,1.2267941332096717,0.4636032139734507,0.4078429781879629
21,0,1,0,0,0,1,0,75.59876251220703,60.45496368408203,168.72218322753906,186.49313354492188,1.1053266972809193,0.4480665260848029,0.3583107006299957
1,0,1,0,0,1,0,0,84.25015258789062,67.39603424072266,186.4873962402344,184.62538146972656,0.99001533182377,0.4517739766142639,0.3613972611527194
7,1,0,1,0,0,0,0,80.77576446533203,68.44963836669922,176.1035614013672,191.15982055664065,1.085496619349781,0.4586833101076905,0.38868968816986
110,0,1,0,0,0,1,0,83.89862823486328,66.6487808227539,161.02999877929688,198.4069061279297,1.2321114552069303,0.5210124130339984,0.4138904634415406
40,1,0,1,0,0,0,0,85.04717254638672,72.06928253173828,168.70118713378906,203.26559448242188,1.2048853830602946,0.5041290698146644,0.4272008025324889
26,0,1,0,0,0,1,0,74.6517105102539,65.38446044921875,157.651123046875,205.25509643554688,1.301957718211228,0.4735247619394213,0.4147414822397284
25,1,0,1,0,0,0,0,73.97724914550781,56.04827499389648,162.08590698242188,190.7948760986328,1.1771219327496771,0.4564076576597779,0.3457936352231713
1,0,1,0,0,0,1,0,82.43334197998047,65.28564453125,187.41510009765625,187.7055206298828,1.0015496111683382,0.4398436515362262,0.3483478358853243
10,1,0,0,0,0,0,1,81.31370544433594,71.53822326660156,169.10096740722656,205.19285583496097,1.2134339559443112,0.480858901584622,0.4230503489333932
1,1,0,0,0,0,1,0,74.6729965209961,57.11446762084961,166.38755798339844,172.6865234375,1.0378571903479108,0.4487895454805984,0.3432616495672608
26,1,0,1,0,0,0,0,84.89481353759766,73.31676483154297,181.2307586669922,194.3925323486328,1.0726243921200216,0.468434906756585,0.4045492352998479
17,1,0,1,0,0,0,0,77.17872619628906,65.3123779296875,171.0891571044922,195.59275817871097,1.1432212390832768,0.4511023813692202,0.381744694024053
41,1,0,1,0,0,0,0,79.58422088623047,71.69615936279297,164.42214965820312,192.2601623535156,1.1693081665285454,0.4840237221789659,0.4360492762795843
25,0,1,0,0,1,0,0,71.35601043701172,56.320404052734375,162.2489013671875,180.11488342285156,1.1101146565869888,0.4397934891129096,0.3471234848319556
26,1,0,0,1,0,0,0,72.56857299804688,61.465877532958984,152.01966857910156,186.65081787109375,1.227807030601256,0.4773630522703495,0.4043284537288408
53,0,1,1,0,0,0,0,79.46308135986328,69.21981048583984,165.3187713623047,198.3383331298828,1.1997326830793706,0.4806658112992856,0.4187050866361753
22,0,1,0,0,0,1,0,60.20407485961914,53.012081146240234,137.4888916015625,188.34129333496097,1.3698655297968854,0.4378831930225187,0.3855735581887386
12,0,1,1,0,0,0,0,74.42112731933594,63.34375762939453,168.04820251464844,183.08282470703125,1.0894661291665544,0.4428558366332349,0.3769380254089476
24,0,1,1,0,0,0,0,83.89060974121094,77.31908416748047,179.91627502441406,202.8475341796875,1.1274551685341514,0.4662758259630889,0.4297503611443073
16,0,1,1,0,0,0,0,83.4786605834961,68.77762603759766,179.78009033203125,198.1667938232422,1.1022733021062177,0.4643376273163591,0.382565310266415
14,1,0,0,0,0,1,0,72.36988067626953,59.31577682495117,160.98440551757812,191.5351104736328,1.18977431297045,0.4495459075280888,0.3684566628316952
32,1,0,0,0,1,0,0,75.85242462158203,65.68901824951172,159.681884765625,195.1519317626953,1.22212943596659,0.4750221024314394,0.4113742666923525
49,1,0,1,0,0,0,0,78.0194091796875,67.63748168945312,168.34730529785156,198.43960571289065,1.1787513044048892,0.4634431720879062,0.4017734740082965
29,1,0,0,0,1,0,0,68.79276275634766,52.575496673583984,157.62615966796875,182.78253173828125,1.1595951593523757,0.4364298597469862,0.3335455027536769
6,0,1,1,0,0,0,0,86.3809585571289,72.87326049804688,185.0509796142578,191.23472595214844,1.0334164474610226,0.4667954675905613,0.3938009982435788
26,0,1,0,0,0,1,0,69.16006469726562,57.84713363647461,152.37586975097656,183.36366271972656,1.2033641745204962,0.4538780635693296,0.3796344771059387
50,1,0,1,0,0,0,0,74.15411376953125,58.97246551513672,164.63612365722656,193.63478088378903,1.1761378765630917,0.4504121703200482,0.3581988217720538
32,1,0,0,0,0,1,0,80.64729309082031,68.75910949707031,167.0538787841797,202.60040283203125,1.212784787198954,0.4827621703714536,0.4115984016504136
60,1,0,1,0,0,0,0,84.46308135986328,70.13795471191406,169.89453125,191.9463806152344,1.129797287781942,0.4971500891666475,0.4128323271848343
2,1,0,0,0,1,0,0,75.84210205078125,66.77574920654297,163.09619140625,195.9442596435547,1.2014030367851125,0.4650145499833842,0.4094255581984366
27,0,1,1,0,0,0,0,74.43665313720703,60.312259674072266,164.01649475097656,182.94032287597656,1.1153775914656128,0.4538363854819781,0.3677206964192433
26,1,0,0,1,0,0,0,75.46217346191406,60.68476486206055,171.70535278320312,187.4365234375,1.0916172408099545,0.439486435563796,0.3534238384442314
4,0,1,1,0,0,0,0,79.10934448242188,76.34318542480469,166.25999450683594,194.38133239746097,1.169140736315066,0.4758170762430118,0.4591795257256896
17,0,1,0,0,0,1,0,70.05718231201172,61.380123138427734,159.5495147705078,198.89059448242188,1.2465759909611842,0.4390936720351691,0.384708930182053
53,1,0,1,0,0,0,0,79.00235748291016,66.52325439453125,163.87384033203125,191.09173583984375,1.166090545340643,0.4820925495054022,0.4059418773597169
28,1,0,1,0,0,0,0,78.77729034423828,67.3240737915039,172.09983825683594,195.17208862304688,1.1340631728646875,0.4577418034912603,0.3911919643470655
28,0,1,1,0,0,0,0,77.36048889160156,67.46443176269531,160.3342742919922,203.5675811767578,1.2696448222045864,0.4824950200648726,0.4207736122585537
37,0,1,0,1,0,0,0,86.14718627929688,73.60820770263672,168.94183349609375,202.46014404296875,1.1984014844236317,0.509922169640054,0.4357014848210386
85,0,1,1,0,0,0,0,79.22004699707031,66.51013946533203,166.00807189941406,200.852294921875,1.2098947516454104,0.4772059942065378,0.4006440090794572
12,1,0,0,0,0,0,1,79.52734375,70.27577209472656,167.28927612304688,191.9255828857422,1.1472676990040562,0.4753881754590471,0.4200853379450119
1,1,0,0,0,1,0,0,77.69769287109375,56.291786193847656,179.42340087890625,186.3980255126953,1.0388724358117385,0.4330410219095797,0.3137371486556498
35,0,1,0,0,0,0,1,81.44853973388672,68.33016967773438,180.72659301757812,192.948486328125,1.0676264245702796,0.4506726894694725,0.3780858618359963
61,1,0,1,0,0,0,0,80.06417083740234,64.15861511230469,180.8548126220703,198.34722900390625,1.0967207680471829,0.4426985916305765,0.3547520476901879
29,0,1,0,1,0,0,0,63.523475646972656,53.75154495239258,154.9441680908203,187.74305725097656,1.2116819856100116,0.4099765511002547,0.346909119682944
14,0,1,0,1,0,0,0,77.6245346069336,69.31944274902344,167.01744079589844,189.1726226806641,1.1326519061673332,0.464769033922593,0.4150431381219305
2,0,1,0,0,0,0,1,90.07384490966795,78.72074127197266,176.60032653808594,198.521484375,1.1241286370565486,0.5100434788281236,0.4457564876302514
34,1,0,0,0,0,1,0,82.89400482177734,72.79639434814453,171.99156188964844,207.56082153320312,1.206808166940052,0.4819655331403001,0.4232556152658899
55,1,0,0,0,0,1,0,78.03280639648438,68.09795379638672,163.0010986328125,205.27008056640625,1.2593171597500197,0.4787256469495733,0.4177760418031835
26,1,0,0,1,0,0,0,71.85260009765625,56.58563232421875,156.4287872314453,196.8859405517578,1.2586298470782993,0.4593310564464469,0.3617341368280065
38,0,1,1,0,0,0,0,83.86857604980469,73.29785919189453,177.3387451171875,196.1994476318359,1.1063540993378804,0.4729286653877209,0.4133211788741284
26,0,1,0,0,1,0,0,75.02501678466797,61.00883865356445,160.67459106445312,203.72161865234375,1.2679143435356417,0.4669376550930345,0.3797043343903164
26,0,1,0,0,0,1,0,77.39823150634766,61.53759002685547,164.716552734375,193.248291015625,1.173217189211462,0.4698873927452907,0.373596879034326
58,1,0,0,0,1,0,0,74.7432632446289,61.241477966308594,162.14947509765625,183.8594970703125,1.133888943886998,0.4609528535298309,0.3776853297207731
26,1,0,0,0,1,0,0,72.96926879882812,63.41694641113281,154.33612060546875,190.560546875,1.2347112660822426,0.4727944988675744,0.4109015191151934
9,1,0,1,0,0,0,0,86.4982681274414,70.28583526611328,169.9822540283203,197.7543182373047,1.1633821387281835,0.5088664615132715,0.413489253145232
66,1,0,1,0,0,0,0,61.60909652709961,52.722679138183594,136.91671752929688,193.39707946777344,1.412516184712003,0.4499749748522619,0.3850711592388432
28,0,1,0,1,0,0,0,85.15204620361328,71.58303833007812,172.97427368164062,197.5909881591797,1.142314310409224,0.49228156529413,0.4138363284116272
56,1,0,1,0,0,0,0,74.7320327758789,61.41215133666992,162.63638305664062,180.3044281005859,1.1086352556044738,0.4595037799743267,0.3776040156726936
25,1,0,1,0,0,0,0,84.12388610839844,72.57099914550781,167.37730407714844,202.82745361328125,1.211797828454645,0.5026003171231842,0.4335772973858989
26,0,1,1,0,0,0,0,76.77467346191406,59.79387283325195,159.81137084960938,190.14129638671875,1.1897857791711917,0.4804080776840524,0.3741528059947688
30,1,0,0,0,1,0,0,76.55963134765625,59.435813903808594,168.86639404296875,187.47312927246097,1.1101861346358688,0.4533739929815481,0.3519694622524177
26,0,1,0,0,0,1,0,79.1915283203125,67.73770141601562,173.30393981933594,203.4718475341797,1.174075140739979,0.4569516907859524,0.3908607126106314
26,1,0,0,1,0,0,0,82.52930450439453,70.51538848876953,170.08448791503906,191.25564575195312,1.1244743603396068,0.4852253460387271,0.4145903565526417
1,1,0,0,0,0,1,0,79.99752807617188,59.38055038452149,184.2002868652344,187.9136199951172,1.0201592146954666,0.4342964358937187,0.3223694783275001
56,1,0,1,0,0,0,0,75.53882598876953,64.82909393310547,160.9614715576172,185.13385009765625,1.1501749350706352,0.4692975608248582,0.4027615634086662
44,1,0,0,0,0,1,0,79.3124008178711,65.94529724121094,173.14404296875,196.327880859375,1.1338991367713953,0.4580717849599124,0.3808695702751559
23,1,0,1,0,0,0,0,82.48765563964844,73.16291046142578,171.79681396484375,203.247314453125,1.1830680078544251,0.4801465972269345,0.4258688433907612
1,0,1,0,0,0,1,0,81.1036148071289,62.50853729248047,184.6820373535156,204.5561981201172,1.1076128520748272,0.4391526970859736,0.3384657121408486
54,1,0,1,0,0,0,0,88.20995330810547,77.2920150756836,169.09791564941406,200.644775390625,1.1865597196751745,0.5216501514482809,0.457084374924709
47,0,1,1,0,0,0,0,78.53443145751953,65.58445739746094,168.55673217773438,192.5036468505859,1.1420703543754085,0.4659228405941628,0.3890942625080409
36,1,0,0,0,0,1,0,79.71783447265625,64.34732818603516,176.08349609375,198.22706604003903,1.1257560784373537,0.4527274630565777,0.3654364526688832
28,1,0,0,0,0,1,0,84.52471160888672,72.08199310302734,182.63775634765625,199.37107849121097,1.0916202787319744,0.4627997698788605,0.3946719152956368
51,0,1,0,1,0,0,0,85.35008239746094,70.5978775024414,189.40496826171875,194.3202362060547,1.0259511035504836,0.4506221942368727,0.3727350879460017
47,1,0,0,1,0,0,0,78.35847473144531,67.252197265625,156.5978546142578,202.73194885253903,1.2946023389140404,0.5003802569611384,0.4294579732990918
18,0,1,0,1,0,0,0,79.891845703125,65.42642211914062,159.40621948242188,188.75131225585935,1.184090011473319,0.5011839937144665,0.4104383275105233
34,1,0,0,0,0,1,0,78.87281799316406,66.47733306884766,168.6865997314453,200.16864013671875,1.186630357452186,0.4675701455760696,0.3940878123969644
60,0,1,1,0,0,0,0,85.42507934570312,72.26333618164062,189.55699157714844,193.172119140625,1.0190714546237416,0.4506564418170547,0.3812222149148739
22,0,1,0,0,0,0,1,77.9339370727539,65.70381164550781,166.87844848632812,193.81333923339844,1.1614042495683738,0.4670101968208244,0.3937225701789212
22,1,0,0,1,0,0,0,75.83910369873047,63.21481704711914,162.83250427246094,193.5862579345703,1.1888674119428293,0.465749169906716,0.3882198909214365
16,0,1,1,0,0,0,0,73.17872619628906,62.828948974609375,150.9425811767578,193.97120666503903,1.2850661831328665,0.4848116788899668,0.4162440345513569
29,0,1,0,0,1,0,0,75.00414276123047,65.93370819091797,161.35020446777344,196.4072723388672,1.2172731542964714,0.4648531001781971,0.4086372769616598
27,1,0,0,0,0,1,0,72.39730834960938,58.93345642089844,161.2030792236328,205.2876434326172,1.2734722216306242,0.4491062372895153,0.3655851780544563
32,1,0,1,0,0,0,0,78.87273406982422,63.7562370300293,174.72093200683594,192.4955596923828,1.1017315297107702,0.4514212073155512,0.3649032562826235
45,0,1,0,1,0,0,0,75.11239624023438,61.92351150512695,159.44322204589844,189.2049102783203,1.1866601028913883,0.4710918110938074,0.3883734329409199
1,1,0,1,0,0,0,0,75.18006134033203,53.50273513793945,179.77796936035156,187.6798095703125,1.0439533288649083,0.4181828374623544,0.2976045136581624
23,1,0,0,1,0,0,0,77.6749038696289,63.17630386352539,165.10780334472656,195.8534698486328,1.186215708046898,0.4704496231922632,0.3826366930194108
3,1,0,0,0,0,1,0,76.41241455078125,62.842864990234375,168.65963745117188,190.0354461669922,1.1267393256552491,0.4530569121666893,0.372601684314825
30,0,1,1,0,0,0,0,78.24862670898438,64.2466812133789,161.94773864746094,193.3604278564453,1.1939680632241845,0.4831720860228954,0.3967124317384606
27,1,0,0,0,0,1,0,83.49462890625,70.8111572265625,165.39431762695312,199.98956298828125,1.2091682825486043,0.5048216293293227,0.4281353691139321
27,1,0,0,1,0,0,0,70.60757446289062,54.47728729248047,155.15274047851562,185.1685485839844,1.193459735309188,0.4550842881996521,0.3511203677386805
27,1,0,1,0,0,0,0,76.36602783203125,63.833763122558594,172.70875549316406,193.4990234375,1.120377614238317,0.4421665109795425,0.3696035151216476
24,0,1,1,0,0,0,0,74.8529052734375,61.13041687011719,155.62135314941406,192.1384124755859,1.2346532695362913,0.48099379525103,0.3928150965981197
2,1,0,0,0,1,0,0,80.41126251220703,64.65128326416016,171.0002899169922,183.2161865234375,1.0714378707332906,0.470240503985348,0.3780770389076153
24,0,1,0,0,1,0,0,83.21638488769531,66.84397888183594,169.00335693359375,197.9326171875,1.1711756546071057,0.4923948636144157,0.3955186458698619
36,1,0,0,1,0,0,0,74.2332992553711,59.2080192565918,160.6832275390625,186.79788208007812,1.162522591442639,0.4619853633281345,0.3684766615868366
35,1,0,1,0,0,0,0,79.96495819091797,68.56918334960938,168.5784454345703,199.2752990722656,1.1820923995268988,0.4743486510673421,0.4067494107734127
50,1,0,1,0,0,0,0,77.76875305175781,71.2183609008789,164.42242431640625,203.09173583984375,1.235182711143002,0.4729814280204477,0.4331426275763327
25,1,0,0,1,0,0,0,68.69139099121094,60.33414459228515,152.53976440429688,195.02523803710935,1.2785206454115623,0.4503179302752088,0.3955306003513508
78,1,0,0,0,0,1,0,68.82891082763672,59.08348083496094,149.40127563476562,188.9012756347656,1.2643886394689412,0.4606982807556447,0.3954683826087241
28,0,1,0,0,1,0,0,75.13831329345703,63.34085464477539,158.38003540039062,190.924560546875,1.205483759769409,0.4744178336840535,0.3999295396332458
59,1,0,1,0,0,0,0,77.90483093261719,62.16352462768555,171.4271240234375,193.5746154785156,1.129194790971644,0.4544486841065247,0.3626236220307036
2,1,0,1,0,0,0,0,79.15656280517578,60.225460052490234,179.41802978515625,186.780029296875,1.041032662773827,0.4411851077618099,0.3356711704203144
26,0,1,1,0,0,0,0,75.15502166748047,62.40593719482422,162.69422912597656,201.0945281982422,1.2360274195253214,0.4619403040367634,0.3835780625414954
26,0,1,0,0,1,0,0,75.0624771118164,61.75712585449219,161.4552459716797,193.4535675048828,1.1981869423977456,0.464911973965732,0.3825030613457106
1,1,0,0,0,0,1,0,86.16009521484375,69.71821594238281,188.2506103515625,205.07273864746097,1.0893602855495803,0.4576882648823168,0.3703478879148513
62,1,0,1,0,0,0,0,78.47207641601562,64.34321594238281,176.0985870361328,190.98435974121097,1.0845309037148825,0.4456144579962718,0.3653817842909809
47,0,1,1,0,0,0,0,71.43827819824219,63.13003158569336,162.6854248046875,199.4296417236328,1.2258605339910364,0.4391191053778028,0.3880497079654451
23,1,0,0,1,0,0,0,79.92931365966797,68.82927703857422,173.38246154785156,188.2942047119141,1.0860049109404706,0.4609999935755232,0.3969794662280655
65,1,0,1,0,0,0,0,81.5107192993164,68.29393005371094,174.2251739501953,202.60557556152344,1.162894953512522,0.4678469675261588,0.3919865798109848
26,0,1,0,1,0,0,0,85.39446258544922,71.43453216552734,168.88449096679688,191.3010406494141,1.1327330269007612,0.505638274400448,0.4229786391668821
54,1,0,0,0,0,1,0,81.07512664794922,69.70162963867188,177.3884735107422,198.1768341064453,1.117191157825958,0.45704844877105,0.3929321238251195
25,1,0,1,0,0,0,0,73.21192932128906,60.16555404663086,152.73355102539062,190.94256591796875,1.2501677898278305,0.4793441181048571,0.3939249342577575
39,1,0,0,0,0,1,0,79.20294952392578,70.62319946289062,177.01901245117188,189.8845367431641,1.0726787711322308,0.4474262308167195,0.3989582728147408
22,1,0,0,0,1,0,0,81.1279067993164,63.504920959472656,176.5104522705078,194.7105712890625,1.1031107154530568,0.4596209785638379,0.3597799458479058
39,1,0,0,0,0,0,1,77.78070831298828,64.2403335571289,166.2349395751953,197.8639984130859,1.190267214093,0.467896270854688,0.3864430288920711
55,1,0,1,0,0,0,0,73.34773254394531,61.93004608154297,154.11349487304688,190.74337768554688,1.2376812156694932,0.4759332244354495,0.401847003291689
26,0,1,1,0,0,0,0,71.18106079101562,61.22771072387695,160.70103454589844,193.03805541992188,1.2012247212060576,0.4429408994917536,0.3810038367014337
67,1,0,1,0,0,0,0,90.5056610107422,76.78746795654297,176.6104278564453,204.44349670410156,1.1575958406616844,0.5124593270580158,0.434784451227072
28,1,0,0,0,0,0,1,80.67282104492188,62.88873672485352,181.27313232421875,190.23744201660156,1.0494519489868448,0.4450346281909737,0.3469280632960705
35,1,0,1,0,0,0,0,73.60897064208984,62.665016174316406,159.4191131591797,196.8974609375,1.235093189490386,0.4617324057535775,0.3930834573878572
17,1,0,1,0,0,0,0,73.90654754638672,61.916847229003906,160.74839782714844,192.65350341796875,1.1984785293171485,0.4597653758630794,0.3851786273825424
62,0,1,1,0,0,0,0,80.75344848632812,70.5457992553711,171.0414276123047,208.668212890625,1.219986384606237,0.4721280078962503,0.4124486110772852
28,0,1,1,0,0,0,0,75.87006378173828,61.78080368041992,149.51223754882812,180.1964111328125,1.2052285089637793,0.5074505272985459,0.4132156985493804
56,0,1,0,0,0,1,0,81.26326751708984,66.91574096679688,178.25669860839844,198.16162109375,1.1116643730123124,0.4558777771129504,0.3753897693000592
96,0,1,1,0,0,0,0,76.8034439086914,57.41938781738281,177.98837280273438,196.63058471679688,1.104738369256984,0.4315082086503096,0.3226019032210664
36,1,0,0,0,1,0,0,82.83938598632812,59.34095764160156,192.7745819091797,193.98306274414065,1.0062688805909603,0.4297215180855926,0.3078256326840765
9,1,0,1,0,0,0,0,72.65265655517578,55.03656005859375,169.29150390625,175.1758270263672,1.0347585258819356,0.429157133575996,0.3250993628662654
21,0,1,0,0,1,0,0,87.54756927490234,74.26571655273438,173.0100860595703,197.5594024658203,1.141895290415596,0.5060258119561782,0.4292565725166071
22,0,1,0,1,0,0,0,78.37358093261719,69.55244445800781,167.486083984375,191.7277374267578,1.144738314167309,0.4679408525661676,0.4152729755416363
10,0,1,1,0,0,0,0,82.00121307373047,72.8908920288086,185.4132843017578,194.7481689453125,1.0503463636853672,0.4422618011570008,0.3931265890861389
36,1,0,1,0,0,0,0,68.95030975341797,60.19500732421875,160.12893676757812,199.0355529785156,1.2429705523331436,0.4305924409745945,0.3759158621754281
53,1,0,1,0,0,0,0,77.19168853759766,66.39318084716797,157.9464874267578,197.59176635742188,1.2510044989069362,0.4887205141133171,0.4203523733185614
58,1,0,1,0,0,0,0,80.9630355834961,71.18335723876953,165.70030212402344,201.2479248046875,1.214529618986798,0.4886112731580709,0.4295909924502743
32,0,1,1,0,0,0,0,80.76162719726562,68.32003021240234,173.2145538330078,199.7617645263672,1.153262010067312,0.4662519713853032,0.3944243061600246
2,0,1,0,0,0,0,1,85.06510925292969,74.5269546508789,183.28472900390625,195.6270751953125,1.0673397410601688,0.464114548523662,0.4066184621921805
16,1,0,1,0,0,0,0,71.69134521484375,61.96542739868164,160.5601348876953,193.28741455078125,1.203831914353941,0.4465077540261701,0.3859328309734151
78,1,0,1,0,0,0,0,71.02472686767578,61.90946960449219,155.2447509765625,198.92526245117188,1.2813654645315762,0.457501631590742,0.3987862340919902
48,0,1,1,0,0,0,0,79.31887817382812,68.45183563232422,168.87672424316406,193.7820281982422,1.1474762378693302,0.469685082590882,0.4053361168574128
56,1,0,0,0,0,1,0,78.81181335449219,67.61992645263672,174.4712677001953,190.22410583496097,1.090289010577001,0.4517180071730742,0.3875705572841494
39,1,0,1,0,0,0,0,77.5000228881836,61.62716293334961,174.4608917236328,196.489990234375,1.126269551262176,0.4442257638517234,0.3532434250707287
1,0,1,0,0,0,1,0,87.46156311035156,74.66974639892578,190.4685211181641,191.98223876953125,1.0079473376623116,0.4591916952832935,0.3920319534197553
46,1,0,0,0,1,0,0,66.53533172607422,57.061519622802734,147.73873901367188,194.8425445556641,1.3188317827569462,0.4503580588969084,0.3862326157902445
35,1,0,0,1,0,0,0,79.58550262451172,67.5625228881836,161.4993133544922,193.9414978027344,1.2008812531421194,0.4927915851247054,0.4183455736426777
28,0,1,0,1,0,0,0,78.72126770019531,66.3486328125,170.77330017089844,205.1612548828125,1.2013661074506432,0.4609694116200621,0.388518771646989
29,1,0,0,1,0,0,0,77.18822479248047,57.592159271240234,165.97244262695312,212.12196350097656,1.2780553213749533,0.4650665108663375,0.346998323093231
31,0,1,0,1,0,0,0,75.84403228759766,63.64269256591797,163.38143920898438,197.22555541992188,1.207147864376729,0.4642144949560891,0.3895344102368407
35,0,1,0,0,1,0,0,80.64488220214844,61.5981330871582,181.34939575195312,196.08436584472656,1.0812518289993516,0.4446934155350219,0.3396654994726928
2,0,1,0,0,1,0,0,95.69923400878906,82.51860809326172,186.8977203369141,204.2278594970703,1.092725257049234,0.51204067035315,0.4415174671178881
1,0,1,0,0,0,1,0,74.83695220947266,58.42095947265625,178.25619506835938,180.02005004882812,1.0098950557078386,0.4198280580418171,0.327735927776605
37,1,0,1,0,0,0,0,77.146240234375,63.42549514770508,163.4566192626953,184.80697631835935,1.130617879850747,0.4719676730276141,0.3880264710832685
38,0,1,0,1,0,0,0,80.51145935058594,73.39108276367188,177.7784423828125,203.5475921630859,1.1449509256290162,0.4528752658166485,0.4128232972456692
38,1,0,0,0,1,0,0,75.92022705078125,64.020263671875,165.3405303955078,193.2311553955078,1.1686859533671714,0.4591749335094908,0.3872024815617405
25,1,0,0,0,1,0,0,74.39472198486328,54.75581359863281,169.43077087402344,181.9745635986328,1.0740349150269524,0.4390862509867104,0.3231751429576231
26,0,1,0,0,0,1,0,76.78839874267578,63.445030212402344,164.22877502441406,195.33364868164065,1.1893996569882628,0.4675696980097459,0.3863210341973913
48,1,0,1,0,0,0,0,83.74514770507812,63.41853713989258,182.34405517578125,212.7703857421875,1.1668622019899415,0.4592699642680814,0.3477960226274257
1,1,0,1,0,0,0,0,87.21895599365234,69.85797882080078,190.1934051513672,205.3233337402344,1.0795502271849329,0.4585803378631258,0.3672996903609968
62,1,0,1,0,0,0,0,72.02933502197266,61.19990921020508,161.4462432861328,183.3275604248047,1.1355331452333108,0.4461505796348221,0.3790729840751999
67,1,0,0,0,0,1,0,81.4781265258789,69.56346893310547,172.82388305664062,193.6249237060547,1.1203597574682245,0.4714517755579857,0.4025107392726907
1,0,1,0,0,1,0,0,78.82833099365234,54.29502487182617,187.4245758056641,184.7598419189453,0.9857823667186432,0.4205869516033345,0.289689997367919
50,0,1,0,0,0,0,1,78.20523071289062,70.76299285888672,164.70452880859375,190.5242156982422,1.1567636729628363,0.4748213742426864,0.4296359873693681
45,1,0,0,0,0,1,0,74.66786193847656,61.93488311767578,157.347412109375,190.883544921875,1.213134314463262,0.4745414045105082,0.3936186956454278
85,0,1,0,1,0,0,0,74.85415649414062,60.20430374145508,173.8059844970703,182.19378662109375,1.0482595702805897,0.430676519630441,0.3463879791922233
31,1,0,0,0,0,0,1,71.75066375732422,61.394264221191406,152.51499938964844,182.5646209716797,1.1970273199507404,0.4704498839095435,0.4025457461029134
75,0,1,1,0,0,0,0,73.81287384033203,60.65947341918945,168.79345703125,184.46571350097656,1.092848720236976,0.4372970086551785,0.3593709998365583
16,0,1,0,0,0,1,0,81.54449462890625,71.3122329711914,178.02346801757812,197.1605224609375,1.107497369062992,0.4580547471463397,0.4005777090251382
5,1,0,0,0,0,0,1,85.13818359375,71.50862884521484,179.30760192871094,187.81651306152344,1.0474542687609836,0.4748163640468473,0.3988042228886939
42,1,0,1,0,0,0,0,80.79708862304688,70.65583801269531,170.5682373046875,199.76925659179688,1.1711984584500768,0.4736936366336385,0.4142379561939318
2,1,0,0,0,1,0,0,83.8108139038086,62.38725662231445,197.1842041015625,198.430419921875,1.0063200590837926,0.4250381732435355,0.3163907418779905
26,0,1,0,0,1,0,0,81.67058563232422,69.72967529296875,177.9757537841797,181.3023376464844,1.018691219402496,0.458886021808123,0.3917931168170562
30,0,1,1,0,0,0,0,61.01414489746094,54.52395248413086,140.89971923828125,185.78582763671875,1.3185677632368364,0.433032409342686,0.3869699157591874
23,1,0,0,1,0,0,0,70.77130889892578,59.03571701049805,155.48870849609375,187.45062255859375,1.205557782115754,0.4551540081812675,0.3796784832898728
54,0,1,0,0,1,0,0,83.7725830078125,67.66728210449219,181.4731903076172,201.1329345703125,1.1083341524407535,0.4616251186514585,0.3728775693521927
9,1,0,1,0,0,0,0,82.18985748291016,66.2653579711914,166.8005828857422,193.53582763671875,1.1602826818014786,0.4927432270378211,0.3972729400866839
56,0,1,1,0,0,0,0,76.25000762939453,65.02798461914062,164.61541748046875,196.56629943847656,1.1940941039851185,0.463200888449233,0.3950297342401482
11,1,0,1,0,0,0,0,75.97456359863281,63.46877670288086,163.5160369873047,187.61561584472656,1.14738357962585,0.4646306564079182,0.388150164792757
26,1,0,0,0,0,1,0,78.95904541015625,65.54642486572266,167.97166442871094,200.3313751220703,1.1926498186668455,0.4700736024656549,0.3902231075024043
8,1,0,1,0,0,0,0,78.96968841552734,63.663719177246094,178.70193481445312,182.5858612060547,1.0217341037501035,0.4419072938271309,0.3562564627145664
38,0,1,1,0,0,0,0,80.23766326904297,72.24182891845703,164.44534301757812,198.0524749755859,1.204366577619747,0.487929069906626,0.4393060186005684
67,1,0,1,0,0,0,0,77.80908203125,67.9308853149414,165.63623046875,192.78851318359375,1.163927195384747,0.469758831211327,0.4101209326165973
53,0,1,1,0,0,0,0,84.52790832519531,74.60787963867188,159.94418334960938,199.8166046142578,1.24928959859387,0.5284837907511298,0.4664619748977829
24,1,0,0,0,1,0,0,77.92780303955078,59.42207717895508,182.53224182128903,200.85630798339844,1.10038810666693,0.4269262364938638,0.3255429100417951
85,0,1,1,0,0,0,0,86.248291015625,70.45738220214844,170.17837524414062,186.7130584716797,1.0971608948776137,0.5068111085905704,0.4140207714468372
52,1,0,1,0,0,0,0,78.24092102050781,65.1813735961914,177.26719665527344,196.2546539306641,1.107112075068886,0.4413728117597569,0.3677012714481394
25,0,1,1,0,0,0,0,68.15637969970703,57.89461517333984,157.746337890625,193.4384002685547,1.2262623833630746,0.4320631503151847,0.3670108349106757
23,0,1,0,0,1,0,0,68.8793716430664,56.70531463623047,141.01133728027344,193.2863006591797,1.370714613357682,0.4884669060769355,0.4021330180248079
24,0,1,0,0,1,0,0,73.89230346679688,59.85335540771485,163.3077850341797,192.59922790527344,1.1793634202127177,0.4524726328958016,0.3665064430038517
4,0,1,0,1,0,0,0,79.06761932373047,64.85957336425781,163.86203002929688,188.5784912109375,1.150837025375687,0.4825255692828532,0.3958181974961592
65,0,1,1,0,0,0,0,87.40186309814453,76.91352081298828,165.6009521484375,197.93930053710935,1.195278758782046,0.5277859937653093,0.4644509576493639
54,1,0,0,0,1,0,0,75.70418548583984,63.16751480102539,173.50674438476562,185.98892211914065,1.0719405910048936,0.4363184022285584,0.3640637430263009
2,1,0,0,0,0,1,0,72.35990142822266,52.898719787597656,176.0183563232422,185.974853515625,1.0565651071874491,0.4110929276906783,0.3005295634646981
26,0,1,1,0,0,0,0,75.70427703857422,63.44422149658203,161.15126037597656,190.048828125,1.1793195267700884,0.4697715479354684,0.3936936102675366
12,1,0,0,0,1,0,0,90.17112731933594,72.2972412109375,198.0413055419922,202.69528198242188,1.0235000290858154,0.4553147489740026,0.3650614250046325
43,0,1,1,0,0,0,0,80.2675552368164,69.07231140136719,183.76576232910156,193.09271240234375,1.0507545581670366,0.4367927638940012,0.3758714927412174
115,0,1,1,0,0,0,0,81.77274322509766,64.04541015625,183.4229736328125,188.8679962158203,1.0296856084882149,0.4458151648375051,0.3491678762359402
23,0,1,0,0,0,1,0,64.70071411132812,51.18748092651367,149.04098510742188,175.75303649902344,1.1792262133288287,0.4341135699330948,0.3434456695896105
2,0,1,0,0,0,0,1,86.18321228027344,72.61198425292969,174.58934020996094,196.37628173828125,1.1247896435264568,0.4936338735035576,0.4159015903583036
29,1,0,0,0,0,0,1,82.71102905273438,71.45755004882812,178.7986297607422,199.82994079589844,1.117625683503834,0.462593193042997,0.3996537901014589
3,0,1,0,0,1,0,0,77.62845611572266,57.47439193725586,178.86788940429688,187.15353393554688,1.0463227053153283,0.4339988377693566,0.3213231403840513
37,1,0,1,0,0,0,0,74.28411865234375,63.743255615234375,164.39451599121094,185.60305786132812,1.1290100326172137,0.4518649433312923,0.3877456326988565
61,1,0,0,0,1,0,0,83.83912658691406,69.4842529296875,175.42433166503906,193.59780883789065,1.1035972433262715,0.4779218811390385,0.3960924477817763
1,0,1,0,0,0,1,0,84.64094543457031,68.38311767578125,191.9648895263672,194.3352813720703,1.0123480489143175,0.4409188870079522,0.3562272134477411
58,0,1,0,0,0,1,0,78.87979125976562,67.90032196044922,177.5183563232422,201.02149963378903,1.132398382890331,0.4443472376238875,0.3824974688071689
50,1,0,1,0,0,0,0,80.53572845458984,70.53627014160156,169.09698486328125,197.5137481689453,1.1680500887028806,0.4762694528214374,0.4171349962190736
26,1,0,0,0,0,1,0,79.70922088623047,68.97084045410156,173.00914001464844,196.3628845214844,1.1349856111929038,0.4607226004330269,0.3986543164613262
35,0,1,0,0,0,1,0,86.71064758300781,75.13259887695312,172.95277404785156,201.08201599121097,1.1626411724137873,0.5013544770262963,0.4344110656251508
7,0,1,0,0,1,0,0,86.59383392333984,71.99860382080078,199.36050415039065,190.3648223876953,0.9548773123290796,0.4343580203730647,0.36114778164128
5,0,1,0,0,0,0,1,81.86487579345703,65.62638854980469,174.39584350585938,194.69227600097656,1.1163814004227417,0.4694198792112068,0.3763070680500465
58,1,0,1,0,0,0,0,81.45864868164062,71.3213119506836,169.3240509033203,203.01983642578125,1.1990017681640537,0.4810813835782338,0.4212119398880093
7,0,1,1,0,0,0,0,75.58020782470703,64.30375671386719,158.71157836914062,199.4836883544922,1.2568943640048833,0.4762110527873284,0.405161093945558
1,1,0,0,0,1,0,0,80.16683197021484,61.2526969909668,186.3389434814453,177.99093627929688,0.9551998790688664,0.4302204921441848,0.3287165626602688
56,0,1,1,0,0,0,0,71.21759796142578,53.46601104736328,157.46791076660156,191.63917541503903,1.2170046232408964,0.4522673706326381,0.3395359142511926
50,0,1,1,0,0,0,0,80.43763732910156,66.75328826904297,178.448974609375,193.50222778320312,1.0843560642854897,0.4507598741050748,0.3740749332696699
28,0,1,0,0,1,0,0,87.97997283935547,78.32178497314453,169.5476837158203,199.35389709472656,1.175798410958327,0.5189099072967527,0.4619454731355696
36,1,0,0,0,0,1,0,76.56393432617188,59.31175231933594,170.23654174804688,195.0758819580078,1.1459107425168658,0.4497502917997938,0.3484078782986463
40,1,0,1,0,0,0,0,80.43489837646484,66.57383728027344,179.46925354003906,186.95968627929688,1.041736579338849,0.4481820523007861,0.3709484269149256
35,1,0,0,0,1,0,0,79.6934814453125,67.8474349975586,176.95762634277344,194.23794555664065,1.0976522999940934,0.4503534721410836,0.3834106299896655
26,0,1,0,1,0,0,0,75.55624389648438,60.21804428100586,158.9044189453125,192.2169647216797,1.2096388885688056,0.4754823333294923,0.378957644354309
26,1,0,0,0,0,1,0,77.53144073486328,62.87759780883789,175.22076416015625,179.6287841796875,1.0251569500946942,0.442478613231007,0.3588478689167578
33,1,0,0,0,0,1,0,74.60252380371094,55.49443054199219,166.29600524902344,184.15377807617188,1.107385458841341,0.4486128436578848,0.3337087409820271
88,0,1,1,0,0,0,0,85.76915740966797,74.61296844482422,168.8273162841797,202.57411193847656,1.1998894278310528,0.5080289096421842,0.4419484363491951
42,0,1,0,1,0,0,0,82.49372863769531,70.06224822998047,157.8299102783203,202.88595581054688,1.2854721608393105,0.522674875074213,0.4439098273985669
25,1,0,1,0,0,0,0,73.62681579589844,61.94811248779297,170.29847717285156,197.97613525390625,1.1625244015127751,0.4323398366103287,0.3637619872837508
1,1,0,1,0,0,0,0,85.22844696044922,65.62592315673828,191.19187927246097,203.489501953125,1.064320842116621,0.445774408854432,0.3432463941798335
42,1,0,0,0,0,0,1,80.25882720947266,67.98583221435547,168.56320190429688,208.39808654785156,1.2363201706750402,0.4761349232974363,0.4033254675178452
24,0,1,0,0,0,0,1,72.59715270996094,53.3538818359375,168.72036743164062,179.13499450683594,1.0617271479059276,0.4302809068939153,0.316226681153682
42,1,0,0,1,0,0,0,79.73551940917969,72.42667388916016,165.8125,197.60787963867188,1.1917550223214286,0.4808776142279966,0.4367986363462354
30,1,0,1,0,0,0,0,80.71745300292969,69.13429260253906,166.6510772705078,200.56398010253903,1.203496451312966,0.4843500223638472,0.4148445586722513
40,0,1,1,0,0,0,0,90.4264678955078,80.33183288574219,166.2444610595703,203.26626586914065,1.2226949672404683,0.5439367261872582,0.4832150940472953
45,1,0,0,0,0,0,1,66.09599304199219,58.7325553894043,150.64100646972656,194.35951232910156,1.2902165013625346,0.4387649458202147,0.3898842470971371
14,0,1,1,0,0,0,0,76.84565734863281,63.80069351196289,153.21937561035156,189.7332305908203,1.238310950132875,0.5015400763938441,0.4164009496697916
28,0,1,0,0,1,0,0,74.00357055664062,58.97239685058594,165.52105712890625,183.86712646484375,1.110838280362418,0.447094598356796,0.3562833507319783
68,1,0,1,0,0,0,0,80.34113311767578,66.66468048095703,168.41683959960938,192.30789184570312,1.1418566712384095,0.4770374109185108,0.3958314420306439
16,0,1,1,0,0,0,0,72.53015899658203,60.23344802856445,162.3581085205078,188.8009490966797,1.1628673850485998,0.4467295145127943,0.3709913140615101
17,0,1,0,0,0,0,1,79.16690826416016,66.30424499511719,171.0494842529297,199.3070068359375,1.165200863986375,0.4628304412020126,0.3876319492263043
26,0,1,0,1,0,0,0,82.74771881103516,71.0415267944336,184.42083740234375,184.8786773681641,1.0024825826206476,0.4486896382023669,0.3852142078687403
34,0,1,0,0,1,0,0,81.66663360595703,72.15603637695312,170.6879425048828,195.39520263671875,1.1447510572173494,0.4784557854965111,0.4227365759880138
15,0,1,0,0,0,0,1,76.60018920898438,66.84957885742188,161.8892059326172,188.48733520507812,1.164298349103842,0.4731642778016189,0.4129341327750198
30,1,0,0,0,0,0,1,73.7229995727539,67.62799072265625,157.97775268554688,189.88121032714844,1.2019490535803805,0.4666669725293459,0.4280855346592319
56,0,1,1,0,0,0,0,79.22282409667969,71.53086853027344,161.92105102539062,194.8602600097656,1.2034275887896122,0.4892682180296425,0.4417638600867084
26,0,1,0,0,1,0,0,81.240478515625,64.86129760742188,161.2409210205078,194.63389587402344,1.207099876645262,0.5038452894057349,0.402263254246559
26,0,1,0,1,0,0,0,82.81629943847656,72.60838317871094,173.96348571777344,198.63510131835935,1.1418206556323631,0.476055645222194,0.417377146009283
3,0,1,0,0,1,0,0,80.47547149658203,58.7979850769043,186.8259429931641,178.33358764648438,0.954544025253546,0.4307510520609368,0.3147206653149648
35,0,1,0,0,0,0,1,81.91095733642578,70.41670989990234,159.46328735351562,191.7280731201172,1.2023336299036245,0.513666554200884,0.4415857158632061
24,0,1,1,0,0,0,0,81.94066619873047,74.67440032958984,173.88548278808594,200.6625213623047,1.1539923755846364,0.4712335088869464,0.4294458578844989
38,1,0,0,1,0,0,0,79.00877380371094,68.5411376953125,167.3372039794922,202.72540283203125,1.211478368294453,0.4721530653362283,0.409598918024903
32,1,0,1,0,0,0,0,72.13092041015625,59.15955352783203,164.60096740722656,186.24139404296875,1.131472050113796,0.4382168680193883,0.3594119430748541
87,0,1,1,0,0,0,0,77.48773956298828,65.67656707763672,175.6022491455078,197.2635498046875,1.12335434634001,0.4412684913778084,0.3740075505708113
32,0,1,0,1,0,0,0,75.3521728515625,62.96413803100586,158.82647705078125,193.8772735595703,1.2206861044810706,0.474430801782944,0.3964335115918643
2,0,1,0,0,1,0,0,86.31617736816406,68.7032241821289,195.7180938720703,187.3128967285156,0.9570545728436908,0.4410229818842605,0.3510315414528626
32,0,1,1,0,0,0,0,77.13060760498047,59.75680160522461,166.76461791992188,187.1117248535156,1.1220109348576814,0.4625118239530735,0.3583302162687712
5,1,0,0,1,0,0,0,73.67927551269531,59.93844223022461,168.99349975585938,183.50401306152344,1.0858643280755,0.4359888138841902,0.3546789806520142
32,0,1,0,1,0,0,0,66.38129425048828,55.05146408081055,161.73193359375,203.7616729736328,1.2598728553227847,0.4104402437754169,0.3403871014062863
24,0,1,0,0,0,0,1,73.51432037353516,62.008270263671875,161.9561767578125,184.88430786132812,1.14156997011483,0.4539148913317932,0.3828706722090529
42,0,1,1,0,0,0,0,81.72647094726562,69.78115844726562,160.94309997558594,190.56553649902344,1.1840553371218216,0.5077972958123897,0.4335765774230208
1,1,0,0,0,1,0,0,81.12317657470703,60.90181350708008,176.00177001953125,200.89697265625,1.1414485924428832,0.4609225041640469,0.3460295512955448
35,0,1,0,0,0,0,1,81.69644927978516,68.63240051269531,181.8733367919922,187.10057067871097,1.0287410677063518,0.4491942069178676,0.3773637286436874
21,1,0,0,1,0,0,0,63.9597053527832,55.99991607666016,147.4730987548828,198.61117553710935,1.3467620685669857,0.4337042205852849,0.3797297035830137
10,1,0,1,0,0,0,0,80.92842864990234,67.85731506347656,177.15399169921875,187.2604217529297,1.057048841839647,0.4568253183214005,0.3830414116701826
35,1,0,0,1,0,0,0,87.4078598022461,75.19109344482422,165.2330322265625,202.82699584960935,1.2275208722884123,0.528997492961305,0.4550609065972019
1,0,1,1,0,0,0,0,88.7237777709961,68.38835906982422,204.70758056640625,201.4017639160156,0.9838510296431436,0.4334171579064435,0.3340782929513415
84,0,1,1,0,0,0,0,86.34786987304688,76.35902404785156,162.2819061279297,200.99838256835935,1.2385754355751082,0.5320856276175197,0.4705331966439708
33,0,1,1,0,0,0,0,80.3469467163086,70.11997985839844,167.5098876953125,205.2806396484375,1.2254837160527925,0.4796549494585863,0.4186020349195221
47,0,1,1,0,0,0,0,80.45834350585938,70.22067260742188,158.70591735839844,193.068359375,1.2165164512360456,0.5069649881054146,0.4424578098675784
40,1,0,0,0,0,1,0,77.56529235839844,66.47402954101562,163.99232482910156,190.40672302246097,1.1610709417095353,0.4729812351842087,0.4053484186548915
26,0,1,1,0,0,0,0,80.37469482421875,70.67601776123047,175.17459106445312,196.7437438964844,1.123129460162948,0.4588262163811529,0.4034604409907038
35,1,0,0,0,0,0,1,71.60936737060547,59.49906921386719,156.02774047851562,196.16114807128903,1.257219693560195,0.4589527935929174,0.3813364792144764
44,0,1,0,1,0,0,0,90.2165069580078,77.16578674316406,170.7875518798828,198.8900146484375,1.1645463176866633,0.5282381881172363,0.4518232499604878
24,0,1,0,0,0,0,1,66.87203216552734,59.36137771606445,158.05191040039062,194.1634521484375,1.22847899564495,0.4231017011823608,0.3755815261307828
72,0,1,1,0,0,0,0,81.04116821289062,71.1893081665039,174.34751892089844,196.63262939453125,1.127820060827729,0.4648254745148341,0.4083184470138777
54,1,0,0,1,0,0,0,101.45195770263672,81.1450424194336,210.5792236328125,214.2361602783203,1.0173660847562265,0.4817757229437731,0.3853421102972931
6,0,1,0,0,0,1,0,84.3178939819336,69.01563262939453,188.94981384277344,197.35971069335935,1.044508627341564,0.4462449169285509,0.3652590665520473
42,1,0,1,0,0,0,0,78.6666259765625,70.09134674072266,154.98524475097656,196.7942352294922,1.2697611023919888,0.5075749378785094,0.4522452885972618
60,1,0,0,0,0,0,1,77.95660400390625,59.72750473022461,168.49551391601562,203.65419006347656,1.2086623870887463,0.4626627866351545,0.3544753408686892
65,1,0,1,0,0,0,0,79.73601531982422,65.80016326904297,163.7353057861328,195.775146484375,1.1956807088392525,0.4869811977141541,0.4018691201211642
8,0,1,1,0,0,0,0,78.39338684082031,65.37918090820312,162.5359344482422,192.97183227539065,1.1872564238207917,0.4823141855180575,0.4022444706159573
23,1,0,0,0,0,1,0,76.58079528808594,66.52360534667969,169.30902099609375,196.3902130126953,1.159951264600522,0.4523137328273417,0.3929123501825369
45,1,0,1,0,0,0,0,79.74423217773438,65.1216812133789,162.46060180664062,196.4454040527344,1.209187962300806,0.4908527439326204,0.4008459927465136
64,1,0,0,0,1,0,0,72.90107727050781,63.682315826416016,148.4675750732422,201.3272705078125,1.3560352852028028,0.4910235600907752,0.4289308005131773
37,0,1,1,0,0,0,0,81.5380859375,67.70523834228516,167.6643524169922,195.2166290283203,1.1643299617011242,0.486317364198619,0.4038141523005308
15,0,1,0,0,0,0,1,82.09984588623047,68.27693176269531,167.5821075439453,195.7681427001953,1.168192389804256,0.4899081834539006,0.4074237564102179
26,0,1,0,1,0,0,0,73.6302490234375,60.032222747802734,158.29736328125,187.91749572753903,1.1871170298248264,0.4651388216278574,0.3792370353076716
32,1,0,0,0,1,0,0,74.76805114746094,66.11590576171875,153.6187286376953,200.6440887451172,1.3061173629312457,0.4867118209511999,0.4303896168653428
38,0,1,0,1,0,0,0,77.62130737304688,60.92548370361328,180.0624237060547,178.53662109375,0.9915262575005904,0.431079987570093,0.3383575676126181
35,1,0,1,0,0,0,0,74.52076721191406,60.15932846069336,159.2158203125,193.8152313232422,1.21731138867251,0.4680487596373829,0.377847680856186
70,1,0,1,0,0,0,0,81.98412322998047,69.56865692138672,177.55052185058594,197.2333984375,1.1108578920622818,0.4617509561530467,0.3918245702478465
20,0,1,1,0,0,0,0,68.68545532226562,57.33661651611328,145.55238342285156,190.492919921875,1.3087585063342069,0.4718950916985265,0.3939242708897578
24,0,1,0,0,0,1,0,78.45427703857422,65.71533966064453,170.7688751220703,201.00711059570312,1.1770711170406063,0.4594178944054818,0.3848203580053413
24,0,1,0,0,1,0,0,76.51410675048828,62.43268203735352,167.40206909179688,191.88682556152344,1.146263165100427,0.4570678675932666,0.3729504800990114
26,1,0,1,0,0,0,0,85.02435302734375,69.6673812866211,177.52162170410156,194.5155487060547,1.0957287728605765,0.4789520972778455,0.3924444843273503
1,0,1,0,0,1,0,0,86.08441925048828,69.18701171875,199.63198852539065,192.88818359375,0.9662188160251536,0.4312155576186099,0.3465727723788629
56,0,1,0,0,1,0,0,83.2119369506836,76.25382232666016,169.3275909423828,200.68199157714844,1.1851700627184534,0.4914257415910332,0.4503331199733839
35,1,0,0,0,1,0,0,80.0404052734375,69.0130386352539,171.71961975097656,196.1626434326172,1.1423426380578252,0.4661110092691217,0.4018937308115104
65,0,1,0,1,0,0,0,74.94739532470703,67.69847869873047,156.0771484375,190.8887634277344,1.2230410751268592,0.4801945452938563,0.4337500997196899
20,0,1,1,0,0,0,0,74.23548126220703,61.574214935302734,157.4635467529297,185.99288940429688,1.181180617607525,0.4714455046455115,0.3910379018193753
60,0,1,1,0,0,0,0,80.34614562988281,72.75318908691406,168.64854431152344,195.93711853027344,1.161807351081212,0.476411735173174,0.4313893688434462
40,1,0,0,0,1,0,0,70.7488784790039,59.77579116821289,154.23806762695312,190.70343017578125,1.236422584319617,0.4586992016142228,0.3875553687095536
43,1,0,0,0,0,1,0,77.52513885498047,70.9757080078125,158.37632751464844,203.8883514404297,1.2873663295518187,0.4894995361463352,0.448145938989827
5,0,1,1,0,0,0,0,80.4429931640625,66.0325698852539,182.1739959716797,195.35455322265625,1.072351474647488,0.4415723151649369,0.3624697890225736
77,1,0,1,0,0,0,0,73.54878997802734,63.58234786987305,155.5452423095703,196.223388671875,1.261519708081755,0.4728449992166817,0.4087707661500167
20,0,1,0,0,0,1,0,49.54304504394531,33.09950637817383,156.76870727539062,186.3807830810547,1.188890221271299,0.3160263671557526,0.2111359272742421
26,1,0,1,0,0,0,0,67.81311798095703,60.13298034667969,152.9563751220703,197.3939208984375,1.29052431283693,0.4433494055206083,0.3931381107762863
67,0,1,0,0,1,0,0,72.1874008178711,58.99751281738281,152.73336791992188,190.42515563964844,1.246781618405013,0.4726367381338632,0.3862778227238151
7,1,0,1,0,0,0,0,87.00035858154297,74.77537536621094,172.82469177246094,201.0821075439453,1.1635033482871058,0.5034023650745848,0.4326660420992352
26,0,1,1,0,0,0,0,83.69503784179688,73.6471176147461,184.75341796875,202.6674041748047,1.096961595639247,0.4530094152626363,0.3986238437396762
27,1,0,0,1,0,0,0,68.77802276611328,58.81875991821289,146.67050170898438,188.90614318847656,1.2879627531600992,0.468928802756664,0.4010265133947511
26,1,0,0,0,0,1,0,78.88520050048828,70.6933364868164,162.63299560546875,182.41893005371097,1.1216600258427318,0.4850504057113713,0.4346801596049507
56,0,1,1,0,0,0,0,82.74553680419922,70.57640075683594,183.89675903320312,200.7482757568359,1.0916357461231287,0.4499564714419967,0.3837827329196875
51,1,0,1,0,0,0,0,77.38795471191406,67.33892822265625,176.1569061279297,190.8586273193359,1.0834581028616015,0.4393126356097157,0.3822667512890638
32,0,1,1,0,0,0,0,80.67337799072266,72.78408813476562,170.0654754638672,198.6463623046875,1.1680581362140885,0.4743665801108636,0.427976859713832
1,0,1,1,0,0,0,0,77.05740356445312,54.6434326171875,188.43504333496097,185.4670257568359,0.9842491209405826,0.4089335093975931,0.2899855125145362
51,1,0,0,1,0,0,0,86.47464752197266,75.0577621459961,174.21405029296875,198.3548583984375,1.1385698114754357,0.4963701112312797,0.4308364452796687
15,1,0,1,0,0,0,0,76.33557891845703,64.79637908935547,165.8307647705078,192.3887939453125,1.1601514002034434,0.4603221786023683,0.3907379862779188
85,0,1,1,0,0,0,0,73.78551483154297,56.174835205078125,171.25062561035156,193.44552612304688,1.1296047849962056,0.4308627461567817,0.3280270364260937
35,1,0,1,0,0,0,0,76.58675384521484,65.7257308959961,163.58457946777344,192.71632385253903,1.178083682945828,0.4681783215410143,0.4017843925743882
67,1,0,1,0,0,0,0,81.60770416259766,63.20283889770508,186.5036468505859,193.75738525390625,1.0388932791707368,0.437566265007012,0.3388825900457534
26,1,0,0,0,1,0,0,74.48247528076172,64.26085662841797,163.28028869628906,194.7254638671875,1.1925840248199726,0.4561632997801927,0.3935616303811597
26,1,0,0,0,1,0,0,75.98192596435547,61.205196380615234,170.17617797851562,181.9479827880859,1.069174222558086,0.4464897899748813,0.3596578387624985
13,0,1,1,0,0,0,0,69.87732696533203,54.65252685546875,161.56935119628906,188.5215606689453,1.1668151123532846,0.432491227129078,0.3382604835063793
55,0,1,0,0,0,1,0,79.84427642822266,68.22547912597656,171.22740173339844,194.4624481201172,1.1356970096579273,0.4663054839349862,0.3984495380722054
26,1,0,0,0,0,1,0,84.00717163085938,70.61371612548828,171.31813049316406,210.0869140625,1.226297026810498,0.4903577419916535,0.412178885691879
25,1,0,1,0,0,0,0,77.94267272949219,66.70161437988281,160.82936096191406,192.4685211181641,1.1967250256235396,0.4846296239897997,0.4147353069174875
52,1,0,1,0,0,0,0,83.41207122802734,71.7082748413086,168.98526000976562,197.0041351318359,1.16580662195301,0.4936056033716016,0.4243463295980051
26,0,1,0,0,1,0,0,66.1843032836914,51.19812774658203,146.7807159423828,193.0982360839844,1.315555894684306,0.4509059848820422,0.3488069084407471
14,1,0,1,0,0,0,0,80.40571594238281,68.8343505859375,170.7797393798828,189.23533630371097,1.108066665231146,0.4708153100264907,0.4030592319433292
54,1,0,1,0,0,0,0,80.96866607666016,66.56015014648438,177.9794464111328,201.05691528320312,1.1296636737410752,0.4549326773925479,0.3739766107190283
29,0,1,0,0,0,0,1,85.84806060791016,76.23418426513672,169.52500915527344,202.2038421630859,1.192767032844581,0.5064035155384015,0.4496928485360609
39,0,1,0,0,0,1,0,79.54966735839844,63.1739616394043,175.73338317871094,195.36383056640625,1.11170585253988,0.452672485554443,0.3594875401400537
38,0,1,1,0,0,0,0,80.6158447265625,70.63998413085938,170.0606231689453,197.61849975585935,1.162047369187498,0.4740418047655592,0.415381190628019
70,1,0,1,0,0,0,0,76.09043884277344,57.5085334777832,175.91493225097656,195.08169555664065,1.1089547263578456,0.4325411030725678,0.3269110401369236
48,0,1,0,0,0,1,0,82.29935455322266,69.57588195800781,173.09022521972656,199.4640960693359,1.152370654184137,0.4754708386839816,0.401963091039288
11,1,0,1,0,0,0,0,85.21412658691406,68.00508117675781,190.4792327880859,199.78526306152344,1.0488558786027389,0.4473670191737775,0.3570209737899122
53,1,0,0,0,0,1,0,76.3807144165039,63.02613830566406,170.8993682861328,188.5796661376953,1.103454436542801,0.44693386044951,0.3687909378350707
45,1,0,1,0,0,0,0,78.93795776367188,69.40681457519531,156.52040100097656,205.5016326904297,1.3129383222647604,0.504330152867289,0.4434362174599991
30,0,1,0,1,0,0,0,81.14835357666016,65.20967102050781,170.86671447753906,196.41807556152344,1.1495397225967212,0.4749219520302027,0.3816405741744382
26,0,1,0,1,0,0,0,78.1398696899414,62.29638671875,162.10916137695312,198.7390289306641,1.22595803495976,0.4820200723156073,0.38428665098015
27,1,0,1,0,0,0,0,77.97987365722656,61.07563781738281,162.13433837890625,183.4596710205078,1.1315287856651592,0.4809584103953871,0.3766977336697775
32,1,0,0,1,0,0,0,69.8882827758789,57.56780624389648,152.30453491210938,190.77992248535156,1.2526214179731765,0.4588719752580542,0.3779782806671989
26,0,1,0,0,0,1,0,79.2415771484375,65.54801177978516,164.87722778320312,193.6929168701172,1.1747705821740513,0.4806095918390389,0.3975564889165541
37,0,1,0,1,0,0,0,75.52017211914062,66.28089904785156,159.7801971435547,191.31912231445312,1.197389449598452,0.4726503876527918,0.4148254929758374
26,0,1,0,0,0,1,0,71.2811279296875,58.16188430786133,162.29022216796875,184.7468719482422,1.138373399705073,0.4392201019720846,0.3583819378080853
70,1,0,0,0,1,0,0,85.00987243652344,75.20970916748047,175.9204864501953,195.8688201904297,1.1133940346730562,0.4832289527609424,0.4275210391074778
26,1,0,0,0,0,1,0,73.52947235107422,60.380889892578125,157.469970703125,186.4522705078125,1.1840496932543871,0.4669428210518808,0.3834438377232762
58,1,0,0,0,0,1,0,82.65934753417969,68.15723419189453,172.64390563964844,193.55511474609375,1.1211233552031217,0.4787852037285966,0.3947850573663222
46,1,0,0,0,0,0,1,83.47232055664062,74.10037994384766,172.6654815673828,195.11618041992188,1.1300242448504547,0.4834337459862555,0.4291557251119121
32,1,0,0,1,0,0,0,85.42254638671875,73.36233520507812,180.6862030029297,208.90753173828125,1.1561897270866552,0.4727673998735459,0.4060206810803844
10,1,0,0,1,0,0,0,81.8024673461914,73.95146179199219,177.0786895751953,195.5741424560547,1.104447649376835,0.4619554591375859,0.4176192062940989
1,1,0,1,0,0,0,0,85.42814636230469,66.53588104248047,198.2268829345703,193.0049743652344,0.9736569102433016,0.4309614573846795,0.335655184894585
33,1,0,0,0,1,0,0,82.84503173828125,68.4679946899414,163.3822479248047,197.4252166748047,1.2083639390594505,0.5070626263901693,0.4190663034667832
29,1,0,0,0,0,1,0,74.9853286743164,59.6361198425293,156.00526428222656,191.1304626464844,1.2251539300668304,0.4806589637812585,0.3822699196524713
14,0,1,1,0,0,0,0,75.39436340332031,59.13431167602539,172.40980529785156,183.9187774658203,1.066753582536017,0.4372974221104803,0.3429869407593506
75,0,1,1,0,0,0,0,79.67932891845703,72.66056060791016,162.54307556152344,203.9673767089844,1.2548512202341198,0.4902043882410603,0.4470234142973857
27,1,0,1,0,0,0,0,82.42504119873047,68.7747573852539,185.1905975341797,197.8640594482422,1.068434694216716,0.4450822141956623,0.3713728358836387
30,1,0,0,1,0,0,0,73.92654418945312,62.56705856323242,159.594482421875,207.4591827392578,1.2999145057587669,0.4632149123679246,0.3920377297119928
21,0,1,0,0,0,0,1,76.10868072509766,64.38313293457031,154.2237548828125,190.69920349121097,1.2365099244024662,0.4934951868013402,0.4174657333657326
5,1,0,0,0,1,0,0,84.00129699707031,69.83393859863281,174.2987518310547,189.1610107421875,1.0852688774589654,0.4819386032006217,0.4006565615932916
96,0,1,0,0,1,0,0,71.2386703491211,52.144287109375,167.3741455078125,172.72337341308594,1.031959702551693,0.4256252967445076,0.3115432610644221
26,1,0,1,0,0,0,0,77.1306381225586,63.6634635925293,166.19764709472656,189.2263641357422,1.138562232640334,0.4640898320214904,0.3830587538717889
24,0,1,0,0,1,0,0,78.99308013916016,62.56797409057617,170.1650390625,185.8895568847656,1.0924074528404752,0.4642145094806857,0.367689946391371
25,0,1,1,0,0,0,0,78.51768493652344,61.84571075439453,173.9086151123047,188.97084045410156,1.0866100010748183,0.4514881846757229,0.3556218920750793
23,0,1,0,0,0,1,0,65.85122680664062,56.52951431274414,152.3703155517578,191.35906982421875,1.2558815615185692,0.4321788438133935,0.3710008350907559
26,1,0,0,1,0,0,0,74.02758026123047,54.30075454711914,170.53451538085938,195.7595062255859,1.147917216572791,0.4340914805187833,0.3184150400629912
26,0,1,1,0,0,0,0,74.37187194824219,55.81743240356445,166.32568359375,191.10494995117188,1.148980396905779,0.4471460470885258,0.3355911798919664
4,0,1,0,0,1,0,0,72.01498413085938,62.32575607299805,160.39613342285156,192.50149536132812,1.2001629419197866,0.4489820458514833,0.3885739309481292
43,1,0,1,0,0,0,0,70.58904266357422,59.71488952636719,154.7615203857422,209.213134765625,1.351842074465038,0.4561149469689328,0.3858510137243946
24,0,1,0,0,0,0,1,87.89469909667969,76.8155517578125,173.4838104248047,199.72506713867188,1.151260550766155,0.5066449652071541,0.4427822490739425
52,0,1,1,0,0,0,0,84.74269104003906,74.0883560180664,167.2845458984375,201.89125061035156,1.206873292007049,0.5065781216364624,0.4428882274818574
48,0,1,0,1,0,0,0,76.39472198486328,61.91352081298828,171.6902313232422,186.07359313964844,1.0837750738964678,0.4449567188306392,0.3606117851657112
35,1,0,0,0,0,1,0,75.14869689941406,59.398780822753906,167.83673095703125,186.9430999755859,1.1138390202764743,0.4477488120204943,0.3539081134627252
54,1,0,1,0,0,0,0,90.15706634521484,73.26484680175781,178.65708923339844,212.88023376464844,1.1915577191932234,0.5046374970736999,0.4100864237525122
54,1,0,1,0,0,0,0,61.021697998046875,43.359676361083984,163.88519287109375,199.0775604248047,1.214737932922299,0.3723441814907852,0.264573483433547
28,1,0,0,1,0,0,0,78.13367462158203,67.13117218017578,165.99363708496094,196.3420562744141,1.182828810323132,0.4707028292993584,0.4044201534412784
32,1,0,1,0,0,0,0,78.53877258300781,64.83336639404297,163.17454528808594,201.53961181640625,1.2351167362567883,0.4813175513640745,0.3973252462850695
1,1,0,0,0,1,0,0,92.2513427734375,75.88743591308594,184.7478179931641,186.1907501220703,1.0078102796805948,0.4993365755304937,0.4107622852460096
17,1,0,1,0,0,0,0,85.32198333740234,75.67329406738281,185.4884796142578,196.41156005859375,1.0588881879190104,0.4599853506527095,0.4079676227049417
28,1,0,0,0,0,0,1,81.75341033935547,71.48170471191406,169.79747009277344,194.2876892089844,1.1442319435197126,0.4814760213723283,0.4209821540501051
64,0,1,1,0,0,0,0,86.73817443847656,75.22525024414062,168.10202026367188,200.13278198242188,1.190543585785043,0.5159853183348169,0.4474975977453935
1,1,0,0,0,1,0,0,77.93415832519531,54.58280563354492,182.26466369628903,189.06759643554688,1.037324474208526,0.4275878645081662,0.2994700372887268
17,0,1,1,0,0,0,0,79.88432312011719,68.13249206542969,181.5266876220703,197.0412445068359,1.0854670852423978,0.4400693042250208,0.3753304429113928
71,1,0,1,0,0,0,0,74.16329956054688,60.01993942260742,168.6821746826172,192.44583129882812,1.140878291739618,0.4396629323761585,0.3558167277339027
24,1,0,1,0,0,0,0,83.23931121826172,66.91370391845703,176.62353515625,202.14454650878903,1.144493831640058,0.4712809713871034,0.3788493071394014
41,1,0,1,0,0,0,0,82.26043701171875,70.03121948242188,171.0056915283203,201.8944091796875,1.1806297636956236,0.4810391763954568,0.4095256646520679
45,0,1,0,1,0,0,0,75.24105834960938,63.090057373046875,159.60560607910156,199.0282745361328,1.247000524765359,0.4714186437305931,0.3952872265763587
1,1,0,0,0,0,0,1,78.1572494506836,52.38013458251953,193.30838012695312,188.42384338378903,0.9747318934649588,0.4043138191906356,0.2709667038134584
44,1,0,0,1,0,0,0,57.986297607421875,47.28316879272461,147.53370666503906,183.5883331298828,1.2443822993392435,0.3930376245414488,0.32049061778185
49,1,0,0,0,0,1,0,79.74061584472656,69.47747039794922,173.3117218017578,196.16217041015625,1.1318459500075584,0.4600993805597158,0.4008815426657687
24,1,0,1,0,0,0,0,65.00934600830078,56.44427490234375,139.1018829345703,201.8280792236328,1.4509370755144066,0.4673505824423626,0.4057764978558456
16,1,0,1,0,0,0,0,67.89595794677734,58.35321807861328,144.2613525390625,189.0652618408203,1.3105745822646853,0.4706455107468423,0.4044965408376622
54,0,1,1,0,0,0,0,78.80339813232422,67.7173080444336,171.9403533935547,198.6025390625,1.1550664817346177,0.4583182282518108,0.3938418568294743
29,1,0,1,0,0,0,0,87.96954345703125,77.89957427978516,177.69180297851562,201.4502716064453,1.133706047379137,0.4950681009616829,0.438397117784909
80,0,1,1,0,0,0,0,77.77249908447266,66.32293701171875,160.72923278808594,200.3999481201172,1.2468170515337136,0.4838727699709243,0.4126376755568943
36,0,1,0,0,0,1,0,77.49410247802734,65.45394134521484,172.77914428710938,187.24317932128903,1.0837140101246512,0.4485153737609348,0.3788301048444201
83,0,1,1,0,0,0,0,85.15982818603516,72.5283432006836,171.4936981201172,196.6478576660156,1.1466768739704942,0.4965770119808584,0.422921331779104
23,1,0,1,0,0,0,0,89.97918701171875,77.94478607177734,175.1517333984375,205.45358276367188,1.1730034226741184,0.5137213618493451,0.4450129299860682
1,0,1,0,0,0,1,0,79.55635833740234,54.527122497558594,190.07839965820312,192.1186065673828,1.0107335021383197,0.418544971340561,0.286866485595463
52,0,1,1,0,0,0,0,76.69487762451172,67.12052917480469,163.2998046875,193.4176483154297,1.1844328208815984,0.4696568852074226,0.4110263897942219
29,1,0,1,0,0,0,0,73.65973663330078,58.95685577392578,164.00198364257812,191.6076202392578,1.168325016463476,0.4491393030576568,0.3594886748590486
1,1,0,1,0,0,0,0,78.50089263916016,67.86941528320312,174.15664672851562,164.54483032226562,0.9448093622218542,0.4507487604623635,0.3897032732204673
25,1,0,1,0,0,0,0,77.45152282714844,66.60306549072266,164.6309356689453,196.7648468017578,1.195187563031472,0.4704554615597576,0.4045598430215697
42,0,1,0,1,0,0,0,69.1744384765625,59.417877197265625,149.39886474609375,196.59271240234375,1.3158916082559051,0.4630185014733933,0.3977130435244435
39,0,1,1,0,0,0,0,83.16893005371094,76.31507873535156,173.6230010986328,199.2367706298828,1.147525209040127,0.4790202307726718,0.4395447507096023
24,1,0,0,0,0,1,0,76.74473571777344,61.899173736572266,164.56729125976562,187.3318328857422,1.1383296853932126,0.4663425832089176,0.3761329074734897
31,0,1,1,0,0,0,0,76.3479232788086,64.57063293457031,158.634033203125,194.31739807128903,1.2249414211291774,0.4812833774518479,0.4070414880764584
27,0,1,1,0,0,0,0,87.51209259033203,73.62164306640625,171.9337158203125,200.57733154296875,1.1665968515017242,0.5089873860563259,0.4281978244647957
4,1,0,1,0,0,0,0,80.84972381591797,63.145111083984375,187.12728881835935,187.92495727539065,1.004262705146151,0.4320573676156723,0.3374446959752516
62,1,0,1,0,0,0,0,84.8237533569336,75.53258514404297,178.760009765625,204.41848754882812,1.1435358938324311,0.474511908273821,0.4225362554134725
50,1,0,1,0,0,0,0,76.73284149169922,63.54350280761719,165.60861206054688,193.9911193847656,1.1713830396322749,0.4633384733859464,0.3836968501637194
24,0,1,0,1,0,0,0,85.31370544433594,77.36743927001953,182.2422790527344,211.06320190429688,1.1581461941837476,0.4681334424030617,0.4245306833966456
9,1,0,1,0,0,0,0,79.59811401367188,66.60335540771484,167.77537536621094,199.94044494628903,1.1917150804155254,0.4744326385199822,0.3969793258536103
42,1,0,1,0,0,0,0,86.4102783203125,76.14937591552734,168.66696166992188,201.59124755859375,1.1952029346037791,0.5123130070334451,0.4514777236845605
26,0,1,1,0,0,0,0,74.64791107177734,64.22164916992188,160.64218139648438,193.70916748046875,1.2058424866777118,0.4646843713329393,0.3997807338747166
32,1,0,0,1,0,0,0,67.70245361328125,55.211326599121094,157.4615936279297,190.54345703125,1.2100948087791512,0.4299616944894971,0.3506336073898848
26,1,0,1,0,0,0,0,80.34972381591797,72.911376953125,170.34910583496094,199.6866149902344,1.1722199186868434,0.4716768158076689,0.4280115037631228
19,0,1,1,0,0,0,0,75.2020492553711,64.3279037475586,154.4624786376953,203.7499237060547,1.3190900826081342,0.4868628932969786,0.416462977383945
24,1,0,0,0,1,0,0,75.7830581665039,60.74162292480469,155.0963134765625,193.61370849609375,1.2483450067647923,0.4886193389629207,0.3916380832222921
71,0,1,1,0,0,0,0,79.02886199951172,70.66390228271484,175.68775939941406,188.87440490722656,1.0750572808993115,0.4498256581430071,0.4022130086027525
27,0,1,0,0,0,0,1,82.90827178955078,73.36827850341797,161.9908905029297,201.1385955810547,1.2416660897201317,0.5118082352170991,0.4529160761795495
28,0,1,0,1,0,0,0,84.29696655273438,66.40406036376953,169.60398864746094,197.6213836669922,1.1651930195920583,0.4970223119454705,0.3915241669333443
36,1,0,0,0,0,1,0,80.69349670410156,69.77051544189453,172.4290008544922,191.0431976318359,1.1079528193349082,0.4679810026400168,0.4046332989006405
52,1,0,1,0,0,0,0,69.81745147705078,59.80726623535156,157.39776611328125,197.28433227539065,1.2534125302223318,0.4435733314461543,0.3799753180252093
15,1,0,0,0,0,0,1,71.59716033935547,53.03987503051758,158.17303466796875,176.953369140625,1.1187328454061671,0.4526508610626944,0.3353281748804846
31,0,1,0,0,1,0,0,82.29924011230469,67.64652252197266,182.3212890625,195.7017822265625,1.0733896366840388,0.4513967652131528,0.3710292027322346
45,1,0,1,0,0,0,0,82.25811767578125,62.457794189453125,186.9757537841797,201.7342529296875,1.078932689649927,0.4399400243666312,0.3340422109571823
25,0,1,0,1,0,0,0,74.72943115234375,63.46059036254883,158.9402618408203,187.3504180908203,1.1787473854702275,0.4701730718625955,0.3992732214453315
35,0,1,0,0,0,0,1,91.92572021484376,81.4992446899414,170.84921264648438,203.2637634277344,1.1897260764573798,0.5380517638384057,0.477024408994948
29,1,0,0,1,0,0,0,71.62637329101562,56.95134353637695,159.98733520507812,187.01126098632812,1.16891290642856,0.4477002707695712,0.3559740742189027
28,1,0,0,0,1,0,0,73.83171081542969,64.33869934082031,153.82333374023438,197.89158630371097,1.2864861363484414,0.4799773156659788,0.4182635870411625
4,0,1,0,0,1,0,0,73.37858581542969,57.36103057861328,167.59567260742188,188.73057556152344,1.1261064956229998,0.4378310291299261,0.342258422823222
32,1,0,1,0,0,0,0,83.46575164794922,73.90065002441406,168.5599822998047,204.03384399414065,1.2104524526541616,0.4951694376634135,0.4384234562446302
35,1,0,0,1,0,0,0,83.15393829345703,78.39006805419922,176.10142517089844,201.5456390380859,1.1444861325937312,0.4721934431408486,0.4451415880259073
8,1,0,1,0,0,0,0,82.64379119873047,66.89053344726562,186.26437377929688,196.10372924804688,1.0528246774684276,0.4436908117311495,0.3591160890838076
69,1,0,1,0,0,0,0,77.17000579833984,62.69438171386719,164.67303466796875,195.82061767578125,1.1891480476485756,0.4686256371842433,0.3807203883761434
13,1,0,1,0,0,0,0,73.24008178710938,62.9427604675293,160.0060272216797,196.23138427734375,1.226399953080991,0.4577332682951949,0.3933774343408046
51,1,0,1,0,0,0,0,75.48021697998047,64.69361114501953,154.65809631347656,189.5461883544922,1.2255820605104368,0.4880456877407154,0.4183008370534448
26,0,1,0,1,0,0,0,76.48821258544922,62.773956298828125,161.89515686035156,185.8511962890625,1.1479725514542418,0.4724552239164686,0.3877444978355717
60,1,0,1,0,0,0,0,74.98509979248047,63.829620361328125,158.45443725585938,188.1662139892578,1.1875099066201742,0.473228147416286,0.4028263358649984
66,0,1,1,0,0,0,0,83.6967544555664,72.44071197509766,178.564453125,202.125,1.13194421657096,0.4687201343314192,0.4056838340853158
58,0,1,0,1,0,0,0,72.10601043701172,62.724857330322266,162.4627227783203,194.50311279296875,1.197216872072047,0.4438311090932537,0.3860876898875446
20,0,1,1,0,0,0,0,87.15699005126953,73.7497787475586,165.49061584472656,203.3572235107422,1.228814228968393,0.5266582011698208,0.4456432672699409
21,0,1,1,0,0,0,0,79.75756072998047,60.687591552734375,179.43942260742188,194.02113342285156,1.0812625821212745,0.4444818177133477,0.3382065694978682
27,0,1,0,0,1,0,0,81.56371307373047,67.66413879394531,165.69970703125,185.57687377929688,1.1199589733993809,0.4922381248287182,0.4083540037954578
63,1,0,0,1,0,0,0,75.03800964355469,66.49276733398438,150.0369873046875,193.4380645751953,1.2892691865531205,0.5001300745340301,0.4431758363619648
8,0,1,1,0,0,0,0,74.68930053710938,56.283199310302734,168.940673828125,185.9419708251953,1.1006347175717253,0.4421037210559249,0.3331536333728816
6,1,0,0,0,1,0,0,76.0781478881836,63.02779006958008,175.68663024902344,184.95526123046875,1.0527566096993703,0.4330332238733714,0.358751203664403
36,1,0,1,0,0,0,0,74.83104705810547,61.76530456542969,169.68069458007812,203.0976104736328,1.1969399994280676,0.4410109661755901,0.3640090271806409
36,0,1,0,0,0,0,1,82.95120239257812,73.14906311035156,177.00160217285156,196.47396850585935,1.1100123733003953,0.468646618868296,0.4132678021689181
3,1,0,1,0,0,0,0,80.8379898071289,65.36563110351562,185.8201904296875,188.0865936279297,1.0121967542547523,0.4350334030989877,0.3517681848908088
11,0,1,0,0,0,1,0,79.63593292236328,67.49549102783203,177.86373901367188,191.3070526123047,1.0755820926355284,0.4477356282060499,0.3794786469806746
42,1,0,0,1,0,0,0,84.8504638671875,75.21788024902344,167.81802368164062,197.35885620117188,1.1760289620355184,0.5056099577727907,0.4482109763830588
36,1,0,1,0,0,0,0,76.49317169189453,67.3682632446289,166.33499145507812,190.87339782714844,1.147524018592909,0.4598742033936554,0.4050155812393988
28,1,0,0,1,0,0,0,79.9864273071289,66.29938507080078,172.24887084960938,201.0095367431641,1.1669715786913093,0.4643654667377478,0.3849046135616576
45,1,0,0,0,0,1,0,77.35382843017578,67.59476470947266,163.40631103515625,195.042724609375,1.1936058244862544,0.4733833591869863,0.4136606736990097
59,1,0,1,0,0,0,0,85.3751449584961,74.3471450805664,172.3834991455078,192.766357421875,1.1182413535947668,0.495262860898487,0.431289221120929
26,1,0,0,0,0,1,0,82.4649429321289,65.88729858398438,189.47732543945312,195.21197509765625,1.0302656248968196,0.4352232793072663,0.3477318377340008
26,0,1,0,1,0,0,0,69.7927474975586,54.62633514404297,155.5913543701172,184.90093994140625,1.1883754125667425,0.4485644320026753,0.3510884995197039
51,1,0,1,0,0,0,0,77.49510955810547,65.88888549804688,159.5956268310547,201.78128051757812,1.2643283811979416,0.4855716356196935,0.4128489408284086
11,0,1,1,0,0,0,0,84.27201843261719,77.63936614990234,177.39785766601562,194.534423828125,1.0965996229468122,0.4750452995394955,0.437656729181436
18,1,0,0,0,0,1,0,69.46917724609375,52.52894592285156,152.140380859375,175.24526977539062,1.1518655914064768,0.4566123527080221,0.3452662969958294
25,1,0,1,0,0,0,0,78.28240966796875,67.231201171875,162.57981872558594,202.81021118164065,1.2474501003347684,0.4815013959395508,0.4135273473600848
50,1,0,0,0,0,1,0,87.02534484863281,71.69959259033203,168.21669006347656,195.627197265625,1.1629476075876009,0.5173407276994559,0.4262335239343741
30,1,0,0,0,0,0,1,75.7544937133789,67.40740203857422,158.5448760986328,195.3865509033203,1.2323737966893853,0.4778110499531442,0.4251629172590807
43,0,1,1,0,0,0,0,86.70303344726562,74.36970520019531,168.77395629882812,201.4921875,1.193858293771591,0.5137228239986908,0.4406468084952494
37,0,1,0,1,0,0,0,86.06019592285156,71.2040023803711,171.94488525390625,205.0070037841797,1.192283233557378,0.5005103571168683,0.414109453010051
22,0,1,0,0,0,1,0,76.75665283203125,62.12598419189453,165.52536010742188,189.77023315429688,1.1464722567656138,0.4637153653205652,0.3753260778383221
24,0,1,0,0,1,0,0,75.09233093261719,66.19157409667969,153.97105407714844,191.68104553222656,1.244916108947226,0.4877042076687451,0.4298962197369504
17,0,1,0,0,0,0,1,75.46878051757812,71.64289093017578,164.02981567382812,194.1701202392578,1.183748938823192,0.4600918449341377,0.4367674903240582
26,1,0,1,0,0,0,0,83.33626556396484,70.4638442993164,164.78704833984375,202.11439514160156,1.2265186929301437,0.5057209677795717,0.4276054763357212
38,0,1,0,0,0,1,0,82.58257293701172,73.08222198486328,171.85455322265625,192.51564025878903,1.120224263184718,0.4805375905869484,0.4252562449723245
46,0,1,1,0,0,0,0,81.60334014892578,68.85132598876953,179.5701446533203,198.6103057861328,1.10603188614439,0.4544371243141219,0.3834230134507855
15,0,1,1,0,0,0,0,81.7197036743164,71.31024169921875,163.90757751464844,198.2253265380859,1.209372559486278,0.4985718470948245,0.4350637278672839
56,0,1,1,0,0,0,0,76.95796203613281,61.40082931518555,173.09457397460938,195.36007690429688,1.1286320097645206,0.4446006611820282,0.3547241713318652
8,1,0,1,0,0,0,0,78.55782318115234,66.71878051757812,173.09796142578125,188.8513946533203,1.0910087738629644,0.4538344792398688,0.3854394353811322
26,1,0,0,0,1,0,0,74.232666015625,63.04512023925781,157.06643676757812,185.5181121826172,1.1811442087856168,0.4726195331308885,0.4013914209599722
39,0,1,0,0,0,1,0,87.24844360351562,76.0542221069336,170.52865600585938,197.27737426757812,1.1568576149500625,0.5116350861319037,0.4459908609396438
66,0,1,1,0,0,0,0,84.06208801269531,71.81088256835938,165.3256378173828,196.5248565673828,1.1887137358844633,0.5084637151410814,0.4343602330310137
2,1,0,0,0,1,0,0,83.65908813476562,69.97491455078125,176.36326599121094,201.6826629638672,1.1435638925734004,0.474356650544988,0.3967658126396255
55,1,0,1,0,0,0,0,69.99137878417969,51.09650039672851,159.16371154785156,195.6041259765625,1.228949262833415,0.4397445755915111,0.3210310937073534
52,0,1,1,0,0,0,0,82.53407287597656,69.26811218261719,184.3115997314453,191.99331665039065,1.0416778809914196,0.4477964110573311,0.3758206878109983
53,1,0,0,0,0,0,1,86.59318542480469,78.54904174804688,188.22003173828125,206.4259490966797,1.0967267787081965,0.4600636001656399,0.4173256216281422
24,0,1,0,0,1,0,0,74.26382446289062,64.00174713134766,166.3453826904297,180.49118041992188,1.0850387158375032,0.4464435577457313,0.3847521710323364
35,0,1,0,0,1,0,0,75.26490783691406,59.75812530517578,156.08200073242188,179.15249633789062,1.1478100965980025,0.4822138842642333,0.3828636551604801
23,1,0,0,1,0,0,0,71.74484252929688,55.14773178100586,152.7233428955078,194.73326110839844,1.2750720185691162,0.469769985184152,0.361095630408886
52,1,0,1,0,0,0,0,81.7235336303711,71.69945526123047,176.2566680908203,195.74270629882812,1.110554899392329,0.4636620816425575,0.4067900297779694
38,0,1,0,1,0,0,0,79.59706115722656,68.2269058227539,166.65252685546875,204.781982421875,1.2287961442041286,0.477622887928114,0.4093961676436172
1,1,0,0,0,0,0,1,81.2882308959961,58.95858001708984,195.0092010498047,185.9360809326172,0.9534733742390428,0.4168430538579323,0.3023374266429204
26,1,0,0,1,0,0,0,72.8118667602539,60.999263763427734,154.3258514404297,197.48956298828125,1.2796920356827768,0.471806026538331,0.3952627715582289
90,0,1,1,0,0,0,0,79.56800842285156,61.6895637512207,170.35043334960938,194.1353302001953,1.1396233422064288,0.4670842736252659,0.3621332951036027
8,0,1,0,0,0,0,1,74.16175079345703,59.69651794433594,170.2751007080078,181.6657867431641,1.0668957821066822,0.4355407836206865,0.3505886515181399
38,1,0,0,0,1,0,0,82.19253540039062,70.00707244873047,172.2219696044922,194.4304656982422,1.1289527471132272,0.477247679777126,0.4064932749840321
63,1,0,0,1,0,0,0,77.64990234375,63.21466064453125,161.95989990234375,204.17713928222656,1.260664765817578,0.4794390610920988,0.390310568743544
26,0,1,0,0,0,0,1,73.87812805175781,60.71505355834961,160.17172241210938,195.12322998046875,1.21821272220843,0.4612432640368013,0.3790622504647512
53,0,1,1,0,0,0,0,84.35002899169922,71.02186584472656,172.50747680664062,188.90155029296875,1.0950339880323208,0.4889644817322618,0.4117031166384354
39,1,0,1,0,0,0,0,70.63201141357422,57.77068710327149,149.21151733398438,199.35459899902344,1.336053694520125,0.4733683610728023,0.3871731092577909
40,0,1,0,0,1,0,0,85.28755187988281,72.85256958007812,184.15545654296875,198.9744415283203,1.0804699750066535,0.4631280195598373,0.3956036435069168
25,0,1,1,0,0,0,0,73.82347106933594,63.085105895996094,160.14537048339844,186.30320739746097,1.163338077367489,0.4609778655886208,0.3939240060800624
9,0,1,0,0,0,1,0,78.16761779785156,59.070281982421875,181.0606689453125,194.8580322265625,1.0762029841247154,0.4317205843388399,0.3262457955474772
27,0,1,0,0,1,0,0,82.4552230834961,65.71717834472656,164.29891967773438,192.5306396484375,1.1718314400732426,0.5018610179861721,0.3999854562259333
53,1,0,1,0,0,0,0,66.31655883789062,47.67435073852539,151.3531494140625,193.3431854248047,1.277430870604935,0.4381577726966614,0.3149875038814083
88,0,1,1,0,0,0,0,77.39222717285156,63.06092834472656,163.04684448242188,192.6107177734375,1.1813213459289176,0.4746625267022278,0.3867657086213967
48,1,0,1,0,0,0,0,69.73197174072266,55.06515884399414,154.69529724121094,184.6121826171875,1.193392339065927,0.4507698228989601,0.3559588418394709
21,0,1,0,0,0,1,0,72.54337310791016,61.861141204833984,163.99139404296875,192.8115234375,1.1757417184159058,0.4423608539415334,0.3772218753663697
26,0,1,0,0,0,0,1,83.23616790771484,76.9943618774414,173.6544952392578,196.61277770996097,1.1322066695657471,0.4793205485008243,0.4433767278604568
1,1,0,0,0,1,0,0,85.09648895263672,66.35067749023438,194.22186279296875,179.60311889648438,0.9247317285177764,0.4381406280885356,0.3416231135676061
1,1,0,0,1,0,0,0,79.1646957397461,60.87074279785156,180.13275146484375,184.07240295410156,1.021870822808293,0.4394797453321338,0.3379215734109941
37,0,1,0,1,0,0,0,76.2777328491211,58.114112854003906,173.8114776611328,188.78269958496097,1.0861348290992403,0.4388532556971529,0.3343514112877208
22,0,1,0,1,0,0,0,78.13760375976562,66.79995727539062,155.955322265625,195.68850708007812,1.254772868519223,0.5010255669677032,0.4283275255051323
19,0,1,0,0,0,1,0,76.38151550292969,56.29070663452149,174.826416015625,189.64242553710935,1.084746972792488,0.4368991668633368,0.3219805560132889
32,1,0,1,0,0,0,0,80.78250885009766,63.05064010620117,179.73297119140625,192.29324340820312,1.0698829610034146,0.449458484520731,0.3508017459915884
26,1,0,0,1,0,0,0,76.09142303466797,60.27194595336914,168.14346313476562,195.156982421875,1.1606575645789945,0.4525386929474702,0.3584554809904305
45,1,0,1,0,0,0,0,76.29779052734375,63.360748291015625,166.9469757080078,198.60614013671875,1.1896360463820752,0.457018105322192,0.3795261820246106
62,1,0,0,0,0,1,0,77.69718170166016,68.4639663696289,151.98660278320312,195.7373046875,1.287858936926854,0.5112107269907799,0.4504605347833673
43,1,0,1,0,0,0,0,80.98973083496094,70.71075439453125,178.11463928222656,201.70242309570312,1.1324303488389924,0.4547056388028326,0.3969957476796082
48,0,1,1,0,0,0,0,80.00672912597656,66.61050415039062,163.11842346191406,199.09423828125,1.220550285221067,0.4904824815491001,0.4083567186139662
29,1,0,0,1,0,0,0,77.37096405029297,65.4388427734375,160.06773376464844,193.3357086181641,1.2078368580043144,0.4833638999603344,0.4088196992259155
12,0,1,0,0,0,1,0,78.06196594238281,60.72883224487305,180.87576293945312,196.14503479003903,1.0844185622354343,0.4315778116082556,0.3357488657294653
86,0,1,1,0,0,0,0,69.91516876220703,52.973018646240234,161.17364501953125,178.8453369140625,1.109643806171845,0.433787848836791,0.3286704761179837
52,0,1,1,0,0,0,0,65.91252136230469,52.34967041015625,153.43377685546875,181.66830444335935,1.1840176795914168,0.4295828644327307,0.3411873935650328
26,1,0,0,1,0,0,0,89.89913177490234,78.35433197021484,174.2719268798828,198.57664489746097,1.1394643328545406,0.5158554988427106,0.449609603640985
22,0,1,0,0,0,0,1,77.81790924072266,67.94815063476562,164.70803833007812,199.73472595214844,1.2126592483111005,0.4724596931011591,0.4125369430883282
28,0,1,1,0,0,0,0,72.14561462402344,60.77445602416992,161.0149383544922,192.5485076904297,1.1958425078952168,0.4480678337135831,0.377446072055552
30,1,0,0,0,0,1,0,71.16311645507812,54.538326263427734,154.05874633789062,206.46434020996097,1.3401663009585405,0.4619219495594169,0.3540099316647112
57,0,1,1,0,0,0,0,75.80235290527344,64.48343658447266,161.89047241210938,196.00540161132812,1.2107284554237112,0.4682323287828236,0.3983152042469999
40,0,1,1,0,0,0,0,79.6211166381836,61.521427154541016,185.5977478027344,196.92837524414065,1.061049380046622,0.4289982910935438,0.3314772290228978
34,0,1,0,1,0,0,0,73.19580841064453,58.49123764038086,151.11814880371094,181.4644775390625,1.2008119406939584,0.4843614680968557,0.387056340376137
34,0,1,0,0,0,1,0,79.00947570800781,73.00283813476562,167.00062561035156,210.2253265380859,1.2588295748579224,0.4731088606359711,0.4371411057171545
1,1,0,1,0,0,0,0,88.72561645507812,77.58567810058594,194.8982696533203,206.20065307617188,1.057991194293084,0.4552406576666936,0.3980829498311771
44,0,1,1,0,0,0,0,78.79778289794922,68.69308471679688,162.34506225585938,200.60585021972656,1.235675710934573,0.4853722176887781,0.4231301141055653
26,0,1,0,0,0,0,1,82.70291137695312,66.49129486083984,186.4222869873047,198.4987945556641,1.0647803852399995,0.4436321038298665,0.3566703098399811
26,0,1,0,1,0,0,0,75.78730773925781,65.95408630371094,171.91001892089844,196.4884033203125,1.1429723791184236,0.44085451339593,0.383654697484843
30,0,1,0,0,1,0,0,68.12542724609375,56.34259796142578,151.85006713867188,181.4023895263672,1.1946151420579068,0.4486361351679913,0.3710409815622461
31,0,1,0,1,0,0,0,76.31243133544922,63.759132385253906,157.2171173095703,197.66859436035156,1.2572969008910764,0.485395182416335,0.4055482855579154
20,0,1,0,0,1,0,0,76.23265838623047,57.19316482543945,173.2998046875,190.42677307128903,1.098828549834046,0.4398888880671028,0.3300244044046794
10,1,0,1,0,0,0,0,73.82600402832031,60.11463928222656,168.70242309570312,186.14450073242188,1.1033896094475422,0.4376108100500702,0.3563353636487139
18,0,1,1,0,0,0,0,81.89579010009766,67.7332992553711,159.0953826904297,188.62486267089844,1.1856086548905551,0.514759062866405,0.4257401950323575
38,1,0,0,1,0,0,0,89.6554183959961,75.3433609008789,173.1954345703125,191.07376098632812,1.1032263145987116,0.5176546288210531,0.4350193241975533
25,0,1,0,0,0,1,0,75.63243103027344,63.94830322265625,168.84974670410156,192.05262756347656,1.1374173270158148,0.4479274177580761,0.3787290444368956
28,0,1,0,0,1,0,0,82.8360595703125,67.42790222167969,169.43109130859375,202.04383850097656,1.1924838407195495,0.488907076797604,0.3979665225603115
2,0,1,0,0,1,0,0,83.27725982666016,65.05933380126953,191.66905212402344,189.80386352539065,0.9902687023389364,0.434484643732541,0.3394357778697185
50,1,0,0,0,0,1,0,79.24954986572266,69.22323608398438,166.12535095214844,187.94830322265625,1.131364371213842,0.4770466964343695,0.4166927906380994
1,0,1,0,0,1,0,0,75.87138366699219,57.77028274536133,179.25640869140625,179.35462951660156,1.0005479348041857,0.4232561849300819,0.3222773632869891
52,1,0,0,0,0,1,0,76.89178466796875,67.3445053100586,169.22454833984375,192.4844665527344,1.1374500238947551,0.4543772485866027,0.3979594330180428
18,1,0,1,0,0,0,0,78.65557098388672,64.29058074951172,173.23428344726562,190.89065551757812,1.10192192745547,0.4540415985720882,0.3711192696397331
44,1,0,1,0,0,0,0,68.61953735351562,54.43807601928711,150.31089782714844,187.65931701660156,1.2484744601313094,0.4565173806121853,0.3621698546561057
53,0,1,0,1,0,0,0,80.043212890625,68.1294937133789,163.73553466796875,198.64398193359375,1.2132001910056611,0.488856698412722,0.4160947338128852
36,1,0,0,0,0,1,0,87.86414337158203,81.32865142822266,184.2515411376953,205.8878173828125,1.117427925495331,0.4768706021618521,0.4414001148975136
56,1,0,1,0,0,0,0,80.3597183227539,70.1572494506836,168.49517822265625,195.9847412109375,1.1631474756622142,0.4769259225718814,0.416375413176364
50,1,0,1,0,0,0,0,81.11233520507812,72.96643829345703,172.808349609375,193.1299591064453,1.117596224621127,0.4693774079112998,0.4222390784843103
16,1,0,0,0,0,0,1,88.24250030517578,76.7497787475586,189.70916748046875,202.9185485839844,1.0696296403539676,0.4651462102602958,0.4045654712783464
26,1,0,0,1,0,0,0,69.55517578125,56.63840866088867,159.06703186035156,194.1182556152344,1.220355049974498,0.4372695898563947,0.3560662948096798
76,1,0,0,1,0,0,0,80.3145980834961,65.41026306152344,170.09803771972656,199.9060516357422,1.1752401986266932,0.4721665173811812,0.384544489392059
6,0,1,1,0,0,0,0,76.93871307373047,62.34318542480469,175.32284545898438,168.3379669189453,0.9601599065897368,0.4388402028971733,0.3555907689131675
30,0,1,1,0,0,0,0,77.3847427368164,63.573631286621094,165.58773803710938,195.76373291015625,1.1822356850256883,0.4673337751583631,0.3839271677977375
30,1,0,0,1,0,0,0,80.82012939453125,68.97877502441406,162.6425018310547,203.8918914794922,1.2536199897569542,0.4969188771978149,0.4241128502564842
2,1,0,0,0,0,1,0,80.06794738769531,60.09074783325195,186.30062866210935,196.20462036132812,1.0531613434175873,0.4297781921762236,0.3225472091252984
7,0,1,0,0,0,0,1,86.21930694580078,72.5762710571289,170.1197967529297,194.7992706298828,1.1450711460277363,0.5068152477928232,0.4266186090178188
45,1,0,0,1,0,0,0,80.89147186279297,67.88130187988281,163.61080932617188,192.4402313232422,1.1762073185494513,0.4944139827676607,0.4148949703228699
53,0,1,1,0,0,0,0,82.24439239501953,70.32371520996094,176.20567321777344,196.149658203125,1.1131858277951283,0.4667522384104698,0.399100176093919
45,1,0,0,1,0,0,0,68.40316009521484,59.6722526550293,145.68150329589844,188.7659149169922,1.2957438703359865,0.4695390873080089,0.4096076118450469
41,0,1,1,0,0,0,0,82.20121002197266,68.512451171875,163.7451171875,197.1668243408203,1.2041081146563293,0.5020070914715968,0.4184091247949903
6,0,1,0,0,0,0,1,77.29509735107422,65.88333892822266,170.60885620117188,185.6071624755859,1.0879104790241891,0.4530544256151181,0.3861659962747591
26,0,1,0,0,0,1,0,78.40362548828125,65.39346313476562,156.17022705078125,195.4782257080078,1.25169969589943,0.5020395178319557,0.4187319463491712
73,1,0,1,0,0,0,0,77.0126953125,65.58037567138672,157.155517578125,204.14202880859375,1.29898098364323,0.4900413074852146,0.4172960433208173
36,1,0,0,0,0,1,0,74.27307891845703,60.64781951904297,163.84336853027344,201.39773559570312,1.229208953662905,0.4533175775419531,0.3701573036679665
30,0,1,0,0,1,0,0,83.6109619140625,72.1530532836914,169.57785034179688,197.6322021484375,1.165436416077306,0.4930535547274501,0.425486306957315
28,0,1,1,0,0,0,0,86.07173919677734,76.65503692626953,170.69232177734375,201.9249725341797,1.1829763074965771,0.5042507964069523,0.4490830995096586
35,1,0,0,0,0,1,0,78.46044158935547,64.30928039550781,171.54388427734375,193.6787567138672,1.1290332938989354,0.4573782500022237,0.3748852992715014
24,0,1,1,0,0,0,0,79.29080963134766,72.52619171142578,170.3063507080078,203.60089111328125,1.1954979380795805,0.465577527213255,0.4258572355635332
51,1,0,1,0,0,0,0,77.02454376220703,65.44479370117188,171.55860900878906,200.63316345214844,1.1694730133995774,0.4489692718262889,0.3814719300843661
26,1,0,0,0,0,1,0,71.83780670166016,62.37881088256836,157.63238525390625,192.0345001220703,1.2182426841587843,0.4557299985402585,0.3957233203195633
6,0,1,0,0,0,0,1,72.55305480957031,65.18531799316406,163.14895629882812,178.02432250976562,1.0911765943736187,0.4447043760223641,0.3995448053848952
26,0,1,0,1,0,0,0,81.57091522216797,76.18424987792969,172.03884887695312,190.990234375,1.1101575930190128,0.474142414661875,0.4428316649131891
44,1,0,0,0,0,0,1,72.75037384033203,63.041133880615234,158.05833435058594,194.06622314453125,1.227813920359789,0.4602754681633296,0.3988472619278967
25,0,1,0,1,0,0,0,77.3215103149414,62.926265716552734,163.43994140625,183.64654541015625,1.123633206363433,0.4730882160728956,0.3850115533273582
35,1,0,1,0,0,0,0,69.86239624023438,57.953712463378906,156.0313262939453,192.1744842529297,1.2316403943839762,0.4477459616578632,0.3714235714064283
24,0,1,0,0,0,1,0,70.5509262084961,55.57159805297851,150.08425903320312,184.02066040039065,1.226115660534925,0.4700754540347107,0.3702693301146552
2,1,0,1,0,0,0,0,77.36187744140625,60.046630859375,185.39093017578125,198.0359649658203,1.0682074078707595,0.4172905188406703,0.3238919552452801
20,0,1,1,0,0,0,0,79.61963653564453,65.8420181274414,176.67190551757812,191.7893218994141,1.0855677439915985,0.4506638240097699,0.3726796172518238
35,1,0,1,0,0,0,0,74.54715728759766,61.63680267333984,167.55038452148438,203.12808227539065,1.2123402930737188,0.4449238209777951,0.3678702549646275
53,0,1,0,0,0,1,0,83.62610626220703,74.01958465576172,177.46160888671875,203.3379364013672,1.1458136645834558,0.4712349154660776,0.4171019586721517
28,1,0,0,1,0,0,0,77.4062728881836,64.78944396972656,161.59588623046875,182.5863037109375,1.1298945039388697,0.4790114073682942,0.4009349834396377
18,1,0,1,0,0,0,0,68.97657012939453,52.723182678222656,159.20156860351562,180.72471618652344,1.1351943185723894,0.4332656438905924,0.3311725075368282
36,1,0,1,0,0,0,0,78.36386108398438,67.8724136352539,170.4644775390625,202.04148864746097,1.1852410048372837,0.4597078653294616,0.3981616264872587
29,1,0,0,1,0,0,0,67.33055114746094,55.900577545166016,152.50357055664062,189.58102416992188,1.2431251509584196,0.4415014737143745,0.3665525819567893
23,0,1,0,0,0,1,0,81.6579818725586,67.24010467529297,166.13929748535156,191.05502319335935,1.1499688880663803,0.4915031128006205,0.4047212531473567
9,1,0,1,0,0,0,0,86.87112426757812,74.5597152709961,193.6371307373047,197.1871795654297,1.018333512868155,0.4486284419563658,0.3850486473699436
50,1,0,1,0,0,0,0,81.15953826904297,70.08172607421875,184.92190551757812,193.50634765625,1.046421986160292,0.4388854746109469,0.3789801207059106
10,0,1,1,0,0,0,0,74.81937408447266,64.23912811279297,153.73695373535156,195.60411071777344,1.2723298202883189,0.4866713712388856,0.4178509236196819
35,0,1,0,1,0,0,0,75.04000091552734,62.963077545166016,167.42080688476562,194.90541076660156,1.1641648036062409,0.4482119176929828,0.3760767775328128
29,0,1,0,1,0,0,0,86.22990417480469,72.84529876708984,168.3657684326172,200.88525390625,1.1931478457668054,0.5121581719226693,0.4326609823673495
39,1,0,1,0,0,0,0,77.44058227539062,65.61495208740234,167.78379821777344,198.07469177246097,1.1805352714412374,0.4615498224380243,0.3910684630123703
68,0,1,1,0,0,0,0,85.91604614257812,80.41625213623047,179.9785919189453,201.6622009277344,1.1204788234955991,0.4773681426581615,0.4468100971278101
47,1,0,1,0,0,0,0,74.128173828125,60.23249816894531,165.3398895263672,199.8472442626953,1.208705563038526,0.448338111513638,0.3642950188335518
3,1,0,1,0,0,0,0,70.84190368652344,54.1112060546875,157.8414306640625,193.9936065673828,1.2290411063256503,0.4488169132051132,0.3428200430459453
30,0,1,0,0,1,0,0,72.89935302734375,70.88343048095703,154.1816864013672,191.9583740234375,1.2450141031907622,0.4728146041779014,0.4597396236569409
40,1,0,1,0,0,0,0,75.18106079101562,63.69981384277344,157.41854858398438,189.85801696777344,1.2060714488577708,0.4775870535415702,0.4046525292970094
14,1,0,1,0,0,0,0,83.10470581054688,65.4617919921875,185.20748901367188,195.6246032714844,1.0562456427290774,0.4487113682774034,0.353451106868336
58,1,0,1,0,0,0,0,72.13201904296875,62.50113677978515,157.80691528320312,197.88113403320312,1.253944630234246,0.4570903557269295,0.3960608232384461
77,0,1,1,0,0,0,0,79.58568572998047,66.72610473632812,180.0614776611328,191.60919189453125,1.0641320641338436,0.4419917395088635,0.3705740150700279
42,1,0,1,0,0,0,0,84.24311828613281,75.07804870605469,187.4794158935547,197.58164978027344,1.053884496271604,0.4493459609131894,0.400460223050203
75,1,0,0,0,1,0,0,75.50514221191406,66.96395874023438,159.9423065185547,188.42877197265625,1.1781046308144674,0.4720773624904228,0.4186757099971294
51,1,0,0,1,0,0,0,65.70620727539062,51.144073486328125,148.55685424804688,198.3993377685547,1.3355111669050646,0.4422967059175897,0.3442727280757598
33,1,0,1,0,0,0,0,79.67333221435547,71.03082275390625,169.2463836669922,200.7652282714844,1.1862305351617346,0.4707535280110922,0.4196888655161219
60,0,1,1,0,0,0,0,86.6056900024414,75.22798156738281,171.71902465820312,204.33123779296875,1.1899161330532733,0.5043453407380171,0.4380876359921086
26,0,1,0,1,0,0,0,73.99224853515625,52.43751907348633,151.50271606445312,191.7404937744141,1.265591131005485,0.488388924352208,0.3461160330035144
74,0,1,0,0,1,0,0,78.62580871582031,66.4014892578125,157.96087646484375,189.37982177734375,1.1989033361656023,0.4977549534762142,0.4203666803063796
29,0,1,1,0,0,0,0,79.03578186035156,65.77293395996094,173.9358367919922,189.0583343505859,1.0869429660816738,0.4543961918260095,0.3781448100233537
1,0,1,1,0,0,0,0,82.20726013183594,61.63417053222656,185.0535888671875,191.2703857421875,1.0335945761066097,0.4442348869593439,0.3330612008636117
26,0,1,0,1,0,0,0,73.30410766601562,62.958038330078125,158.182861328125,186.93917846679688,1.1817916106538338,0.4634137165717213,0.3980079624396335
22,0,1,0,0,0,1,0,80.56098175048828,72.37799072265625,169.54872131347656,196.91287231445312,1.1613940275632235,0.4751494504139613,0.4268860900981817
81,1,0,1,0,0,0,0,75.06501007080078,57.95515823364258,154.0115509033203,194.5076141357422,1.2629417273892851,0.4873985725779901,0.3763039713172132
44,1,0,1,0,0,0,0,78.8203125,67.7283706665039,168.43565368652344,195.97509765625,1.1635012740294308,0.467955036685362,0.402102341067014
68,1,0,0,1,0,0,0,81.25283813476562,65.9142074584961,170.6718292236328,189.43565368652344,1.109940958318928,0.476076447439368,0.3862043768929676
11,0,1,1,0,0,0,0,74.85531616210938,66.48723602294922,154.49826049804688,196.3694000244141,1.2710136631402174,0.4845058832429746,0.4303429424293727
28,0,1,0,0,0,0,1,81.9968490600586,71.7225570678711,180.2323760986328,203.9004821777344,1.1313199470119015,0.454950718816388,0.3979449121206762
27,1,0,1,0,0,0,0,80.01863098144531,65.41934204101562,168.67601013183594,201.07469177246097,1.1920764050282102,0.4743924812953741,0.3878402268934648
35,1,0,0,1,0,0,0,87.39300537109375,73.4288330078125,165.54019165039062,196.66241455078125,1.188004028448382,0.527926206317688,0.4435710281336939
30,1,0,0,0,0,1,0,79.64697265625,68.81050872802734,174.75096130371094,192.43292236328125,1.1011837699069345,0.4557741603368144,0.393763262958177
26,0,1,1,0,0,0,0,89.82003021240234,79.31965637207031,190.9689483642578,214.1990966796875,1.121643589255778,0.4703384030846622,0.4153536847298048
31,0,1,0,1,0,0,0,77.11817169189453,61.60141372680664,163.1847381591797,179.97267150878906,1.1028768593128695,0.4725820108046444,0.3774949448196382
39,1,0,0,0,0,1,0,79.63529968261719,66.82548522949219,179.73854064941406,195.10601806640625,1.085499066374234,0.4430619019987953,0.3717927439938299
1,0,1,0,1,0,0,0,80.24253845214844,55.23326873779297,191.8404235839844,197.69154357910156,1.030499932630495,0.4182775295896886,0.2879125666317808
1,0,1,0,0,0,0,1,81.81236267089844,59.546669006347656,183.34779357910156,187.42230224609375,1.022222839923265,0.4462140562144382,0.3247743964841196
27,1,0,1,0,0,0,0,78.84697723388672,63.40184783935547,170.5845947265625,197.29022216796875,1.156553570879093,0.4622162825445872,0.3716739365649346
32,1,0,1,0,0,0,0,69.27409362792969,57.95448303222656,158.9551544189453,197.18768310546875,1.2405239944956867,0.4358090423752446,0.3645964375554667
37,1,0,0,1,0,0,0,77.71997833251953,67.06021118164062,161.7998504638672,197.52784729003903,1.2208160064656584,0.4803464163267307,0.414463987385553
30,1,0,0,0,0,1,0,73.64167022705078,57.967002868652344,164.63380432128906,194.13914489746097,1.1792179965579312,0.4473058891558886,0.35209660074141
2,1,0,0,0,0,0,1,84.05265045166016,68.39674377441406,191.34217834472656,190.5139312744141,0.9956713826638878,0.439279259694791,0.3574577459403064
36,0,1,0,1,0,0,0,81.27701568603516,70.02613830566406,159.0387725830078,199.17250061035156,1.2523518471346136,0.5110515779641966,0.4403085937368827
28,1,0,0,0,0,0,1,65.16017150878906,51.43337631225586,135.74432373046875,183.0623016357422,1.3485816320336683,0.4800213350958955,0.3788989100890948
32,0,1,0,0,0,1,0,76.08700561523438,60.741432189941406,170.20834350585938,194.95616149902344,1.145397208406015,0.4470227724918497,0.3568651861525836
66,0,1,1,0,0,0,0,81.45542907714844,73.87838745117188,163.7067108154297,197.330322265625,1.2053893287740909,0.4975692729480403,0.4512850272489176
36,0,1,0,1,0,0,0,79.81377410888672,74.16732788085938,166.35728454589844,194.3490753173828,1.168263090179026,0.4797732442360579,0.4458315611685546
42,1,0,0,0,0,1,0,80.2924575805664,67.45040130615234,169.12315368652344,198.0191345214844,1.1708576277410296,0.4747573341104536,0.3988241694639539
26,0,1,0,0,1,0,0,72.70879364013672,61.978572845458984,156.5599822998047,185.25796508789065,1.1833034365903972,0.4644149326799421,0.3958774901160442
23,1,0,1,0,0,0,0,86.15310668945312,72.22847747802734,174.70692443847656,204.62960815429688,1.1712735989829508,0.4931293190945739,0.4134265296591765
95,0,1,1,0,0,0,0,82.71080780029297,66.47148895263672,172.80807495117188,198.23472595214844,1.147138095301166,0.4786281417906164,0.3846549935320945
25,1,0,0,0,0,0,1,81.02587890625,63.35890197753906,184.38751220703125,197.15847778320312,1.0692615536882597,0.4394325729351656,0.3436181833528908
22,1,0,0,0,0,0,1,75.69503784179688,62.51717376708984,161.3704376220703,194.1888427734375,1.203373093826689,0.4690762382331435,0.3874140436645844
27,0,1,1,0,0,0,0,77.30722045898438,59.77589416503906,158.64891052246094,188.1096038818359,1.185697419934088,0.4872849123539332,0.3767809937565011
17,0,1,1,0,0,0,0,74.91414642333984,55.66747283935547,169.19960021972656,184.9474334716797,1.0930725204521914,0.4427560486316432,0.3290047539536995
29,1,0,0,0,1,0,0,81.95973205566406,66.05503845214844,180.40708923339844,192.83876037597656,1.068908994626563,0.4543043868394225,0.3661443612489691
23,0,1,0,0,1,0,0,62.102970123291016,48.17921447753906,134.19252014160156,175.5538330078125,1.308223683574658,0.4627901022930281,0.3590305512311698
21,1,0,0,0,0,0,1,78.233642578125,65.29752349853516,171.57127380371094,196.1354217529297,1.143171682558712,0.4559833405889936,0.3805854094971627
34,1,0,0,0,0,1,0,73.97698974609375,63.41290664672851,157.08645629882812,198.841796875,1.265811207152958,0.470931686213394,0.4036815658130138
26,0,1,0,1,0,0,0,71.97128295898438,59.37123107910156,165.70278930664062,198.86083984375,1.200105566574072,0.4343395983865921,0.3582995272893829
47,1,0,1,0,0,0,0,86.1531982421875,78.70822143554688,172.5703125,204.6185302734375,1.1857110722531576,0.4992353377246593,0.4560936368214948
53,0,1,1,0,0,0,0,78.8732681274414,63.97006607055664,180.00747680664062,200.6427001953125,1.1146353682343857,0.4381666224462722,0.3553744944676472
26,1,0,0,1,0,0,0,83.41678619384766,69.51032257080078,183.41685485839844,200.14187622070312,1.0911858475341143,0.4547934608204198,0.3789745638396437
28,0,1,1,0,0,0,0,75.61882781982422,76.4518051147461,157.8951416015625,199.70440673828125,1.264791333746174,0.4789180151637794,0.4841935245079735
55,1,0,1,0,0,0,0,84.9460220336914,74.19511413574219,167.50897216796875,202.63133239746097,1.2096745014605752,0.5071132664375269,0.442932179545245
31,1,0,0,1,0,0,0,78.95382690429688,67.71531677246094,174.22874450683594,193.8536376953125,1.1126386650149256,0.4531618885722906,0.3886575488110924
1,0,1,0,0,0,1,0,85.32804870605469,63.222450256347656,194.83311462402344,201.7076416015625,1.0352841814945324,0.4379545482846452,0.3244954040710703
40,1,0,0,1,0,0,0,77.88290405273438,70.16424560546875,162.58726501464844,195.212646484375,1.2006638186993746,0.4790221672387283,0.4315482248818642
45,1,0,0,1,0,0,0,80.79615783691406,70.4919662475586,162.4951171875,191.4063415527344,1.1779205730340456,0.4972220657171189,0.4338097505183449
24,0,1,0,1,0,0,0,91.29267120361328,79.82683563232422,178.61727905273438,195.43162536621097,1.0941361686990674,0.5111077253430802,0.4469155283053909
75,0,1,0,1,0,0,0,79.58016204833984,66.58970642089844,179.25120544433594,196.69203186035156,1.0972982378153748,0.4439588668375923,0.3714881930965701
22,0,1,0,0,0,0,1,86.57233428955078,77.15818786621094,171.61024475097656,199.2592315673828,1.1611150130140986,0.5044706649954133,0.449612946932015
80,0,1,1,0,0,0,0,76.13603210449219,56.02455520629883,176.91702270507812,187.7850799560547,1.0614302517915062,0.4303488208221289,0.316671365760502
34,1,0,1,0,0,0,0,79.11016082763672,69.46818542480469,164.1512451171875,203.7489013671875,1.2412266579015667,0.4819345766835945,0.4231962138039914
26,0,1,0,1,0,0,0,76.43605041503906,61.681671142578125,164.3770751953125,189.21617126464844,1.151110463790782,0.4650043220699596,0.375244972994489
85,0,1,0,0,0,1,0,78.78307342529297,62.60978317260742,179.263671875,195.1603851318359,1.0886778290914438,0.4394815335492411,0.3492608542363509
32,1,0,0,1,0,0,0,66.8204345703125,55.42371368408203,137.11538696289062,179.69009399414062,1.3105027668614069,0.4873299492521362,0.4042122106914382
68,1,0,1,0,0,0,0,78.27249145507812,62.5258903503418,161.65689086914062,194.3147430419922,1.202019548917885,0.4841890193127541,0.386781472872417
14,1,0,0,0,1,0,0,85.74454498291016,78.6137924194336,184.85980224609375,202.71237182617188,1.0965735620354715,0.4638355334209604,0.4252616927220302
24,0,1,0,0,0,0,1,68.59855651855469,61.93140411376953,138.22296142578125,192.54025268554688,1.3929686551313782,0.4962891534876327,0.4480543860075199
30,1,0,0,0,0,0,1,83.66828155517578,75.11846923828125,170.48147583007812,206.6933135986328,1.212409222716066,0.4907763799427066,0.4406254044465989
40,1,0,1,0,0,0,0,82.12439727783203,70.59930419921875,178.46519470214844,197.7806701660156,1.1082310502958514,0.4601703845665509,0.3955914446906372
1,0,1,0,0,0,1,0,80.45325469970703,64.49022674560547,174.20196533203125,199.02951049804688,1.142521613454211,0.4618389611527175,0.3702037839968466
37,0,1,0,1,0,0,0,82.85610961914062,74.29231262207031,182.82693481445312,188.0985870361328,1.0288341114892603,0.4531942172701708,0.406353214297816
29,0,1,0,0,1,0,0,74.93406677246094,62.41804885864258,169.4564208984375,193.10459899902344,1.1395531545821995,0.4422025814965851,0.3683427782063944
90,1,0,1,0,0,0,0,75.84209442138672,56.22058868408203,163.76644897460938,185.68548583984375,1.133843268889788,0.4631113081846539,0.3432973544709305
1,0,1,0,0,1,0,0,82.76618194580078,62.1646614074707,180.51177978515625,184.8644866943359,1.0241131460470905,0.4585084809662198,0.3443800813523561
35,0,1,1,0,0,0,0,76.2744369506836,56.39509201049805,173.1765594482422,178.0428009033203,1.0280998852880694,0.4404431938924157,0.3256508397567109
36,1,0,0,1,0,0,0,83.38500213623047,73.65931701660156,178.8173828125,198.73817443847656,1.111402992889481,0.4663137376507981,0.411924813226002
42,0,1,1,0,0,0,0,79.36644744873047,64.8781967163086,163.52186584472656,191.7283935546875,1.1724939203956042,0.4853567872329287,0.3967554820950623
38,0,1,0,0,0,0,1,69.47946166992188,51.50644302368164,153.84434509277344,194.0593414306641,1.2614005494556175,0.4516218105255891,0.334795815813844
82,0,1,1,0,0,0,0,76.01692962646484,62.8795280456543,166.22933959960938,187.68588256835935,1.12907795350948,0.457301519753156,0.3782697338334493
21,0,1,0,0,0,1,0,88.65690612792969,75.3325424194336,175.74923706054688,204.8188018798828,1.1654036472961828,0.5044511578584364,0.4286365259923205
28,0,1,0,0,1,0,0,74.19705963134766,56.81532669067383,165.95668029785156,188.5811462402344,1.1363275398241124,0.4470869114649806,0.342350344612246
2,0,1,0,0,0,1,0,85.03665924072266,66.92282104492188,195.7529296875,200.21762084960935,1.0228077871898866,0.4344081050356446,0.3418739180647639
26,0,1,0,0,0,1,0,75.88540649414062,60.3399772644043,168.9495086669922,184.5584259033203,1.0923880593644937,0.4491602674247162,0.3571479890085822
56,1,0,0,0,1,0,0,82.27484130859375,66.3974380493164,163.12489318847656,190.33924865722656,1.1668314071311372,0.5043671735222678,0.4070343695036169
37,0,1,0,1,0,0,0,70.95438385009766,63.800411224365234,147.55271911621094,198.28819274902344,1.3438464159569556,0.4808747969884224,0.432390616767399
17,0,1,1,0,0,0,0,68.23368072509766,54.480072021484375,142.19871520996094,191.13864135742188,1.3441657407044754,0.479847378538888,0.3831263309309287
53,1,0,0,1,0,0,0,71.5738525390625,59.869686126708984,158.96871948242188,199.1637725830078,1.2528488197643848,0.4502385926746856,0.3766129985926516
30,0,1,0,0,0,1,0,81.72196197509766,68.45941925048828,177.3003387451172,202.2076110839844,1.1404806810587842,0.4609238908030471,0.3861211982730836
56,1,0,1,0,0,0,0,83.62374877929688,69.32962036132812,185.81459045410156,196.7257537841797,1.0587207027360606,0.4500386572170334,0.3731118217998784
42,1,0,0,1,0,0,0,77.51937866210938,67.28959655761719,164.8507080078125,187.5343017578125,1.1376008269793114,0.4702398891634461,0.4081850625380889
21,1,0,0,0,1,0,0,69.57023620605469,56.56296157836914,162.90292358398438,192.44564819335935,1.181351715238826,0.4270656086180543,0.3472188241557751
21,0,1,0,1,0,0,0,74.20642852783203,60.21075439453125,151.14422607421875,178.86192321777344,1.1833857492508115,0.4909643620219622,0.3983662225043582
25,1,0,0,1,0,0,0,79.89463806152344,61.58473205566406,184.9242706298828,193.33419799804688,1.045477683051113,0.4320397630305044,0.3330267673675079
1,0,1,0,0,0,1,0,87.78852081298828,73.6878433227539,176.2929229736328,193.9278564453125,1.100031998869956,0.4979696253951064,0.4179852604393825
36,0,1,1,0,0,0,0,78.30692291259766,66.97396087646484,173.4708709716797,205.29335021972656,1.183445664795458,0.4514125194274363,0.3860818851102604
76,0,1,1,0,0,0,0,78.87783813476562,65.2935791015625,172.41651916503906,195.6120758056641,1.134532101407418,0.4574842278265857,0.3786967711548726
26,0,1,0,0,1,0,0,82.98701477050781,66.20628356933594,166.55267333984375,194.18605041503903,1.165913740806853,0.4982628804833188,0.3975095820542297
60,0,1,1,0,0,0,0,76.70916748046875,64.29948425292969,163.4175262451172,196.0896759033203,1.1999305117934336,0.4694060009537121,0.3934674923207688
3,0,1,0,0,1,0,0,61.643775939941406,50.919925689697266,153.30128479003906,177.8653564453125,1.160233958175343,0.4021086713289358,0.3321558965369209
30,1,0,1,0,0,0,0,79.25347137451172,61.03156661987305,174.42416381835938,197.6175842285156,1.1329713722137102,0.4543720872128941,0.3499031629782079
28,0,1,0,1,0,0,0,81.58028411865234,66.69385528564453,164.39495849609375,198.59117126464844,1.2080125393222885,0.4962456565880078,0.4056928259587064
56,1,0,1,0,0,0,0,76.7225112915039,63.07112884521485,163.70111083984375,195.24801635742188,1.1927103936908643,0.4686743473999088,0.3852822288232375
31,1,0,1,0,0,0,0,78.80931091308594,63.40614318847656,174.90255737304688,197.61349487304688,1.1298490876354668,0.450589814676036,0.3625226762879093
55,1,0,1,0,0,0,0,78.42447662353516,58.93704605102539,185.43341064453125,192.0263671875,1.0355543077164622,0.4229252773324213,0.3178340184013842
26,0,1,0,0,0,1,0,78.65869903564453,66.97634887695312,176.64593505859375,187.8634796142578,1.0635029872153197,0.445290173303752,0.3791559021991474
68,1,0,0,1,0,0,0,73.42971801757812,59.22660827636719,155.97113037109375,192.5714569091797,1.2346609045597396,0.470790445916951,0.3797280184829878
30,1,0,1,0,0,0,0,84.90155029296875,68.46588897705078,160.51498413085938,190.1156311035156,1.184410490602699,0.5289322411405094,0.4265389262427622
26,0,1,0,0,0,1,0,75.2205581665039,58.76774978637695,158.40382385253906,181.77493286132812,1.1475413183872736,0.4748657976623598,0.3709995652698693
29,1,0,1,0,0,0,0,71.78343200683594,57.1871452331543,161.21871948242188,181.99806213378903,1.1288891433828363,0.4452549445702717,0.3547177735733695
40,1,0,0,1,0,0,0,93.5678482055664,77.58934783935547,196.02862548828125,192.7116851806641,0.9830793064056074,0.4773172692126026,0.3958062127206713
50,1,0,0,0,0,1,0,70.84443664550781,57.9421501159668,147.3109588623047,193.9942321777344,1.3169029220634274,0.4809176261742204,0.3933322446847067
50,1,0,0,0,0,1,0,83.47074127197266,71.07154846191406,167.0723419189453,193.88455200195312,1.160482637491343,0.4996083751101559,0.4253938602021526
71,1,0,1,0,0,0,0,81.49193572998047,69.58699035644531,163.04750061035156,195.57015991210935,1.199467389441804,0.4998048754192722,0.4267896784431136
27,1,0,1,0,0,0,0,74.30484771728516,63.799163818359375,163.0189666748047,198.19496154785156,1.2157785415436784,0.4558049240093073,0.3913603743153883
9,1,0,1,0,0,0,0,69.16461944580078,65.69549560546875,149.7462615966797,199.31756591796875,1.331035337995965,0.4618787721865529,0.4387120914070646
31,1,0,0,1,0,0,0,81.93840789794922,67.17276000976562,164.83282470703125,189.4246368408203,1.14919244499691,0.4971000651331675,0.4075205295374656
58,1,0,1,0,0,0,0,74.03258514404297,55.016597747802734,167.12120056152344,213.27001953125,1.2761398243590136,0.4429873941504439,0.3292017862661842
1,0,1,0,0,1,0,0,82.76910400390625,66.95030975341797,187.2966156005859,185.51805114746097,0.9905040224703378,0.4419145735148421,0.3574560572743661
23,0,1,1,0,0,0,0,74.02094268798828,60.22477722167969,162.0676727294922,188.77700805664065,1.1648035964070955,0.4567286087431942,0.3716026534310831
46,1,0,0,1,0,0,0,81.46764373779297,70.27527618408203,164.7821044921875,204.0682373046875,1.2384126172776402,0.4943961845180551,0.4264739572337108
24,1,0,0,0,1,0,0,84.77047729492188,71.88037109375,166.73492431640625,191.4627685546875,1.148306327181678,0.5084146446371146,0.4311056690039663
37,0,1,0,0,1,0,0,82.62255859375,73.11592864990234,167.60498046875,201.0656585693359,1.1996401181337488,0.4929600442819478,0.4362395941064223
72,1,0,1,0,0,0,0,83.42194366455078,76.48493194580078,179.74436950683594,192.8527069091797,1.0729276663202807,0.4641143636011259,0.4255205999256179
27,1,0,0,0,1,0,0,80.46116638183594,64.3858642578125,171.14059448242188,191.5647735595703,1.119341522325063,0.4701465869344063,0.3762162007940534
26,1,0,1,0,0,0,0,81.12549591064453,68.06651306152344,166.4215850830078,195.3970642089844,1.1741089000656026,0.4874697946794626,0.4090005093243956
28,1,0,1,0,0,0,0,82.76560974121094,63.09701919555664,190.7355804443359,187.7924346923828,0.9845694980186876,0.4339285284287332,0.3308088561587008
54,1,0,0,0,0,1,0,86.27081298828125,72.47151947021484,191.0656585693359,205.46815490722656,1.07537982725799,0.4515244321468392,0.3793016495631297
65,0,1,1,0,0,0,0,72.01127624511719,62.75192642211914,153.20010375976562,186.3220367431641,1.2162004605123329,0.4700471767175737,0.4096075973977208
40,0,1,1,0,0,0,0,85.41737365722656,73.58540344238281,174.7825469970703,202.81198120117188,1.1603674662354668,0.4887065392098807,0.4210111633378145
28,0,1,1,0,0,0,0,79.20388793945312,68.2220687866211,165.1799774169922,186.70562744140625,1.1303163395529057,0.4795005374017285,0.4130165765454514
24,0,1,0,0,0,1,0,81.01859283447266,64.57987976074219,179.6946258544922,202.09402465820312,1.1246525804385985,0.4508682018129886,0.3593868177951842
26,0,1,0,1,0,0,0,66.72518920898438,51.919097900390625,157.56497192382812,177.15821838378906,1.124350267833849,0.4234773020569662,0.3295091368752311
37,0,1,0,1,0,0,0,68.91641998291016,57.14806365966797,145.75979614257812,180.6582489013672,1.239424407019974,0.4728081529113697,0.3920701398605644
1,1,0,0,0,1,0,0,86.3135986328125,69.16685485839844,187.0456695556641,193.664794921875,1.0353877498577484,0.4614573480255093,0.3697859192501361
5,0,1,0,0,0,1,0,80.3119888305664,63.705169677734375,185.23434448242188,184.79969787597656,0.997653531219279,0.433569644198394,0.3439166200832685
56,1,0,1,0,0,0,0,72.74771118164062,62.84390640258789,153.5257110595703,196.96282958984375,1.282930580360049,0.4738470884099238,0.4093379927626813
6,0,1,0,0,0,1,0,77.67180633544922,67.62294006347656,165.68191528320312,189.0681610107422,1.1411514689914375,0.4688007511422317,0.4081491932772954
24,0,1,0,1,0,0,0,71.49559783935547,59.98782730102539,160.9409637451172,190.94317626953125,1.1864175025814352,0.4442349304716685,0.3727318757456202
28,0,1,0,0,1,0,0,66.48921203613281,53.84626007080078,155.4827117919922,186.3776397705078,1.1987033003376444,0.4276309003735629,0.3463167026751975
26,0,1,0,1,0,0,0,82.53339385986328,66.05847930908203,181.86521911621097,185.12918090820312,1.0179471468368368,0.4538162616301298,0.3632276673357262
2,1,0,0,0,1,0,0,79.28376770019531,66.30136108398438,178.4826202392578,199.26040649414065,1.1164134985637817,0.4442100166050599,0.3714723651810283
45,1,0,1,0,0,0,0,78.5692367553711,65.34126281738281,169.53334045410156,181.73272705078125,1.071958628102314,0.4634441611598071,0.3854183645668971
24,1,0,0,1,0,0,0,75.93264770507812,63.81650161743164,156.9293212890625,187.92271423339844,1.1974990568349324,0.4838652654669347,0.4066576028827792
8,0,1,0,0,1,0,0,79.39620208740234,57.00126266479492,183.9642791748047,184.27159118652344,1.0016704982787812,0.4315848839978292,0.3098496236360742
45,1,0,1,0,0,0,0,81.00802612304688,68.91069793701172,179.56619262695312,190.80615234375,1.0625950773492634,0.4511318357756808,0.3837620931250292
45,1,0,1,0,0,0,0,73.70089721679688,63.11913299560547,160.21060180664062,192.78274536132812,1.2033082903839227,0.4600250943801274,0.3939760058562443
10,1,0,1,0,0,0,0,89.81485748291016,79.97312927246094,172.90353393554688,204.16256713867188,1.1807888623883038,0.5194506754060352,0.4625303338350068
1,0,1,0,0,0,0,1,79.57707977294922,59.61422348022461,180.92337036132812,202.14207458496097,1.1172800627207875,0.4398385880940818,0.3294998504680023
21,0,1,0,0,0,0,1,75.2884521484375,64.95747375488281,165.03475952148438,183.4835968017578,1.1117875854381558,0.4561975450913199,0.3935987421269674
1,0,1,0,0,0,1,0,82.89044189453125,64.4570541381836,188.7468109130859,189.82017517089844,1.0056867941377128,0.4391620790493812,0.3415000964856819
38,1,0,0,1,0,0,0,78.97761535644531,63.5105094909668,175.9577178955078,191.7028961181641,1.0894827371653373,0.4488442808933566,0.360941879961653
42,0,1,0,1,0,0,0,74.6339340209961,64.29438781738281,163.284912109375,183.5214080810547,1.1239336550466124,0.4570779569088612,0.3937558405538153
16,0,1,1,0,0,0,0,75.05367279052734,63.98931121826172,163.63858032226562,193.9647521972656,1.1853240954258857,0.4586551205878135,0.3910404935819097
14,0,1,1,0,0,0,0,71.86832427978516,55.82356643676758,160.33547973632812,183.3514709472656,1.143548959025085,0.4482371861672332,0.3481672710779267
2,0,1,0,0,1,0,0,84.74758911132812,63.94105529785156,194.11798095703125,200.40252685546875,1.0323748777287591,0.4365777384120192,0.3293927485883193
59,1,0,0,0,0,0,1,74.13014221191406,63.67838287353515,164.16323852539062,189.43093872070312,1.153918139178306,0.4515635953444509,0.3878967267308522
8,1,0,0,1,0,0,0,76.05097198486328,60.01580047607422,162.7829132080078,186.72979736328125,1.1471093229832638,0.4671925970982198,0.3686861187905184
35,1,0,1,0,0,0,0,81.43907928466797,69.81342315673828,165.91558837890625,195.75564575195312,1.179850836588665,0.4908464604222912,0.4207767566559408
76,0,1,1,0,0,0,0,87.88912963867188,74.5299072265625,187.34230041503903,203.0940704345703,1.0840801569353784,0.4691365988565416,0.3978274370574535
26,1,0,0,1,0,0,0,84.4823989868164,71.29624938964844,165.19973754882812,194.57672119140625,1.1778270600090703,0.5113954794380101,0.4315760451409639
28,0,1,0,0,0,0,1,81.03863525390625,71.86151885986328,167.05555725097656,200.9400177001953,1.202833482506136,0.4850999068061982,0.4301653895410486
31,0,1,0,1,0,0,0,70.46240997314453,62.80746841430664,150.99459838867188,195.9290008544922,1.297589469724974,0.4666551699536217,0.415958379203972
8,0,1,0,0,0,1,0,86.20860290527344,69.27747344970703,187.8085174560547,200.2357177734375,1.0661695246079064,0.4590239253948926,0.3688729051701144
8,0,1,1,0,0,0,0,78.87877655029297,66.72285461425781,167.78683471679688,199.95787048339844,1.191737544968306,0.470113025753364,0.3976644218056656
26,1,0,0,1,0,0,0,82.22781372070312,74.38130950927734,176.5349578857422,198.5986785888672,1.1249821619885914,0.4657877097289875,0.4213403985255927
1,0,1,1,0,0,0,0,79.8418197631836,65.155029296875,173.6000518798828,184.07711791992188,1.0603517448674975,0.4599181791629168,0.3753168768748814
26,1,0,0,0,1,0,0,81.77861785888672,73.89260864257812,165.301513671875,191.88580322265625,1.1608230255141605,0.4947239504486209,0.4470171325185541
32,1,0,0,0,1,0,0,79.21208953857422,70.45341491699219,163.89242553710938,203.10040283203125,1.2392299532234587,0.483317574189166,0.4298759670320441
80,0,1,1,0,0,0,0,93.10567474365234,80.42631530761719,179.3214569091797,203.9964141845703,1.137601811298509,0.5192110099284284,0.4485035795150294
18,0,1,1,0,0,0,0,85.52322387695312,76.39559936523438,182.1857147216797,194.8623046875,1.0695805924475803,0.469428813382019,0.419328153592843
45,1,0,0,1,0,0,0,63.177364349365234,54.96465301513672,132.6285400390625,194.88218688964844,1.4693834888950044,0.4763481851700839,0.4144255301230656
26,0,1,0,1,0,0,0,84.43147277832031,71.59317016601562,168.1441650390625,200.1968688964844,1.1906263226557732,0.5021373935795249,0.4257844460400004
35,1,0,0,1,0,0,0,80.4453353881836,73.32103729248047,165.49266052246094,200.27784729003903,1.210191718821615,0.4860960911149616,0.4430470636039428
25,0,1,0,0,0,1,0,71.00482177734375,59.59339141845703,157.7563934326172,195.3759307861328,1.238466007842555,0.4500915635325562,0.3777557924706949
28,0,1,0,0,1,0,0,78.25148010253906,69.81732940673828,162.0522918701172,188.6607208251953,1.164196560554691,0.4828779599442914,0.4308321011756869
26,0,1,0,0,1,0,0,81.09431457519531,64.59193420410156,168.1241455078125,190.24424743652344,1.1315700482039508,0.4823478170268349,0.3841918958695915
58,1,0,1,0,0,0,0,71.2964859008789,59.630001068115234,150.9230194091797,189.9315185546875,1.2584661988490218,0.4724029918032663,0.3951020944422499
1,0,1,0,0,0,0,1,95.53494262695312,86.69357299804688,196.6492919921875,199.6698760986328,1.0153602592505917,0.4858138143245822,0.4408537255323098
25,1,0,0,0,0,1,0,76.75382995605469,65.03780364990234,161.5263214111328,197.98605346679688,1.2257200667800954,0.4751784680386129,0.4026452350410536
50,0,1,1,0,0,0,0,87.29685974121094,75.38812255859375,172.09902954101562,202.70004272460935,1.1778104923961858,0.507247832681159,0.4380508289887063
70,1,0,1,0,0,0,0,84.59532165527344,74.68339538574219,184.20753479003903,197.6673889160156,1.0730689661599249,0.4592392040406802,0.4054307304577243
32,1,0,0,1,0,0,0,77.57890319824219,67.11505889892578,166.21267700195312,197.9263610839844,1.1908018368638549,0.4667448030894212,0.4037902530030072
35,1,0,0,1,0,0,0,81.16205596923828,70.38591003417969,165.62513732910156,200.830322265625,1.212559430918809,0.490034648593028,0.4249711799140792
34,1,0,1,0,0,0,0,77.67520141601562,66.38021850585938,160.40988159179688,195.34201049804688,1.2177679364862544,0.484229529036619,0.4138162677208407
40,1,0,0,0,0,1,0,80.98960876464844,74.47894287109375,167.7716064453125,200.35316467285156,1.1942018611960987,0.4827372788556336,0.4439305580314104
20,1,0,1,0,0,0,0,70.13202667236328,60.46612930297851,158.1177215576172,192.7439727783203,1.218990324927529,0.4435431144687192,0.3824120959202223
50,1,0,0,0,0,1,0,73.18021392822266,57.658206939697266,168.4155731201172,192.68783569335935,1.1441212479556788,0.4345216571868276,0.3423567421438772
26,0,1,0,0,1,0,0,75.07574462890625,51.55995559692383,178.47499084472656,182.59423828125,1.0230802501629328,0.4206513432138076,0.2888917677086816
26,1,0,0,0,1,0,0,75.79293823242188,62.73588562011719,150.90484619140625,196.631591796875,1.3030170783744703,0.5022564890744916,0.4157314175354156
26,0,1,0,0,0,1,0,70.64857482910156,64.74925231933594,152.0148162841797,187.8747406005859,1.2358975604678488,0.4647479538904263,0.4259404043767176
1,1,0,0,0,1,0,0,78.64129638671875,55.016502380371094,184.32557678222656,187.3949737548828,1.0166520405156938,0.4266434303885584,0.2984745977242807
44,0,1,0,1,0,0,0,71.42887878417969,68.87969207763672,152.217041015625,194.2135467529297,1.2758988445517987,0.4692567816822004,0.4525097296469339
4,0,1,0,0,0,1,0,79.46504211425781,63.76853561401367,175.529541015625,185.03237915039065,1.0541381130479897,0.452716059385036,0.3632923281462761
26,0,1,0,1,0,0,0,72.07170104980469,66.21202087402344,148.06259155273438,196.84747314453125,1.3294882325115964,0.4867650923436352,0.4471893959146405
25,0,1,0,0,0,1,0,80.71415710449219,70.41121673583984,173.3865966796875,193.26609802246097,1.1146541989026906,0.4655155510872771,0.4060937701310139
35,1,0,0,1,0,0,0,71.86498260498047,62.00923538208008,151.81333923339844,196.1883850097656,1.2923000442546408,0.473377260311065,0.4084570940551332
1,1,0,1,0,0,0,0,82.59927368164062,71.27442932128906,185.6952667236328,184.4645233154297,0.9933722413612468,0.4448108728833231,0.3838246961209066
55,1,0,0,0,0,1,0,81.45732116699219,69.92589569091797,180.5360107421875,193.1600341796875,1.0699252375501285,0.4511970815801199,0.3873238109308557
18,0,1,1,0,0,0,0,80.0778579711914,70.87185668945312,167.13160705566406,193.53070068359375,1.1579539268065395,0.4791305449753801,0.4240481973337867
40,0,1,0,1,0,0,0,83.5568618774414,70.8182373046875,183.0045166015625,202.9345703125,1.1089047094631508,0.4565836047607581,0.3869753524109626
34,0,1,1,0,0,0,0,77.87654876708984,67.15657043457031,162.49530029296875,203.18218994140625,1.2503881009178826,0.4792541607460853,0.4132831553496702
20,0,1,1,0,0,0,0,88.10643768310547,74.77413177490234,166.16348266601562,200.30276489257812,1.205455986350392,0.5302394742182743,0.4500033977092093
32,0,1,1,0,0,0,0,68.5035400390625,65.13105773925781,150.67483520507812,196.8787384033203,1.306646449192101,0.4546448645244893,0.4322623459359372
82,1,0,0,0,1,0,0,65.96260070800781,52.02164459228515,154.25958251953125,195.81558227539065,1.2693900701474925,0.4276077999864682,0.3372344443217882
22,1,0,1,0,0,0,0,77.0,63.95595169067383,168.35354614257812,193.95733642578125,1.1520834628664094,0.4573708232720499,0.3798907308819603
13,0,1,1,0,0,0,0,79.16165924072266,73.02967071533203,161.8111114501953,193.6506805419922,1.1967699795548152,0.4892226407151788,0.4513266738039199
23,1,0,0,1,0,0,0,83.2925796508789,69.5268325805664,167.5952911376953,191.17710876464844,1.1407069224133417,0.4969863955333101,0.4148495587709774
2,0,1,0,0,1,0,0,76.09126281738281,52.87442398071289,175.61402893066406,192.37484741210935,1.095441227466302,0.4332869263390407,0.3010831441125285
1,1,0,0,0,1,0,0,84.20072937011719,68.81935119628906,188.5819091796875,183.5965881347656,0.9735641607055122,0.446494203693143,0.3649308223447645
58,1,0,0,0,1,0,0,84.08522033691406,69.735595703125,185.555908203125,183.9235076904297,0.9912026486868404,0.4531530208397749,0.3758198614014844
26,1,0,1,0,0,0,0,80.39945983886719,68.2911605834961,162.42874145507812,201.72824096679688,1.2419491720471625,0.4949829637207572,0.4204376637516639
7,0,1,0,0,1,0,0,91.82878112792967,78.92626953125,180.41195678710935,205.798583984375,1.1407147710682086,0.508994984386151,0.4374780415711858
50,1,0,1,0,0,0,0,76.36924743652344,56.793922424316406,176.7230682373047,192.9738616943359,1.0919562659200188,0.432140796321929,0.32137243309998
29,0,1,0,1,0,0,0,80.55925750732422,68.00228881835938,157.7342529296875,191.3084259033203,1.2128527719885869,0.5107277335838701,0.431119351411088
32,0,1,0,0,0,1,0,82.23924255371094,74.2173080444336,174.89633178710938,195.6007537841797,1.118381110601408,0.4702170806750581,0.4243502838857352
4,0,1,0,0,0,0,1,84.08399963378906,72.19539642333984,176.3822784423828,195.65235900878903,1.109251795228969,0.4767145564527675,0.409312075231658
36,1,0,0,0,0,1,0,79.28956604003906,63.4311408996582,167.64230346679688,191.4760284423828,1.1421701114975815,0.4729687220967057,0.3783719239590461
27,1,0,0,0,0,1,0,74.27963256835938,60.394866943359375,159.63198852539062,200.1126251220703,1.253587247585035,0.4653179682501083,0.3783381232123982
68,1,0,1,0,0,0,0,74.93722534179688,52.71194076538086,180.2309112548828,184.97166442871097,1.026303774090804,0.4157845334079266,0.2924689244390245
18,0,1,0,1,0,0,0,87.88056182861328,73.0960464477539,162.7950897216797,204.59930419921875,1.256790389372364,0.5398231726697472,0.449006456968214
35,1,0,0,1,0,0,0,79.14823150634766,65.43949127197266,162.35302734375,188.31288146972656,1.159897567361105,0.4875069643066596,0.4030691163732823
19,0,1,1,0,0,0,0,71.73037719726562,60.216064453125,162.25730895996094,193.21827697753903,1.1908140114983548,0.4420779418631059,0.3711146501756915
29,0,1,0,0,1,0,0,78.33718872070312,63.35239028930664,170.80091857910156,188.9507293701172,1.1062629577288254,0.4586461792617555,0.3709136392025128
32,1,0,1,0,0,0,0,89.58928680419922,77.62723541259766,174.80117797851562,203.3278656005859,1.163195053671643,0.5125210701681336,0.4440887430526276
23,1,0,0,0,0,1,0,78.00028991699219,67.19686126708984,164.5762939453125,188.64015197753903,1.1462170368244091,0.4739460832853066,0.408302190164878
26,0,1,0,0,0,1,0,77.53315734863281,65.23390197753906,173.7338409423828,196.2177276611328,1.129415700457613,0.4462755035407635,0.3754818383320799
72,0,1,1,0,0,0,0,76.83280181884766,67.77945709228516,164.82919311523438,186.19992065429688,1.1296537775570006,0.4661358850742707,0.4112102705307766
27,0,1,1,0,0,0,0,77.48548889160156,63.03889465332031,167.95611572265625,199.662841796875,1.1887798246452403,0.4613436584801255,0.3753295578555509
26,0,1,1,0,0,0,0,74.23104858398438,62.1324348449707,164.1339874267578,189.0904998779297,1.152049632391392,0.452258851123743,0.3785470384230829
48,1,0,0,0,0,1,0,76.91608428955078,68.50668334960938,160.85458374023438,202.5635681152344,1.259296212797742,0.4781715416563031,0.4258920184720473
30,0,1,0,1,0,0,0,79.73619842529297,72.21688079833984,164.16336059570312,190.19680786132812,1.158582567822423,0.4857125130476892,0.4399086406143545
60,1,0,0,0,0,1,0,80.11551666259766,63.45223617553711,180.3072509765625,193.93258666992188,1.0755673197808917,0.4443277584716301,0.35191172751996
5,0,1,1,0,0,0,0,80.4695816040039,64.30554962158203,180.22520446777344,188.5726776123047,1.0463169020625185,0.4464946056887004,0.3568066398453202
72,0,1,1,0,0,0,0,78.18077850341797,64.40369415283203,159.66091918945312,189.1402130126953,1.1846368790365172,0.489667596180183,0.4033779492175591
25,0,1,0,0,1,0,0,79.25209045410156,67.74787902832031,159.3048095703125,199.65560913085935,1.2532930403632112,0.4974871171050363,0.4252720254401256
42,1,0,0,0,0,1,0,84.93195343017578,72.7121353149414,170.55657958984375,200.2891845703125,1.1743269304061446,0.4979693755258286,0.4263226636568364
7,0,1,1,0,0,0,0,82.19882202148438,67.21221160888672,171.14523315429688,190.35829162597656,1.1122617213320691,0.480286949899315,0.3927203251304768
1,0,1,0,0,0,1,0,63.18888473510742,48.73704147338867,149.8157501220703,185.197265625,1.2361668614554926,0.42177731435861,0.3253132026083878
18,0,1,0,0,1,0,0,73.35105895996094,58.8186149597168,160.85406494140625,183.64166259765625,1.1416662840603422,0.4560099801436804,0.3656644610202574
60,0,1,1,0,0,0,0,72.93644714355469,55.01964569091797,165.41513061523438,175.5318145751953,1.0611593626431488,0.4409297195019558,0.3326155563054083
69,1,0,1,0,0,0,0,83.87326049804688,74.3277587890625,171.19813537597656,200.1900634765625,1.1693472188637766,0.4899192407314993,0.4341621982378937
58,1,0,0,0,0,1,0,74.16332244873047,63.9251594543457,154.73716735839844,188.44627380371097,1.2178475089132033,0.4792857702826832,0.4131209104163307
30,1,0,1,0,0,0,0,82.28223419189453,69.5993423461914,167.2126007080078,198.5247802734375,1.187259688760586,0.4920815407660485,0.4162326406711901
65,1,0,0,1,0,0,0,74.12362670898438,61.133277893066406,159.6456756591797,189.8823699951172,1.1893987683104454,0.4643008738127523,0.3829309979155155
28,1,0,0,0,0,1,0,71.12486267089844,62.84518051147461,144.32852172851562,207.20233154296875,1.4356298329772947,0.4927983867574387,0.4354314709166595
74,0,1,1,0,0,0,0,80.0782470703125,72.2704086303711,168.8153533935547,184.01351928710935,1.0900283391767311,0.4743540528782843,0.4281032926068581
23,0,1,0,0,0,0,1,73.53376770019531,60.47535705566406,160.4931640625,180.06349182128906,1.121938699838754,0.4581738302047522,0.3768095507925401
38,1,0,0,1,0,0,0,72.37274169921875,57.166656494140625,162.12869262695312,176.56610107421875,1.08904906474812,0.4463907068303043,0.3526004901900809
1,1,0,0,0,0,1,0,80.679443359375,60.57587814331055,186.90692138671875,191.0364990234375,1.0220943002328655,0.4316557287487799,0.3240964951639022
32,0,1,0,0,0,0,1,74.85121154785156,63.443641662597656,159.21336364746094,187.28172302246097,1.176293991483972,0.470131462793483,0.3984818875071196
48,0,1,1,0,0,0,0,75.90616607666016,61.72683334350586,171.08396911621094,183.50897216796875,1.0726251741524535,0.4436778411722488,0.3607984644170672
61,1,0,0,0,1,0,0,81.08756256103516,65.6292724609375,179.57310485839844,198.90750122070312,1.1076686644002216,0.45155739009456,0.3654738414902898
27,0,1,0,0,0,0,1,84.14859008789062,75.0606689453125,175.40174865722656,200.26986694335935,1.141778052251523,0.4797477261890667,0.4279356934576376
100,0,1,0,0,1,0,0,87.00252532958984,76.0315933227539,173.17677307128906,198.34664916992188,1.145342101323666,0.5023914222825646,0.439040363059861
50,0,1,1,0,0,0,0,78.97314453125,67.14751434326172,170.0022735595703,194.14540100097656,1.142016497402585,0.464541696282533,0.3949800960734365
31,1,0,0,0,0,1,0,75.64009857177734,60.44965744018555,166.79843139648438,190.5393524169922,1.1423329993078593,0.4534820737730967,0.3624114263790352
38,0,1,1,0,0,0,0,77.56735229492188,67.74057006835938,163.08544921875,200.6020965576172,1.230042885607442,0.4756239913891957,0.4153685714627888
45,1,0,1,0,0,0,0,73.86038970947266,58.51425552368164,157.13746643066406,194.3577880859375,1.2368647178850671,0.4700367861795907,0.372376218433563
22,0,1,1,0,0,0,0,85.7489242553711,74.20191192626953,169.84674072265625,201.13331604003903,1.184204743548602,0.5048605813130734,0.4368756892864625
27,0,1,0,0,0,1,0,78.64873504638672,71.06952667236328,165.69667053222656,198.9885406494141,1.2009205737825164,0.4746548907335481,0.4289134262268769
26,1,0,1,0,0,0,0,80.08625793457031,69.02555084228516,165.2865753173828,202.9700469970703,1.227988701486057,0.4845297192514813,0.4176113559721501
58,1,0,1,0,0,0,0,82.57771301269531,61.96797180175781,196.52325439453125,201.41587829589844,1.0248959031155924,0.4201930874140523,0.3153213190605611
32,0,1,1,0,0,0,0,73.21814727783203,64.50911712646484,165.5041046142578,192.67303466796875,1.164158648010778,0.4423947517705519,0.3897735181663133
56,0,1,1,0,0,0,0,83.68560028076172,75.41436767578125,182.79571533203125,200.11610412597656,1.0947527066621034,0.4578094192675943,0.4125609155488034
2,0,1,0,1,0,0,0,71.81180572509766,50.14166641235352,161.99034118652344,190.50360107421875,1.176018271699692,0.4433091825049625,0.3095349145207244
28,0,1,1,0,0,0,0,70.99176788330078,52.583980560302734,160.98941040039062,193.4261016845703,1.20148338455,0.4409716620909404,0.3266300586449948
65,1,0,0,0,0,1,0,79.46221160888672,66.5975570678711,181.8523406982422,190.30764770507812,1.046495453258236,0.4369600704823637,0.3662177611361086
20,1,0,1,0,0,0,0,75.33670806884766,56.014671325683594,170.310546875,195.80311584472656,1.149682855451324,0.4423490467923944,0.3288972547706969
26,0,1,0,0,0,1,0,82.80601501464844,68.54922485351562,172.00582885742188,192.7315673828125,1.1204943963996157,0.4814140053549438,0.3985284993471766
42,1,0,0,0,0,1,0,77.11421966552734,68.76924896240234,160.17892456054688,196.9307556152344,1.2294423636287777,0.4814255051161773,0.4293276980793306
30,1,0,1,0,0,0,0,78.46631622314453,65.51295471191406,172.0706024169922,194.9906463623047,1.1332013930524203,0.456012329363449,0.3807329886202837
1,0,1,0,0,1,0,0,82.958984375,70.98150634765625,175.97567749023438,186.11973571777344,1.0576446607406982,0.4714230145788399,0.4033597560753548
26,0,1,0,0,0,0,1,76.6198959350586,63.88123321533203,159.28744506835938,193.42019653320312,1.2142840036777252,0.4810165415245163,0.4010437432022149
35,1,0,0,1,0,0,0,77.99929809570312,61.527679443359375,176.50221252441406,187.8067321777344,1.0640474671203155,0.4419168291440773,0.3485943805653358
5,1,0,0,0,0,1,0,78.12577819824219,58.3155632019043,179.1824493408203,187.66665649414065,1.0473495433538955,0.436012447009474,0.3254535442306803
46,1,0,0,1,0,0,0,81.8843765258789,66.94060516357422,168.94715881347656,196.14889526367188,1.1610073625459838,0.4846744810682614,0.3962221420809979
26,0,1,0,0,0,1,0,70.39380645751953,62.60750198364258,157.63902282714844,191.42564392089844,1.2143290442164,0.4465506395247483,0.3971573843888378
18,1,0,0,0,0,1,0,79.39305877685547,68.94747161865234,165.01364135742188,196.2887420654297,1.189530395491761,0.4811302757987685,0.4178289203939882
26,1,0,1,0,0,0,0,76.89055633544922,62.539588928222656,167.96141052246094,204.4112243652344,1.2170130253692957,0.4577870362976434,0.3723449852777906
1,0,1,0,0,0,0,1,88.89781951904297,75.49169921875,201.66065979003903,198.17254638671875,0.9827030546912224,0.4408287645770861,0.3743501548460117
79,1,0,1,0,0,0,0,73.87834167480469,63.97890853881836,159.05897521972656,195.43519592285156,1.2286964357269017,0.4644713797052193,0.4022338786631618
34,0,1,1,0,0,0,0,82.26187896728516,68.86307525634766,168.2852020263672,198.6719207763672,1.1805667900926842,0.4888241983058988,0.4092045790547768
26,1,0,0,0,0,0,1,66.29654693603516,58.02985000610352,152.6226043701172,193.220458984375,1.2660015846394943,0.4343822280431202,0.3802179254219665
31,0,1,0,0,0,0,1,72.63251495361328,65.69844818115234,153.32237243652344,201.4018096923828,1.3135839635912534,0.4737241786659912,0.4284987711649973
27,0,1,1,0,0,0,0,83.99623107910156,76.39144134521484,178.28237915039062,195.23388671875,1.0950823499727915,0.4711415198708241,0.4284856512980153
2,0,1,0,0,0,1,0,88.0439682006836,72.69355773925781,191.9160919189453,202.0568389892578,1.0528394829683974,0.4587628234836528,0.3787778138477284
89,0,1,0,1,0,0,0,69.76165008544922,54.189605712890625,154.65432739257812,182.8155517578125,1.1820914088860202,0.4510811385727645,0.3503917842229818
34,0,1,1,0,0,0,0,80.36529541015625,66.36365509033203,186.46304321289065,182.09112548828125,0.9765534357410554,0.4309985186630291,0.355907819302094
26,0,1,0,0,1,0,0,72.50300598144531,53.381534576416016,161.80072021484375,189.5677032470703,1.1716122338352806,0.4481006381502733,0.3299214892587279
26,0,1,1,0,0,0,0,84.75690460205078,76.06527709960938,172.26930236816406,205.85398864746097,1.1949545613618475,0.4920023674381242,0.4415486453706478
61,1,0,0,0,1,0,0,79.6855239868164,68.42741394042969,162.15640258789062,191.79188537597656,1.1827586349667765,0.4914115182323803,0.4219840403979192
5,0,1,1,0,0,0,0,80.64363861083984,65.75004577636719,179.1511993408203,194.24664306640625,1.0842609135809809,0.4501428899586768,0.3670086832702871
26,1,0,1,0,0,0,0,79.1422119140625,60.41596984863281,181.86705017089844,191.3050994873047,1.0518953230260095,0.4351652035907188,0.3321985471907121
25,0,1,0,0,0,1,0,81.31034088134766,72.49163055419922,177.89459228515625,196.76614379882812,1.1060827722262727,0.4570703349487498,0.407497662649569
37,0,1,0,1,0,0,0,70.71678161621094,58.244903564453125,159.0022735595703,183.4691162109375,1.1538773132209377,0.4447532732273595,0.3663149102244228
74,0,1,0,1,0,0,0,82.31079864501953,70.23682403564453,177.41061401367188,195.93536376953125,1.1044173701717297,0.4639564498586109,0.3958997855124487
40,1,0,0,0,1,0,0,80.18689727783203,76.1233139038086,162.4688262939453,192.9468994140625,1.1875933606178397,0.4935525116230888,0.4685410465518053
90,1,0,0,0,1,0,0,86.8653793334961,72.85975646972656,170.33428955078125,197.37518310546875,1.1587519085323446,0.5099700099292056,0.4277456797564245
1,0,1,1,0,0,0,0,82.90991973876953,60.42864990234375,199.1085968017578,192.0699005126953,0.9646489583969567,0.4164055247766056,0.3034959357506268
35,0,1,0,0,0,0,1,85.29959869384766,72.25531005859375,170.37229919433594,200.93443298339844,1.1793844065824437,0.500665889333044,0.4241024532760188
22,1,0,0,1,0,0,0,69.56991577148438,57.25481033325195,154.93617248535156,188.03565979003903,1.2136330514284317,0.4490230696647799,0.369538045343576
45,1,0,0,1,0,0,0,77.63800048828125,62.26172637939453,164.90980529785156,195.3321990966797,1.1844789868248329,0.4707906867518005,0.3775501782137249
40,1,0,0,0,0,0,1,83.51200103759766,75.87084197998047,168.2795867919922,195.6587677001953,1.1627005475241992,0.4962693492991848,0.4508618271909786
2,0,1,0,0,0,1,0,79.42292785644531,64.81531524658203,187.1989593505859,184.3455047607422,0.9847571022844216,0.4242701355390667,0.3462375831117523
12,1,0,1,0,0,0,0,80.54660034179688,71.15875244140625,174.4853973388672,192.9670562744141,1.105920949359755,0.4616237322448694,0.4078206745473903
34,1,0,0,0,0,1,0,85.85578918457031,77.14286041259766,173.10403442382812,208.06822204589844,1.2019836668651174,0.4959779791981098,0.4456444973646367
35,0,1,0,1,0,0,0,75.02584075927734,65.16754913330078,162.33009338378906,192.37950134277344,1.1851129838750234,0.4621807281407609,0.4014508202076145
42,1,0,1,0,0,0,0,83.6811752319336,73.44457244873047,171.75733947753906,198.13897705078125,1.1535983129075666,0.4872058188982177,0.4276066028510817
66,1,0,0,0,1,0,0,70.81163787841797,61.58258819580078,150.7259521484375,191.40769958496097,1.2699053935745543,0.4698038849254138,0.4085732239074077
26,1,0,0,1,0,0,0,72.45626831054688,59.82815933227539,156.40963745117188,188.8782196044922,1.2075868385249366,0.4632468273137347,0.3825094176242983
24,0,1,0,0,0,1,0,92.96351623535156,80.37095642089844,175.99038696289062,212.3800506591797,1.2067707465406177,0.5282306485010109,0.4566781050253925
65,1,0,0,1,0,0,0,69.77734375,56.58143997192383,140.45481872558594,178.6283721923828,1.2717852887723176,0.4967956555931891,0.4028444199018191
9,1,0,1,0,0,0,0,82.31868743896484,69.74945068359375,178.91104125976562,197.93685913085935,1.10634233492314,0.4601095989343899,0.3898554845607471
1,1,0,0,0,0,0,1,77.40319061279297,60.41217422485352,174.29725646972656,182.94126892089844,1.0495935083904964,0.4440872574849565,0.3466042750669826
11,1,0,1,0,0,0,0,80.00692749023438,62.405052185058594,178.7292022705078,184.54220581054688,1.032524083732221,0.4476432864571474,0.3491597981319703
88,0,1,0,0,1,0,0,75.8056869506836,61.895118713378906,156.99197387695312,168.12176513671875,1.070894014419418,0.48286345523688,0.3942565800331356
60,0,1,1,0,0,0,0,79.2259292602539,72.44379425048828,172.6243438720703,211.44406127929688,1.2248797390708426,0.4589499226074813,0.4196615183324053
26,0,1,1,0,0,0,0,73.2037353515625,60.41554641723633,160.86856079101562,195.6829833984375,1.2164153296096762,0.455053088009294,0.3755584442364855
7,1,0,1,0,0,0,0,82.74139404296875,72.76322174072266,177.71678161621094,198.92442321777344,1.119333927886234,0.4655800836054599,0.4094336003555297
19,0,1,1,0,0,0,0,76.96566009521484,67.21806335449219,162.20709228515625,203.7671356201172,1.2562159443799126,0.4744901040449638,0.4143965742035768
84,0,1,1,0,0,0,0,81.22622680664062,66.04988861083984,162.08544921875,195.48049926757812,1.2060336088760089,0.5011321324532838,0.407500419866185
28,1,0,0,0,0,0,1,72.00047302246094,60.570064544677734,157.7029266357422,190.95062255859375,1.2108248504458397,0.4565576210818561,0.3840769847257227
47,1,0,0,1,0,0,0,85.4029769897461,74.05406188964844,170.00460815429688,203.9427795410156,1.199630890922182,0.502356835599621,0.4356003210362196
68,1,0,0,0,1,0,0,79.67998504638672,72.080322265625,169.11827087402344,200.2586669921875,1.1841338369723553,0.4711494780226349,0.426212507336465
45,1,0,0,1,0,0,0,71.03462982177734,63.15840148925781,156.47361755371094,190.1499786376953,1.2152206973320896,0.453971927870806,0.4036361047738807
24,0,1,1,0,0,0,0,83.76424407958984,66.75341033935547,172.08786010742188,196.6361389160156,1.1426496836747813,0.4867527786521486,0.387903076356962
25,0,1,0,0,0,1,0,88.09859466552734,72.39070892333984,191.9024353027344,199.44964599609375,1.0393283737199754,0.4590801285379625,0.3772266298191597
31,1,0,0,0,0,1,0,79.61054992675781,60.87601852416992,184.82635498046875,193.31790161132812,1.045943375509173,0.4307315909312313,0.3293687122196556
1,0,1,1,0,0,0,0,80.80072021484375,69.9343490600586,178.30320739746094,198.64227294921875,1.1140701047873995,0.4531647040691112,0.3922214865387467
36,1,0,1,0,0,0,0,68.88368225097656,56.63080596923828,149.24917602539062,198.20367431640625,1.3280051494735714,0.461534757413052,0.3794379806800683
60,0,1,1,0,0,0,0,89.27510833740234,77.25450134277344,172.05235290527344,204.55308532714844,1.1889002496802172,0.5188833911882297,0.4490174068430631
2,1,0,0,0,0,0,1,75.05784606933594,56.238502502441406,163.2908172607422,177.38633728027344,1.0863215718800867,0.4596574830627728,0.344407012261075
26,0,1,0,1,0,0,0,78.6697769165039,62.444339752197266,174.88406372070312,186.0144500732422,1.0636443716810855,0.4498395979758493,0.3570613492371917
20,0,1,1,0,0,0,0,77.71713256835938,69.69021606445312,161.19204711914062,198.4578094482422,1.2311885914666596,0.4821399936121967,0.4323427694478223
29,0,1,0,1,0,0,0,75.23522186279297,61.59756851196289,160.05343627929688,201.277587890625,1.257564926874741,0.4700631464825647,0.3848562701551358
23,0,1,0,0,1,0,0,71.65422821044922,53.89069366455078,156.97296142578125,183.17230224609375,1.1669035264566876,0.4564749722475499,0.3433119511479113
23,0,1,0,0,0,1,0,74.98857116699219,60.14786529541016,165.6525421142578,194.46746826171875,1.1739479864280382,0.4526859063549371,0.3630965424842291
35,0,1,0,0,0,1,0,80.02186584472656,65.27784729003906,171.25271606445312,197.83689880371097,1.155233641545589,0.4672735573700876,0.3811784641445974
8,0,1,1,0,0,0,0,82.4027328491211,67.58809661865234,183.4188232421875,197.3392791748047,1.0758943694357723,0.4492599581249954,0.3684905148988364
23,0,1,1,0,0,0,0,72.74620819091797,62.075439453125,167.16726684570312,186.2900848388672,1.1143933160719472,0.43517017155077,0.3713372876426889
15,0,1,0,0,0,0,1,80.4410629272461,70.55181121826172,173.59121704101562,195.78704833984375,1.1278626400411935,0.4633936226637533,0.406425004794983
57,1,0,1,0,0,0,0,80.90705871582031,65.99568939208984,182.38275146484375,193.60853576660156,1.0615506905757024,0.4436113506677522,0.3618526909043327
49,1,0,1,0,0,0,0,64.26421356201172,54.18157577514648,145.87045288085938,197.38426208496097,1.3531476607272608,0.4405567563055413,0.3714362621428181
43,1,0,1,0,0,0,0,73.46241760253906,62.44755172729492,155.6949005126953,191.23838806152344,1.2282893494378124,0.4718357336086866,0.4010892554711704
82,1,0,0,0,1,0,0,83.62826538085938,73.02163696289062,176.3604278564453,200.83172607421875,1.1387573080605855,0.4741895129044,0.4140477421745037
27,0,1,0,0,1,0,0,74.2568588256836,60.68343353271485,164.1773681640625,177.44546508789062,1.080815626856494,0.4522965598490937,0.3696211859851102
53,1,0,1,0,0,0,0,75.19963836669922,64.08431243896484,159.8384246826172,197.63497924804688,1.2364672614890964,0.4704728447869729,0.400931832043601
35,1,0,1,0,0,0,0,74.22218322753906,58.533329010009766,171.24642944335938,190.78370666503903,1.1140886690904217,0.433423245487804,0.3418075880488355
14,0,1,1,0,0,0,0,77.63053894042969,64.34317779541016,174.41050720214844,183.83433532714844,1.0540324563936818,0.4451024206382986,0.3689180131838843
54,0,1,1,0,0,0,0,85.21222686767578,76.0024185180664,179.4803466796875,193.22235107421875,1.076565510646445,0.4747719092595199,0.4234581664459638
2,1,0,0,0,0,0,1,73.6999740600586,51.07467269897461,185.6457366943359,178.9420928955078,0.963890127949097,0.3969925481316328,0.2751190175892302
25,0,1,0,1,0,0,0,70.49665832519531,59.74064636230469,149.97598266601562,186.82847595214844,1.2457226325911153,0.4700529849648371,0.3983347553410753
24,0,1,0,0,1,0,0,63.3360481262207,54.226566314697266,147.2303466796875,189.7681121826172,1.288919821641623,0.430183379680643,0.3683110685915309
8,0,1,1,0,0,0,0,81.5494155883789,67.23286437988281,170.52694702148438,203.8065185546875,1.1951572588056143,0.4782201113241336,0.394265337849579
8,1,0,0,0,0,1,0,80.02405548095703,62.93547821044922,184.66696166992188,189.70216369628903,1.0272663934080812,0.4333425684665454,0.3408052942515055
1,0,1,1,0,0,0,0,81.00872039794922,59.94668197631836,191.78753662109375,187.04464721679688,0.9752700853879406,0.4223878246999679,0.3125681836914794
42,1,0,1,0,0,0,0,74.49505615234375,64.62211608886719,156.423095703125,194.45559692382812,1.2431386557704045,0.476240773892672,0.4131238791713554
1,1,0,0,0,0,1,0,76.30902099609375,57.209598541259766,179.07659912109375,189.20362854003903,1.0565513834227849,0.4261250290133814,0.3194699855930028
40,1,0,1,0,0,0,0,75.84578704833984,64.54905700683594,161.76815795898438,194.1677398681641,1.2002840504457897,0.4688548599754113,0.3990220190502637
27,1,0,0,0,0,1,0,82.74948120117188,72.34989929199219,176.3551483154297,203.40084838867188,1.153359288524246,0.4692206719883547,0.4102511323490642
22,0,1,0,0,0,0,1,73.97080993652344,59.93584060668945,160.4514923095703,186.8060760498047,1.1642526558081905,0.4610166528947351,0.3735449246620345
55,0,1,0,0,0,1,0,79.33441162109375,64.70503234863281,179.06146240234375,201.05294799804688,1.12281529090994,0.4430568730798846,0.361356550318143
35,1,0,0,0,0,0,1,87.69384002685547,77.911376953125,173.710205078125,201.25424194335935,1.1585631474722318,0.5048283719854901,0.4485135281377676
16,1,0,0,0,0,0,1,76.92346954345703,63.04629135131836,164.64791870117188,184.5031280517578,1.1205919243147082,0.4671997687566853,0.3829158111967657
8,0,1,1,0,0,0,0,82.2564468383789,70.4734115600586,173.78204345703125,193.14244079589844,1.1114062014333153,0.4733311060340786,0.4055275801696025
39,1,0,0,0,0,0,1,80.67627716064453,71.77400970458984,165.0801239013672,202.0457305908203,1.2239252419724345,0.4887098171118853,0.434782867908881
1,0,1,0,0,0,0,1,83.41142272949219,70.42029571533203,191.0952606201172,192.3155517578125,1.0063857739524014,0.4364913209192965,0.3685088551480207
26,1,0,1,0,0,0,0,70.1443099975586,58.38751602172851,154.61277770996094,183.12905883789065,1.1844367687476878,0.4536773159146182,0.3776370678189225
38,1,0,1,0,0,0,0,73.16929626464844,63.295711517333984,158.3556365966797,183.29205322265625,1.1574709758484176,0.4620567845715863,0.3997060848458686
35,0,1,0,0,1,0,0,69.97383117675781,53.659324645996094,153.458251953125,186.47007751464844,1.2151192597424292,0.4559795924049223,0.3496672480173092
4,0,1,1,0,0,0,0,81.38135528564453,60.49858856201172,187.6496124267578,193.8516082763672,1.0330509387650886,0.4336878410415517,0.32240188391343
19,0,1,0,0,1,0,0,72.74148559570312,71.41129302978516,158.1120147705078,190.52403259277344,1.2049940219236983,0.4600629857337786,0.4516500098581079
53,1,0,1,0,0,0,0,80.44332885742188,70.38265991210938,168.53085327148438,195.94105529785156,1.1626420414676977,0.4773210797659504,0.4176247763887528
21,1,0,1,0,0,0,0,78.1734619140625,65.08050537109375,161.04013061523438,202.36502075195312,1.2566123734428307,0.4854284557234909,0.4041260096005979
34,0,1,1,0,0,0,0,73.78094482421875,63.85947036743164,159.71609497070312,198.7619171142578,1.2444701778535026,0.4619505932558172,0.3998311527660718
76,1,0,0,0,0,0,1,80.3405532836914,66.93670654296875,159.34625244140625,200.17745971679688,1.2562420304826736,0.5041885331644916,0.4200707924874623
25,0,1,0,0,0,1,0,77.83818817138672,65.61591339111328,172.21466064453125,190.57717895507812,1.106625755564731,0.451983518012167,0.3810123548456264
29,0,1,0,1,0,0,0,78.3935317993164,57.66899108886719,182.07254028320312,194.04405212402344,1.065751330882731,0.4305620807914245,0.3167363458496622
62,1,0,1,0,0,0,0,79.67405700683594,69.19636535644531,162.382080078125,199.2302093505859,1.2269223873393702,0.4906579406330014,0.4261330149432356
54,1,0,1,0,0,0,0,74.68865966796875,60.02632141113281,163.879150390625,196.2177734375,1.1973321375525328,0.4557544964685236,0.3662840652276577
53,1,0,1,0,0,0,0,77.91807556152344,57.44676208496094,180.1593017578125,186.6921234130859,1.0362613619809398,0.4324954348805616,0.3188664783025547
20,1,0,0,1,0,0,0,67.01873779296875,50.83526992797851,150.48292541503906,180.93966674804688,1.2023933363137822,0.4453577547627273,0.3378142057497381
22,0,1,0,1,0,0,0,74.68216705322266,53.219669342041016,161.47804260253906,196.89756774902344,1.21934576723639,0.4624911588570888,0.3295783654811542
4,1,0,1,0,0,0,0,86.15108489990234,72.4993667602539,194.1623382568359,192.3146514892578,0.9904838045103578,0.4437064658025625,0.373395620443922
35,0,1,1,0,0,0,0,64.23783874511719,55.045467376708984,141.39993286132812,183.3885498046875,1.2969493414437323,0.454298933848262,0.389289204477151
53,1,0,1,0,0,0,0,81.97721862792969,69.52061462402344,167.6287078857422,197.2189178466797,1.176522329224816,0.4890404493471749,0.4147297649720569
26,0,1,0,1,0,0,0,73.5077133178711,64.09830474853516,158.6472625732422,187.14157104492188,1.1796079428633368,0.4633405715647631,0.4040303230504408
30,0,1,0,1,0,0,0,83.29356384277344,70.17736053466797,163.64524841308594,198.4325256347656,1.2125773742838346,0.5089885875116729,0.428838363565075
55,1,0,1,0,0,0,0,88.93624877929688,79.23170471191406,170.81187438964844,203.58981323242188,1.1918949660841602,0.520667834698772,0.463853610851282
12,1,0,0,0,0,0,1,83.671875,65.54544830322266,185.29718017578125,196.90467834472656,1.062642605558994,0.451555036728703,0.353731493598787
1,1,0,0,0,1,0,0,77.18473815917969,56.62889862060547,183.9265289306641,185.10708618164065,1.0064186349725637,0.4196498384867388,0.3078886931093731
24,1,0,0,1,0,0,0,70.74629211425781,56.20832443237305,156.63180541992188,180.39073181152344,1.1516864747099422,0.4516725828741526,0.3588563911504525
30,0,1,0,1,0,0,0,79.6744155883789,61.204986572265625,175.53274536132812,180.42442321777344,1.027867608669687,0.4539005837592972,0.348681304142297
47,1,0,1,0,0,0,0,75.69084167480469,64.75299835205078,162.2338104248047,198.65760803222656,1.2245142212467746,0.4665540523064233,0.3991338068340802
52,1,0,0,0,0,1,0,79.20409393310547,63.382625579833984,175.5148468017578,195.1238555908203,1.111722792381266,0.4512672026120141,0.3611240116422971
1,0,1,1,0,0,0,0,84.57481384277344,71.1333999633789,189.49134826660156,197.06163024902344,1.039950541550694,0.446325463491781,0.3753912809955788
67,0,1,1,0,0,0,0,78.8880615234375,63.5168342590332,164.37254333496094,194.11329650878903,1.1809350428631011,0.4799345433420603,0.3864199760515818
25,1,0,0,1,0,0,0,59.54710006713867,47.08473205566406,141.67149353027344,199.6777801513672,1.4094421903493135,0.4203181499912274,0.3323514906377594
26,0,1,0,1,0,0,0,84.43315124511719,69.81130981445312,167.11793518066406,191.2946014404297,1.1446682920874367,0.5052309385814282,0.417736790123592
24,1,0,0,1,0,0,0,80.52830505371094,67.43293762207031,176.9828643798828,202.73394775390625,1.1455004328484046,0.4550062252403254,0.3810139352097368
28,1,0,0,0,1,0,0,72.46300506591797,58.500030517578125,155.24632263183594,192.863525390625,1.242306562378277,0.4667614912706356,0.3768207164321049
8,0,1,1,0,0,0,0,80.52975463867188,68.74390411376953,180.4282989501953,187.4335174560547,1.038825497699743,0.4463255215907177,0.3810040027742284
2,1,0,1,0,0,0,0,77.56055450439453,61.68408203125,171.3020782470703,188.86520385742188,1.1025272185257444,0.4527706569474793,0.360089513580113
38,0,1,1,0,0,0,0,83.52365112304688,72.92109680175781,167.36843872070312,197.14337158203125,1.1779005234733364,0.4990406301299575,0.4356920418158721
24,0,1,0,0,0,1,0,79.33502197265625,63.785011291503906,164.70858764648438,193.6506195068359,1.175716593007707,0.481669007707927,0.3872597792436074
2,0,1,0,0,1,0,0,78.18122100830078,61.44635391235352,178.29261779785156,186.85255432128903,1.0480106054258664,0.4384994845773299,0.3446376786167416
58,0,1,1,0,0,0,0,80.88541412353516,73.43248748779297,170.6630401611328,198.09246826171875,1.160722720482937,0.4739480443285586,0.4302776243670634
28,0,1,0,0,0,1,0,74.9276123046875,63.84556579589844,171.75177001953125,191.70504760742188,1.1161750914451802,0.4362552554548165,0.3717316321609847
16,0,1,1,0,0,0,0,84.11891174316406,71.62525177001953,167.4721221923828,193.24078369140625,1.153868364248838,0.5022860559832929,0.4276846249535213
55,1,0,0,0,0,1,0,84.31666564941406,69.29015350341797,179.99632263183594,191.93020629882812,1.0663007082172546,0.4684354903287395,0.3849531617662206
26,1,0,0,0,0,0,1,74.79654693603516,61.52589797973633,169.45330810546875,202.09117126464844,1.1926068220448414,0.4413991545652289,0.3630846672019069
1,1,0,1,0,0,0,0,76.79352569580078,54.87806701660156,179.5623321533203,190.3162078857422,1.059889374366332,0.4276705741949831,0.3056212645408482
56,0,1,0,1,0,0,0,76.33943176269531,60.229618072509766,155.35116577148438,191.75868225097656,1.234356248945349,0.491399156122122,0.3876998139885556
35,0,1,1,0,0,0,0,93.08416748046876,79.78874206542969,178.50758361816406,198.8486785888672,1.1139508728896004,0.521457775595574,0.4469767639457911
24,1,0,0,1,0,0,0,78.29067993164062,63.397911071777344,172.31845092773438,192.91864013671875,1.119547205177834,0.4543371850787678,0.3679113335249554
45,1,0,0,0,0,1,0,79.87470245361328,62.21937942504883,180.87049865722656,192.65447998046875,1.0651514835792784,0.441612662355658,0.3439996013001697
68,1,0,1,0,0,0,0,91.32861328125,80.96096801757812,176.1881866455078,203.8740692138672,1.157138132218045,0.5183583248121169,0.459514168112033
24,0,1,0,0,1,0,0,73.08690643310547,66.30426788330078,156.07998657226562,195.9956970214844,1.2557388126807512,0.4682657145108476,0.4248095437437884
28,0,1,0,1,0,0,0,63.8429069519043,44.3404655456543,154.9800567626953,193.16502380371097,1.2463863276259104,0.411942725312459,0.2861043315627906
30,1,0,0,1,0,0,0,84.58076477050781,69.6235580444336,184.8911590576172,195.4011688232422,1.0568443067759112,0.45746246170781,0.3765651013239469
17,0,1,1,0,0,0,0,86.61760711669922,78.43312072753906,180.41273498535156,210.6474151611328,1.1675861749905634,0.4801080540336138,0.4347427066825818
36,1,0,0,1,0,0,0,74.30899810791016,65.85484313964844,149.23712158203125,196.42999267578125,1.316227427824045,0.4979256991837965,0.441276556673937
48,1,0,0,0,0,0,1,74.33110046386719,67.68030548095703,160.7318878173828,195.2840576171875,1.2149677345858183,0.4624539752082003,0.4210757827833933
60,1,0,0,1,0,0,0,78.52093505859375,70.66658020019531,165.30044555664062,195.1298370361328,1.1804556023974604,0.4750195003660069,0.4275038700726383
5,0,1,1,0,0,0,0,84.54864501953125,67.39259338378906,186.50828552246097,200.69015502929688,1.0760388176166469,0.453323801581722,0.3613383351576252
39,1,0,1,0,0,0,0,77.24724578857422,62.32179260253906,162.43458557128906,186.82899475097656,1.150179896072572,0.4755591028652703,0.3836731714699229
37,1,0,0,1,0,0,0,76.78170776367188,73.44786834716797,163.14144897460938,201.7596435546875,1.2367160205012553,0.4706450031323544,0.4502097339995985
30,1,0,0,0,1,0,0,73.50310516357422,63.8144416809082,155.82444763183594,199.9376983642578,1.2830958261225325,0.4717045770458233,0.4095277900915883
39,0,1,0,0,1,0,0,81.9462890625,70.4748764038086,170.21377563476562,201.95176696777344,1.186459593030292,0.4814315924601506,0.4140374428626112
22,0,1,0,1,0,0,0,78.06317901611328,66.28585052490234,166.4541015625,196.59910583496097,1.1811010001525384,0.4689772032250116,0.398222993021373
18,1,0,1,0,0,0,0,76.2784423828125,64.8164291381836,161.97689819335938,199.9880218505859,1.234670030610482,0.4709217378132243,0.4001584785307421
15,0,1,1,0,0,0,0,78.02996063232422,62.763427734375,171.95269775390625,188.7715606689453,1.09781098601378,0.4537873592655025,0.3650040304933175
48,1,0,0,1,0,0,0,75.88348388671875,59.67666244506836,169.11619567871094,190.9421234130859,1.1290587672385923,0.4487061903336753,0.3528737280635311
46,0,1,1,0,0,0,0,82.73419189453125,71.00247192382812,174.17784118652344,195.36697387695312,1.1216522868011591,0.4749983771238324,0.407643540878389
26,1,0,0,0,0,1,0,75.09762573242188,63.996395111083984,163.64308166503906,198.03875732421875,1.2101871665408024,0.4589110946110094,0.3910730258800562
45,1,0,1,0,0,0,0,74.43748474121094,67.44889831542969,160.05352783203125,192.4925994873047,1.2026763926710615,0.4650786880457244,0.4214146306491549
2,0,1,0,0,1,0,0,83.41934967041016,61.96686553955078,197.3265380859375,197.73129272460935,1.0020511921133262,0.4227477483747283,0.3140320918849934
2,1,0,1,0,0,0,0,75.59091186523438,54.397911071777344,178.0759735107422,184.03775024414065,1.0334788383624298,0.4244868657740313,0.3054758595409046
21,1,0,0,1,0,0,0,72.06120300292969,60.1229248046875,157.2696990966797,187.115478515625,1.1897745057717568,0.4582014425972222,0.382291853739274
16,0,1,1,0,0,0,0,69.7567367553711,54.01597595214844,156.9734649658203,186.40548706054688,1.18749679827183,0.4443855321060795,0.3441089611158801
21,0,1,0,1,0,0,0,79.00410461425781,65.49073028564453,162.85537719726562,194.0842437744141,1.1917582772800996,0.4851181826103333,0.402140423071914
26,1,0,0,1,0,0,0,80.6975326538086,68.66222381591797,169.37648010253906,203.41732788085935,1.2009774188111138,0.4764388338035777,0.405382280788634
27,1,0,0,0,1,0,0,74.90833282470703,59.87525177001953,162.17633056640625,189.3936309814453,1.167825356018241,0.4618943625317405,0.3691984617046348
16,1,0,1,0,0,0,0,79.47531127929688,69.41043090820312,163.60182189941406,185.63734436035156,1.134689957636813,0.4857850013929552,0.4242644128430193
13,0,1,1,0,0,0,0,73.21459197998047,57.18684387207031,162.1890106201172,185.84913635253903,1.145879955996767,0.4514152450899732,0.3525938265078553
29,1,0,1,0,0,0,0,75.45213317871094,64.43685913085938,164.79489135742188,200.5077667236328,1.216711058650196,0.4578548070101494,0.3910124798171259
55,0,1,1,0,0,0,0,79.12670135498047,66.73483276367188,166.3383026123047,197.4136657714844,1.1868202492820252,0.4756974197302357,0.4011994334174192
14,0,1,1,0,0,0,0,78.79795837402344,65.92925262451172,163.34068298339844,183.4622344970703,1.1231876293532883,0.482414772209764,0.4036303229564223
75,0,1,1,0,0,0,0,77.34610748291016,62.66311264038086,172.5286407470703,192.18624877929688,1.1139382304706436,0.448308797588574,0.3632041171195799
26,0,1,0,0,0,1,0,86.48851776123047,76.35733032226562,168.84791564941406,199.46873474121097,1.181351478186892,0.5122273344541023,0.4522254836761474
20,0,1,1,0,0,0,0,75.54596710205078,58.41853713989258,168.53012084960938,188.64495849609375,1.1193545554057611,0.4482638873170065,0.3466355856471694
25,1,0,0,0,0,1,0,67.72891998291016,59.43305587768555,156.78915405273438,193.27667236328125,1.2327171068113212,0.4319745226773164,0.3790635662062177
35,1,0,0,1,0,0,0,71.57168579101562,56.41129302978515,160.1452178955078,183.98057556152344,1.1488359001863409,0.4469174086591521,0.3522508743694901
56,0,1,1,0,0,0,0,72.02754211425781,61.21605682373047,161.05813598632812,185.3308258056641,1.150707629084919,0.447214551895547,0.3800867087455114
59,1,0,1,0,0,0,0,74.70930480957031,66.48348999023438,159.68856811523438,207.8144989013672,1.3013736759879029,0.4678437892664842,0.4163321819146039
28,0,1,1,0,0,0,0,63.90607070922851,51.41048049926758,143.18408203125,185.0745391845703,1.2925636464546226,0.4463210561023185,0.3590516471520013
28,1,0,0,1,0,0,0,67.2838134765625,53.7260856628418,158.893310546875,193.80213928222656,1.2196998011760425,0.423452776237003,0.3381267938714896
45,1,0,0,0,1,0,0,78.3914794921875,65.4143295288086,165.08148193359375,199.38140869140625,1.2077757381146488,0.4748653729903002,0.3962547995245304
29,1,0,1,0,0,0,0,67.54865264892578,55.262447357177734,150.63937377929688,186.0899658203125,1.2353341702877405,0.448412994254025,0.3668526094521824
4,1,0,0,0,0,1,0,77.58887481689453,62.23816680908203,174.64300537109375,185.31317138671875,1.061097013264014,0.4442712987676101,0.3563736588066266
15,0,1,1,0,0,0,0,79.01409912109375,72.94159698486328,169.91619873046875,188.95323181152344,1.1120377764056055,0.4650180483758976,0.4292798304684747
3,0,1,0,0,1,0,0,83.41759490966797,68.25691223144531,192.1740570068359,191.6734619140625,0.9973950953600588,0.4340731324972792,0.3551827613704243
42,1,0,1,0,0,0,0,81.06993103027344,67.10722351074219,171.8152313232422,204.9767913818359,1.1930071030559897,0.4718436800155025,0.3905778492041311
49,0,1,1,0,0,0,0,83.100341796875,72.54167175292969,166.45684814453125,200.5627593994141,1.2048934101243425,0.4992305376629539,0.4357986623052189
52,1,0,1,0,0,0,0,79.07503509521484,68.65211486816406,169.0509490966797,192.45152282714844,1.1384232023275187,0.4677585989179634,0.4061031022600301
20,0,1,1,0,0,0,0,81.26604461669922,72.594482421875,169.4483642578125,196.61575317382812,1.1603284223781645,0.4795917917098005,0.4284165429382597
55,0,1,1,0,0,0,0,83.13023376464844,70.5551986694336,177.81532287597656,205.9674530029297,1.1583222956920805,0.4675088311856593,0.3967891941384869
25,0,1,0,1,0,0,0,78.81220245361328,70.19892883300781,164.3846435546875,189.25582885742188,1.1512987148003289,0.4794377427803591,0.4270406731128387
50,0,1,1,0,0,0,0,88.72689056396484,75.77796936035156,193.82177734375,200.32247924804688,1.033539584629686,0.4577756523540926,0.390967260742618
22,1,0,1,0,0,0,0,72.07059478759766,60.49944305419922,159.20748901367188,180.3739318847656,1.1329487890439378,0.4526834462002514,0.3800037512620016
1,0,1,0,0,1,0,0,84.41455841064453,58.28337860107422,198.53143310546875,193.14405822753903,0.9728638694958308,0.4251949280283478,0.2935725476283218
10,1,0,0,0,1,0,0,82.3232421875,59.53246307373047,187.8382873535156,195.67918395996097,1.041742802901991,0.4382665714608328,0.31693465646697
29,0,1,0,1,0,0,0,71.90019226074219,57.01026916503906,146.83157348632812,180.22970581054688,1.2274587919425146,0.4896780069406325,0.3882698237947265
26,0,1,1,0,0,0,0,78.75978088378906,68.80924987792969,159.37405395507812,196.0628204345703,1.2302053914612314,0.4941819507583627,0.4317468757952569
52,1,0,1,0,0,0,0,76.67826843261719,65.62999725341797,165.7303924560547,199.46868896484375,1.2035733820984895,0.4626687193355275,0.3960045968684984
26,0,1,0,1,0,0,0,67.51313018798828,50.009544372558594,149.86306762695312,191.70364379882812,1.2791920440066442,0.4504987870396824,0.3337015928236898
57,1,0,1,0,0,0,0,81.08870697021484,60.453128814697266,189.0524139404297,197.24722290039065,1.0433467565378094,0.4289218279739387,0.3197691452580236
34,0,1,0,1,0,0,0,80.36549377441406,68.79499053955078,170.4290008544922,192.42965698242188,1.1290898615706446,0.4715482304741551,0.4036577706530483
30,1,0,0,1,0,0,0,79.5523452758789,75.24385070800781,164.35325622558594,197.9674072265625,1.2045237908450008,0.4840326690375269,0.4578178275015771
25,1,0,0,1,0,0,0,82.438232421875,72.61100006103516,178.16786193847656,201.83384704589844,1.1328297081748335,0.4626997906633794,0.4075426357538521
28,0,1,0,1,0,0,0,86.528564453125,75.01368713378906,175.6734161376953,192.82345581054688,1.0976245583988025,0.4925535482574249,0.4270064804511587
27,1,0,0,1,0,0,0,74.19357299804688,62.25929641723633,160.73817443847656,188.9553680419922,1.1755475555330257,0.4615802889216269,0.3873336040721703
57,0,1,0,1,0,0,0,81.9002914428711,73.3662338256836,179.75140380859375,201.63507080078125,1.1217440672423904,0.4556308863661598,0.40815388515022
11,1,0,0,0,0,0,1,77.82295989990234,65.14434051513672,169.04153442382812,182.2668304443359,1.078236961499348,0.4603777418677549,0.385374758559657
17,1,0,1,0,0,0,0,69.72795867919922,55.097557067871094,150.40191650390625,174.08372497558594,1.1574568264963871,0.4636108388777628,0.3663354719714631
32,0,1,0,0,1,0,0,76.72417449951172,60.26765823364258,167.26983642578125,194.6707763671875,1.163812798092645,0.4586850572640737,0.3603020097433032
65,1,0,1,0,0,0,0,67.99470520019531,56.99923324584961,154.47964477539062,193.4660186767578,1.2523722394497498,0.4401531690408651,0.3689756882126769
34,1,0,0,1,0,0,0,86.39727020263672,74.57069396972656,193.6082305908203,199.1310272216797,1.028525629380558,0.4462479200341038,0.3851628298144378
1,0,1,0,1,0,0,0,82.28634643554688,63.74003601074219,191.2257080078125,192.7386474609375,1.0079117994588007,0.4303100628718032,0.3333235717874194
28,1,0,0,0,0,0,1,79.06735229492188,58.11408996582031,193.4473876953125,201.67193603515625,1.042515685726383,0.4087279401232141,0.3004128960239688
24,1,0,0,0,1,0,0,72.07070922851562,61.83514022827149,153.78733825683594,192.7098846435547,1.2530933094226215,0.4686387712111406,0.4020821280163023
16,1,0,1,0,0,0,0,77.01372528076172,65.58502197265625,167.2508544921875,192.60748291015625,1.1516083639450296,0.4604683516541264,0.3921356466117177
42,1,0,1,0,0,0,0,81.02471923828125,66.75038146972656,159.09506225585938,195.6443634033203,1.2297324670496796,0.5092849400189172,0.4195628734371244
73,0,1,1,0,0,0,0,81.26914978027344,66.51679229736328,182.05091857910156,190.97010803222656,1.0489928286148669,0.446408897107332,0.3653746590048738
26,0,1,1,0,0,0,0,84.91029357910156,70.83794403076172,167.5977325439453,198.24403381347656,1.1828563000486632,0.5066315175644603,0.4226664821505715
26,0,1,0,0,1,0,0,86.61875915527344,70.9163818359375,173.28759765625,205.4600067138672,1.1856590401895784,0.4998555022217964,0.4092409543158078
7,0,1,0,0,0,1,0,74.5197525024414,60.61180877685547,167.2716522216797,192.85678100585935,1.152955557288766,0.445501383603737,0.3623555334799264
56,1,0,1,0,0,0,0,76.1478500366211,66.48802185058594,158.77316284179688,195.16012573242188,1.2291757765566549,0.4796015187560101,0.4187610844336158
6,1,0,1,0,0,0,0,75.43988800048828,53.65571975708008,177.67843627929688,184.66746520996097,1.0393352681226768,0.4245866272815602,0.3019821700408112
32,0,1,0,1,0,0,0,77.4537124633789,62.5916748046875,162.37059020996094,190.79107666015625,1.175034693249836,0.4770181124748252,0.385486526370018
8,0,1,0,0,0,0,1,75.04722595214844,58.005802154541016,171.76808166503906,179.46432495117188,1.0448060152475889,0.4369101944009381,0.3376983755786292
49,0,1,0,0,0,1,0,86.25011444091797,73.29967498779297,188.2250061035156,195.19825744628903,1.0370474225881468,0.4582287774956115,0.3894258074693929
88,0,1,1,0,0,0,0,85.56883239746094,77.54936218261719,184.7406005859375,201.57516479492188,1.0911254166955753,0.4631836863475828,0.4197743318829519
1,0,1,0,0,0,0,1,68.52297973632812,53.9913330078125,147.27508544921875,147.1585235595703,0.999208543051984,0.4652720419568537,0.3666019465758789
21,0,1,0,1,0,0,0,78.9948501586914,71.96092224121094,170.52682495117188,195.5535888671875,1.14676144895785,0.4632400220980514,0.4219918025320415
48,1,0,0,0,0,0,1,77.0509262084961,65.20380401611328,161.11444091796875,195.32302856445312,1.2123247764233724,0.4782372440948759,0.4047049019604129
65,0,1,1,0,0,0,0,85.89730834960938,74.70552825927734,166.321044921875,204.5497131347656,1.2298486534331692,0.5164548382314301,0.4491646159051509
29,1,0,0,1,0,0,0,76.4776611328125,67.3608627319336,163.13296508789062,200.19976806640625,1.2272183489005135,0.4688056830917582,0.4129199925695079
40,0,1,0,0,0,1,0,81.95404052734375,68.32829284667969,182.14193725585935,196.8970489501953,1.0810088654849932,0.4499460243042263,0.3751376200127773
40,1,0,1,0,0,0,0,80.24866485595703,62.302215576171875,180.2137756347656,202.49395751953125,1.1236319576918488,0.4452970621879364,0.3457128366392927
48,1,0,1,0,0,0,0,80.3823013305664,69.39410400390625,162.51901245117188,194.40399169921875,1.1961923024706207,0.4946024475426647,0.4269906822425185
30,0,1,0,1,0,0,0,86.99772644042969,76.54478454589844,174.76002502441406,200.8120574951172,1.1490731788752242,0.4978125084857138,0.437999391080455
29,1,0,0,1,0,0,0,77.92081451416016,62.90370178222656,158.45579528808594,196.732177734375,1.2415587412041282,0.4917511181745898,0.3969794961923756
1,1,0,1,0,0,0,0,84.02031707763672,65.925048828125,191.8634490966797,190.34954833984375,0.9921094884723296,0.4379172660202674,0.3436040013796764
40,0,1,0,1,0,0,0,82.95283508300781,70.84484100341797,168.62872314453125,203.28988647460935,1.205547208587769,0.4919258921975537,0.4201232131888767
31,0,1,0,0,0,1,0,87.95990753173828,68.96446990966797,194.6838226318359,205.83721923828125,1.0572897966336805,0.4518090221501256,0.3542383181990719
27,0,1,0,0,1,0,0,71.96713256835938,55.65918731689453,158.51614379882812,174.38906860351562,1.1001344369367938,0.4540050675197627,0.3511263016057927
1,1,0,0,0,1,0,0,71.76729583740234,54.87601089477539,180.61126708984375,177.72645568847656,0.9840275114180328,0.3973578005058911,0.3038349255779138
53,1,0,1,0,0,0,0,78.51131439208984,67.18067932128906,155.96937561035156,197.73904418945312,1.2678068589788556,0.503376474290887,0.4307299369404562
28,0,1,0,1,0,0,0,80.28807067871094,67.88130187988281,174.67367553710938,200.07958984375,1.1454478714581302,0.4596460825126094,0.3886178135952801
34,1,0,0,1,0,0,0,87.58480072021484,75.59878540039062,171.80374145507812,198.7877960205078,1.1570632533196914,0.5097956539154639,0.4400299129699547
32,0,1,1,0,0,0,0,79.3473892211914,65.34721374511719,164.71109008789062,199.8226318359375,1.213170477648537,0.4817367742442313,0.3967383963657068
3,0,1,0,0,0,1,0,81.8736343383789,63.8552360534668,191.2742462158203,189.1919708251953,0.989113665682543,0.428043168163886,0.3338412636138013
80,0,1,1,0,0,0,0,78.46601104736328,67.65251159667969,170.13522338867188,195.57351684570312,1.1495180889081256,0.4611979194226502,0.3976396553824033
22,0,1,1,0,0,0,0,87.71601104736328,74.82035064697266,168.46437072753906,203.0083465576172,1.2050521168416484,0.5206798961023528,0.4441316007880453
24,0,1,0,0,0,1,0,72.86295318603516,59.386993408203125,163.18817138671875,195.8703460693359,1.2002729389323683,0.4464965356671996,0.3639172674315315
21,1,0,0,0,0,0,1,79.33715057373047,66.37808227539062,170.76821899414062,188.74154663085935,1.1052498394759005,0.4645896703791978,0.3887027847826191
23,0,1,1,0,0,0,0,80.29094696044922,61.104373931884766,181.84597778320312,194.25355529785156,1.068231245287376,0.4415327077301216,0.3360226862137882
25,0,1,1,0,0,0,0,91.29523468017578,81.20297241210938,176.25633239746094,200.9563140869141,1.1401367051809197,0.5179685372909242,0.4607095320070278
50,1,0,0,0,0,1,0,76.14927673339844,62.49198532104492,161.09674072265625,199.73619079589844,1.2398524631839931,0.4726928452543732,0.3879158885568701
25,0,1,0,0,0,0,1,83.93511199951172,75.9829330444336,178.21035766601562,199.05841064453125,1.116985641303672,0.4709889655056676,0.4263665369373948
54,1,0,1,0,0,0,0,81.84184265136719,75.00479125976562,167.78439331054688,204.35711669921875,1.2179745247281764,0.4877798288419393,0.4470307981561885
21,0,1,1,0,0,0,0,72.77678680419922,61.1395149230957,153.1907196044922,177.78358459472656,1.1605375642449376,0.4750730787876337,0.3991071722944164
36,0,1,1,0,0,0,0,80.25212097167969,69.63272094726562,163.96665954589844,199.004150390625,1.2136866783879237,0.489441702318849,0.4246760965925128
52,0,1,0,1,0,0,0,71.47234344482422,59.06745147705078,154.18844604492188,196.7084197998047,1.2757662772118143,0.4635389050097903,0.3830861065934982
14,0,1,0,0,1,0,0,84.0858383178711,70.9875717163086,172.62417602539062,202.04684448242188,1.1704434983238012,0.4871034883636648,0.4112261292176555
29,0,1,1,0,0,0,0,83.73136138916016,74.67586517333984,182.06472778320312,202.5316925048828,1.112415869734258,0.4598988634902681,0.4101610788788341
52,1,0,0,0,0,1,0,71.58219909667969,67.6875228881836,147.32791137695312,198.3213806152344,1.3461222572266665,0.4858699103765172,0.4594344836328964
24,1,0,0,1,0,0,0,74.68672180175781,60.415401458740234,169.23471069335938,191.0256195068359,1.128761462256759,0.4413203502742682,0.3569917850257588
1,1,0,0,0,1,0,0,83.07769775390625,66.24006652832031,188.0699157714844,199.6180419921875,1.0614033678556791,0.4417383684844649,0.3522097952593638
85,0,1,0,0,0,1,0,80.44889068603516,66.56595611572266,164.47610473632812,192.96212768554688,1.1731924706928385,0.4891220570611329,0.4047150570743065
37,0,1,0,0,1,0,0,79.241943359375,67.59346008300781,167.820068359375,206.08419799804688,1.2280068767266374,0.4721839535286322,0.4027734033468579
14,1,0,0,0,0,0,1,84.86055755615234,75.49969482421875,181.8343963623047,201.23548889160156,1.1066964937186043,0.4666914470190109,0.4152112929931351
26,0,1,0,1,0,0,0,63.03183364868164,50.15776062011719,137.95541381835938,194.191162109375,1.4076371251733484,0.4569000367877787,0.3635795017523415
45,1,0,1,0,0,0,0,83.65067291259766,70.92394256591797,171.99221801757812,204.5274658203125,1.189166976144288,0.4863631266389523,0.412367160464605
54,1,0,1,0,0,0,0,73.41316986083984,61.627323150634766,154.63369750976562,194.24253845214844,1.256146244836973,0.4747553155818677,0.3985374736754438
26,1,0,1,0,0,0,0,77.3761215209961,64.74188232421875,166.32949829101562,199.1675262451172,1.1974275657144535,0.4651978291043496,0.3892387278830373
32,0,1,1,0,0,0,0,77.86309814453125,67.48957824707031,162.27882385253906,198.60794067382812,1.2238684996528009,0.4798105895522423,0.4158865380266579
67,1,0,0,1,0,0,0,80.41484832763672,64.75975036621094,170.7371063232422,192.2893524169922,1.1262305925048708,0.4709863606063116,0.3792951149330524
34,1,0,1,0,0,0,0,72.96408081054688,61.81877517700195,156.2685089111328,198.7443389892578,1.271813114325422,0.466914807845516,0.3955933003248736
25,0,1,0,1,0,0,0,72.81961822509766,63.441932678222656,151.60105895996094,181.58880615234375,1.197806977062758,0.4803371343489751,0.4184794823562425
47,1,0,1,0,0,0,0,79.48331451416016,65.07382202148438,161.94326782226562,196.26104736328125,1.211912356731493,0.4908096247717682,0.4018309800497761
50,1,0,1,0,0,0,0,78.34662628173828,68.7608871459961,159.3224334716797,197.24917602539065,1.2380502339016346,0.4917488678433019,0.4315832092673796
60,1,0,1,0,0,0,0,80.02855682373047,64.10531616210938,181.5093231201172,198.3618621826172,1.0928466856291867,0.440906039690149,0.3531791924522052
23,1,0,1,0,0,0,0,65.01697540283203,52.2110710144043,148.52035522460938,186.99234008789065,1.2590350986240206,0.437764744802192,0.3515415172246577
26,1,0,0,1,0,0,0,81.95634460449219,71.03071594238281,165.90077209472656,184.01638793945312,1.1091954884597093,0.4940082168978483,0.4281518105402515
28,0,1,0,1,0,0,0,62.343624114990234,52.11293029785156,143.99046325683594,192.32313537597656,1.3356657866495616,0.432970508635616,0.3619193182599716
21,0,1,0,0,1,0,0,77.21712493896484,62.51536560058594,158.27003479003906,195.5011444091797,1.235237893695616,0.4878821505372197,0.3949917979326837
38,0,1,1,0,0,0,0,83.60382843017578,68.27149963378906,192.1611785888672,196.08009338378903,1.0203938944572486,0.4350713762484143,0.3552824776322659
32,0,1,0,1,0,0,0,74.97773742675781,60.709224700927734,164.6140594482422,182.92413330078125,1.1112303160125645,0.4554759033224149,0.368797324508092
36,1,0,0,1,0,0,0,81.02474212646484,68.43179321289062,181.9202117919922,199.8617248535156,1.0986229780890853,0.4453861466427306,0.3761637727815292
26,1,0,1,0,0,0,0,78.82041931152344,67.3739242553711,170.2432403564453,198.81346130371097,1.1678200020596825,0.4629870715952884,0.3957509509000623
55,0,1,1,0,0,0,0,85.14002227783203,74.27532958984375,169.90899658203125,200.30694580078125,1.178907237581584,0.5010919020802224,0.4371477148591362
36,0,1,0,1,0,0,0,83.2476806640625,71.32262420654297,164.8072509765625,189.9367218017578,1.15247794424269,0.5051214686901202,0.4327638728509941
3,0,1,0,0,1,0,0,83.7606201171875,64.99088287353516,192.848388671875,191.04310607910156,0.9906388505229096,0.4343340418555602,0.3370050604058452
27,0,1,0,0,1,0,0,83.97534942626953,70.96582794189453,165.38291931152344,200.17266845703125,1.210358780038077,0.5077631340397941,0.4291001043960277
22,1,0,0,0,1,0,0,74.34458923339844,59.25218200683594,161.44107055664062,182.58856201171875,1.1309920169766134,0.4605060470490072,0.3670204973402209
31,0,1,0,1,0,0,0,87.33357238769531,75.72986602783203,170.12493896484375,199.43328857421875,1.172275445256333,0.5133496177520613,0.445142649211951
18,1,0,0,0,0,0,1,73.91357421875,57.36346435546875,157.01220703125,182.70933532714844,1.1636632512960217,0.4707504952404054,0.3653439782809482
31,0,1,1,0,0,0,0,83.88228607177734,76.16426849365234,175.5709991455078,201.2455291748047,1.1462344587332365,0.4777684610785765,0.4338089369220355
32,1,0,0,0,0,1,0,82.37875366210938,67.54546356201172,176.9654998779297,195.9356384277344,1.1071968183792336,0.4655074221751359,0.3816871854039594
42,1,0,0,0,0,1,0,77.49917602539062,64.73583221435547,172.00970458984375,191.0314483642578,1.1105852941249523,0.4505511837845836,0.3763498830994317
48,0,1,1,0,0,0,0,81.06271362304688,69.23534393310547,178.0922393798828,194.82818603515625,1.093973475281955,0.4551726336044021,0.3887611508181543
14,1,0,1,0,0,0,0,81.74344635009766,68.61634063720703,167.21624755859375,195.9023895263672,1.1715511643551362,0.4888487066512731,0.4103449374030677
66,0,1,1,0,0,0,0,83.96692657470703,71.87561798095703,182.45948791503903,199.75711059570312,1.094802538789973,0.4601949042726988,0.3939264480147253
23,0,1,0,1,0,0,0,78.50719451904297,66.18181610107422,167.35899353027344,198.4305419921875,1.1856580743376277,0.469094566494521,0.3954482200510045
30,0,1,0,0,0,1,0,77.82904815673828,64.02729797363281,165.6765899658203,194.08840942382812,1.1714896441547311,0.4697649086862223,0.3864595353323115
35,0,1,1,0,0,0,0,79.91754150390625,69.4852523803711,152.8149871826172,194.5108337402344,1.2728518146442651,0.522969264843134,0.4547018172853342
46,1,0,0,0,0,1,0,66.71052551269531,46.58277130126953,169.69895935058594,193.67843627929688,1.1413059751248742,0.3931109876453404,0.2745023981262775
3,1,0,0,0,1,0,0,73.83081817626953,57.12362289428711,168.1762237548828,179.23477172851562,1.0657557158005324,0.4390086572753476,0.3396652726460603
41,1,0,0,0,0,1,0,76.15765380859375,62.99661636352539,164.2394256591797,190.74581909179688,1.161388736755703,0.4636989778972545,0.3835657370980606
26,1,0,0,0,0,1,0,76.97665405273438,64.88047790527344,163.14895629882812,203.39498901367188,1.2466827470298247,0.4718182438859236,0.39767632829006
4,0,1,0,0,1,0,0,82.35506439208984,64.08821105957031,174.72998046875,181.97610473632812,1.0414704119358271,0.4713276117307117,0.3667842856025061
29,0,1,1,0,0,0,0,83.4682846069336,73.0572738647461,180.41226196289065,197.81312561035156,1.0964505597243723,0.4626530574961825,0.4049462773199606
27,0,1,0,1,0,0,0,68.2025146484375,55.16749954223633,147.26327514648438,180.16017150878903,1.2233883249546214,0.4631332189277722,0.3746181761023623
82,1,0,1,0,0,0,0,74.91181945800781,61.096717834472656,159.70077514648438,194.2233123779297,1.2161701294172165,0.4690761168146835,0.3825699517014375
20,1,0,1,0,0,0,0,70.37945556640625,65.7222900390625,150.10919189453125,193.1603546142578,1.2867989773069652,0.4688550692875344,0.4378298837638129
14,0,1,1,0,0,0,0,68.03748321533203,55.86465835571289,150.33914184570312,179.04856872558594,1.190964419028998,0.4525600078598335,0.3715909088602369
61,1,0,1,0,0,0,0,79.7721939086914,64.48322296142578,174.17347717285156,196.58103942871097,1.1286508291593782,0.4580042564662394,0.3702241237190893
32,0,1,0,1,0,0,0,79.99835968017578,69.01171112060547,160.15774536132812,199.4661865234375,1.2454357800394014,0.4994972893736319,0.4308983681364255
31,0,1,1,0,0,0,0,76.22708129882812,65.89385223388672,164.15090942382812,192.6789703369141,1.1737916714151622,0.4643719706846961,0.4014224012841294
34,1,0,0,0,0,0,1,78.54743957519531,65.48001098632812,174.5360107421875,197.72879028320312,1.132882489077136,0.4500357218042536,0.3751661946889038
31,0,1,1,0,0,0,0,79.90618896484375,67.86431121826172,162.3763885498047,197.6781463623047,1.2174069649398078,0.4921047307338937,0.417944455005822
27,1,0,1,0,0,0,0,79.52342224121094,70.59098052978516,165.9053192138672,193.46841430664065,1.1661375007346335,0.4793301541989618,0.425489555514413
53,0,1,1,0,0,0,0,78.67093658447266,66.51138305664062,172.85011291503906,189.2237243652344,1.0947272244956152,0.4551396308496584,0.3847922453445717
45,1,0,0,1,0,0,0,82.5434341430664,74.81216430664062,167.28994750976562,205.73959350585935,1.2298383529222472,0.4934153867090424,0.4472005964511013
32,1,0,0,0,0,1,0,78.89520263671875,66.08773040771484,167.246826171875,200.5254821777344,1.1989792976499287,0.4717291469294628,0.3951508792148814
43,0,1,1,0,0,0,0,70.93672943115234,59.81626510620117,155.37294006347656,195.5547790527344,1.2586154253941633,0.456557811174659,0.3849850886632102
17,1,0,0,1,0,0,0,73.94673919677734,62.16179656982422,161.9588623046875,193.0946044921875,1.1922447573688522,0.4565772946568613,0.3838122575403217
28,1,0,0,1,0,0,0,74.04049682617188,61.69478988647461,159.10006713867188,192.2210235595703,1.208176885255681,0.4653706196216627,0.3877735000117965
28,1,0,1,0,0,0,0,81.04666137695312,68.30201721191406,161.8658905029297,202.6652984619141,1.252056859120952,0.5007025329742725,0.4219667095994991
47,0,1,1,0,0,0,0,78.12030029296875,68.3528823852539,163.73106384277344,197.1429748535156,1.2040658029488327,0.4771257112699493,0.4174704590626208
80,1,0,1,0,0,0,0,82.54472351074219,68.72489929199219,187.96658325195312,195.9245452880859,1.0423371106632595,0.439145735814637,0.365622963949248
3,1,0,0,0,1,0,0,75.0284652709961,55.85029602050781,165.29124450683594,189.2955780029297,1.1452244707075274,0.4539167546039811,0.3378902263525399
51,1,0,0,0,0,1,0,85.6781234741211,73.4117202758789,167.07594299316406,200.95751953125,1.202791472734481,0.5128094562221123,0.4393913268463943
31,0,1,0,0,1,0,0,73.96561431884766,58.06491470336914,163.90615844726562,186.4097137451172,1.1372953616327464,0.451268061063398,0.3542570654662171
7,0,1,0,0,0,0,1,74.66210174560547,54.93174362182617,171.5365753173828,175.13742065429688,1.0209917058811024,0.4352547065106267,0.3202334168103192
22,0,1,0,1,0,0,0,75.10464477539062,63.161842346191406,160.19520568847656,195.19483947753903,1.2184811564031728,0.4688320380913446,0.3942804784621271
55,1,0,1,0,0,0,0,80.48904418945312,68.98663330078125,168.09988403320312,195.9847869873047,1.1658829398632644,0.4788167740410511,0.4103907251188525
22,0,1,0,1,0,0,0,84.46275329589844,72.7698745727539,168.7060546875,192.0851287841797,1.1385787495296809,0.5006503972388643,0.4313412147984139
90,0,1,1,0,0,0,0,78.64785766601562,66.93250274658203,180.28384399414065,189.19293212890625,1.0494170078548757,0.4362446236090447,0.3712617906502891
28,1,0,0,1,0,0,0,85.89175415039062,71.29821014404297,169.9327392578125,194.240966796875,1.1430461701802113,0.5054455929182688,0.4195672385170775
28,0,1,1,0,0,0,0,75.6278076171875,65.61351776123047,160.8223114013672,201.6448211669922,1.253836108994501,0.4702569373502026,0.4079876553787217
40,1,0,1,0,0,0,0,64.57368469238281,55.54134750366211,142.42459106445312,194.96047973632812,1.3688681026164948,0.4533885911819855,0.3899702087157639
56,0,1,1,0,0,0,0,75.90105438232422,70.96959686279297,163.40061950683594,203.2914581298828,1.2441290537541567,0.4645089756171265,0.4343288114634346
70,0,1,1,0,0,0,0,70.3562240600586,63.53214645385742,160.6669158935547,190.48312377929688,1.1855777695110303,0.4379011302281492,0.3954276840413669
32,0,1,0,1,0,0,0,68.62335205078125,57.14282989501953,161.83404541015625,196.36984252929688,1.2134025447588128,0.4240353250569774,0.3530952325278362
28,0,1,0,0,0,1,0,84.55667114257812,75.49681091308594,169.32855224609375,197.9662170410156,1.1691248428871066,0.4993645195742749,0.4458598972922334
88,0,1,1,0,0,0,0,79.95954895019531,69.19158935546875,167.2484588623047,208.29010009765625,1.2453932401801149,0.4780884050837553,0.4137053927201448
36,0,1,0,0,0,1,0,75.80891418457031,66.44650268554688,165.54994201660156,203.5915374755859,1.229789240609758,0.4579217199421797,0.401368323517042
56,1,0,0,1,0,0,0,79.09174346923828,67.98902893066406,163.44149780273438,197.6802673339844,1.209486391103528,0.4839147005658136,0.4159838831917912
8,1,0,1,0,0,0,0,78.60366821289062,58.3525390625,182.0528106689453,192.341064453125,1.0565124688071332,0.4317630028565051,0.3205253401366673
85,1,0,1,0,0,0,0,80.23539733886719,72.31214141845703,171.26104736328125,202.38360595703125,1.1817258452690202,0.4684976448186188,0.4222334414729319
29,0,1,0,0,1,0,0,79.33010864257812,68.91481018066406,166.55836486816406,199.316650390625,1.1966775163072123,0.4762901503348107,0.4137577253187626
50,1,0,1,0,0,0,0,86.27863311767578,73.22604370117188,171.5966033935547,196.2053985595703,1.143410735873225,0.502799189560861,0.4267336430501998
115,0,1,1,0,0,0,0,80.38241577148438,69.58220672607422,175.95021057128906,197.53875732421875,1.122696907737901,0.4568475110685709,0.3954653222644588
44,1,0,1,0,0,0,0,72.61616516113281,63.00429153442383,156.99209594726562,197.8073272705078,1.259982714906566,0.4625466315547817,0.4013214242046126
100,0,1,0,0,1,0,0,82.54092407226562,70.25814056396484,166.4781951904297,182.2228240966797,1.0945747212614851,0.4958062164108002,0.4220260826566419
2,1,0,1,0,0,0,0,83.78268432617188,69.75912475585938,190.14320373535156,184.52407836914065,0.9704479294772386,0.4406293923751477,0.3668767717459559
52,1,0,1,0,0,0,0,64.48397827148438,55.21134567260742,150.7820281982422,177.41355895996094,1.1766227121358566,0.4276635554119448,0.3661666203350027
67,1,0,1,0,0,0,0,77.31278228759766,60.17348861694336,173.1791534423828,192.86489868164065,1.1136727189615656,0.4464323837529315,0.3474638108619883
25,0,1,1,0,0,0,0,85.84806060791016,76.23418426513672,169.52500915527344,202.2038421630859,1.192767032844581,0.5064035155384015,0.4496928485360609
33,0,1,1,0,0,0,0,74.56028747558594,61.68587875366211,160.47389221191406,195.45230102539065,1.21796946737782,0.4646256562227906,0.3843982214390533
29,1,0,1,0,0,0,0,71.67549133300781,60.079856872558594,159.42901611328125,198.16026306152344,1.2429372512762793,0.4495762006213427,0.3768439292748896
26,0,1,0,0,0,1,0,80.55319213867188,65.52709197998047,163.75975036621094,187.1067657470703,1.142568704023114,0.4918986012041006,0.4001416210848162
24,1,0,0,0,0,1,0,78.8885498046875,69.8818130493164,168.09393310546875,193.83023071289065,1.1531066418160014,0.4693122966858638,0.4157307272087553
39,1,0,1,0,0,0,0,83.41809844970703,74.05709838867188,173.57650756835938,194.2847137451172,1.1193030466326346,0.4805840353531402,0.426653925845962
1,1,0,0,0,0,0,1,84.12397766113281,71.04602813720703,195.2755584716797,194.6366424560547,0.996728131156682,0.4307962466963478,0.363824478051669
72,1,0,1,0,0,0,0,71.86134338378906,53.84446334838867,171.96351623535156,175.0876007080078,1.0181671353380597,0.4178871481404153,0.3131156220061029
34,1,0,0,1,0,0,0,75.84455108642578,64.11077117919922,160.50433349609375,191.16519165039065,1.1910282263814584,0.4725389616241834,0.3994332725026362
37,1,0,1,0,0,0,0,84.31708526611328,76.52449035644531,169.18492126464844,200.8526153564453,1.187177993494234,0.4983723409618746,0.4523127107571333
4,1,0,1,0,0,0,0,77.16018676757812,58.81698226928711,182.06443786621097,202.1154937744141,1.1101316442859508,0.4238070194920705,0.3230558529640392
22,0,1,0,0,1,0,0,72.42831420898438,56.86784744262695,159.44642639160156,179.390625,1.1250840113494631,0.454248588996908,0.3566580244511665
35,0,1,1,0,0,0,0,78.23524475097656,71.14130401611328,164.81271362304688,194.43820190429688,1.1797524452452632,0.47469180642164,0.4316493700772675
80,1,0,1,0,0,0,0,84.40430450439453,67.59696197509766,185.74208068847656,189.61524963378903,1.0208524042099458,0.4544167061741705,0.3639291738551703
30,1,0,1,0,0,0,0,80.07786560058594,65.40859985351562,183.6204071044922,189.91419982910156,1.0342761070180386,0.4361054790332554,0.3562163971039112
32,1,0,1,0,0,0,0,85.18330383300781,75.71218872070312,181.97775268554688,204.09129333496097,1.1215178246959987,0.4680973502305113,0.4160518942748564
80,1,0,1,0,0,0,0,73.5806655883789,55.67561721801758,172.63209533691406,199.0015869140625,1.1527496467310143,0.4262281903302896,0.3225102325807918
26,1,0,1,0,0,0,0,80.98551940917969,65.35157775878906,184.2460479736328,193.08164978027344,1.0479554481836435,0.4395509173731065,0.3546973108923423
45,1,0,0,1,0,0,0,74.95494079589844,62.841285705566406,165.52467346191406,205.04818725585935,1.2387771742261695,0.4528324341515465,0.3796490540730515
30,1,0,1,0,0,0,0,72.63188934326172,58.18618392944336,161.03907775878906,191.071533203125,1.186491725252673,0.4510202762838268,0.3613171705851235
32,0,1,1,0,0,0,0,78.65705108642578,65.24360656738281,169.58433532714844,200.19921875,1.1805289584311651,0.4638226221465971,0.384726610753995
80,1,0,0,0,1,0,0,82.14454650878906,67.67211151123047,165.19541931152344,191.03057861328125,1.1563914992887194,0.4972568056132471,0.4096488376812389
31,0,1,0,1,0,0,0,73.04349517822266,63.88838195800781,156.92477416992188,183.7222137451172,1.1707661503223092,0.4654682191807995,0.4071274424064358
51,0,1,1,0,0,0,0,77.0194320678711,64.8846664428711,164.98655700683594,191.7849273681641,1.1624275992389963,0.4668224700554235,0.3932724436463191
60,1,0,1,0,0,0,0,81.62451171875,64.18849182128906,187.28778076171875,195.8328094482422,1.0456251264859349,0.4358240104441127,0.3427265332539466
35,1,0,1,0,0,0,0,79.11839294433594,74.33357238769531,162.19091796875,192.0654754638672,1.1841937752696683,0.4878102543299003,0.4583090922638311
23,0,1,0,0,0,1,0,82.46784973144531,64.10188293457031,167.88088989257812,189.8608856201172,1.1309261330554263,0.4912283332797079,0.3818295398337902
35,1,0,0,0,0,1,0,74.95962524414062,59.200538635253906,162.5743408203125,192.65805053710935,1.1850458661865175,0.4610790661423672,0.3641444174802843
1,0,1,0,0,0,0,1,87.3602066040039,72.77172088623047,185.9522399902344,196.89739990234375,1.0588600595114324,0.4697991624547882,0.3913462988671295
1,1,0,0,0,0,1,0,67.02896881103516,52.83476257324219,151.70152282714844,168.49221801757812,1.1106824432445634,0.4418476990992979,0.348281029673269
25,1,0,0,0,0,0,1,87.23277282714844,75.03933715820312,173.36386108398438,202.9967498779297,1.1709288695386748,0.5031773766557345,0.43284301981398
12,1,0,0,0,0,1,0,81.33485412597656,70.16370391845703,170.12123107910156,198.13470458984375,1.164667709803468,0.4780993742524597,0.4124335538450982
58,1,0,1,0,0,0,0,82.64543914794922,72.65106201171875,171.06271362304688,199.66433715820312,1.167199636492279,0.4831294757200355,0.4247042530367684
23,1,0,0,0,1,0,0,66.70487976074219,55.10289764404297,155.78155517578125,183.34982299804688,1.1769674708354148,0.4281949790876945,0.3537190110977246
37,0,1,0,0,0,1,0,78.27685546875,62.270973205566406,180.8474273681641,191.594970703125,1.0594287875219888,0.4328336687333471,0.3443287754312198
18,0,1,1,0,0,0,0,71.63519287109375,52.99529266357422,163.5980682373047,179.24098205566406,1.0956179616721928,0.4378730974205906,0.323935931729357
28,0,1,0,0,0,1,0,87.49735260009766,74.93667602539062,189.0473175048828,197.78143310546875,1.046200685182218,0.4628330819760917,0.3963911099847006
23,1,0,0,0,0,1,0,79.03546905517578,64.50054931640625,174.37403869628906,198.5973968505859,1.1389160814041084,0.4532525004644385,0.3698976625112653
29,0,1,0,0,1,0,0,81.83624267578125,66.82237243652344,168.45436096191406,187.7415771484375,1.1144952025960555,0.4858066137823743,0.396679385769249
73,1,0,1,0,0,0,0,76.34004974365234,59.60396194458008,178.9430694580078,198.54681396484375,1.109552968808531,0.4266164092014019,0.3330889658096941
39,0,1,1,0,0,0,0,80.49956512451172,69.07967376708984,178.91571044921875,192.02728271484375,1.0732835156437892,0.4499301091133622,0.3861017771644853
27,0,1,0,0,0,1,0,84.5585708618164,74.34038543701172,168.9534454345703,200.6517639160156,1.187615697329599,0.5004844419971474,0.4400051460673
1,1,0,1,0,0,0,0,71.55502319335938,59.36703109741211,155.97584533691406,194.0095977783203,1.2438438615880032,0.4587570789489723,0.3806168254397143
32,1,0,0,0,0,1,0,79.6296157836914,68.88988494873047,160.57302856445312,196.94053649902344,1.226485781950439,0.4959090358797618,0.4290252576327191
28,0,1,0,0,1,0,0,68.1217041015625,56.138771057128906,152.6261444091797,189.6337432861328,1.2424722122163974,0.4463305049424109,0.3678188378173592
68,0,1,0,1,0,0,0,71.0932846069336,60.97886276245117,160.6966094970703,191.76483154296875,1.1933346455978888,0.4424068736075586,0.3794657706425529
40,0,1,1,0,0,0,0,80.20976257324219,70.01787567138672,172.65467834472656,191.7212677001953,1.1104319300135033,0.4645675596064267,0.4055370890766557
1,0,1,0,0,1,0,0,104.10997772216795,89.44986724853516,190.69216918945312,213.74139404296875,1.12087137584877,0.5459583273119855,0.4690799188490351
24,0,1,1,0,0,0,0,87.97596740722656,79.51665496826172,172.6830596923828,201.7250061035156,1.1681806337162894,0.5094649559947961,0.4604774499010644
21,0,1,0,0,0,0,1,77.40161895751953,64.31008911132812,152.02725219726562,199.33621215820312,1.311187364615069,0.509129895060431,0.4230168485047762
24,1,0,0,0,0,1,0,77.32737731933594,67.10518646240234,163.2526092529297,202.3339080810547,1.2393915724040634,0.4736670223722518,0.4110512338484911
27,1,0,0,0,0,0,1,84.41874694824219,67.09536743164062,190.1176300048828,210.81605529785156,1.1088716774579883,0.4440342904867584,0.3529150212419406
49,1,0,0,0,0,1,0,82.0423583984375,71.91604614257812,163.361083984375,193.03480529785156,1.1816449829404585,0.5022148261839681,0.4402275278086223
27,1,0,0,1,0,0,0,68.65803527832031,54.91592788696289,155.60296630859375,182.0457763671875,1.1699376990420096,0.4412386017253478,0.352923399789519
21,1,0,0,0,0,0,1,79.30809783935547,71.32584381103516,161.39451599121094,193.3072967529297,1.1977315063385217,0.4913927672962218,0.4419347421626107
38,1,0,0,1,0,0,0,79.7328109741211,70.50762176513672,173.13893127441406,202.96795654296875,1.1722837552998269,0.4605134754340704,0.4072314715480522
25,1,0,1,0,0,0,0,69.49034881591797,58.150142669677734,160.58900451660156,189.7365875244141,1.1815042262423343,0.4327217110853571,0.3621053810297841
1,1,0,0,0,1,0,0,77.19265747070312,58.29741287231445,182.98297119140625,181.9429626464844,0.9943163643143932,0.421857055703599,0.3185947440504364
45,0,1,1,0,0,0,0,64.93534088134766,52.07196807861328,138.64599609375,183.59442138671875,1.3241956245355648,0.4683535241611991,0.3755749862650424
24,0,1,0,0,1,0,0,61.51870346069336,41.742897033691406,147.3855438232422,197.8812561035156,1.342609668291704,0.4173998471279656,0.2832224650455081
25,0,1,0,0,0,1,0,84.10547637939453,71.54805755615234,168.9730987548828,192.331787109375,1.1382390956111716,0.4977447712040857,0.4234286882549393
26,0,1,1,0,0,0,0,73.10515594482422,54.46036911010742,167.5001220703125,189.0349273681641,1.128565908082215,0.4364483741339391,0.3251362950484673
49,0,1,1,0,0,0,0,79.8746566772461,71.06184387207031,164.47866821289062,198.2072296142578,1.2050634393373802,0.4856231968869146,0.4320429186603847
34,1,0,0,1,0,0,0,73.57144927978516,62.26955795288086,160.6710968017578,197.23126220703125,1.2275466224667824,0.4579009588175056,0.387559176431785
28,0,1,0,1,0,0,0,67.8582763671875,56.73500442504883,161.43276977539062,178.021728515625,1.1027607886757775,0.4203500718076142,0.3514466393904226
60,1,0,0,0,1,0,0,57.466026306152344,47.62667465209961,145.68641662597656,192.2444000244141,1.3195766940851232,0.3944501322569141,0.3269122527350813
40,1,0,0,0,1,0,0,86.83538055419922,73.94603729248047,169.2179718017578,199.6302032470703,1.1797222311643176,0.5131569633509647,0.4369869021897373
38,0,1,0,1,0,0,0,79.14494323730469,68.19169616699219,170.98873901367188,198.3020477294922,1.1597374708613788,0.4628664068396717,0.3988081119280009
28,1,0,0,0,1,0,0,75.7237777709961,61.71923065185547,165.88357543945312,186.33460998535156,1.1232854698948962,0.4564874947407616,0.372063542085773
27,0,1,0,0,0,1,0,84.4974594116211,74.36060333251953,179.11766052246094,198.5091094970703,1.1082609549390454,0.4717427592854548,0.4151494783686887
56,1,0,0,0,0,1,0,96.04156494140624,83.79967498779297,184.00344848632812,204.1079559326172,1.1092615796697032,0.5219552444884876,0.45542448077553
4,0,1,1,0,0,0,0,88.14312744140625,77.13435363769531,192.1508026123047,202.93902587890625,1.0561445652057386,0.4587184973629762,0.4014261329593628
29,1,0,0,0,1,0,0,73.40975189208984,53.459835052490234,165.81358337402344,188.26914978027344,1.1354265793508442,0.4427245970946811,0.3224092620440004
56,1,0,0,0,0,1,0,76.27619934082031,54.219970703125,172.26499938964844,190.10752868652344,1.1035760564252333,0.4427840804056208,0.314747458248812
24,0,1,0,0,0,0,1,80.47927856445312,71.26139068603516,156.24432373046875,191.77798461914065,1.2274236915637953,0.5150860949245422,0.4560894692658757
40,0,1,0,1,0,0,0,80.67798614501953,67.59063720703125,180.57969665527344,194.30743408203125,1.0760203814771272,0.4467721877893824,0.3742980991714796
65,1,0,0,0,0,1,0,74.28998565673828,61.77459716796875,163.18768310546875,199.1473846435547,1.2203579391150805,0.4552426031364414,0.3785493855442731
37,1,0,1,0,0,0,0,79.30888366699219,60.32859420776367,178.6055908203125,205.56092834472656,1.150921017649065,0.4440447989491073,0.3377755082059985
26,1,0,0,1,0,0,0,77.06743621826172,65.02171325683594,161.99134826660156,203.72979736328125,1.2576585079592493,0.4757503227359151,0.4013900368915056
63,1,0,0,1,0,0,0,74.82184600830078,66.21537017822266,157.8987274169922,200.49021911621097,1.269739296800915,0.4738597152256014,0.4193534125411635
4,0,1,0,0,1,0,0,83.80220794677734,64.45184326171875,190.1815948486328,208.79833984375,1.0978893094777884,0.4406431022595864,0.3388963233430476
45,1,0,1,0,0,0,0,74.56536102294922,60.083351135253906,166.81198120117188,188.8016357421875,1.1318229924653709,0.4470024304370853,0.3601860651891341
23,0,1,0,0,0,0,1,88.19595336914062,76.54460144042969,170.41921997070312,199.6302795410156,1.17140707236739,0.5175235128074313,0.4491547458883365
27,1,0,0,0,0,1,0,83.07228088378906,70.1467514038086,178.33836364746094,215.64389038085935,1.2091839690036852,0.4658127347630387,0.3933351746036798
39,1,0,0,0,0,1,0,88.26386260986328,77.3699951171875,174.94908142089844,205.7841339111328,1.1762515826879385,0.5045117235998232,0.4422429342801071
29,1,0,0,1,0,0,0,85.89552307128906,73.16255950927734,173.10780334472656,201.5521697998047,1.1643159112731276,0.4961967133291898,0.4226416030684738
23,1,0,0,1,0,0,0,76.29974365234375,57.18003463745117,173.09266662597656,193.84825134277344,1.1199102487781654,0.4408028666934478,0.3303434845163451
19,1,0,1,0,0,0,0,79.28875732421875,64.670166015625,178.9445037841797,196.25070190429688,1.0967126553436353,0.4430913252292278,0.3613978895581057
55,0,1,0,1,0,0,0,73.71092987060547,56.73007583618164,171.7781982421875,192.2806854248047,1.1193544197833012,0.4291052684501996,0.3302518970201257
27,0,1,0,0,0,0,1,89.03421020507812,79.07620239257812,172.07467651367188,200.34683227539065,1.164301664454807,0.5174161126376087,0.459545843669189
38,1,0,0,1,0,0,0,73.45818328857422,61.80731201171875,157.97210693359375,197.3761749267578,1.2494368705845535,0.4650073023299841,0.3912545905189484
38,0,1,0,0,1,0,0,78.78382873535156,68.73388671875,166.018310546875,198.40733337402344,1.195093075700246,0.474549033030348,0.414013890951764
20,0,1,0,0,0,1,0,73.16488647460938,60.36542892456055,162.41172790527344,179.9178466796875,1.1077885137988588,0.4504901672943395,0.3716814647755527
75,1,0,1,0,0,0,0,80.0859603881836,70.43190002441406,169.450439453125,192.67117309570312,1.137035546898075,0.4726217332138447,0.4156489664572254
45,1,0,1,0,0,0,0,83.40636444091797,71.44847106933594,173.8434295654297,212.20803833007812,1.2206848361226623,0.4797786413292439,0.4109932210146877
26,0,1,1,0,0,0,0,85.90228271484375,71.80455780029297,175.57659912109375,196.08538818359375,1.1168082145636915,0.4892581536768328,0.408964282026957
1,1,0,0,0,0,0,1,82.90995788574219,65.5259780883789,188.285400390625,183.83905029296875,0.9763850511594012,0.4403419368348986,0.3480141208635183
26,0,1,1,0,0,0,0,88.38703918457031,76.47671508789062,178.45803833007812,194.4305419921875,1.0895028535087137,0.4952819161952715,0.4285417222083231
35,1,0,1,0,0,0,0,78.1240234375,67.97711181640625,158.73287963867188,197.8487243652344,1.2464255976178535,0.4921729109642307,0.4282484635265514
23,0,1,0,0,0,0,1,74.86280059814453,68.39420318603516,163.1838836669922,197.43316650390625,1.209881527925921,0.4587634447462737,0.4191235166678994
16,0,1,1,0,0,0,0,74.02980041503906,54.47557067871094,169.5952606201172,189.9556121826172,1.1200525975080513,0.4365086627088076,0.3212092748318764
66,1,0,1,0,0,0,0,79.2220458984375,67.97886657714844,160.74131774902344,198.5069580078125,1.2349466881797944,0.4928542767213864,0.4229084813357606
31,1,0,0,1,0,0,0,74.42877197265625,61.63125991821289,162.8083953857422,190.815185546875,1.1720230095922035,0.4571556140966321,0.3785508712384877
40,1,0,1,0,0,0,0,83.77142333984375,76.20752716064453,174.6354522705078,199.66587829589844,1.1433295799905443,0.4796931107097487,0.4363806212875961
90,1,0,1,0,0,0,0,83.73318481445312,75.27837371826172,167.53260803222656,200.81741333007812,1.198676578182612,0.499802311907818,0.4493356523392817
46,0,1,0,1,0,0,0,80.13211822509766,67.14102935791016,162.43016052246094,203.4817657470703,1.2527338832429014,0.4933327527803369,0.4133532168037589
29,0,1,0,0,0,1,0,82.71617889404297,70.2159652709961,167.28907775878906,195.1768341064453,1.1667039876199634,0.4944505642700108,0.4197283302155515
21,0,1,0,0,1,0,0,65.20887756347656,51.12379837036133,157.69180297851562,181.49305725097656,1.1509352662782586,0.4135210349035124,0.3242007346274465
61,1,0,0,0,0,1,0,80.73533630371094,59.40395736694336,179.02781677246094,207.0588531494141,1.1565736368923036,0.4509653178998611,0.3318141193803644
9,1,0,1,0,0,0,0,71.99539184570312,57.259033203125,167.259033203125,188.68978881835935,1.128129137212028,0.4304424727737694,0.3423374636728152
9,1,0,1,0,0,0,0,73.73143005371094,61.497947692871094,168.23452758789062,187.79005432128903,1.1162396745411374,0.4382657419428452,0.3655489070799855
26,1,0,0,1,0,0,0,71.6686782836914,52.9708137512207,162.32601928710938,189.2152862548828,1.1656497651199949,0.441510723902676,0.3263236170261166
1,1,0,0,0,1,0,0,85.12824249267578,66.15521240234375,194.6148223876953,195.55535888671875,1.0048328102016288,0.4374191104678062,0.3399289508923163
18,0,1,1,0,0,0,0,70.07350158691406,54.32653045654297,148.98681640625,192.7092437744141,1.2934650757886117,0.4703335723064318,0.3646398504711184
1,0,1,0,0,0,0,1,84.7254638671875,64.31580352783203,194.97865295410156,195.6986083984375,1.00369248342538,0.4345371279548847,0.3298607440014068
75,1,0,1,0,0,0,0,84.29751586914062,64.2059326171875,189.7325134277344,199.6749725341797,1.0524025056476796,0.4442966276375608,0.3384023721461021
1,1,0,0,0,0,0,1,88.04178619384766,71.80017852783203,177.55734252929688,192.1328887939453,1.0820892341427304,0.4958498755370863,0.4043774112917073
37,1,0,1,0,0,0,0,78.63072967529297,67.70918273925781,178.541015625,193.41879272460935,1.0833297438548126,0.4404070930146697,0.3792360119731329
8,0,1,0,1,0,0,0,68.1244888305664,54.0072135925293,147.9376678466797,179.1314239501953,1.210857427709651,0.4604945435612083,0.3650673582910712
54,1,0,1,0,0,0,0,81.25364685058594,67.23939514160156,171.43374633789062,192.54083251953125,1.12312095274427,0.4739652990516669,0.3922179651203258
5,0,1,0,0,1,0,0,80.04853820800781,64.42675018310547,170.13218688964844,194.31544494628903,1.14214393230792,0.4705079013645377,0.3786864282470789
26,0,1,1,0,0,0,0,72.72797393798828,59.96271514892578,155.81788635253906,195.9657745361328,1.2576590475162708,0.4667498426556803,0.3848256227353753
89,0,1,0,1,0,0,0,71.76696014404297,58.304222106933594,153.89309692382812,186.23779296875,1.2101763931681186,0.4663429457109774,0.3788618415794973
30,0,1,0,0,1,0,0,74.97305297851562,65.80370330810547,168.42193603515625,180.7941436767578,1.073459597561086,0.445150167154389,0.390707439049802
30,0,1,1,0,0,0,0,68.96157836914062,57.30376434326172,138.83572387695312,188.40460205078125,1.3570325906735636,0.4967135002678393,0.4127450971772129
30,1,0,0,1,0,0,0,72.5705795288086,64.10297393798828,161.78286743164062,185.5753173828125,1.1470640886076833,0.4485677666670879,0.3962284446780139
37,1,0,0,1,0,0,0,69.47982025146484,57.08692169189453,157.74234008789062,193.2630157470703,1.2251816198453018,0.4404639883797349,0.3618998022983996
1,1,0,0,0,1,0,0,81.9595718383789,59.151309967041016,187.1864013671875,194.4491729736328,1.0387996753685036,0.4378500320523062,0.3160021750245039
51,0,1,1,0,0,0,0,79.88937377929688,71.91314697265625,171.07424926757812,199.0638885498047,1.1636110601218996,0.4669865518704775,0.4203621952487806
90,1,0,1,0,0,0,0,77.14683532714844,64.61485290527344,157.48248291015625,200.49468994140625,1.2731237546958696,0.4898756604641591,0.4102986675802934
23,1,0,0,0,0,1,0,80.61865997314453,68.9386978149414,163.31861877441406,201.4488525390625,1.2334714440447008,0.4936281030180648,0.422111687768826
39,0,1,0,0,1,0,0,80.99185180664062,65.1886215209961,178.7315673828125,203.3526611328125,1.137754589804865,0.4531479972598791,0.3647291996347416
1,1,0,0,0,1,0,0,81.85037231445312,65.28414154052734,181.2920379638672,177.2125244140625,0.9774975581077766,0.4514835468437201,0.3601048467089268
1,1,0,1,0,0,0,0,77.95462036132812,57.095157623291016,182.14878845214844,194.81382751464844,1.0695312835738524,0.427972214494346,0.3134534031682031
32,1,0,0,1,0,0,0,81.7973403930664,74.57970428466797,170.8342742919922,201.08023071289065,1.1770485258081271,0.4788110625462506,0.4365617180378883
24,0,1,0,0,1,0,0,82.43341827392578,74.41107940673828,163.4901580810547,200.8322906494141,1.2284059970744297,0.504210279331048,0.4551410328311442
5,0,1,0,0,1,0,0,73.97967529296875,50.66390228271485,175.39263916015625,178.2835235595703,1.0164823587424003,0.4217946411389345,0.2888599118259012
51,0,1,1,0,0,0,0,76.98104858398438,67.81486511230469,163.45631408691406,189.4599609375,1.1590862182097117,0.4709579376851206,0.4148806700501378
24,0,1,0,0,1,0,0,81.48717498779297,67.38179016113281,173.9517059326172,188.0673828125,1.0811471023190238,0.4684471161171495,0.3873591799509811
55,1,0,0,0,0,1,0,77.44989776611328,63.623992919921875,173.35366821289062,194.1542205810547,1.1199891100234436,0.4467739192631292,0.3670184402546769
35,1,0,0,0,0,1,0,84.70565032958984,75.54656219482422,180.57147216796875,199.26882934570312,1.1035454656998198,0.4690976338211171,0.4183748478527678
10,0,1,1,0,0,0,0,80.02122497558594,68.0475082397461,172.1710662841797,198.25836181640625,1.1515196257724731,0.4647774257464703,0.3952319614924682
34,0,1,0,0,1,0,0,83.26069641113281,66.61137390136719,165.13473510742188,196.00254821777344,1.1869250166554706,0.5041985646264601,0.4033759091207297
35,0,1,0,1,0,0,0,65.74099731445312,61.108760833740234,144.50196838378906,195.96304321289065,1.356127154561825,0.454948801388288,0.422892238197329
53,1,0,1,0,0,0,0,89.9144287109375,79.68179321289062,173.61712646484375,198.96002197265625,1.145970020491868,0.5178891653246234,0.458951226963347
21,1,0,0,1,0,0,0,79.79053497314453,61.7249870300293,184.63043212890625,191.8169860839844,1.0389239946644364,0.4321635065959004,0.3343164304946966
67,0,1,1,0,0,0,0,81.81063842773438,69.55916595458984,168.81544494628906,200.7294158935547,1.1890465114576425,0.4846158386382451,0.4120426657449562
25,0,1,0,0,1,0,0,71.95763397216797,58.5081672668457,157.17909240722656,193.8619079589844,1.233382283800942,0.4578066514453267,0.3722388669560462
35,0,1,1,0,0,0,0,75.37142181396484,55.83279800415039,179.44198608398438,193.85922241210935,1.0803448325709974,0.4200322536481997,0.3111467902390409
68,1,0,0,1,0,0,0,70.41232299804688,57.74271011352539,171.0179443359375,196.07855224609375,1.14653788529307,0.4117247653248193,0.3376412360570715
57,1,0,1,0,0,0,0,75.47039031982422,67.38433837890625,158.9397735595703,194.2329559326172,1.2220538105889465,0.4748364026801515,0.4239614595502788
78,1,0,0,0,1,0,0,74.3893814086914,57.58945083618164,159.14634704589844,192.16310119628903,1.2074615896830383,0.4674275142943571,0.3618647358558133
45,0,1,0,0,0,1,0,79.78484344482422,65.81919860839844,179.3735809326172,195.63783264160156,1.0906725038571548,0.4447970711740203,0.3669392017831424
32,0,1,0,0,0,1,0,88.19074249267578,67.09700012207031,177.43240356445312,191.2189178466797,1.077700093135573,0.4970385381756951,0.3781552792734221
50,0,1,1,0,0,0,0,84.50859069824219,71.15462493896484,166.11790466308594,188.7489471435547,1.1362348178323594,0.5087265630374963,0.4283380836236646
12,0,1,1,0,0,0,0,82.5621566772461,74.0928955078125,179.47103881835938,193.7670135498047,1.079656165281988,0.4600305276039903,0.4128404002987974
26,1,0,1,0,0,0,0,81.10669708251953,70.70271301269531,168.40284729003906,199.99659729003903,1.1876081699829355,0.4816230745958234,0.4198427410845644
29,0,1,1,0,0,0,0,78.72122192382812,71.6386489868164,165.03346252441406,198.6870574951172,1.20391982605179,0.4770015772539619,0.4340855962845633
35,1,0,1,0,0,0,0,73.90261840820312,61.17823028564453,161.36981201171875,200.9185028076172,1.2450810985206229,0.457970530465985,0.379118185260089
46,1,0,0,0,0,1,0,75.70361328125,67.89244079589844,161.04981994628906,191.02821350097656,1.1861436018039972,0.4700633214398969,0.4215617305163142
35,0,1,1,0,0,0,0,72.7546157836914,60.53242874145508,158.61355590820312,189.71075439453125,1.1960563730399278,0.4586910328509236,0.3816346490364792
58,1,0,1,0,0,0,0,81.2199478149414,70.79935455322266,167.69644165039062,200.8531494140625,1.1977186124962398,0.4843271986907553,0.4221875780812534
45,1,0,0,0,0,1,0,78.72965240478516,69.80838775634766,159.00169372558594,194.98953247070312,1.2263361974447078,0.4951497720562726,0.4390417870442745
27,1,0,0,1,0,0,0,74.55340576171875,59.299598693847656,170.9541015625,188.8737335205078,1.1048213046322055,0.4361018839577966,0.3468743841291694
16,1,0,1,0,0,0,0,75.82766723632812,66.72174835205078,159.9788360595703,193.95506286621097,1.2123795099621124,0.4739856164980013,0.4170660944626827
18,0,1,1,0,0,0,0,81.63194274902344,66.45309448242188,181.27127075195312,192.60630798339844,1.0625307980929637,0.450330283504916,0.3665947406158726
28,1,0,0,0,0,0,1,72.99363708496094,61.7241325378418,160.83245849609375,202.160400390625,1.2569626944770915,0.4538489168635931,0.3837790774014745
30,0,1,0,1,0,0,0,80.58403778076172,67.26048278808594,163.18637084960938,188.90415954589844,1.157597650847878,0.4938159808396438,0.4121697322999627
36,0,1,0,1,0,0,0,69.73749542236328,58.054954528808594,160.25,191.3641662597656,1.194160163867492,0.4351793786106913,0.3622774073560598
26,1,0,1,0,0,0,0,79.62785339355469,67.22888946533203,178.0555877685547,203.1689453125,1.1410422321403857,0.4472078320679205,0.3775724778304594
26,0,1,1,0,0,0,0,67.4170913696289,51.75474166870117,136.15118408203125,192.7942352294922,1.416030543761804,0.4951634598272023,0.3801270037983575
8,0,1,1,0,0,0,0,77.45303344726562,59.20735931396485,178.36334228515625,191.9244842529297,1.0760309926581928,0.4342430033826038,0.3319480256167649
28,0,1,0,0,1,0,0,75.49324035644531,60.194976806640625,162.92916870117188,185.8694000244141,1.1407987992949062,0.4633500616142426,0.3694548820600941
28,1,0,1,0,0,0,0,76.39839935302734,61.93010711669922,168.0488739013672,197.4539794921875,1.174979486075456,0.4546201207981185,0.3685243803124073
32,0,1,0,0,0,1,0,79.31334686279297,69.4169921875,162.77713012695312,187.1484375,1.1497219379284989,0.4872511685206325,0.4264542084834664
22,0,1,0,1,0,0,0,81.74540710449219,69.7437973022461,180.26075744628903,193.71920776367188,1.0746610105718266,0.4534842095559776,0.3869050496086323
31,1,0,0,1,0,0,0,79.1835708618164,63.957298278808594,168.8319091796875,199.8740234375,1.1838640243342533,0.4690083245907115,0.3788223363081143
50,1,0,0,0,0,1,0,79.3768081665039,65.55940246582031,187.45489501953125,196.8898162841797,1.0503316878637146,0.4234448407347991,0.3497342785259865
12,1,0,0,0,0,1,0,77.8297119140625,57.010009765625,176.41038513183594,192.81483459472656,1.0929902706727337,0.4411855450340885,0.3231669707144507
26,1,0,0,1,0,0,0,77.72827911376953,67.52516174316406,178.2750701904297,195.59542846679688,1.0971552458673326,0.4360019549045293,0.3787695142738415
2,0,1,0,1,0,0,0,75.14584350585938,57.07649230957031,174.79974365234375,184.13088989257812,1.0533819217652454,0.4298967603483199,0.3265250344021601
67,1,0,1,0,0,0,0,82.64965057373047,72.8340072631836,174.97496032714844,200.1731109619141,1.1440100377085556,0.4723513034047927,0.416253886424702
26,0,1,0,0,0,0,1,84.87075805664062,77.04345703125,176.9064483642578,197.46937561035156,1.1162361657035464,0.4797493751154179,0.4355039499329854
29,0,1,0,1,0,0,0,78.48583984375,67.25572967529297,163.45391845703125,200.20880126953125,1.2248638831020875,0.480171051172336,0.411465997941023
21,1,0,0,1,0,0,0,79.00411224365234,69.55718994140625,168.43161010742188,199.89956665039065,1.1868292805780294,0.4690575135704355,0.4129699282518539
42,1,0,1,0,0,0,0,86.95154571533203,72.75965881347656,177.5605010986328,202.3251037597656,1.1394713492466229,0.4897009479998677,0.4097738988304578
27,0,1,0,1,0,0,0,72.68862915039062,52.640132904052734,165.36175537109375,201.8019256591797,1.2203663731454069,0.4395734006770047,0.3183331767730772
1,1,0,1,0,0,0,0,80.75508880615234,62.55511474609375,186.3661193847656,199.98594665527344,1.07308102629099,0.4333142154418526,0.3356571191834737
56,1,0,1,0,0,0,0,70.11570739746094,56.00080871582031,151.86045837402344,187.4967498779297,1.234664717105859,0.4617114168374893,0.3687649129695999
84,0,1,1,0,0,0,0,73.46576690673828,60.61086654663086,157.75949096679688,196.16839599609375,1.2434649401688338,0.4656820737473118,0.3841979089510844
1,0,1,1,0,0,0,0,89.72720336914062,78.36614227294922,185.211181640625,205.8872528076172,1.1116351128686768,0.4844588894381282,0.4231177706376668
14,1,0,1,0,0,0,0,73.81222534179688,62.62481689453125,152.6839141845703,189.348388671875,1.240133184187191,0.4834315765089029,0.4101598863834989
55,1,0,0,0,0,1,0,76.95588684082031,62.73262023925781,175.56829833984375,189.94921875,1.081910689720985,0.4383245014533231,0.3573117745769093
32,0,1,0,1,0,0,0,79.74222564697266,66.60556030273438,160.92625427246094,198.40380859375,1.2328865137060645,0.4955202990803646,0.4138887132112444
24,1,0,1,0,0,0,0,65.64185333251953,59.66761016845703,144.97567749023438,186.1120452880859,1.283746684340361,0.4527783864775606,0.4115697970956284
73,0,1,1,0,0,0,0,78.32171630859375,66.23322296142578,163.8369598388672,198.03228759765625,1.2087155901355835,0.4780466897434056,0.404263012610621
37,1,0,0,0,1,0,0,83.73573303222656,74.27099609375,178.4184112548828,193.5586700439453,1.0848581639225203,0.4693222658092408,0.4162742822972952
35,1,0,1,0,0,0,0,72.6417007446289,59.506710052490234,160.2572784423828,187.14886474609375,1.1678025894679052,0.453281757001419,0.3713198591094547
46,1,0,1,0,0,0,0,74.31591796875,62.15353012084961,161.94406127929688,193.9518280029297,1.1976470546112254,0.4588986924354146,0.3837962913234373
47,1,0,0,0,0,0,1,68.97422790527344,56.3752326965332,146.93154907226562,188.38555908203125,1.2821314433251991,0.4694310264934981,0.3836836476065876
35,1,0,1,0,0,0,0,73.0540542602539,62.0993766784668,158.72885131835938,196.5020751953125,1.2379732705378943,0.4602443327314882,0.3912292955104632
35,1,0,0,1,0,0,0,72.95499420166016,60.782135009765625,160.77000427246094,182.5354766845703,1.135382669861866,0.4537848619946635,0.3780688772437713
92,0,1,1,0,0,0,0,77.80378723144531,65.93353271484375,167.6096649169922,196.6793212890625,1.1734366355691177,0.46419630556494,0.3933754819419094
20,1,0,1,0,0,0,0,73.18563842773438,57.20670318603515,165.33058166503906,193.4707794189453,1.1702056417542792,0.4426624384350682,0.3460140441647773
67,1,0,0,1,0,0,0,81.80412292480469,63.341949462890625,184.0709991455078,194.29849243164065,1.055562762920888,0.4444161399924747,0.3441169426848111
29,0,1,1,0,0,0,0,81.7417221069336,72.81759643554688,173.5676727294922,202.81118774414065,1.168484802237482,0.4709501534558759,0.4195343250873345
26,1,0,0,0,0,1,0,74.11844635009766,57.58869171142578,163.480712890625,191.2490692138672,1.1698570787480007,0.4533773130759822,0.3522659688299431
29,0,1,1,0,0,0,0,78.16943359375,58.97471237182617,178.2490997314453,194.2147521972656,1.0895693301670222,0.4385404117693838,0.3308555973672742
8,0,1,1,0,0,0,0,83.19407653808594,68.54953002929688,183.60418701171875,188.90426635742188,1.0288668762513833,0.4531164451754904,0.3733549389313307
55,1,0,1,0,0,0,0,73.79297637939453,59.956268310546875,159.63722229003906,188.97474670410156,1.1837762145520183,0.4622541993703871,0.3755782482960929
40,1,0,0,0,0,1,0,90.5164794921875,78.74662780761719,175.95616149902344,201.1074981689453,1.1429409260559569,0.5144263134695052,0.4475354948457103
1,0,1,1,0,0,0,0,85.58812713623047,65.44220733642578,196.9012908935547,206.1511077880859,1.0469769235770612,0.4346752971898981,0.3323604788950012
60,0,1,1,0,0,0,0,75.4601058959961,66.30435943603516,167.667236328125,190.01951599121097,1.1333133422640935,0.4500587446215226,0.3954520924188041
40,0,1,1,0,0,0,0,80.66480255126953,70.11583709716797,166.3161163330078,194.21588134765625,1.167751421989592,0.4850089355727726,0.4215817362929396
80,1,0,1,0,0,0,0,81.67655944824219,73.40730285644531,173.8590850830078,195.7623291015625,1.1259827406091385,0.4697859729863773,0.4222229906558953
32,0,1,0,0,0,1,0,78.19853973388672,69.68562316894531,163.31512451171875,197.27049255371097,1.2079131871191495,0.4788199498833039,0.4266942414383977
25,0,1,0,0,1,0,0,93.76611328125,81.2574462890625,185.96961975097656,198.34423828125,1.0665410756167797,0.5042012421534653,0.4369393581482321
26,0,1,0,0,0,1,0,72.18490600585938,59.05369186401367,157.7864227294922,184.24978637695312,1.1677163547387694,0.4574849011540911,0.3742634558947753
43,1,0,1,0,0,0,0,71.60014343261719,60.56643295288086,152.33883666992188,194.05287170410156,1.2738240355908914,0.4700058435378224,0.3975771003431801
4,0,1,0,0,1,0,0,79.83940887451172,63.8701057434082,176.8572540283203,199.2791748046875,1.126779763146027,0.4514341767498378,0.3611393046574195
35,1,0,0,1,0,0,0,75.83971405029297,63.78620529174805,166.80502319335938,199.60629272460935,1.1966443749911952,0.454660852523488,0.3823997867127027
26,1,0,1,0,0,0,0,85.7784423828125,72.17626190185547,174.8001708984375,199.943603515625,1.1438410070651266,0.490722874822883,0.41290727309295
111,0,1,1,0,0,0,0,78.26013946533203,65.79517364501953,168.2482147216797,175.92124938964844,1.0456054447927523,0.4651469235188728,0.3910601592644505
24,1,0,0,0,1,0,0,73.41437530517578,59.274715423583984,162.56649780273438,189.4100646972656,1.1651236094604465,0.4515959702488033,0.3646182714442839
67,1,0,0,0,0,1,0,85.1634750366211,71.61283874511719,172.42611694335938,192.39210510253903,1.1157944545357843,0.4939128511755364,0.4153247780244418
28,1,0,0,0,0,1,0,78.67839813232422,66.28670501708984,170.85333251953125,195.299072265625,1.1430802629694052,0.4605025665702483,0.3879743171501335
27,1,0,0,1,0,0,0,78.82979583740234,63.17584228515625,178.0735626220703,195.8314208984375,1.0997220363028009,0.442681073353402,0.3547738437694753
25,1,0,0,0,0,1,0,77.28601837158203,58.33885955810547,178.70501708984375,184.9560089111328,1.0349793862706518,0.4324781678218165,0.3264533951432134
26,0,1,1,0,0,0,0,75.04753875732422,59.9698600769043,170.96897888183594,190.4181671142578,1.113758579829058,0.4389541263458842,0.3507645683393363
25,1,0,0,1,0,0,0,80.36700439453125,67.51197814941406,166.65916442871094,189.0562438964844,1.1343885260948483,0.4822237329103406,0.4050901033905792
26,0,1,0,0,1,0,0,75.669677734375,65.6771011352539,167.5160369873047,181.45347595214844,1.0832006249401662,0.4517160213150796,0.392064558811353
1,0,1,0,0,0,0,1,80.48442840576172,66.33818817138672,183.7107086181641,180.1246795654297,0.980480021661732,0.4381041748254622,0.3611013678536736
26,0,1,1,0,0,0,0,76.67204284667969,60.751182556152344,173.55882263183594,189.8576507568359,1.0939095338274685,0.4417640180085879,0.350032234806188
30,0,1,0,1,0,0,0,76.48649597167969,63.78215026855469,164.7378387451172,188.62193298339844,1.1449824425293984,0.4642922145532077,0.3871736496873593
41,1,0,0,0,1,0,0,88.19819641113281,72.9026870727539,172.55831909179688,192.43374633789065,1.1151809275304805,0.5111210915552179,0.4224814396457549
59,1,0,1,0,0,0,0,75.90301513671875,66.20771026611328,160.24691772460938,206.9771728515625,1.2916140652843064,0.4736628711146948,0.4131605849660948
44,1,0,0,0,0,1,0,75.4754409790039,61.056671142578125,165.1034698486328,203.1006774902344,1.230141787307302,0.4571402469505937,0.3698085279404182
17,1,0,1,0,0,0,0,71.43231964111328,55.72383499145508,160.41551208496094,183.13758850097656,1.1416451321988197,0.445295587145466,0.3473718611573053
1,1,0,0,0,1,0,0,89.04637145996094,73.10950469970703,191.1991271972656,199.27166748046875,1.04222059170215,0.4657258260812522,0.3823736319898462
60,0,1,1,0,0,0,0,83.237060546875,72.68429565429688,163.4063262939453,195.8010101318359,1.198246203636064,0.509387013555051,0.4448071093866214
25,1,0,0,0,0,1,0,76.35012817382812,65.39032745361328,165.82342529296875,197.83656311035156,1.1930555816274062,0.4604302922758738,0.3943370928328421
35,1,0,1,0,0,0,0,68.22555541992188,58.01136016845703,152.13430786132812,189.85516357421875,1.2479444396412778,0.4484560805450281,0.3813167521775229
28,1,0,0,0,0,1,0,80.98088836669922,69.71416473388672,166.21275329589844,205.11492919921875,1.2340504872936262,0.4872122431094915,0.419427290334207
52,1,0,1,0,0,0,0,73.56636810302734,60.25862884521485,161.05203247070312,202.3694000244141,1.256546700590239,0.4567863377719853,0.3741562768304489
30,1,0,1,0,0,0,0,84.00077056884766,73.45035552978516,171.2365264892578,198.84683227539065,1.161240748993264,0.4905540441111276,0.4289409335478019
35,0,1,1,0,0,0,0,80.01411437988281,72.09343719482422,166.63775634765625,195.0987243652344,1.1707954346084692,0.4801679771356823,0.4326356689801783
26,1,0,0,1,0,0,0,66.2769546508789,53.93953704833984,147.72244262695312,190.03675842285156,1.2864447340798155,0.4486586700860994,0.3651411125427609
59,1,0,1,0,0,0,0,78.34657287597656,63.59410095214844,176.4619903564453,190.1914825439453,1.077804246454248,0.4439855445227609,0.3603841304503661
23,1,0,1,0,0,0,0,78.25517272949219,68.64156341552734,164.72264099121094,204.3816070556641,1.240762082405959,0.4750723534943057,0.4167099495399047
16,0,1,0,1,0,0,0,82.51732635498047,64.86964416503906,188.09515380859375,198.56655883789065,1.0556707858616745,0.4386999063194917,0.3448767437732639
40,1,0,1,0,0,0,0,74.13684844970703,63.24309921264648,165.2465057373047,194.8955993652344,1.179423422574898,0.4486439705270603,0.382719736980007
24,0,1,0,0,1,0,0,72.84526062011719,57.046573638916016,156.71353149414062,192.83485412597656,1.2304926848846265,0.4648307004863891,0.3640181744040969
42,1,0,0,0,0,0,1,74.97795867919922,63.61355972290039,156.98043823242188,192.52772521972656,1.2264440549890308,0.4776261266909476,0.4052323999039646
47,1,0,0,0,0,1,0,78.75021362304688,68.89892578125,164.5072021484375,201.5413818359375,1.2251219351118954,0.4787037442408709,0.4188201177908393
34,0,1,0,0,0,1,0,71.57935333251953,59.976558685302734,151.9896240234375,187.15866088867188,1.2313910379817188,0.4709489466299467,0.394609560163489
34,1,0,1,0,0,0,0,77.23536682128906,54.39239501953125,181.72628784179688,190.5859832763672,1.0487529654613492,0.4250093243995985,0.2993094486521561
25,0,1,0,1,0,0,0,89.39894104003906,75.4782485961914,174.89987182617188,199.98275756835935,1.1434128308974214,0.5111435480575434,0.4315511944526016
3,1,0,0,0,0,1,0,85.6146240234375,76.14026641845703,182.14459228515625,188.3885498046875,1.0342802245248983,0.4700365953736558,0.4180210099197221
26,0,1,0,0,1,0,0,73.33252716064453,59.00786590576172,160.9664306640625,190.27394104003903,1.182072188934483,0.4555765252302188,0.3665849187456442
78,0,1,1,0,0,0,0,76.21530151367188,63.389442443847656,166.44570922851562,197.1535186767578,1.1844914452320487,0.4578988660442717,0.3808415533068468
45,1,0,0,0,0,1,0,83.31777954101562,68.96963500976562,171.94854736328125,200.03480529785156,1.1633410596672944,0.4845506450542293,0.4011062382751699
41,0,1,1,0,0,0,0,75.52012634277344,67.07141876220703,158.54959106445312,193.7931976318359,1.222287590467866,0.4763186447581136,0.423031168430711
21,0,1,1,0,0,0,0,81.08023834228516,65.60577392578125,169.54031372070312,191.52374267578125,1.1296649066681164,0.4782357456047587,0.3869626785866323
24,0,1,0,0,1,0,0,72.5631332397461,60.32172775268555,159.70225524902344,180.3422393798828,1.1292404048939415,0.454365112919655,0.3777136876284307
51,1,0,0,1,0,0,0,73.42000579833984,59.206668853759766,167.62432861328125,187.33546447753903,1.1175911398263223,0.4380032803455632,0.3532104757320334
38,0,1,1,0,0,0,0,81.6148681640625,69.0576400756836,157.48587036132812,196.8130340576172,1.249718680196888,0.5182361311323309,0.4385005455869851
26,0,1,0,0,0,1,0,74.32078552246094,62.15325927734375,155.84344482421875,197.2089080810547,1.265429600221514,0.4768938828725837,0.3988185665906485
16,0,1,0,1,0,0,0,75.0454330444336,60.936737060546875,161.60723876953125,188.30859375,1.1652237559639742,0.4643692548417104,0.3770668784673006
35,0,1,0,1,0,0,0,68.33589935302734,48.98107147216797,153.63021850585938,189.0145721435547,1.2303215733325652,0.4448076688143293,0.3188244601129683
27,0,1,0,0,1,0,0,78.58647155761719,65.07638549804688,161.48989868164062,187.6609344482422,1.162059893406676,0.4866339764850659,0.4029749602254549
25,1,0,0,0,0,0,1,82.4882583618164,71.9851303100586,170.62738037109375,203.76739501953125,1.1942244824738093,0.4834409236220734,0.4218849879398002
9,1,0,1,0,0,0,0,85.2528076171875,73.30934143066406,187.13442993164065,196.90768432617188,1.0522258485416145,0.4555698684006463,0.3917469460721024
75,0,1,1,0,0,0,0,86.19894409179688,74.81822204589844,170.88890075683594,203.3479461669922,1.1899423851777442,0.5044151124504715,0.4378179139460907
26,1,0,0,1,0,0,0,78.59844970703125,64.64053344726562,166.1879119873047,190.43869018554688,1.145923839515444,0.4729492582651588,0.3889605006422104
28,0,1,1,0,0,0,0,82.54338073730469,68.0682601928711,161.5213165283203,190.1157989501953,1.1770322520672458,0.5110370724524893,0.4214196717554389
54,1,0,0,0,0,1,0,83.5957260131836,75.5832748413086,164.16046142578125,197.37860107421875,1.2023516464313533,0.5092317924007429,0.4604231383418755
30,1,0,0,0,1,0,0,81.73841857910156,68.44219970703125,178.86627197265625,193.48471069335935,1.081728313334209,0.4569806128211646,0.3826445251651143
1,1,0,0,0,1,0,0,78.33744049072266,57.24612045288086,184.46481323242188,182.7002410888672,0.9904340989881286,0.4246741647797029,0.3103362611532418
30,1,0,0,0,0,1,0,73.3061294555664,66.48965454101562,160.65858459472656,197.47471618652344,1.229157574646063,0.4562851692020483,0.4138568425007652
28,1,0,1,0,0,0,0,76.43180847167969,66.03438568115234,164.9665069580078,196.2037353515625,1.1893549725309158,0.4633171295257854,0.4002896521168468
60,1,0,1,0,0,0,0,80.95752716064453,65.92574310302734,168.7183837890625,196.623291015625,1.1653934005286002,0.4798382093433304,0.3907442782610457
48,1,0,0,0,0,1,0,72.36864471435547,63.10122299194336,163.55892944335938,189.35557556152344,1.1577208056200776,0.4424622058890206,0.38580114951043
1,1,0,0,0,1,0,0,77.99860382080078,55.71651840209961,179.90025329589844,182.79722595214844,1.0161032161054553,0.4335658365778359,0.3097078374339893
28,1,0,0,0,1,0,0,80.30744934082031,64.22268676757812,178.5010528564453,191.09597778320312,1.0705593873269024,0.4498990233150357,0.3597888401208899
25,1,0,0,1,0,0,0,71.10365295410156,61.616939544677734,154.68746948242188,194.5640411376953,1.2577879888312793,0.4596600693773811,0.3983318089748676
26,1,0,0,0,1,0,0,75.0296401977539,59.16964340209961,166.05023193359375,184.87400817871097,1.1133619388899447,0.4518490538920747,0.3563358070211099
63,0,1,1,0,0,0,0,82.54383087158203,64.11714935302734,183.50096130371097,198.05821228027344,1.0793306524017,0.4498277844711909,0.3494104275939327
35,1,0,0,1,0,0,0,69.35433959960938,61.75922775268555,155.80804443359375,200.17755126953125,1.2847703210526336,0.4451268216075235,0.3963802252778268
25,0,1,0,1,0,0,0,75.65585327148438,61.53831481933594,167.78907775878906,182.88475036621097,1.0899681481599368,0.4508985583688947,0.3667599562577157
15,1,0,0,0,0,1,0,72.3223648071289,57.564022064208984,160.09722900390625,189.6346435546875,1.184496725736962,0.4517402659440426,0.3595566420628334
77,1,0,0,0,1,0,0,84.394775390625,76.27967071533203,169.34017944335938,205.11131286621097,1.2112383106031623,0.4983741936972095,0.4504522846619867
28,1,0,0,1,0,0,0,76.75474548339844,64.56348419189453,158.42576599121094,200.6485290527344,1.2665144952738678,0.4844839789990764,0.4075314630037916
33,0,1,0,1,0,0,0,70.03063201904297,53.022666931152344,157.26144409179688,180.9825897216797,1.1508389152018486,0.4453134232836154,0.3371625336226843
38,1,0,0,1,0,0,0,64.6069107055664,52.48827362060547,148.07235717773438,183.2659454345703,1.2376783143567596,0.4363198637272814,0.3544771935899061
33,1,0,0,1,0,0,0,71.61824035644531,62.52803039550781,156.97738647460938,198.0226287841797,1.2614723256092002,0.4562328496151218,0.3983250823558687
23,1,0,1,0,0,0,0,74.04508972167969,57.91288375854492,157.14927673339844,198.0641326904297,1.260356629107767,0.4711767770162643,0.3685214781916771
25,0,1,0,0,1,0,0,74.65724182128906,59.4879150390625,167.8223876953125,184.66729736328125,1.100373435864536,0.4448586559072913,0.3544694832197532
1,1,0,0,0,1,0,0,85.81840515136719,68.7070541381836,186.3625640869141,187.80111694335935,1.007719108521035,0.4604916527728389,0.368674119047539
48,1,0,1,0,0,0,0,76.1325912475586,56.31255340576172,179.7696533203125,185.3775329589844,1.0311948069938135,0.423500795831797,0.31324838406082
18,0,1,0,0,0,1,0,74.90083312988281,62.069435119628906,168.6835479736328,198.7674865722656,1.1783454223012624,0.4440316440438558,0.3679637751592175
32,0,1,1,0,0,0,0,81.69100189208984,69.05815887451172,175.87437438964844,196.72019958496097,1.1185267908850027,0.4644849607885683,0.3926561735566652
51,1,0,1,0,0,0,0,82.12642669677734,70.25205993652344,167.55404663085938,200.3967742919922,1.1960127393013018,0.4901488704579675,0.4192799956141717
54,0,1,1,0,0,0,0,81.02547454833984,68.54886627197266,168.54879760742188,196.225341796875,1.1642049340151115,0.4807241327052455,0.406700417001101
34,1,0,0,1,0,0,0,82.78691101074219,75.23257446289062,171.96412658691406,206.90184020996097,1.2031686161322064,0.4814196580058228,0.4374899344187731
26,1,0,0,0,0,1,0,76.55254364013672,64.44434356689453,171.8253173828125,209.33245849609375,1.2182864649085354,0.4455254022291955,0.3750573230330074
20,0,1,0,0,0,0,1,73.427734375,59.07295608520508,161.18978881835938,189.92100524902344,1.1782446434187002,0.4555358928954477,0.3664807586029712
45,1,0,0,0,0,0,1,76.71292114257812,67.59120178222656,165.76666259765625,189.95169067382812,1.1458980213341994,0.4627765314234103,0.4077490656024236
22,0,1,1,0,0,0,0,67.72489166259766,49.927207946777344,150.0039520263672,179.68698120117188,1.1978816476087717,0.4514873824837175,0.3328392837143471
9,1,0,1,0,0,0,0,75.4494857788086,56.9403076171875,174.8418426513672,188.29917907714844,1.0769686261692806,0.4315299166072854,0.3256675104409983
54,1,0,1,0,0,0,0,85.09467315673828,73.41688537597656,166.23902893066406,201.103515625,1.2097250382091524,0.5118814378555475,0.4416344696442957
18,1,0,1,0,0,0,0,79.68052673339844,66.4571762084961,172.38546752929688,195.04779052734375,1.1314630712371123,0.4622229928973377,0.3855149576178845
3,1,0,0,1,0,0,0,82.2377700805664,69.29341888427734,184.8687744140625,190.6739044189453,1.031401354951814,0.4448440270197993,0.3748248945983512
2,1,0,1,0,0,0,0,82.75204467773438,67.40105438232422,192.28114318847656,186.72830200195312,0.971121238960596,0.4303700472418125,0.3505338758895187
32,1,0,0,1,0,0,0,92.68287658691406,88.26828002929688,184.49725341796875,202.17572021484375,1.095819674652963,0.5023536929134979,0.4784259840948947
26,1,0,0,0,0,1,0,79.43365478515625,66.7118911743164,168.31088256835938,198.35906982421875,1.1785278931304712,0.471946041592969,0.396361127434653
24,0,1,0,1,0,0,0,81.44671630859375,59.064910888671875,186.6826629638672,198.4186248779297,1.0628658372863151,0.4362843073668706,0.3163920524323355
18,1,0,0,0,0,1,0,74.58900451660156,52.69247817993164,174.1969451904297,182.0438232421875,1.04504601411454,0.4281877873062693,0.3024879576523512
29,1,0,0,0,0,1,0,78.5873794555664,59.299537658691406,178.6366729736328,193.39425659179688,1.0826122843227288,0.4399285888355415,0.3319561245268163
31,0,1,1,0,0,0,0,78.3388442993164,67.7071762084961,164.95816040039062,203.7996826171875,1.23546287205507,0.4749012968450325,0.4104506018020298
50,1,0,1,0,0,0,0,75.12936401367188,60.39484024047851,163.78370666503906,192.01419067382812,1.1723644224667866,0.4587108543545304,0.3687475480329342
8,0,1,1,0,0,0,0,71.54878234863281,57.7373046875,151.39488220214844,182.66758728027344,1.206563819220576,0.4725971004297097,0.3813689330026815
35,1,0,0,0,1,0,0,82.01750183105469,66.74093627929688,183.2393798828125,195.08697509765625,1.064656381299809,0.4475975736411438,0.3642281278291809
38,1,0,0,0,0,1,0,83.47522735595703,73.92103576660156,168.24891662597656,203.799560546875,1.2112979068978424,0.4961412473253868,0.4393551961522028
40,1,0,1,0,0,0,0,73.67184448242188,62.31960678100586,160.68368530273438,191.59494018554688,1.1923733254223945,0.4584898855389159,0.3878402879769235
30,1,0,1,0,0,0,0,81.41351318359375,69.58299255371094,166.0338897705078,200.56089782714844,1.2079515700340688,0.4903427444609265,0.4190890947016215
63,1,0,1,0,0,0,0,80.34735870361328,64.43035888671875,170.91050720214844,191.86363220214844,1.1225970558686436,0.4701136285821242,0.3769830184314661
26,1,0,0,0,0,1,0,91.1949691772461,78.7403335571289,177.32717895507812,200.70941162109375,1.1318592716796052,0.5142751929773174,0.4440398478175532
