image_name,age,filepath,gender_0,gender_1,race_0,race_1,race_2,race_3,race_4,eye_distance,mouth_width,face_width,face_height
68_0_0_20170111205927835.jpg.chip.jpg,68,/Users/cipherxishant/Downloads/archive/UTKFace/68_0_0_20170111205927835.jpg.chip.jpg,1,0,1,0,0,0,0,72.34671020507812,63.034366607666016,157.85829162597656,200.63348388671875
69_1_0_20170110141308465.jpg.chip.jpg,69,/Users/cipherxishant/Downloads/archive/UTKFace/69_1_0_20170110141308465.jpg.chip.jpg,0,1,1,0,0,0,0,84.51697540283203,73.24970245361328,170.77947998046875,196.70767211914062
26_1_2_20170116184737269.jpg.chip.jpg,26,/Users/cipherxishant/Downloads/archive/UTKFace/26_1_2_20170116184737269.jpg.chip.jpg,0,1,0,0,1,0,0,80.9675521850586,67.39966583251953,164.07383728027344,187.23190307617188
34_0_3_20170119200815092.jpg.chip.jpg,34,/Users/cipherxishant/Downloads/archive/UTKFace/34_0_3_20170119200815092.jpg.chip.jpg,1,0,0,0,0,1,0,82.89400482177734,72.79639434814453,171.99156188964844,207.56082153320312
60_1_0_20170110141759687.jpg.chip.jpg,60,/Users/cipherxishant/Downloads/archive/UTKFace/60_1_0_20170110141759687.jpg.chip.jpg,0,1,1,0,0,0,0,75.60872650146484,62.86529541015625,173.00717163085938,209.1237030029297
27_1_2_20170116170714855.jpg.chip.jpg,27,/Users/cipherxishant/Downloads/archive/UTKFace/27_1_2_20170116170714855.jpg.chip.jpg,0,1,0,0,1,0,0,89.86690521240234,77.5646743774414,173.66436767578125,201.26300048828125
34_0_1_20170117190152870.jpg.chip.jpg,34,/Users/cipherxishant/Downloads/archive/UTKFace/34_0_1_20170117190152870.jpg.chip.jpg,1,0,0,1,0,0,0,76.68824005126953,63.64310836791992,156.80294799804688,200.657958984375
24_1_2_20170103212931444.jpg.chip.jpg,24,/Users/cipherxishant/Downloads/archive/UTKFace/24_1_2_20170103212931444.jpg.chip.jpg,0,1,0,0,1,0,0,74.9314956665039,64.19143676757812,163.10862731933594,195.3943634033203
16_1_4_20170103233818803.jpg.chip.jpg,16,/Users/cipherxishant/Downloads/archive/UTKFace/16_1_4_20170103233818803.jpg.chip.jpg,0,1,0,0,0,0,1,77.60419464111328,63.470394134521484,168.10182189941406,199.48648071289062
26_0_1_20170113155031025.jpg.chip.jpg,26,/Users/cipherxishant/Downloads/archive/UTKFace/26_0_1_20170113155031025.jpg.chip.jpg,1,0,0,1,0,0,0,82.52930450439453,70.51538848876953,170.08448791503906,191.25564575195312
28_1_0_20170116202056699.jpg.chip.jpg,28,/Users/cipherxishant/Downloads/archive/UTKFace/28_1_0_20170116202056699.jpg.chip.jpg,0,1,1,0,0,0,0,74.18724822998047,63.42649459838867,153.214111328125,197.947509765625
40_1_2_20170116191614819.jpg.chip.jpg,40,/Users/cipherxishant/Downloads/archive/UTKFace/40_1_2_20170116191614819.jpg.chip.jpg,0,1,0,0,1,0,0,71.67830657958984,61.66385269165039,159.0009002685547,200.14161682128906
32_1_1_20170114024532411.jpg.chip.jpg,32,/Users/cipherxishant/Downloads/archive/UTKFace/32_1_1_20170114024532411.jpg.chip.jpg,0,1,0,1,0,0,0,77.59735870361328,69.06896209716797,168.0261688232422,189.93597412109375
30_1_0_20170117140336640.jpg.chip.jpg,30,/Users/cipherxishant/Downloads/archive/UTKFace/30_1_0_20170117140336640.jpg.chip.jpg,0,1,1,0,0,0,0,78.69933319091797,64.20653533935547,161.241943359375,191.3866424560547
1_1_0_20161219221246503.jpg.chip.jpg,1,/Users/cipherxishant/Downloads/archive/UTKFace/1_1_0_20161219221246503.jpg.chip.jpg,0,1,1,0,0,0,0,87.63668823242188,71.17916870117188,196.55809020996094,199.08221435546875
29_1_1_20170112235118232.jpg.chip.jpg,29,/Users/cipherxishant/Downloads/archive/UTKFace/29_1_1_20170112235118232.jpg.chip.jpg,0,1,0,1,0,0,0,78.3415298461914,62.80534744262695,172.57989501953125,196.5264892578125
1_0_0_20170110212555368.jpg.chip.jpg,1,/Users/cipherxishant/Downloads/archive/UTKFace/1_0_0_20170110212555368.jpg.chip.jpg,1,0,1,0,0,0,0,82.9481430053711,64.92642211914062,188.53306579589844,183.53756713867188
28_0_1_20170113145739893.jpg.chip.jpg,28,/Users/cipherxishant/Downloads/archive/UTKFace/28_0_1_20170113145739893.jpg.chip.jpg,1,0,0,1,0,0,0,78.24312591552734,67.93415832519531,164.69015502929688,190.90667724609375
35_1_0_20170103182759530.jpg.chip.jpg,35,/Users/cipherxishant/Downloads/archive/UTKFace/35_1_0_20170103182759530.jpg.chip.jpg,0,1,1,0,0,0,0,83.98793029785156,76.0320816040039,169.21470642089844,207.25759887695312
39_0_3_20170119194600707.jpg.chip.jpg,39,/Users/cipherxishant/Downloads/archive/UTKFace/39_0_3_20170119194600707.jpg.chip.jpg,1,0,0,0,0,1,0,85.89810943603516,73.04073333740234,187.13023376464844,200.04718017578125
20_1_2_20170104015722028.jpg.chip.jpg,20,/Users/cipherxishant/Downloads/archive/UTKFace/20_1_2_20170104015722028.jpg.chip.jpg,0,1,0,0,1,0,0,76.23265838623047,57.19316482543945,173.2998046875,190.42677307128906
51_1_3_20170105001344652.jpg.chip.jpg,51,/Users/cipherxishant/Downloads/archive/UTKFace/51_1_3_20170105001344652.jpg.chip.jpg,0,1,0,0,0,1,0,78.48353576660156,71.74028778076172,168.3944854736328,201.32846069335938
30_1_0_20170117091710631.jpg.chip.jpg,30,/Users/cipherxishant/Downloads/archive/UTKFace/30_1_0_20170117091710631.jpg.chip.jpg,0,1,1,0,0,0,0,78.4474868774414,67.2981185913086,163.901123046875,195.34617614746094
24_0_0_20170113210126406.jpg.chip.jpg,24,/Users/cipherxishant/Downloads/archive/UTKFace/24_0_0_20170113210126406.jpg.chip.jpg,1,0,1,0,0,0,0,72.5333480834961,67.36700439453125,159.51907348632812,197.97735595703125
90_0_0_20170111223757607.jpg.chip.jpg,90,/Users/cipherxishant/Downloads/archive/UTKFace/90_0_0_20170111223757607.jpg.chip.jpg,1,0,1,0,0,0,0,76.79720306396484,66.86582946777344,153.91148376464844,182.82882690429688
26_1_3_20170119193139298.jpg.chip.jpg,26,/Users/cipherxishant/Downloads/archive/UTKFace/26_1_3_20170119193139298.jpg.chip.jpg,0,1,0,0,0,1,0,82.29186248779297,74.82421875,167.98374938964844,206.28314208984375
35_0_0_20170117152434773.jpg.chip.jpg,35,/Users/cipherxishant/Downloads/archive/UTKFace/35_0_0_20170117152434773.jpg.chip.jpg,1,0,1,0,0,0,0,77.65797424316406,64.52355194091797,166.26083374023438,203.67771911621094
37_0_0_20170104183200979.jpg.chip.jpg,37,/Users/cipherxishant/Downloads/archive/UTKFace/37_0_0_20170104183200979.jpg.chip.jpg,1,0,1,0,0,0,0,84.80133819580078,68.87519836425781,185.12750244140625,198.7749481201172
58_1_3_20170109140246682.jpg.chip.jpg,58,/Users/cipherxishant/Downloads/archive/UTKFace/58_1_3_20170109140246682.jpg.chip.jpg,0,1,0,0,0,1,0,70.77611541748047,62.79270935058594,157.31727600097656,194.5552978515625
32_1_1_20170112220414584.jpg.chip.jpg,32,/Users/cipherxishant/Downloads/archive/UTKFace/32_1_1_20170112220414584.jpg.chip.jpg,0,1,0,1,0,0,0,77.32294464111328,68.39945983886719,164.97293090820312,189.51974487304688
60_1_0_20170113005301686.jpg.chip.jpg,60,/Users/cipherxishant/Downloads/archive/UTKFace/60_1_0_20170113005301686.jpg.chip.jpg,0,1,1,0,0,0,0,76.62891387939453,60.323883056640625,176.1663055419922,187.2305908203125
30_1_1_20170117123931816.jpg.chip.jpg,30,/Users/cipherxishant/Downloads/archive/UTKFace/30_1_1_20170117123931816.jpg.chip.jpg,0,1,0,1,0,0,0,70.31898498535156,57.367408752441406,155.26336669921875,188.33543395996094
1_0_3_20161220222945883.jpg.chip.jpg,1,/Users/cipherxishant/Downloads/archive/UTKFace/1_0_3_20161220222945883.jpg.chip.jpg,1,0,0,0,0,1,0,84.11568450927734,65.3188705444336,190.55613708496094,195.04263305664062
2_0_0_20170110224316546.jpg.chip.jpg,2,/Users/cipherxishant/Downloads/archive/UTKFace/2_0_0_20170110224316546.jpg.chip.jpg,1,0,1,0,0,0,0,79.3741455078125,66.09823608398438,175.2293701171875,187.35447692871094
55_0_0_20170104212840141.jpg.chip.jpg,55,/Users/cipherxishant/Downloads/archive/UTKFace/55_0_0_20170104212840141.jpg.chip.jpg,1,0,1,0,0,0,0,84.9460220336914,74.19511413574219,167.50897216796875,202.63133239746094
36_0_3_20170119201733085.jpg.chip.jpg,36,/Users/cipherxishant/Downloads/archive/UTKFace/36_0_3_20170119201733085.jpg.chip.jpg,1,0,0,0,0,1,0,82.60748291015625,67.08670806884766,167.68226623535156,195.66488647460938
20_0_0_20170105161704786.jpg.chip.jpg,20,/Users/cipherxishant/Downloads/archive/UTKFace/20_0_0_20170105161704786.jpg.chip.jpg,1,0,1,0,0,0,0,85.650146484375,73.8662109375,185.811767578125,199.09768676757812
3_0_2_20161219161700237.jpg.chip.jpg,3,/Users/cipherxishant/Downloads/archive/UTKFace/3_0_2_20161219161700237.jpg.chip.jpg,1,0,0,0,1,0,0,84.28449249267578,69.10406494140625,190.6448211669922,211.82835388183594
3_1_2_20161219160905062.jpg.chip.jpg,3,/Users/cipherxishant/Downloads/archive/UTKFace/3_1_2_20161219160905062.jpg.chip.jpg,0,1,0,0,1,0,0,86.34687042236328,71.49304962158203,192.9248046875,200.80787658691406
2_0_2_20170110212538628.jpg.chip.jpg,2,/Users/cipherxishant/Downloads/archive/UTKFace/2_0_2_20170110212538628.jpg.chip.jpg,1,0,0,0,1,0,0,80.09553527832031,57.357357025146484,200.55419921875,191.2175750732422
65_0_0_20170120221835349.jpg.chip.jpg,65,/Users/cipherxishant/Downloads/archive/UTKFace/65_0_0_20170120221835349.jpg.chip.jpg,1,0,1,0,0,0,0,79.73601531982422,65.80016326904297,163.7353057861328,195.775146484375
15_1_3_20170104221933959.jpg.chip.jpg,15,/Users/cipherxishant/Downloads/archive/UTKFace/15_1_3_20170104221933959.jpg.chip.jpg,0,1,0,0,0,1,0,75.31841278076172,70.45658874511719,155.10874938964844,202.44615173339844
37_1_2_20170104005945096.jpg.chip.jpg,37,/Users/cipherxishant/Downloads/archive/UTKFace/37_1_2_20170104005945096.jpg.chip.jpg,0,1,0,0,1,0,0,78.9688720703125,68.09473419189453,168.2919464111328,198.53216552734375
20_1_4_20170103212722908.jpg.chip.jpg,20,/Users/cipherxishant/Downloads/archive/UTKFace/20_1_4_20170103212722908.jpg.chip.jpg,0,1,0,0,0,0,1,77.97431182861328,66.9947738647461,161.09536743164062,198.14260864257812
29_1_2_20170116192021943.jpg.chip.jpg,29,/Users/cipherxishant/Downloads/archive/UTKFace/29_1_2_20170116192021943.jpg.chip.jpg,0,1,0,0,1,0,0,74.08025360107422,55.25636672973633,168.78330993652344,189.21673583984375
57_0_3_20170119183926056.jpg.chip.jpg,57,/Users/cipherxishant/Downloads/archive/UTKFace/57_0_3_20170119183926056.jpg.chip.jpg,1,0,0,0,0,1,0,82.33302307128906,66.76960754394531,171.66372680664062,194.44386291503906
46_0_1_20170113151900392.jpg.chip.jpg,46,/Users/cipherxishant/Downloads/archive/UTKFace/46_0_1_20170113151900392.jpg.chip.jpg,1,0,0,1,0,0,0,78.70858764648438,65.66242980957031,177.8693084716797,196.9236602783203
3_0_2_20161219192725995.jpg.chip.jpg,3,/Users/cipherxishant/Downloads/archive/UTKFace/3_0_2_20161219192725995.jpg.chip.jpg,1,0,0,0,1,0,0,82.60497283935547,66.20584106445312,192.83448791503906,195.68984985351562
20_0_0_20170116205342932.jpg.chip.jpg,20,/Users/cipherxishant/Downloads/archive/UTKFace/20_0_0_20170116205342932.jpg.chip.jpg,1,0,1,0,0,0,0,75.33670806884766,56.014671325683594,170.310546875,195.80311584472656
65_0_0_20170117171106484.jpg.chip.jpg,65,/Users/cipherxishant/Downloads/archive/UTKFace/65_0_0_20170117171106484.jpg.chip.jpg,1,0,1,0,0,0,0,76.28553009033203,64.58119201660156,160.79193115234375,195.8822784423828
30_0_2_20170116173516742.jpg.chip.jpg,30,/Users/cipherxishant/Downloads/archive/UTKFace/30_0_2_20170116173516742.jpg.chip.jpg,1,0,0,0,1,0,0,81.37348175048828,68.63676452636719,162.6205291748047,201.0781707763672
36_0_1_20170117135812577.jpg.chip.jpg,36,/Users/cipherxishant/Downloads/archive/UTKFace/36_0_1_20170117135812577.jpg.chip.jpg,1,0,0,1,0,0,0,82.14535522460938,68.37015533447266,184.64642333984375,197.60916137695312
35_1_1_20170113001650939.jpg.chip.jpg,35,/Users/cipherxishant/Downloads/archive/UTKFace/35_1_1_20170113001650939.jpg.chip.jpg,0,1,0,1,0,0,0,75.76565551757812,60.40080642700195,159.5462646484375,185.28135681152344
36_0_0_20170113184119879.jpg.chip.jpg,36,/Users/cipherxishant/Downloads/archive/UTKFace/36_0_0_20170113184119879.jpg.chip.jpg,1,0,1,0,0,0,0,84.63719177246094,67.69832611083984,183.8964080810547,199.8928985595703
53_0_3_20170119205832000.jpg.chip.jpg,53,/Users/cipherxishant/Downloads/archive/UTKFace/53_0_3_20170119205832000.jpg.chip.jpg,1,0,0,0,0,1,0,79.82626342773438,69.71318054199219,175.30108642578125,199.08700561523438
66_0_0_20170104002319293.jpg.chip.jpg,66,/Users/cipherxishant/Downloads/archive/UTKFace/66_0_0_20170104002319293.jpg.chip.jpg,1,0,1,0,0,0,0,76.04136657714844,65.44872283935547,159.66717529296875,195.27418518066406
29_0_1_20170113141729547.jpg.chip.jpg,29,/Users/cipherxishant/Downloads/archive/UTKFace/29_0_1_20170113141729547.jpg.chip.jpg,1,0,0,1,0,0,0,66.03247833251953,57.091495513916016,154.55799865722656,188.77098083496094
18_1_0_20170109214116215.jpg.chip.jpg,18,/Users/cipherxishant/Downloads/archive/UTKFace/18_1_0_20170109214116215.jpg.chip.jpg,0,1,1,0,0,0,0,74.73535919189453,58.13841247558594,161.94744873046875,192.41725158691406
110_1_3_20170110155139762.jpg.chip.jpg,110,/Users/cipherxishant/Downloads/archive/UTKFace/110_1_3_20170110155139762.jpg.chip.jpg,0,1,0,0,0,1,0,83.89862823486328,66.6487808227539,161.02999877929688,198.4069061279297
26_0_3_20170119184330719.jpg.chip.jpg,26,/Users/cipherxishant/Downloads/archive/UTKFace/26_0_3_20170119184330719.jpg.chip.jpg,1,0,0,0,0,1,0,78.88520050048828,70.6933364868164,162.63299560546875,182.41893005371094
75_1_0_20170120225821626.jpg.chip.jpg,75,/Users/cipherxishant/Downloads/archive/UTKFace/75_1_0_20170120225821626.jpg.chip.jpg,0,1,1,0,0,0,0,78.64378356933594,65.48258972167969,175.38095092773438,197.57814025878906
2_0_2_20161219222714623.jpg.chip.jpg,2,/Users/cipherxishant/Downloads/archive/UTKFace/2_0_2_20161219222714623.jpg.chip.jpg,1,0,0,0,1,0,0,83.8108139038086,62.38725662231445,197.1842041015625,198.430419921875
45_0_1_20170117141846901.jpg.chip.jpg,45,/Users/cipherxishant/Downloads/archive/UTKFace/45_0_1_20170117141846901.jpg.chip.jpg,1,0,0,1,0,0,0,79.56909942626953,63.010948181152344,179.37156677246094,201.57533264160156
53_1_0_20170117155436335.jpg.chip.jpg,53,/Users/cipherxishant/Downloads/archive/UTKFace/53_1_0_20170117155436335.jpg.chip.jpg,0,1,1,0,0,0,0,82.38582611083984,72.88362121582031,166.78988647460938,195.67335510253906
28_1_2_20170116164237338.jpg.chip.jpg,28,/Users/cipherxishant/Downloads/archive/UTKFace/28_1_2_20170116164237338.jpg.chip.jpg,0,1,0,0,1,0,0,78.40899658203125,64.37177276611328,162.14849853515625,198.23623657226562
35_0_3_20170119201352227.jpg.chip.jpg,35,/Users/cipherxishant/Downloads/archive/UTKFace/35_0_3_20170119201352227.jpg.chip.jpg,1,0,0,0,0,1,0,79.52545928955078,64.62982940673828,181.18336486816406,191.235595703125
45_1_0_20170117182517677.jpg.chip.jpg,45,/Users/cipherxishant/Downloads/archive/UTKFace/45_1_0_20170117182517677.jpg.chip.jpg,0,1,1,0,0,0,0,64.93534088134766,52.07196807861328,138.64599609375,183.59442138671875
21_1_4_20170103180619480.jpg.chip.jpg,21,/Users/cipherxishant/Downloads/archive/UTKFace/21_1_4_20170103180619480.jpg.chip.jpg,0,1,0,0,0,0,1,76.10868072509766,64.38313293457031,154.2237548828125,190.69920349121094
38_1_1_20170116225245726.jpg.chip.jpg,38,/Users/cipherxishant/Downloads/archive/UTKFace/38_1_1_20170116225245726.jpg.chip.jpg,0,1,0,1,0,0,0,77.62130737304688,60.92548370361328,180.0624237060547,178.53662109375
35_1_0_20170117185517162.jpg.chip.jpg,35,/Users/cipherxishant/Downloads/archive/UTKFace/35_1_0_20170117185517162.jpg.chip.jpg,0,1,1,0,0,0,0,71.51115417480469,57.12720489501953,152.5959930419922,197.69412231445312
26_1_2_20170116184706391.jpg.chip.jpg,26,/Users/cipherxishant/Downloads/archive/UTKFace/26_1_2_20170116184706391.jpg.chip.jpg,0,1,0,0,1,0,0,87.43328094482422,73.02977752685547,172.39352416992188,198.4068603515625
35_0_1_20170116011302449.jpg.chip.jpg,35,/Users/cipherxishant/Downloads/archive/UTKFace/35_0_1_20170116011302449.jpg.chip.jpg,1,0,0,1,0,0,0,70.05177307128906,55.697757720947266,153.93405151367188,178.14768981933594
44_0_3_20170119200840702.jpg.chip.jpg,44,/Users/cipherxishant/Downloads/archive/UTKFace/44_0_3_20170119200840702.jpg.chip.jpg,1,0,0,0,0,1,0,74.60478210449219,60.85541534423828,169.16891479492188,189.31361389160156
21_0_4_20161223214825003.jpg.chip.jpg,21,/Users/cipherxishant/Downloads/archive/UTKFace/21_0_4_20161223214825003.jpg.chip.jpg,1,0,0,0,0,0,1,75.87757873535156,67.76101684570312,164.4859161376953,194.7953338623047
24_0_4_20170117194356247.jpg.chip.jpg,24,/Users/cipherxishant/Downloads/archive/UTKFace/24_0_4_20170117194356247.jpg.chip.jpg,1,0,0,0,0,0,1,73.15242767333984,62.59137725830078,162.26812744140625,179.73556518554688
85_1_2_20170110182342530.jpg.chip.jpg,85,/Users/cipherxishant/Downloads/archive/UTKFace/85_1_2_20170110182342530.jpg.chip.jpg,0,1,0,0,1,0,0,90.7357177734375,77.9253921508789,178.9005584716797,185.2904815673828
25_1_2_20170116175124189.jpg.chip.jpg,25,/Users/cipherxishant/Downloads/archive/UTKFace/25_1_2_20170116175124189.jpg.chip.jpg,0,1,0,0,1,0,0,74.4375,54.99886703491211,168.8896026611328,184.48939514160156
3_1_2_20161219142312449.jpg.chip.jpg,3,/Users/cipherxishant/Downloads/archive/UTKFace/3_1_2_20161219142312449.jpg.chip.jpg,0,1,0,0,1,0,0,77.22466278076172,59.9242057800293,183.07693481445312,187.21160888671875
27_0_0_20170117012806890.jpg.chip.jpg,27,/Users/cipherxishant/Downloads/archive/UTKFace/27_0_0_20170117012806890.jpg.chip.jpg,1,0,1,0,0,0,0,64.80450439453125,56.29084777832031,144.56544494628906,191.20460510253906
26_0_1_20170116030131527.jpg.chip.jpg,26,/Users/cipherxishant/Downloads/archive/UTKFace/26_0_1_20170116030131527.jpg.chip.jpg,1,0,0,1,0,0,0,74.02758026123047,54.30075454711914,170.53451538085938,195.75950622558594
65_0_1_20170117171258523.jpg.chip.jpg,65,/Users/cipherxishant/Downloads/archive/UTKFace/65_0_1_20170117171258523.jpg.chip.jpg,1,0,0,1,0,0,0,84.90103912353516,74.85689544677734,178.63943481445312,208.55780029296875
25_0_0_20170116223809912.jpg.chip.jpg,25,/Users/cipherxishant/Downloads/archive/UTKFace/25_0_0_20170116223809912.jpg.chip.jpg,1,0,1,0,0,0,0,77.45152282714844,66.60306549072266,164.6309356689453,196.7648468017578
52_1_0_20170109012706985.jpg.chip.jpg,52,/Users/cipherxishant/Downloads/archive/UTKFace/52_1_0_20170109012706985.jpg.chip.jpg,0,1,1,0,0,0,0,80.15158081054688,70.99784088134766,168.821044921875,206.89210510253906
8_1_0_20170109202407288.jpg.chip.jpg,8,/Users/cipherxishant/Downloads/archive/UTKFace/8_1_0_20170109202407288.jpg.chip.jpg,0,1,1,0,0,0,0,79.4513168334961,66.48587799072266,172.0752410888672,200.61988830566406
26_1_0_20170117201449668.jpg.chip.jpg,26,/Users/cipherxishant/Downloads/archive/UTKFace/26_1_0_20170117201449668.jpg.chip.jpg,0,1,1,0,0,0,0,77.74455261230469,65.05974578857422,163.1442108154297,190.51644897460938
40_1_1_20170112234412839.jpg.chip.jpg,40,/Users/cipherxishant/Downloads/archive/UTKFace/40_1_1_20170112234412839.jpg.chip.jpg,0,1,0,1,0,0,0,79.05924224853516,66.59163665771484,155.04241943359375,191.2718505859375
40_0_2_20170116191432618.jpg.chip.jpg,40,/Users/cipherxishant/Downloads/archive/UTKFace/40_0_2_20170116191432618.jpg.chip.jpg,1,0,0,0,1,0,0,78.1273422241211,71.00167083740234,165.2232208251953,200.378173828125
20_0_1_20170113132411433.jpg.chip.jpg,20,/Users/cipherxishant/Downloads/archive/UTKFace/20_0_1_20170113132411433.jpg.chip.jpg,1,0,0,1,0,0,0,81.79463195800781,68.60124969482422,165.48751831054688,193.5845489501953
45_0_1_20170116010133085.jpg.chip.jpg,45,/Users/cipherxishant/Downloads/archive/UTKFace/45_0_1_20170116010133085.jpg.chip.jpg,1,0,0,1,0,0,0,81.04317474365234,62.87934494018555,192.37867736816406,194.29855346679688
35_0_0_20170117140922617.jpg.chip.jpg,35,/Users/cipherxishant/Downloads/archive/UTKFace/35_0_0_20170117140922617.jpg.chip.jpg,1,0,1,0,0,0,0,69.24659729003906,54.6501350402832,154.6750946044922,183.20420837402344
24_1_3_20170104223019607.jpg.chip.jpg,24,/Users/cipherxishant/Downloads/archive/UTKFace/24_1_3_20170104223019607.jpg.chip.jpg,0,1,0,0,0,1,0,76.81474304199219,66.20903778076172,163.66746520996094,190.10409545898438
45_0_0_20170117172129436.jpg.chip.jpg,45,/Users/cipherxishant/Downloads/archive/UTKFace/45_0_0_20170117172129436.jpg.chip.jpg,1,0,1,0,0,0,0,71.59415435791016,57.1612663269043,158.45285034179688,192.09877014160156
1_0_2_20161219142039985.jpg.chip.jpg,1,/Users/cipherxishant/Downloads/archive/UTKFace/1_0_2_20161219142039985.jpg.chip.jpg,1,0,0,0,1,0,0,82.3821792602539,62.33591842651367,191.3827667236328,196.7716522216797
54_1_1_20170112222302265.jpg.chip.jpg,54,/Users/cipherxishant/Downloads/archive/UTKFace/54_1_1_20170112222302265.jpg.chip.jpg,0,1,0,1,0,0,0,74.65337371826172,60.36458206176758,153.2630157470703,183.5074920654297
26_1_3_20170117153340356.jpg.chip.jpg,26,/Users/cipherxishant/Downloads/archive/UTKFace/26_1_3_20170117153340356.jpg.chip.jpg,0,1,0,0,0,1,0,76.8050765991211,62.548133850097656,156.60995483398438,189.65322875976562
6_0_2_20170103210440650.jpg.chip.jpg,6,/Users/cipherxishant/Downloads/archive/UTKFace/6_0_2_20170103210440650.jpg.chip.jpg,1,0,0,0,1,0,0,79.56181335449219,65.04412078857422,171.82403564453125,190.03868103027344
26_1_2_20170116184246209.jpg.chip.jpg,26,/Users/cipherxishant/Downloads/archive/UTKFace/26_1_2_20170116184246209.jpg.chip.jpg,0,1,0,0,1,0,0,76.65586853027344,59.882484436035156,153.6351776123047,188.49285888671875
1_0_0_20161219222101551.jpg.chip.jpg,1,/Users/cipherxishant/Downloads/archive/UTKFace/1_0_0_20161219222101551.jpg.chip.jpg,1,0,1,0,0,0,0,81.5592041015625,64.80563354492188,190.81161499023438,185.65870666503906
27_1_3_20170104235412059.jpg.chip.jpg,27,/Users/cipherxishant/Downloads/archive/UTKFace/27_1_3_20170104235412059.jpg.chip.jpg,0,1,0,0,0,1,0,79.79780578613281,66.21073913574219,161.5135498046875,191.6842498779297
26_1_4_20170117152504299.jpg.chip.jpg,26,/Users/cipherxishant/Downloads/archive/UTKFace/26_1_4_20170117152504299.jpg.chip.jpg,0,1,0,0,0,0,1,90.47179412841797,79.44709014892578,170.52545166015625,207.64353942871094
25_1_4_20170103180849713.jpg.chip.jpg,25,/Users/cipherxishant/Downloads/archive/UTKFace/25_1_4_20170103180849713.jpg.chip.jpg,0,1,0,0,0,0,1,79.25320434570312,67.24887084960938,162.599609375,198.5947723388672
26_0_0_20170119180222692.jpg.chip.jpg,26,/Users/cipherxishant/Downloads/archive/UTKFace/26_0_0_20170119180222692.jpg.chip.jpg,1,0,1,0,0,0,0,60.847862243652344,49.23031234741211,143.90093994140625,187.86746215820312
6_1_3_20161220222420627.jpg.chip.jpg,6,/Users/cipherxishant/Downloads/archive/UTKFace/6_1_3_20161220222420627.jpg.chip.jpg,0,1,0,0,0,1,0,85.2968978881836,70.81399536132812,174.3778533935547,197.0499725341797
88_0_0_20170111222657241.jpg.chip.jpg,88,/Users/cipherxishant/Downloads/archive/UTKFace/88_0_0_20170111222657241.jpg.chip.jpg,1,0,1,0,0,0,0,68.58406066894531,51.964332580566406,146.7281951904297,183.93955993652344
35_0_0_20170117180601456.jpg.chip.jpg,35,/Users/cipherxishant/Downloads/archive/UTKFace/35_0_0_20170117180601456.jpg.chip.jpg,1,0,1,0,0,0,0,74.27188873291016,62.240169525146484,153.90562438964844,174.64527893066406
22_0_0_20170119151204830.jpg.chip.jpg,22,/Users/cipherxishant/Downloads/archive/UTKFace/22_0_0_20170119151204830.jpg.chip.jpg,1,0,1,0,0,0,0,72.95636749267578,59.822471618652344,159.5273895263672,201.93626403808594
66_1_0_20170110160644001.jpg.chip.jpg,66,/Users/cipherxishant/Downloads/archive/UTKFace/66_1_0_20170110160644001.jpg.chip.jpg,0,1,1,0,0,0,0,71.5389633178711,61.758583068847656,157.4755401611328,194.05780029296875
88_1_0_20170120230401803.jpg.chip.jpg,88,/Users/cipherxishant/Downloads/archive/UTKFace/88_1_0_20170120230401803.jpg.chip.jpg,0,1,1,0,0,0,0,77.39222717285156,63.06092834472656,163.04684448242188,192.6107177734375
46_1_0_20170104170621792.jpg.chip.jpg,46,/Users/cipherxishant/Downloads/archive/UTKFace/46_1_0_20170104170621792.jpg.chip.jpg,0,1,1,0,0,0,0,77.20700073242188,58.349735260009766,174.47938537597656,196.22984313964844
18_0_1_20170113132627873.jpg.chip.jpg,18,/Users/cipherxishant/Downloads/archive/UTKFace/18_0_1_20170113132627873.jpg.chip.jpg,1,0,0,1,0,0,0,75.80583953857422,62.22994613647461,167.86276245117188,191.7834930419922
5_1_2_20161219195123491.jpg.chip.jpg,5,/Users/cipherxishant/Downloads/archive/UTKFace/5_1_2_20161219195123491.jpg.chip.jpg,0,1,0,0,1,0,0,85.4894790649414,72.48303985595703,178.94021606445312,199.18524169921875
26_1_3_20170104215719454.jpg.chip.jpg,26,/Users/cipherxishant/Downloads/archive/UTKFace/26_1_3_20170104215719454.jpg.chip.jpg,0,1,0,0,0,1,0,76.78839874267578,63.445030212402344,164.22877502441406,195.33364868164062
16_0_0_20170110232429214.jpg.chip.jpg,16,/Users/cipherxishant/Downloads/archive/UTKFace/16_0_0_20170110232429214.jpg.chip.jpg,1,0,1,0,0,0,0,60.66130828857422,51.86908721923828,149.57662963867188,188.67442321777344
9_0_0_20170110225344511.jpg.chip.jpg,9,/Users/cipherxishant/Downloads/archive/UTKFace/9_0_0_20170110225344511.jpg.chip.jpg,1,0,1,0,0,0,0,89.97897338867188,78.58257293701172,173.6746368408203,200.21226501464844
1_0_2_20161219161032534.jpg.chip.jpg,1,/Users/cipherxishant/Downloads/archive/UTKFace/1_0_2_20161219161032534.jpg.chip.jpg,1,0,0,0,1,0,0,90.45281982421875,76.0589828491211,197.72727966308594,202.23974609375
35_1_0_20170113005254692.jpg.chip.jpg,35,/Users/cipherxishant/Downloads/archive/UTKFace/35_1_0_20170113005254692.jpg.chip.jpg,0,1,1,0,0,0,0,70.86347198486328,56.54602813720703,160.76806640625,176.50433349609375
50_0_0_20170120222751913.jpg.chip.jpg,50,/Users/cipherxishant/Downloads/archive/UTKFace/50_0_0_20170120222751913.jpg.chip.jpg,1,0,1,0,0,0,0,78.60346221923828,59.61688995361328,183.68890380859375,191.54177856445312
26_1_1_20170116153459393.jpg.chip.jpg,26,/Users/cipherxishant/Downloads/archive/UTKFace/26_1_1_20170116153459393.jpg.chip.jpg,0,1,0,1,0,0,0,73.99224853515625,52.43751907348633,151.50271606445312,191.74049377441406
23_1_2_20170116172902847.jpg.chip.jpg,23,/Users/cipherxishant/Downloads/archive/UTKFace/23_1_2_20170116172902847.jpg.chip.jpg,0,1,0,0,1,0,0,63.52938461303711,54.77829360961914,147.1944122314453,192.6654815673828
17_0_0_20170113132359393.jpg.chip.jpg,17,/Users/cipherxishant/Downloads/archive/UTKFace/17_0_0_20170113132359393.jpg.chip.jpg,1,0,1,0,0,0,0,74.38831329345703,61.709495544433594,163.85374450683594,196.89996337890625
28_1_2_20170116165649025.jpg.chip.jpg,28,/Users/cipherxishant/Downloads/archive/UTKFace/28_1_2_20170116165649025.jpg.chip.jpg,0,1,0,0,1,0,0,75.73204040527344,56.52387237548828,170.821533203125,190.34530639648438
23_1_0_20170112234331591.jpg.chip.jpg,23,/Users/cipherxishant/Downloads/archive/UTKFace/23_1_0_20170112234331591.jpg.chip.jpg,0,1,1,0,0,0,0,72.15158081054688,65.52167510986328,147.59706115722656,191.18084716796875
22_1_1_20170113011834360.jpg.chip.jpg,22,/Users/cipherxishant/Downloads/archive/UTKFace/22_1_1_20170113011834360.jpg.chip.jpg,0,1,0,1,0,0,0,69.68958282470703,57.944984436035156,160.8473358154297,183.2477264404297
32_0_2_20170116191422270.jpg.chip.jpg,32,/Users/cipherxishant/Downloads/archive/UTKFace/32_0_2_20170116191422270.jpg.chip.jpg,1,0,0,0,1,0,0,75.73650360107422,66.71022033691406,162.7068634033203,201.84312438964844
14_0_1_20170117133924867.jpg.chip.jpg,14,/Users/cipherxishant/Downloads/archive/UTKFace/14_0_1_20170117133924867.jpg.chip.jpg,1,0,0,1,0,0,0,71.35343170166016,59.57609558105469,158.3951416015625,183.4067840576172
42_1_1_20170113001802155.jpg.chip.jpg,42,/Users/cipherxishant/Downloads/archive/UTKFace/42_1_1_20170113001802155.jpg.chip.jpg,0,1,0,1,0,0,0,85.27790832519531,71.3000717163086,164.37063598632812,190.23252868652344
49_1_0_20170104213040501.jpg.chip.jpg,49,/Users/cipherxishant/Downloads/archive/UTKFace/49_1_0_20170104213040501.jpg.chip.jpg,0,1,1,0,0,0,0,86.63910675048828,74.41834259033203,164.78799438476562,200.47850036621094
90_1_0_20170110175738208.jpg.chip.jpg,90,/Users/cipherxishant/Downloads/archive/UTKFace/90_1_0_20170110175738208.jpg.chip.jpg,0,1,1,0,0,0,0,78.64785766601562,66.93250274658203,180.28384399414062,189.19293212890625
45_0_3_20170119201952141.jpg.chip.jpg,45,/Users/cipherxishant/Downloads/archive/UTKFace/45_0_3_20170119201952141.jpg.chip.jpg,1,0,0,0,0,1,0,74.19393157958984,65.01866149902344,156.05435180664062,195.17050170898438
52_0_3_20170119200211340.jpg.chip.jpg,52,/Users/cipherxishant/Downloads/archive/UTKFace/52_0_3_20170119200211340.jpg.chip.jpg,1,0,0,0,0,1,0,85.30164337158203,74.79098510742188,172.19065856933594,201.21429443359375
55_0_0_20170120223714006.jpg.chip.jpg,55,/Users/cipherxishant/Downloads/archive/UTKFace/55_0_0_20170120223714006.jpg.chip.jpg,1,0,1,0,0,0,0,81.5466079711914,71.97240447998047,167.91323852539062,201.28094482421875
1_0_2_20161219203156557.jpg.chip.jpg,1,/Users/cipherxishant/Downloads/archive/UTKFace/1_0_2_20161219203156557.jpg.chip.jpg,1,0,0,0,1,0,0,80.81683349609375,62.89970779418945,197.98472595214844,205.0778350830078
72_0_2_20170111200724572.jpg.chip.jpg,72,/Users/cipherxishant/Downloads/archive/UTKFace/72_0_2_20170111200724572.jpg.chip.jpg,1,0,0,0,1,0,0,81.49040985107422,70.94422149658203,165.3907470703125,206.58082580566406
8_1_3_20170104221914568.jpg.chip.jpg,8,/Users/cipherxishant/Downloads/archive/UTKFace/8_1_3_20170104221914568.jpg.chip.jpg,0,1,0,0,0,1,0,82.10176086425781,69.07683563232422,165.06692504882812,191.85496520996094
73_0_3_20170105180955031.jpg.chip.jpg,73,/Users/cipherxishant/Downloads/archive/UTKFace/73_0_3_20170105180955031.jpg.chip.jpg,1,0,0,0,0,1,0,71.23688507080078,61.416141510009766,151.3424530029297,190.95498657226562
30_0_2_20170116174750148.jpg.chip.jpg,30,/Users/cipherxishant/Downloads/archive/UTKFace/30_0_2_20170116174750148.jpg.chip.jpg,1,0,0,0,1,0,0,75.311279296875,60.100494384765625,153.53273010253906,197.88534545898438
39_1_0_20170104210047180.jpg.chip.jpg,39,/Users/cipherxishant/Downloads/archive/UTKFace/39_1_0_20170104210047180.jpg.chip.jpg,0,1,1,0,0,0,0,83.30610656738281,71.079345703125,175.80801391601562,199.77162170410156
12_0_1_20170110224244673.jpg.chip.jpg,12,/Users/cipherxishant/Downloads/archive/UTKFace/12_0_1_20170110224244673.jpg.chip.jpg,1,0,0,1,0,0,0,81.78583526611328,63.992393493652344,182.04896545410156,195.76870727539062
64_0_0_20170120223405252.jpg.chip.jpg,64,/Users/cipherxishant/Downloads/archive/UTKFace/64_0_0_20170120223405252.jpg.chip.jpg,1,0,1,0,0,0,0,74.46411895751953,58.3341064453125,174.3135223388672,191.33351135253906
46_1_0_20170104235700307.jpg.chip.jpg,46,/Users/cipherxishant/Downloads/archive/UTKFace/46_1_0_20170104235700307.jpg.chip.jpg,0,1,1,0,0,0,0,77.33204650878906,65.46424865722656,160.4434814453125,190.49021911621094
18_0_4_20170103205858722.jpg.chip.jpg,18,/Users/cipherxishant/Downloads/archive/UTKFace/18_0_4_20170103205858722.jpg.chip.jpg,1,0,0,0,0,0,1,73.91357421875,57.36346435546875,157.01220703125,182.70933532714844
38_1_0_20170109002805707.jpg.chip.jpg,38,/Users/cipherxishant/Downloads/archive/UTKFace/38_1_0_20170109002805707.jpg.chip.jpg,0,1,1,0,0,0,0,82.79767608642578,70.38287353515625,165.69674682617188,193.4091796875
61_0_2_20170111203805430.jpg.chip.jpg,61,/Users/cipherxishant/Downloads/archive/UTKFace/61_0_2_20170111203805430.jpg.chip.jpg,1,0,0,0,1,0,0,79.6855239868164,68.42741394042969,162.15640258789062,191.79188537597656
26_1_1_20170116012224668.jpg.chip.jpg,26,/Users/cipherxishant/Downloads/archive/UTKFace/26_1_1_20170116012224668.jpg.chip.jpg,0,1,0,1,0,0,0,70.54422760009766,56.692447662353516,155.6863555908203,198.68612670898438
35_1_3_20170104231728913.jpg.chip.jpg,35,/Users/cipherxishant/Downloads/archive/UTKFace/35_1_3_20170104231728913.jpg.chip.jpg,0,1,0,0,0,1,0,81.80620574951172,73.33793640136719,175.349365234375,196.43212890625
3_1_0_20170109190740324.jpg.chip.jpg,3,/Users/cipherxishant/Downloads/archive/UTKFace/3_1_0_20170109190740324.jpg.chip.jpg,0,1,1,0,0,0,0,82.10491943359375,62.52317810058594,188.58038330078125,194.12899780273438
30_0_0_20170120134248646.jpg.chip.jpg,30,/Users/cipherxishant/Downloads/archive/UTKFace/30_0_0_20170120134248646.jpg.chip.jpg,1,0,1,0,0,0,0,82.85075378417969,73.05323028564453,161.96182250976562,199.19532775878906
55_0_3_20170119204438679.jpg.chip.jpg,55,/Users/cipherxishant/Downloads/archive/UTKFace/55_0_3_20170119204438679.jpg.chip.jpg,1,0,0,0,0,1,0,73.87356567382812,57.97487258911133,171.21141052246094,191.52322387695312
35_0_0_20170117104544995.jpg.chip.jpg,35,/Users/cipherxishant/Downloads/archive/UTKFace/35_0_0_20170117104544995.jpg.chip.jpg,1,0,1,0,0,0,0,73.0540542602539,62.0993766784668,158.72885131835938,196.5020751953125
15_0_0_20170110224312647.jpg.chip.jpg,15,/Users/cipherxishant/Downloads/archive/UTKFace/15_0_0_20170110224312647.jpg.chip.jpg,1,0,1,0,0,0,0,78.65969848632812,65.90339660644531,164.52655029296875,193.06546020507812
7_1_1_20170112211336710.jpg.chip.jpg,7,/Users/cipherxishant/Downloads/archive/UTKFace/7_1_1_20170112211336710.jpg.chip.jpg,0,1,0,1,0,0,0,81.21076965332031,67.7109146118164,170.632080078125,198.48912048339844
54_0_0_20170117155536389.jpg.chip.jpg,54,/Users/cipherxishant/Downloads/archive/UTKFace/54_0_0_20170117155536389.jpg.chip.jpg,1,0,1,0,0,0,0,73.80231475830078,58.50300216674805,166.16403198242188,191.71617126464844
54_0_0_20170120223348956.jpg.chip.jpg,54,/Users/cipherxishant/Downloads/archive/UTKFace/54_0_0_20170120223348956.jpg.chip.jpg,1,0,1,0,0,0,0,74.68865966796875,60.02632141113281,163.879150390625,196.2177734375
36_1_0_20170103182854050.jpg.chip.jpg,36,/Users/cipherxishant/Downloads/archive/UTKFace/36_1_0_20170103182854050.jpg.chip.jpg,0,1,1,0,0,0,0,78.30692291259766,66.97396087646484,173.4708709716797,205.29335021972656
53_1_1_20170117155117307.jpg.chip.jpg,53,/Users/cipherxishant/Downloads/archive/UTKFace/53_1_1_20170117155117307.jpg.chip.jpg,0,1,0,1,0,0,0,76.9222640991211,69.48512268066406,152.96743774414062,189.594970703125
26_0_3_20170119184304951.jpg.chip.jpg,26,/Users/cipherxishant/Downloads/archive/UTKFace/26_0_3_20170119184304951.jpg.chip.jpg,1,0,0,0,0,1,0,67.26862335205078,58.954959869384766,147.16046142578125,191.97418212890625
76_1_0_20170110183026065.jpg.chip.jpg,76,/Users/cipherxishant/Downloads/archive/UTKFace/76_1_0_20170110183026065.jpg.chip.jpg,0,1,1,0,0,0,0,78.87783813476562,65.2935791015625,172.41651916503906,195.61207580566406
64_1_0_20170120223621126.jpg.chip.jpg,64,/Users/cipherxishant/Downloads/archive/UTKFace/64_1_0_20170120223621126.jpg.chip.jpg,0,1,1,0,0,0,0,81.02947235107422,72.31526947021484,168.32147216796875,198.17861938476562
90_1_0_20170120225831522.jpg.chip.jpg,90,/Users/cipherxishant/Downloads/archive/UTKFace/90_1_0_20170120225831522.jpg.chip.jpg,0,1,1,0,0,0,0,77.36441040039062,63.345306396484375,172.58944702148438,197.1739959716797
38_0_0_20170117120714034.jpg.chip.jpg,38,/Users/cipherxishant/Downloads/archive/UTKFace/38_0_0_20170117120714034.jpg.chip.jpg,1,0,1,0,0,0,0,79.13311767578125,65.86450958251953,180.86416625976562,194.05055236816406
1_1_2_20161219162024742.jpg.chip.jpg,1,/Users/cipherxishant/Downloads/archive/UTKFace/1_1_2_20161219162024742.jpg.chip.jpg,0,1,0,0,1,0,0,85.70560455322266,71.86972045898438,176.61558532714844,208.12258911132812
27_1_2_20170116163816775.jpg.chip.jpg,27,/Users/cipherxishant/Downloads/archive/UTKFace/27_1_2_20170116163816775.jpg.chip.jpg,0,1,0,0,1,0,0,69.86276245117188,57.33676528930664,161.01942443847656,195.41941833496094
36_1_1_20170113000937962.jpg.chip.jpg,36,/Users/cipherxishant/Downloads/archive/UTKFace/36_1_1_20170113000937962.jpg.chip.jpg,0,1,0,1,0,0,0,83.2476806640625,71.32262420654297,164.8072509765625,189.9367218017578
35_0_0_20170105164824674.jpg.chip.jpg,35,/Users/cipherxishant/Downloads/archive/UTKFace/35_0_0_20170105164824674.jpg.chip.jpg,1,0,1,0,0,0,0,72.66049194335938,61.448158264160156,156.86239624023438,193.5894012451172
36_0_3_20170117183319878.jpg.chip.jpg,36,/Users/cipherxishant/Downloads/archive/UTKFace/36_0_3_20170117183319878.jpg.chip.jpg,1,0,0,0,0,1,0,74.27307891845703,60.64781951904297,163.84336853027344,201.39773559570312
32_1_0_20170103162938008.jpg.chip.jpg,32,/Users/cipherxishant/Downloads/archive/UTKFace/32_1_0_20170103162938008.jpg.chip.jpg,0,1,1,0,0,0,0,86.88378143310547,76.82256317138672,172.09584045410156,199.7351531982422
35_0_3_20170119201245052.jpg.chip.jpg,35,/Users/cipherxishant/Downloads/archive/UTKFace/35_0_3_20170119201245052.jpg.chip.jpg,1,0,0,0,0,1,0,83.79751586914062,71.1931381225586,175.15089416503906,205.7691650390625
31_1_1_20170116154733116.jpg.chip.jpg,31,/Users/cipherxishant/Downloads/archive/UTKFace/31_1_1_20170116154733116.jpg.chip.jpg,0,1,0,1,0,0,0,77.11817169189453,61.60141372680664,163.1847381591797,179.97267150878906
28_1_4_20170103235043691.jpg.chip.jpg,28,/Users/cipherxishant/Downloads/archive/UTKFace/28_1_4_20170103235043691.jpg.chip.jpg,0,1,0,0,0,0,1,78.79556274414062,68.98600769042969,165.7795867919922,200.5366973876953
27_0_2_20170119193327962.jpg.chip.jpg,27,/Users/cipherxishant/Downloads/archive/UTKFace/27_0_2_20170119193327962.jpg.chip.jpg,1,0,0,0,1,0,0,70.36991119384766,62.18074035644531,156.8473358154297,197.52198791503906
26_1_2_20170116184131117.jpg.chip.jpg,26,/Users/cipherxishant/Downloads/archive/UTKFace/26_1_2_20170116184131117.jpg.chip.jpg,0,1,0,0,1,0,0,75.264892578125,57.73065185546875,170.3544158935547,194.67779541015625
58_0_0_20170105173531229.jpg.chip.jpg,58,/Users/cipherxishant/Downloads/archive/UTKFace/58_0_0_20170105173531229.jpg.chip.jpg,1,0,1,0,0,0,0,81.45864868164062,71.3213119506836,169.3240509033203,203.01983642578125
6_1_4_20161221193543388.jpg.chip.jpg,6,/Users/cipherxishant/Downloads/archive/UTKFace/6_1_4_20161221193543388.jpg.chip.jpg,0,1,0,0,0,0,1,68.9465560913086,55.02141189575195,160.15988159179688,187.41299438476562
26_0_3_20170119180249843.jpg.chip.jpg,26,/Users/cipherxishant/Downloads/archive/UTKFace/26_0_3_20170119180249843.jpg.chip.jpg,1,0,0,0,0,1,0,85.74435424804688,73.039794921875,175.1422882080078,199.81503295898438
54_1_0_20170104185045990.jpg.chip.jpg,54,/Users/cipherxishant/Downloads/archive/UTKFace/54_1_0_20170104185045990.jpg.chip.jpg,0,1,1,0,0,0,0,82.06134033203125,70.05693817138672,177.45716857910156,197.20742797851562
28_0_1_20170113151216654.jpg.chip.jpg,28,/Users/cipherxishant/Downloads/archive/UTKFace/28_0_1_20170113151216654.jpg.chip.jpg,1,0,0,1,0,0,0,68.78553009033203,59.506080627441406,146.5896759033203,191.8024444580078
75_1_0_20170109142100690.jpg.chip.jpg,75,/Users/cipherxishant/Downloads/archive/UTKFace/75_1_0_20170109142100690.jpg.chip.jpg,0,1,1,0,0,0,0,88.19295501708984,80.62359619140625,182.38133239746094,201.5002899169922
2_0_0_20170110213051007.jpg.chip.jpg,2,/Users/cipherxishant/Downloads/archive/UTKFace/2_0_0_20170110213051007.jpg.chip.jpg,1,0,1,0,0,0,0,79.15656280517578,60.225460052490234,179.41802978515625,186.780029296875
82_0_2_20170112224626730.jpg.chip.jpg,82,/Users/cipherxishant/Downloads/archive/UTKFace/82_0_2_20170112224626730.jpg.chip.jpg,1,0,0,0,1,0,0,78.8832778930664,67.49855041503906,168.64761352539062,201.7982177734375
25_1_3_20170119172140785.jpg.chip.jpg,25,/Users/cipherxishant/Downloads/archive/UTKFace/25_1_3_20170119172140785.jpg.chip.jpg,0,1,0,0,0,1,0,66.03673553466797,54.18050003051758,153.69989013671875,184.5004425048828
72_1_0_20170110180536025.jpg.chip.jpg,72,/Users/cipherxishant/Downloads/archive/UTKFace/72_1_0_20170110180536025.jpg.chip.jpg,0,1,1,0,0,0,0,87.044189453125,74.14035034179688,165.8052520751953,200.05010986328125
30_1_2_20170116165432533.jpg.chip.jpg,30,/Users/cipherxishant/Downloads/archive/UTKFace/30_1_2_20170116165432533.jpg.chip.jpg,0,1,0,0,1,0,0,78.35198211669922,62.084983825683594,173.80633544921875,192.14349365234375
2_1_2_20161219151440283.jpg.chip.jpg,2,/Users/cipherxishant/Downloads/archive/UTKFace/2_1_2_20161219151440283.jpg.chip.jpg,0,1,0,0,1,0,0,83.1504898071289,64.22499084472656,188.85174560546875,190.42605590820312
5_0_1_20170110213713440.jpg.chip.jpg,5,/Users/cipherxishant/Downloads/archive/UTKFace/5_0_1_20170110213713440.jpg.chip.jpg,1,0,0,1,0,0,0,81.78479766845703,69.75431060791016,174.27037048339844,191.44873046875
35_0_1_20170109002946255.jpg.chip.jpg,35,/Users/cipherxishant/Downloads/archive/UTKFace/35_0_1_20170109002946255.jpg.chip.jpg,1,0,0,1,0,0,0,74.66816711425781,64.44445037841797,159.01780700683594,197.44613647460938
31_1_4_20170117203017127.jpg.chip.jpg,31,/Users/cipherxishant/Downloads/archive/UTKFace/31_1_4_20170117203017127.jpg.chip.jpg,0,1,0,0,0,0,1,78.82183837890625,69.1832275390625,167.2247314453125,203.00900268554688
2_0_4_20170103202407440.jpg.chip.jpg,2,/Users/cipherxishant/Downloads/archive/UTKFace/2_0_4_20170103202407440.jpg.chip.jpg,1,0,0,0,0,0,1,87.68545532226562,69.76031494140625,186.6949005126953,188.8731231689453
2_1_2_20161219151151323.jpg.chip.jpg,2,/Users/cipherxishant/Downloads/archive/UTKFace/2_1_2_20161219151151323.jpg.chip.jpg,0,1,0,0,1,0,0,74.81597900390625,55.08067321777344,161.32162475585938,207.7899932861328
45_0_0_20170117181818036.jpg.chip.jpg,45,/Users/cipherxishant/Downloads/archive/UTKFace/45_0_0_20170117181818036.jpg.chip.jpg,1,0,1,0,0,0,0,80.17494201660156,69.49410247802734,164.14004516601562,200.39842224121094
26_1_3_20170104232120449.jpg.chip.jpg,26,/Users/cipherxishant/Downloads/archive/UTKFace/26_1_3_20170104232120449.jpg.chip.jpg,0,1,0,0,0,1,0,82.80601501464844,68.54922485351562,172.00582885742188,192.7315673828125
35_0_0_20170117182945085.jpg.chip.jpg,35,/Users/cipherxishant/Downloads/archive/UTKFace/35_0_0_20170117182945085.jpg.chip.jpg,1,0,1,0,0,0,0,80.67705535888672,69.23668670654297,167.54928588867188,193.42465209960938
45_0_1_20170117135648741.jpg.chip.jpg,45,/Users/cipherxishant/Downloads/archive/UTKFace/45_0_1_20170117135648741.jpg.chip.jpg,1,0,0,1,0,0,0,68.40316009521484,59.6722526550293,145.68150329589844,188.7659149169922
5_1_2_20161219194328354.jpg.chip.jpg,5,/Users/cipherxishant/Downloads/archive/UTKFace/5_1_2_20161219194328354.jpg.chip.jpg,0,1,0,0,1,0,0,77.599365234375,61.51765441894531,178.82374572753906,200.5267333984375
26_1_3_20170117153633221.jpg.chip.jpg,26,/Users/cipherxishant/Downloads/archive/UTKFace/26_1_3_20170117153633221.jpg.chip.jpg,0,1,0,0,0,1,0,67.68629455566406,62.42512130737305,146.2151336669922,192.9425811767578
55_1_0_20170110160643547.jpg.chip.jpg,55,/Users/cipherxishant/Downloads/archive/UTKFace/55_1_0_20170110160643547.jpg.chip.jpg,0,1,1,0,0,0,0,84.61946868896484,74.95347595214844,187.09690856933594,205.22610473632812
56_0_1_20170113174909839.jpg.chip.jpg,56,/Users/cipherxishant/Downloads/archive/UTKFace/56_0_1_20170113174909839.jpg.chip.jpg,1,0,0,1,0,0,0,89.43193054199219,75.9554443359375,169.11279296875,197.82925415039062
31_1_0_20170117181737356.jpg.chip.jpg,31,/Users/cipherxishant/Downloads/archive/UTKFace/31_1_0_20170117181737356.jpg.chip.jpg,0,1,1,0,0,0,0,79.90618896484375,67.86431121826172,162.3763885498047,197.6781463623047
24_1_2_20170116173552106.jpg.chip.jpg,24,/Users/cipherxishant/Downloads/archive/UTKFace/24_1_2_20170116173552106.jpg.chip.jpg,0,1,0,0,1,0,0,75.09233093261719,66.19157409667969,153.97105407714844,191.68104553222656
21_1_4_20170103230521217.jpg.chip.jpg,21,/Users/cipherxishant/Downloads/archive/UTKFace/21_1_4_20170103230521217.jpg.chip.jpg,0,1,0,0,0,0,1,78.30381774902344,65.67092895507812,153.8438262939453,187.44271850585938
65_0_3_20161220221926818.jpg.chip.jpg,65,/Users/cipherxishant/Downloads/archive/UTKFace/65_0_3_20161220221926818.jpg.chip.jpg,1,0,0,0,0,1,0,74.28998565673828,61.77459716796875,163.18768310546875,199.1473846435547
8_1_3_20161220222531163.jpg.chip.jpg,8,/Users/cipherxishant/Downloads/archive/UTKFace/8_1_3_20161220222531163.jpg.chip.jpg,0,1,0,0,0,1,0,88.03944396972656,74.52029418945312,168.6783905029297,198.5970916748047
20_0_0_20170113132609281.jpg.chip.jpg,20,/Users/cipherxishant/Downloads/archive/UTKFace/20_0_0_20170113132609281.jpg.chip.jpg,1,0,1,0,0,0,0,74.15939331054688,62.1904296875,160.02432250976562,195.79835510253906
36_1_0_20170117135906160.jpg.chip.jpg,36,/Users/cipherxishant/Downloads/archive/UTKFace/36_1_0_20170117135906160.jpg.chip.jpg,0,1,1,0,0,0,0,78.10546875,69.82543182373047,160.7985382080078,202.6573486328125
54_0_3_20170119210122240.jpg.chip.jpg,54,/Users/cipherxishant/Downloads/archive/UTKFace/54_0_3_20170119210122240.jpg.chip.jpg,1,0,0,0,0,1,0,68.69171905517578,56.03165054321289,151.9689178466797,181.2012939453125
75_0_0_20170111205052872.jpg.chip.jpg,75,/Users/cipherxishant/Downloads/archive/UTKFace/75_0_0_20170111205052872.jpg.chip.jpg,1,0,1,0,0,0,0,77.69188690185547,65.48350524902344,167.0495147705078,191.95767211914062
2_1_0_20161219162255926.jpg.chip.jpg,2,/Users/cipherxishant/Downloads/archive/UTKFace/2_1_0_20161219162255926.jpg.chip.jpg,0,1,1,0,0,0,0,82.07563018798828,59.35087203979492,186.4341583251953,209.62648010253906
50_0_2_20170116174343792.jpg.chip.jpg,50,/Users/cipherxishant/Downloads/archive/UTKFace/50_0_2_20170116174343792.jpg.chip.jpg,1,0,0,0,1,0,0,68.58151245117188,55.74805450439453,146.06719970703125,183.19813537597656
85_1_2_20170110181640900.jpg.chip.jpg,85,/Users/cipherxishant/Downloads/archive/UTKFace/85_1_2_20170110181640900.jpg.chip.jpg,0,1,0,0,1,0,0,82.26480865478516,69.42706298828125,165.49420166015625,196.94400024414062
16_0_0_20170104230001113.jpg.chip.jpg,16,/Users/cipherxishant/Downloads/archive/UTKFace/16_0_0_20170104230001113.jpg.chip.jpg,1,0,1,0,0,0,0,67.05201721191406,47.515838623046875,151.70431518554688,188.4850616455078
49_0_3_20170119201611413.jpg.chip.jpg,49,/Users/cipherxishant/Downloads/archive/UTKFace/49_0_3_20170119201611413.jpg.chip.jpg,1,0,0,0,0,1,0,81.66683959960938,69.51560974121094,180.3750457763672,193.35690307617188
1_0_2_20170109191453449.jpg.chip.jpg,1,/Users/cipherxishant/Downloads/archive/UTKFace/1_0_2_20170109191453449.jpg.chip.jpg,1,0,0,0,1,0,0,77.99860382080078,55.71651840209961,179.90025329589844,182.79722595214844
1_0_3_20161219230728256.jpg.chip.jpg,1,/Users/cipherxishant/Downloads/archive/UTKFace/1_0_3_20161219230728256.jpg.chip.jpg,1,0,0,0,0,1,0,89.52104187011719,77.64498138427734,197.88522338867188,201.35980224609375
26_1_4_20170117154327501.jpg.chip.jpg,26,/Users/cipherxishant/Downloads/archive/UTKFace/26_1_4_20170117154327501.jpg.chip.jpg,0,1,0,0,0,0,1,74.23271179199219,63.515281677246094,157.92071533203125,194.1702117919922
36_1_0_20170117091529401.jpg.chip.jpg,36,/Users/cipherxishant/Downloads/archive/UTKFace/36_1_0_20170117091529401.jpg.chip.jpg,0,1,1,0,0,0,0,67.0623550415039,61.06639862060547,151.96571350097656,182.08274841308594
25_1_4_20170103225922392.jpg.chip.jpg,25,/Users/cipherxishant/Downloads/archive/UTKFace/25_1_4_20170103225922392.jpg.chip.jpg,0,1,0,0,0,0,1,69.53370666503906,62.20640563964844,153.59765625,194.2741241455078
1_0_3_20161220220508802.jpg.chip.jpg,1,/Users/cipherxishant/Downloads/archive/UTKFace/1_0_3_20161220220508802.jpg.chip.jpg,1,0,0,0,0,1,0,84.2521743774414,65.94280242919922,190.22361755371094,200.73353576660156
28_1_1_20170113012524543.jpg.chip.jpg,28,/Users/cipherxishant/Downloads/archive/UTKFace/28_1_1_20170113012524543.jpg.chip.jpg,0,1,0,1,0,0,0,71.31485748291016,59.55601501464844,157.11102294921875,193.67758178710938
26_1_3_20170119144411037.jpg.chip.jpg,26,/Users/cipherxishant/Downloads/archive/UTKFace/26_1_3_20170119144411037.jpg.chip.jpg,0,1,0,0,0,1,0,73.02691650390625,62.91908645629883,157.3971405029297,188.35739135742188
4_0_0_20170110213033450.jpg.chip.jpg,4,/Users/cipherxishant/Downloads/archive/UTKFace/4_0_0_20170110213033450.jpg.chip.jpg,1,0,1,0,0,0,0,84.64458465576172,70.6926498413086,183.32325744628906,192.15591430664062
76_0_2_20170112205407108.jpg.chip.jpg,76,/Users/cipherxishant/Downloads/archive/UTKFace/76_0_2_20170112205407108.jpg.chip.jpg,1,0,0,0,1,0,0,73.00926208496094,67.68222045898438,155.13296508789062,191.3675079345703
54_0_0_20170104212504460.jpg.chip.jpg,54,/Users/cipherxishant/Downloads/archive/UTKFace/54_0_0_20170104212504460.jpg.chip.jpg,1,0,1,0,0,0,0,78.89736938476562,65.07098388671875,165.76541137695312,198.90379333496094
1_0_2_20161219205016902.jpg.chip.jpg,1,/Users/cipherxishant/Downloads/archive/UTKFace/1_0_2_20161219205016902.jpg.chip.jpg,1,0,0,0,1,0,0,84.0337905883789,66.99071502685547,187.63218688964844,203.54165649414062
26_1_0_20170116193157590.jpg.chip.jpg,26,/Users/cipherxishant/Downloads/archive/UTKFace/26_1_0_20170116193157590.jpg.chip.jpg,0,1,1,0,0,0,0,74.52752685546875,56.69044494628906,161.7950897216797,158.65638732910156
31_1_1_20170116180044004.jpg.chip.jpg,31,/Users/cipherxishant/Downloads/archive/UTKFace/31_1_1_20170116180044004.jpg.chip.jpg,0,1,0,1,0,0,0,70.93543243408203,64.0918960571289,158.10260009765625,188.4401092529297
48_0_0_20170117183518783.jpg.chip.jpg,48,/Users/cipherxishant/Downloads/archive/UTKFace/48_0_0_20170117183518783.jpg.chip.jpg,1,0,1,0,0,0,0,74.49959564208984,61.15972137451172,163.6329803466797,192.64923095703125
22_0_0_20170117134653966.jpg.chip.jpg,22,/Users/cipherxishant/Downloads/archive/UTKFace/22_0_0_20170117134653966.jpg.chip.jpg,1,0,1,0,0,0,0,74.99636840820312,55.81877136230469,170.3638153076172,193.50405883789062
55_0_0_20170109011808484.jpg.chip.jpg,55,/Users/cipherxishant/Downloads/archive/UTKFace/55_0_0_20170109011808484.jpg.chip.jpg,1,0,1,0,0,0,0,81.74821472167969,72.26219940185547,166.5452880859375,206.6653289794922
45_1_0_20170103183543298.jpg.chip.jpg,45,/Users/cipherxishant/Downloads/archive/UTKFace/45_1_0_20170103183543298.jpg.chip.jpg,0,1,1,0,0,0,0,82.84528350830078,71.77360534667969,176.67652893066406,200.9246826171875
53_0_0_20170120223001107.jpg.chip.jpg,53,/Users/cipherxishant/Downloads/archive/UTKFace/53_0_0_20170120223001107.jpg.chip.jpg,1,0,1,0,0,0,0,66.31655883789062,47.67435073852539,151.3531494140625,193.3431854248047
1_1_1_20170109194534193.jpg.chip.jpg,1,/Users/cipherxishant/Downloads/archive/UTKFace/1_1_1_20170109194534193.jpg.chip.jpg,0,1,0,1,0,0,0,82.28634643554688,63.74003601074219,191.2257080078125,192.7386474609375
39_1_3_20170119204014702.jpg.chip.jpg,39,/Users/cipherxishant/Downloads/archive/UTKFace/39_1_3_20170119204014702.jpg.chip.jpg,0,1,0,0,0,1,0,79.5003433227539,63.561065673828125,177.1109619140625,195.04281616210938
67_0_0_20170120225706103.jpg.chip.jpg,67,/Users/cipherxishant/Downloads/archive/UTKFace/67_0_0_20170120225706103.jpg.chip.jpg,1,0,1,0,0,0,0,72.85525512695312,61.3907585144043,154.9108428955078,188.9028778076172
65_1_0_20170110141013017.jpg.chip.jpg,65,/Users/cipherxishant/Downloads/archive/UTKFace/65_1_0_20170110141013017.jpg.chip.jpg,0,1,1,0,0,0,0,64.79417419433594,58.03415298461914,144.65768432617188,190.67788696289062
32_1_1_20170103162943271.jpg.chip.jpg,32,/Users/cipherxishant/Downloads/archive/UTKFace/32_1_1_20170103162943271.jpg.chip.jpg,0,1,0,1,0,0,0,85.70751953125,78.4750747680664,178.05760192871094,198.99440002441406
54_0_0_20170117171614274.jpg.chip.jpg,54,/Users/cipherxishant/Downloads/archive/UTKFace/54_0_0_20170117171614274.jpg.chip.jpg,1,0,1,0,0,0,0,78.30142211914062,67.50424194335938,164.57920837402344,198.1421661376953
26_0_4_20170117200102299.jpg.chip.jpg,26,/Users/cipherxishant/Downloads/archive/UTKFace/26_0_4_20170117200102299.jpg.chip.jpg,1,0,0,0,0,0,1,87.15690612792969,75.02351379394531,166.38284301757812,199.82823181152344
17_0_0_20170114025941650.jpg.chip.jpg,17,/Users/cipherxishant/Downloads/archive/UTKFace/17_0_0_20170114025941650.jpg.chip.jpg,1,0,1,0,0,0,0,77.54703521728516,57.97832107543945,175.97535705566406,189.04342651367188
26_0_1_20170116143037391.jpg.chip.jpg,26,/Users/cipherxishant/Downloads/archive/UTKFace/26_0_1_20170116143037391.jpg.chip.jpg,1,0,0,1,0,0,0,75.36568450927734,55.271724700927734,176.0321502685547,191.0886993408203
70_1_0_20170117175535700.jpg.chip.jpg,70,/Users/cipherxishant/Downloads/archive/UTKFace/70_1_0_20170117175535700.jpg.chip.jpg,0,1,1,0,0,0,0,89.46515655517578,74.22333526611328,191.8932342529297,181.3060760498047
32_1_0_20170104185215238.jpg.chip.jpg,32,/Users/cipherxishant/Downloads/archive/UTKFace/32_1_0_20170104185215238.jpg.chip.jpg,0,1,1,0,0,0,0,83.72198486328125,71.61319732666016,183.1316375732422,188.26690673828125
35_0_0_20170105172523741.jpg.chip.jpg,35,/Users/cipherxishant/Downloads/archive/UTKFace/35_0_0_20170105172523741.jpg.chip.jpg,1,0,1,0,0,0,0,81.2520751953125,70.66985321044922,168.64443969726562,204.82275390625
26_0_0_20170113182320758.jpg.chip.jpg,26,/Users/cipherxishant/Downloads/archive/UTKFace/26_0_0_20170113182320758.jpg.chip.jpg,1,0,1,0,0,0,0,77.78361511230469,68.36197662353516,170.5994110107422,196.1871795654297
24_1_1_20170112231819332.jpg.chip.jpg,24,/Users/cipherxishant/Downloads/archive/UTKFace/24_1_1_20170112231819332.jpg.chip.jpg,0,1,0,1,0,0,0,71.49559783935547,59.98782730102539,160.9409637451172,190.94317626953125
10_0_0_20170117175625724.jpg.chip.jpg,10,/Users/cipherxishant/Downloads/archive/UTKFace/10_0_0_20170117175625724.jpg.chip.jpg,1,0,1,0,0,0,0,79.81684112548828,72.30113983154297,168.25306701660156,194.89141845703125
26_0_1_20170116200636640.jpg.chip.jpg,26,/Users/cipherxishant/Downloads/archive/UTKFace/26_0_1_20170116200636640.jpg.chip.jpg,1,0,0,1,0,0,0,78.43946838378906,65.59822845458984,162.43905639648438,181.6046600341797
31_1_3_20170119200200605.jpg.chip.jpg,31,/Users/cipherxishant/Downloads/archive/UTKFace/31_1_3_20170119200200605.jpg.chip.jpg,0,1,0,0,0,1,0,81.03580474853516,67.58012390136719,177.14820861816406,199.03143310546875
35_0_0_20170105172434989.jpg.chip.jpg,35,/Users/cipherxishant/Downloads/archive/UTKFace/35_0_0_20170105172434989.jpg.chip.jpg,1,0,1,0,0,0,0,81.29866790771484,70.51052856445312,172.25128173828125,197.7617645263672
26_1_3_20170119193140714.jpg.chip.jpg,26,/Users/cipherxishant/Downloads/archive/UTKFace/26_1_3_20170119193140714.jpg.chip.jpg,0,1,0,0,0,1,0,81.67863464355469,74.20828247070312,171.4400634765625,197.98269653320312
70_0_0_20170111205335191.jpg.chip.jpg,70,/Users/cipherxishant/Downloads/archive/UTKFace/70_0_0_20170111205335191.jpg.chip.jpg,1,0,1,0,0,0,0,72.15931701660156,61.26538848876953,157.42947387695312,192.10696411132812
69_1_0_20170110141155497.jpg.chip.jpg,69,/Users/cipherxishant/Downloads/archive/UTKFace/69_1_0_20170110141155497.jpg.chip.jpg,0,1,1,0,0,0,0,77.1419448852539,65.98287963867188,168.47207641601562,183.65843200683594
78_0_0_20170111171747679.jpg.chip.jpg,78,/Users/cipherxishant/Downloads/archive/UTKFace/78_0_0_20170111171747679.jpg.chip.jpg,1,0,1,0,0,0,0,78.79778289794922,68.1843490600586,162.64956665039062,193.83755493164062
32_0_1_20170117140748207.jpg.chip.jpg,32,/Users/cipherxishant/Downloads/archive/UTKFace/32_0_1_20170117140748207.jpg.chip.jpg,1,0,0,1,0,0,0,81.72665405273438,64.07186889648438,199.05923461914062,196.65013122558594
70_0_0_20170117174841157.jpg.chip.jpg,70,/Users/cipherxishant/Downloads/archive/UTKFace/70_0_0_20170117174841157.jpg.chip.jpg,1,0,1,0,0,0,0,81.08901977539062,65.33272552490234,186.75880432128906,192.71737670898438
22_0_1_20170113132348359.jpg.chip.jpg,22,/Users/cipherxishant/Downloads/archive/UTKFace/22_0_1_20170113132348359.jpg.chip.jpg,1,0,0,1,0,0,0,79.8058853149414,66.8569107055664,164.02825927734375,191.90472412109375
18_1_3_20170109213214718.jpg.chip.jpg,18,/Users/cipherxishant/Downloads/archive/UTKFace/18_1_3_20170109213214718.jpg.chip.jpg,0,1,0,0,0,1,0,79.0825424194336,64.58588409423828,174.74679565429688,187.60963439941406
9_0_0_20170110220232058.jpg.chip.jpg,9,/Users/cipherxishant/Downloads/archive/UTKFace/9_0_0_20170110220232058.jpg.chip.jpg,1,0,1,0,0,0,0,74.5713119506836,57.846946716308594,164.6782684326172,183.1223602294922
35_0_1_20170116003600500.jpg.chip.jpg,35,/Users/cipherxishant/Downloads/archive/UTKFace/35_0_1_20170116003600500.jpg.chip.jpg,1,0,0,1,0,0,0,74.47523498535156,67.17375946044922,157.90786743164062,196.12750244140625
28_0_2_20170116214450969.jpg.chip.jpg,28,/Users/cipherxishant/Downloads/archive/UTKFace/28_0_2_20170116214450969.jpg.chip.jpg,1,0,0,0,1,0,0,80.30744934082031,64.22268676757812,178.5010528564453,191.09597778320312
24_1_2_20170116171616382.jpg.chip.jpg,24,/Users/cipherxishant/Downloads/archive/UTKFace/24_1_2_20170116171616382.jpg.chip.jpg,0,1,0,0,1,0,0,66.86243438720703,54.60668182373047,148.37841796875,189.65003967285156
52_0_0_20170104204156747.jpg.chip.jpg,52,/Users/cipherxishant/Downloads/archive/UTKFace/52_0_0_20170104204156747.jpg.chip.jpg,1,0,1,0,0,0,0,79.39461517333984,69.4750747680664,171.18751525878906,198.83644104003906
53_0_3_20170119205835771.jpg.chip.jpg,53,/Users/cipherxishant/Downloads/archive/UTKFace/53_0_3_20170119205835771.jpg.chip.jpg,1,0,0,0,0,1,0,69.49060821533203,57.07931137084961,159.13607788085938,190.43145751953125
1_1_2_20161219155705613.jpg.chip.jpg,1,/Users/cipherxishant/Downloads/archive/UTKFace/1_1_2_20161219155705613.jpg.chip.jpg,0,1,0,0,1,0,0,74.45660400390625,52.931419372558594,181.32156372070312,185.97975158691406
21_0_4_20170103225103768.jpg.chip.jpg,21,/Users/cipherxishant/Downloads/archive/UTKFace/21_0_4_20170103225103768.jpg.chip.jpg,1,0,0,0,0,0,1,78.52803802490234,73.5530776977539,160.92288208007812,198.01683044433594
28_1_3_20170119195103765.jpg.chip.jpg,28,/Users/cipherxishant/Downloads/archive/UTKFace/28_1_3_20170119195103765.jpg.chip.jpg,0,1,0,0,0,1,0,77.42118835449219,64.4657211303711,157.44619750976562,199.1456298828125
16_1_0_20170109214415828.jpg.chip.jpg,16,/Users/cipherxishant/Downloads/archive/UTKFace/16_1_0_20170109214415828.jpg.chip.jpg,0,1,1,0,0,0,0,77.64917755126953,66.23771667480469,163.81593322753906,191.2646942138672
26_1_0_20170113000527784.jpg.chip.jpg,26,/Users/cipherxishant/Downloads/archive/UTKFace/26_1_0_20170113000527784.jpg.chip.jpg,0,1,1,0,0,0,0,73.08454895019531,59.74658966064453,147.1584014892578,187.29086303710938
23_1_4_20170117194319028.jpg.chip.jpg,23,/Users/cipherxishant/Downloads/archive/UTKFace/23_1_4_20170117194319028.jpg.chip.jpg,0,1,0,0,0,0,1,74.86280059814453,68.39420318603516,163.1838836669922,197.43316650390625
29_1_1_20170116010429516.jpg.chip.jpg,29,/Users/cipherxishant/Downloads/archive/UTKFace/29_1_1_20170116010429516.jpg.chip.jpg,0,1,0,1,0,0,0,80.63569641113281,75.78160858154297,167.54229736328125,201.4441680908203
37_0_0_20170117183624982.jpg.chip.jpg,37,/Users/cipherxishant/Downloads/archive/UTKFace/37_0_0_20170117183624982.jpg.chip.jpg,1,0,1,0,0,0,0,68.6489028930664,56.965606689453125,153.66078186035156,185.97418212890625
15_1_3_20170104221725742.jpg.chip.jpg,15,/Users/cipherxishant/Downloads/archive/UTKFace/15_1_3_20170104221725742.jpg.chip.jpg,0,1,0,0,0,1,0,85.59841918945312,79.66999816894531,174.12315368652344,204.24176025390625
49_0_0_20170104185359894.jpg.chip.jpg,49,/Users/cipherxishant/Downloads/archive/UTKFace/49_0_0_20170104185359894.jpg.chip.jpg,1,0,1,0,0,0,0,85.36485290527344,72.60466766357422,170.69203186035156,197.54153442382812
61_0_0_20170105173233956.jpg.chip.jpg,61,/Users/cipherxishant/Downloads/archive/UTKFace/61_0_0_20170105173233956.jpg.chip.jpg,1,0,1,0,0,0,0,84.92150115966797,69.81079864501953,167.24903869628906,198.8551788330078
26_0_4_20170116192438997.jpg.chip.jpg,26,/Users/cipherxishant/Downloads/archive/UTKFace/26_0_4_20170116192438997.jpg.chip.jpg,1,0,0,0,0,0,1,68.72325134277344,62.110836029052734,145.70835876464844,202.16317749023438
27_1_3_20170116200945357.jpg.chip.jpg,27,/Users/cipherxishant/Downloads/archive/UTKFace/27_1_3_20170116200945357.jpg.chip.jpg,0,1,0,0,0,1,0,84.4974594116211,74.36060333251953,179.11766052246094,198.5091094970703
42_0_4_20170104202126618.jpg.chip.jpg,42,/Users/cipherxishant/Downloads/archive/UTKFace/42_0_4_20170104202126618.jpg.chip.jpg,1,0,0,0,0,0,1,74.97795867919922,63.61355972290039,156.98043823242188,192.52772521972656
26_1_1_20170112213135759.jpg.chip.jpg,26,/Users/cipherxishant/Downloads/archive/UTKFace/26_1_1_20170112213135759.jpg.chip.jpg,0,1,0,1,0,0,0,75.32389068603516,61.05613708496094,161.8705596923828,185.46499633789062
56_0_0_20170113185156200.jpg.chip.jpg,56,/Users/cipherxishant/Downloads/archive/UTKFace/56_0_0_20170113185156200.jpg.chip.jpg,1,0,1,0,0,0,0,76.7225112915039,63.071128845214844,163.70111083984375,195.24801635742188
54_0_0_20170120134341414.jpg.chip.jpg,54,/Users/cipherxishant/Downloads/archive/UTKFace/54_0_0_20170120134341414.jpg.chip.jpg,1,0,1,0,0,0,0,73.00037384033203,55.71532440185547,168.9010009765625,205.81072998046875
22_1_1_20170113193237676.jpg.chip.jpg,22,/Users/cipherxishant/Downloads/archive/UTKFace/22_1_1_20170113193237676.jpg.chip.jpg,0,1,0,1,0,0,0,81.30232238769531,71.86575317382812,172.1883544921875,196.71487426757812
27_0_3_20170119193205856.jpg.chip.jpg,27,/Users/cipherxishant/Downloads/archive/UTKFace/27_0_3_20170119193205856.jpg.chip.jpg,1,0,0,0,0,1,0,76.67188262939453,60.67390060424805,169.300537109375,186.89759826660156
61_0_1_20170113190738584.jpg.chip.jpg,61,/Users/cipherxishant/Downloads/archive/UTKFace/61_0_1_20170113190738584.jpg.chip.jpg,1,0,0,1,0,0,0,82.1471176147461,71.80985260009766,158.98947143554688,199.80555725097656
24_0_1_20170113181343686.jpg.chip.jpg,24,/Users/cipherxishant/Downloads/archive/UTKFace/24_0_1_20170113181343686.jpg.chip.jpg,1,0,0,1,0,0,0,81.20205688476562,68.86842346191406,163.0518035888672,194.24559020996094
30_0_3_20170119195741363.jpg.chip.jpg,30,/Users/cipherxishant/Downloads/archive/UTKFace/30_0_3_20170119195741363.jpg.chip.jpg,1,0,0,0,0,1,0,81.3114242553711,68.1361312866211,176.7205352783203,197.60699462890625
18_1_1_20170114030253404.jpg.chip.jpg,18,/Users/cipherxishant/Downloads/archive/UTKFace/18_1_1_20170114030253404.jpg.chip.jpg,0,1,0,1,0,0,0,79.891845703125,65.42642211914062,159.40621948242188,188.75131225585938
11_1_0_20170109205214234.jpg.chip.jpg,11,/Users/cipherxishant/Downloads/archive/UTKFace/11_1_0_20170109205214234.jpg.chip.jpg,0,1,1,0,0,0,0,72.9460220336914,63.0744514465332,166.7686767578125,177.5913848876953
12_1_0_20170109204428993.jpg.chip.jpg,12,/Users/cipherxishant/Downloads/archive/UTKFace/12_1_0_20170109204428993.jpg.chip.jpg,0,1,1,0,0,0,0,75.94355773925781,62.03485870361328,173.8289031982422,182.39093017578125
46_1_1_20170112220304903.jpg.chip.jpg,46,/Users/cipherxishant/Downloads/archive/UTKFace/46_1_1_20170112220304903.jpg.chip.jpg,0,1,0,1,0,0,0,79.49505615234375,71.9951400756836,166.6003875732422,203.8409881591797
60_1_0_20170110143543095.jpg.chip.jpg,60,/Users/cipherxishant/Downloads/archive/UTKFace/60_1_0_20170110143543095.jpg.chip.jpg,0,1,1,0,0,0,0,76.53401184082031,61.104434967041016,171.7327880859375,192.37664794921875
87_0_0_20170111222120006.jpg.chip.jpg,87,/Users/cipherxishant/Downloads/archive/UTKFace/87_0_0_20170111222120006.jpg.chip.jpg,1,0,1,0,0,0,0,85.04762268066406,65.97312927246094,194.02127075195312,198.8257598876953
49_0_0_20170117153916924.jpg.chip.jpg,49,/Users/cipherxishant/Downloads/archive/UTKFace/49_0_0_20170117153916924.jpg.chip.jpg,1,0,1,0,0,0,0,78.56974029541016,64.73193359375,180.8149871826172,191.4193878173828
26_0_4_20170117152758143.jpg.chip.jpg,26,/Users/cipherxishant/Downloads/archive/UTKFace/26_0_4_20170117152758143.jpg.chip.jpg,1,0,0,0,0,0,1,74.3446273803711,61.021087646484375,161.86196899414062,202.7447509765625
1_1_0_20170109194244035.jpg.chip.jpg,1,/Users/cipherxishant/Downloads/archive/UTKFace/1_1_0_20170109194244035.jpg.chip.jpg,0,1,1,0,0,0,0,82.88118743896484,63.54308319091797,191.50360107421875,190.05450439453125
75_0_3_20170111202756116.jpg.chip.jpg,75,/Users/cipherxishant/Downloads/archive/UTKFace/75_0_3_20170111202756116.jpg.chip.jpg,1,0,0,0,0,1,0,68.89306640625,57.32070541381836,141.95066833496094,180.3733367919922
38_1_1_20170116223105812.jpg.chip.jpg,38,/Users/cipherxishant/Downloads/archive/UTKFace/38_1_1_20170116223105812.jpg.chip.jpg,0,1,0,1,0,0,0,77.41020202636719,63.733551025390625,170.22128295898438,190.30055236816406
34_0_0_20170116214408892.jpg.chip.jpg,34,/Users/cipherxishant/Downloads/archive/UTKFace/34_0_0_20170116214408892.jpg.chip.jpg,1,0,1,0,0,0,0,81.22673034667969,63.724578857421875,191.8191375732422,205.23707580566406
58_0_1_20170117182453919.jpg.chip.jpg,58,/Users/cipherxishant/Downloads/archive/UTKFace/58_0_1_20170117182453919.jpg.chip.jpg,1,0,0,1,0,0,0,80.5411148071289,67.94715881347656,157.6068115234375,191.75637817382812
84_1_0_20170120230452282.jpg.chip.jpg,84,/Users/cipherxishant/Downloads/archive/UTKFace/84_1_0_20170120230452282.jpg.chip.jpg,0,1,1,0,0,0,0,86.34786987304688,76.35902404785156,162.2819061279297,200.99838256835938
51_0_0_20170117173720491.jpg.chip.jpg,51,/Users/cipherxishant/Downloads/archive/UTKFace/51_0_0_20170117173720491.jpg.chip.jpg,1,0,1,0,0,0,0,82.40166473388672,70.24723052978516,170.0063018798828,200.57275390625
79_1_0_20170110141543912.jpg.chip.jpg,79,/Users/cipherxishant/Downloads/archive/UTKFace/79_1_0_20170110141543912.jpg.chip.jpg,0,1,1,0,0,0,0,84.83252716064453,72.01846313476562,173.0480499267578,197.92813110351562
26_0_1_20170103235317796.jpg.chip.jpg,26,/Users/cipherxishant/Downloads/archive/UTKFace/26_0_1_20170103235317796.jpg.chip.jpg,1,0,0,1,0,0,0,71.6686782836914,52.9708137512207,162.32601928710938,189.2152862548828
28_0_3_20170117020733772.jpg.chip.jpg,28,/Users/cipherxishant/Downloads/archive/UTKFace/28_0_3_20170117020733772.jpg.chip.jpg,1,0,0,0,0,1,0,81.1439208984375,64.4943618774414,178.3778076171875,193.99557495117188
42_1_1_20170113010938703.jpg.chip.jpg,42,/Users/cipherxishant/Downloads/archive/UTKFace/42_1_1_20170113010938703.jpg.chip.jpg,0,1,0,1,0,0,0,83.72874450683594,74.15900421142578,170.11680603027344,204.510498046875
34_1_3_20170105000852573.jpg.chip.jpg,34,/Users/cipherxishant/Downloads/archive/UTKFace/34_1_3_20170105000852573.jpg.chip.jpg,0,1,0,0,0,1,0,84.11184692382812,71.5168685913086,188.52320861816406,199.6134796142578
27_1_3_20170104223444183.jpg.chip.jpg,27,/Users/cipherxishant/Downloads/archive/UTKFace/27_1_3_20170104223444183.jpg.chip.jpg,0,1,0,0,0,1,0,72.56703186035156,64.33951568603516,159.19618225097656,197.63833618164062
4_0_0_20161219192808843.jpg.chip.jpg,4,/Users/cipherxishant/Downloads/archive/UTKFace/4_0_0_20161219192808843.jpg.chip.jpg,1,0,1,0,0,0,0,79.74410247802734,58.69330978393555,180.27088928222656,200.61598205566406
29_1_2_20170116165130095.jpg.chip.jpg,29,/Users/cipherxishant/Downloads/archive/UTKFace/29_1_2_20170116165130095.jpg.chip.jpg,0,1,0,0,1,0,0,77.43566131591797,68.39457702636719,167.90699768066406,190.1923065185547
30_0_0_20170117131018041.jpg.chip.jpg,30,/Users/cipherxishant/Downloads/archive/UTKFace/30_0_0_20170117131018041.jpg.chip.jpg,1,0,1,0,0,0,0,76.69297790527344,65.26837158203125,161.80409240722656,187.062255859375
74_0_1_20170113182114430.jpg.chip.jpg,74,/Users/cipherxishant/Downloads/archive/UTKFace/74_0_1_20170113182114430.jpg.chip.jpg,1,0,0,1,0,0,0,79.90841674804688,68.53699493408203,168.76483154296875,187.8307342529297
16_0_0_20170110232647979.jpg.chip.jpg,16,/Users/cipherxishant/Downloads/archive/UTKFace/16_0_0_20170110232647979.jpg.chip.jpg,1,0,1,0,0,0,0,81.30547332763672,69.44934844970703,174.9251708984375,194.00067138671875
26_0_1_20170117195559692.jpg.chip.jpg,26,/Users/cipherxishant/Downloads/archive/UTKFace/26_0_1_20170117195559692.jpg.chip.jpg,1,0,0,1,0,0,0,75.89663696289062,60.01691818237305,174.50270080566406,191.19046020507812
45_0_4_20170104194522552.jpg.chip.jpg,45,/Users/cipherxishant/Downloads/archive/UTKFace/45_0_4_20170104194522552.jpg.chip.jpg,1,0,0,0,0,0,1,87.4133071899414,76.07647705078125,184.01040649414062,201.58924865722656
41_0_1_20170117173648607.jpg.chip.jpg,41,/Users/cipherxishant/Downloads/archive/UTKFace/41_0_1_20170117173648607.jpg.chip.jpg,1,0,0,1,0,0,0,72.28358459472656,53.20659255981445,172.74478149414062,181.6405792236328
56_0_3_20170119192008015.jpg.chip.jpg,56,/Users/cipherxishant/Downloads/archive/UTKFace/56_0_3_20170119192008015.jpg.chip.jpg,1,0,0,0,0,1,0,78.81181335449219,67.61992645263672,174.4712677001953,190.22410583496094
26_1_1_20170116153853816.jpg.chip.jpg,26,/Users/cipherxishant/Downloads/archive/UTKFace/26_1_1_20170116153853816.jpg.chip.jpg,0,1,0,1,0,0,0,72.60807037353516,54.55282211303711,156.07470703125,186.80970764160156
22_1_3_20170104232054915.jpg.chip.jpg,22,/Users/cipherxishant/Downloads/archive/UTKFace/22_1_3_20170104232054915.jpg.chip.jpg,0,1,0,0,0,1,0,75.60026550292969,61.14687728881836,166.41650390625,190.87388610839844
67_0_0_20170103184144627.jpg.chip.jpg,67,/Users/cipherxishant/Downloads/archive/UTKFace/67_0_0_20170103184144627.jpg.chip.jpg,1,0,1,0,0,0,0,87.11829376220703,74.3218002319336,177.83389282226562,203.02734375
26_0_0_20170113133551354.jpg.chip.jpg,26,/Users/cipherxishant/Downloads/archive/UTKFace/26_0_0_20170113133551354.jpg.chip.jpg,1,0,1,0,0,0,0,72.54853820800781,62.33030319213867,156.5162353515625,189.62698364257812
26_0_4_20170117195554244.jpg.chip.jpg,26,/Users/cipherxishant/Downloads/archive/UTKFace/26_0_4_20170117195554244.jpg.chip.jpg,1,0,0,0,0,0,1,66.29654693603516,58.029850006103516,152.6226043701172,193.220458984375
26_1_1_20170116223404554.jpg.chip.jpg,26,/Users/cipherxishant/Downloads/archive/UTKFace/26_1_1_20170116223404554.jpg.chip.jpg,0,1,0,1,0,0,0,73.52970123291016,60.72468948364258,161.03004455566406,190.80224609375
60_1_0_20170110143525297.jpg.chip.jpg,60,/Users/cipherxishant/Downloads/archive/UTKFace/60_1_0_20170110143525297.jpg.chip.jpg,0,1,1,0,0,0,0,72.93644714355469,55.01964569091797,165.41513061523438,175.5318145751953
66_0_3_20170104213153549.jpg.chip.jpg,66,/Users/cipherxishant/Downloads/archive/UTKFace/66_0_3_20170104213153549.jpg.chip.jpg,1,0,0,0,0,1,0,68.99417114257812,61.18211364746094,153.75750732421875,196.6925048828125
31_0_1_20170117021212992.jpg.chip.jpg,31,/Users/cipherxishant/Downloads/archive/UTKFace/31_0_1_20170117021212992.jpg.chip.jpg,1,0,0,1,0,0,0,82.36969757080078,69.25598907470703,162.17538452148438,195.1476287841797
26_1_1_20170116233457700.jpg.chip.jpg,26,/Users/cipherxishant/Downloads/archive/UTKFace/26_1_1_20170116233457700.jpg.chip.jpg,0,1,0,1,0,0,0,75.53287506103516,61.10892868041992,162.7916259765625,188.03375244140625
35_1_0_20170116222743531.jpg.chip.jpg,35,/Users/cipherxishant/Downloads/archive/UTKFace/35_1_0_20170116222743531.jpg.chip.jpg,0,1,1,0,0,0,0,74.09101104736328,58.55910873413086,169.93789672851562,187.92381286621094
42_1_1_20170113012800201.jpg.chip.jpg,42,/Users/cipherxishant/Downloads/archive/UTKFace/42_1_1_20170113012800201.jpg.chip.jpg,0,1,0,1,0,0,0,74.61756134033203,64.50005340576172,156.11366271972656,192.98074340820312
34_1_1_20170104165020320.jpg.chip.jpg,34,/Users/cipherxishant/Downloads/archive/UTKFace/34_1_1_20170104165020320.jpg.chip.jpg,0,1,0,1,0,0,0,76.79261016845703,63.10599136352539,164.39627075195312,190.07876586914062
1_0_0_20161219204552941.jpg.chip.jpg,1,/Users/cipherxishant/Downloads/archive/UTKFace/1_0_0_20161219204552941.jpg.chip.jpg,1,0,1,0,0,0,0,81.87873077392578,62.98781204223633,186.26907348632812,189.09280395507812
41_1_1_20170117171024861.jpg.chip.jpg,41,/Users/cipherxishant/Downloads/archive/UTKFace/41_1_1_20170117171024861.jpg.chip.jpg,0,1,0,1,0,0,0,90.73589324951172,80.33009338378906,170.8297882080078,204.34825134277344
34_1_3_20170119200905525.jpg.chip.jpg,34,/Users/cipherxishant/Downloads/archive/UTKFace/34_1_3_20170119200905525.jpg.chip.jpg,0,1,0,0,0,1,0,81.20638275146484,68.74624633789062,176.93296813964844,197.47125244140625
56_0_1_20170113151710086.jpg.chip.jpg,56,/Users/cipherxishant/Downloads/archive/UTKFace/56_0_1_20170113151710086.jpg.chip.jpg,1,0,0,1,0,0,0,66.28238677978516,53.75380325317383,159.2501983642578,186.5772705078125
50_0_0_20170111201526040.jpg.chip.jpg,50,/Users/cipherxishant/Downloads/archive/UTKFace/50_0_0_20170111201526040.jpg.chip.jpg,1,0,1,0,0,0,0,75.12936401367188,60.394840240478516,163.78370666503906,192.01419067382812
27_0_1_20170117010109482.jpg.chip.jpg,27,/Users/cipherxishant/Downloads/archive/UTKFace/27_0_1_20170117010109482.jpg.chip.jpg,1,0,0,1,0,0,0,75.2964859008789,56.61613845825195,164.30502319335938,200.06350708007812
53_0_3_20170119205834160.jpg.chip.jpg,53,/Users/cipherxishant/Downloads/archive/UTKFace/53_0_3_20170119205834160.jpg.chip.jpg,1,0,0,0,0,1,0,83.75723266601562,61.02496337890625,185.0917510986328,204.45428466796875
6_1_0_20170109194218239.jpg.chip.jpg,6,/Users/cipherxishant/Downloads/archive/UTKFace/6_1_0_20170109194218239.jpg.chip.jpg,0,1,1,0,0,0,0,84.7527084350586,72.45348358154297,188.6235809326172,195.17015075683594
34_1_2_20170105164106036.jpg.chip.jpg,34,/Users/cipherxishant/Downloads/archive/UTKFace/34_1_2_20170105164106036.jpg.chip.jpg,0,1,0,0,1,0,0,84.83979034423828,72.27389526367188,165.58888244628906,193.06564331054688
24_1_1_20170117194632596.jpg.chip.jpg,24,/Users/cipherxishant/Downloads/archive/UTKFace/24_1_1_20170117194632596.jpg.chip.jpg,0,1,0,1,0,0,0,77.3714370727539,66.83036804199219,156.21359252929688,188.93833923339844
26_0_2_20170116180402719.jpg.chip.jpg,26,/Users/cipherxishant/Downloads/archive/UTKFace/26_0_2_20170116180402719.jpg.chip.jpg,1,0,0,0,1,0,0,65.57991790771484,55.00393295288086,153.6959991455078,193.64599609375
31_0_0_20170116191348943.jpg.chip.jpg,31,/Users/cipherxishant/Downloads/archive/UTKFace/31_0_0_20170116191348943.jpg.chip.jpg,1,0,1,0,0,0,0,68.95408630371094,56.41342544555664,157.80801391601562,194.3284454345703
42_0_0_20170104170602137.jpg.chip.jpg,42,/Users/cipherxishant/Downloads/archive/UTKFace/42_0_0_20170104170602137.jpg.chip.jpg,1,0,1,0,0,0,0,73.71900177001953,63.42204666137695,168.9966278076172,197.1656951904297
59_1_3_20170109134346011.jpg.chip.jpg,59,/Users/cipherxishant/Downloads/archive/UTKFace/59_1_3_20170109134346011.jpg.chip.jpg,0,1,0,0,0,1,0,78.5771255493164,67.23509216308594,167.94476318359375,195.245361328125
45_0_2_20170104174321891.jpg.chip.jpg,45,/Users/cipherxishant/Downloads/archive/UTKFace/45_0_2_20170104174321891.jpg.chip.jpg,1,0,0,0,1,0,0,72.58778381347656,62.81698226928711,162.54757690429688,194.6618194580078
46_0_0_20170104205749003.jpg.chip.jpg,46,/Users/cipherxishant/Downloads/archive/UTKFace/46_0_0_20170104205749003.jpg.chip.jpg,1,0,1,0,0,0,0,83.9637451171875,71.2109603881836,184.4202880859375,205.55162048339844
35_0_0_20170117191031043.jpg.chip.jpg,35,/Users/cipherxishant/Downloads/archive/UTKFace/35_0_0_20170117191031043.jpg.chip.jpg,1,0,1,0,0,0,0,69.86239624023438,57.953712463378906,156.0313262939453,192.1744842529297
30_0_0_20170117135548182.jpg.chip.jpg,30,/Users/cipherxishant/Downloads/archive/UTKFace/30_0_0_20170117135548182.jpg.chip.jpg,1,0,1,0,0,0,0,81.41351318359375,69.58299255371094,166.0338897705078,200.56089782714844
7_1_3_20161220222033539.jpg.chip.jpg,7,/Users/cipherxishant/Downloads/archive/UTKFace/7_1_3_20161220222033539.jpg.chip.jpg,0,1,0,0,0,1,0,74.5197525024414,60.61180877685547,167.2716522216797,192.85678100585938
56_0_3_20170113190509801.jpg.chip.jpg,56,/Users/cipherxishant/Downloads/archive/UTKFace/56_0_3_20170113190509801.jpg.chip.jpg,1,0,0,0,0,1,0,78.276123046875,64.99234771728516,164.6804656982422,200.18763732910156
50_0_0_20170117120742302.jpg.chip.jpg,50,/Users/cipherxishant/Downloads/archive/UTKFace/50_0_0_20170117120742302.jpg.chip.jpg,1,0,1,0,0,0,0,85.89801788330078,77.19886016845703,167.5018310546875,207.07083129882812
24_0_1_20170116172507878.jpg.chip.jpg,24,/Users/cipherxishant/Downloads/archive/UTKFace/24_0_1_20170116172507878.jpg.chip.jpg,1,0,0,1,0,0,0,74.98625183105469,57.1865234375,167.71852111816406,190.1516571044922
15_0_4_20170103201002253.jpg.chip.jpg,15,/Users/cipherxishant/Downloads/archive/UTKFace/15_0_4_20170103201002253.jpg.chip.jpg,1,0,0,0,0,0,1,84.66146850585938,70.177978515625,189.6270751953125,206.1747589111328
24_1_0_20170117194955099.jpg.chip.jpg,24,/Users/cipherxishant/Downloads/archive/UTKFace/24_1_0_20170117194955099.jpg.chip.jpg,0,1,1,0,0,0,0,74.76995086669922,58.64115905761719,169.06590270996094,182.83741760253906
29_0_1_20170117104604974.jpg.chip.jpg,29,/Users/cipherxishant/Downloads/archive/UTKFace/29_0_1_20170117104604974.jpg.chip.jpg,1,0,0,1,0,0,0,75.57562255859375,60.908695220947266,159.66781616210938,195.2989959716797
39_0_3_20170119191918705.jpg.chip.jpg,39,/Users/cipherxishant/Downloads/archive/UTKFace/39_0_3_20170119191918705.jpg.chip.jpg,1,0,0,0,0,1,0,79.10224914550781,66.9264907836914,169.8516387939453,186.104248046875
50_0_3_20170119204126511.jpg.chip.jpg,50,/Users/cipherxishant/Downloads/archive/UTKFace/50_0_3_20170119204126511.jpg.chip.jpg,1,0,0,0,0,1,0,75.35354614257812,66.13658142089844,160.01998901367188,190.974365234375
62_0_0_20170104213020629.jpg.chip.jpg,62,/Users/cipherxishant/Downloads/archive/UTKFace/62_0_0_20170104213020629.jpg.chip.jpg,1,0,1,0,0,0,0,74.10517883300781,66.01046752929688,157.7005157470703,190.68614196777344
42_0_3_20170119204431257.jpg.chip.jpg,42,/Users/cipherxishant/Downloads/archive/UTKFace/42_0_3_20170119204431257.jpg.chip.jpg,1,0,0,0,0,1,0,77.49917602539062,64.73583221435547,172.00970458984375,191.0314483642578
26_1_2_20170116184523693.jpg.chip.jpg,26,/Users/cipherxishant/Downloads/archive/UTKFace/26_1_2_20170116184523693.jpg.chip.jpg,0,1,0,0,1,0,0,79.6787338256836,66.3714370727539,162.34877014160156,198.39944458007812
32_1_1_20170116021140504.jpg.chip.jpg,32,/Users/cipherxishant/Downloads/archive/UTKFace/32_1_1_20170116021140504.jpg.chip.jpg,0,1,0,1,0,0,0,81.13140869140625,68.7863540649414,168.02493286132812,192.2852020263672
25_0_2_20170116175213151.jpg.chip.jpg,25,/Users/cipherxishant/Downloads/archive/UTKFace/25_0_2_20170116175213151.jpg.chip.jpg,1,0,0,0,1,0,0,80.44300079345703,66.50920867919922,158.25433349609375,189.4171600341797
1_0_2_20161219202542596.jpg.chip.jpg,1,/Users/cipherxishant/Downloads/archive/UTKFace/1_0_2_20161219202542596.jpg.chip.jpg,1,0,0,0,1,0,0,83.50855255126953,62.9423713684082,193.53839111328125,188.5467071533203
50_1_3_20170117154120315.jpg.chip.jpg,50,/Users/cipherxishant/Downloads/archive/UTKFace/50_1_3_20170117154120315.jpg.chip.jpg,0,1,0,0,0,1,0,77.54778289794922,65.55696105957031,164.97532653808594,211.8470458984375
32_0_0_20170116235640652.jpg.chip.jpg,32,/Users/cipherxishant/Downloads/archive/UTKFace/32_0_0_20170116235640652.jpg.chip.jpg,1,0,1,0,0,0,0,81.038330078125,68.0677261352539,160.21046447753906,192.04725646972656
2_0_2_20161219212329726.jpg.chip.jpg,2,/Users/cipherxishant/Downloads/archive/UTKFace/2_0_2_20161219212329726.jpg.chip.jpg,1,0,0,0,1,0,0,81.91517639160156,60.945411682128906,190.12939453125,183.3091583251953
33_0_1_20170113001600274.jpg.chip.jpg,33,/Users/cipherxishant/Downloads/archive/UTKFace/33_0_1_20170113001600274.jpg.chip.jpg,1,0,0,1,0,0,0,70.08424377441406,59.438270568847656,155.91000366210938,188.27171325683594
22_1_0_20170110173815028.jpg.chip.jpg,22,/Users/cipherxishant/Downloads/archive/UTKFace/22_1_0_20170110173815028.jpg.chip.jpg,0,1,1,0,0,0,0,82.2238540649414,68.85737609863281,167.2202911376953,198.74053955078125
1_0_0_20170110213203795.jpg.chip.jpg,1,/Users/cipherxishant/Downloads/archive/UTKFace/1_0_0_20170110213203795.jpg.chip.jpg,1,0,1,0,0,0,0,83.79913330078125,69.5860595703125,188.3087158203125,188.13467407226562
53_1_0_20170104202409738.jpg.chip.jpg,53,/Users/cipherxishant/Downloads/archive/UTKFace/53_1_0_20170104202409738.jpg.chip.jpg,0,1,1,0,0,0,0,81.69532775878906,71.4638671875,171.2644500732422,198.6935272216797
1_1_4_20161221201836401.jpg.chip.jpg,1,/Users/cipherxishant/Downloads/archive/UTKFace/1_1_4_20161221201836401.jpg.chip.jpg,0,1,0,0,0,0,1,76.29304504394531,63.10606002807617,164.5986328125,145.25070190429688
25_1_1_20170112205209506.jpg.chip.jpg,25,/Users/cipherxishant/Downloads/archive/UTKFace/25_1_1_20170112205209506.jpg.chip.jpg,0,1,0,1,0,0,0,68.576904296875,59.668678283691406,147.1927490234375,191.31640625
35_1_0_20170117182920141.jpg.chip.jpg,35,/Users/cipherxishant/Downloads/archive/UTKFace/35_1_0_20170117182920141.jpg.chip.jpg,0,1,1,0,0,0,0,77.81463623046875,66.27618408203125,166.50537109375,195.85604858398438
26_1_1_20170116013104528.jpg.chip.jpg,26,/Users/cipherxishant/Downloads/archive/UTKFace/26_1_1_20170116013104528.jpg.chip.jpg,0,1,0,1,0,0,0,74.33387756347656,58.56645965576172,167.1414031982422,191.46221923828125
50_0_1_20170117184611832.jpg.chip.jpg,50,/Users/cipherxishant/Downloads/archive/UTKFace/50_0_1_20170117184611832.jpg.chip.jpg,1,0,0,1,0,0,0,74.98360443115234,57.950958251953125,172.5100860595703,187.85301208496094
13_1_0_20170109205106776.jpg.chip.jpg,13,/Users/cipherxishant/Downloads/archive/UTKFace/13_1_0_20170109205106776.jpg.chip.jpg,0,1,1,0,0,0,0,78.43988037109375,66.53809356689453,163.05728149414062,189.1426544189453
17_0_1_20170117183520064.jpg.chip.jpg,17,/Users/cipherxishant/Downloads/archive/UTKFace/17_0_1_20170117183520064.jpg.chip.jpg,1,0,0,1,0,0,0,79.21236419677734,65.5683822631836,164.7974853515625,185.6697998046875
39_1_0_20170104205624580.jpg.chip.jpg,39,/Users/cipherxishant/Downloads/archive/UTKFace/39_1_0_20170104205624580.jpg.chip.jpg,0,1,1,0,0,0,0,76.55899810791016,64.57749938964844,162.4862060546875,189.0582733154297
26_0_3_20170119180345268.jpg.chip.jpg,26,/Users/cipherxishant/Downloads/archive/UTKFace/26_0_3_20170119180345268.jpg.chip.jpg,1,0,0,0,0,1,0,76.05052185058594,63.085365295410156,159.77618408203125,190.8641357421875
39_1_1_20170116165532163.jpg.chip.jpg,39,/Users/cipherxishant/Downloads/archive/UTKFace/39_1_1_20170116165532163.jpg.chip.jpg,0,1,0,1,0,0,0,58.26044845581055,43.22953414916992,151.72206115722656,192.83758544921875
27_1_3_20170119194425619.jpg.chip.jpg,27,/Users/cipherxishant/Downloads/archive/UTKFace/27_1_3_20170119194425619.jpg.chip.jpg,0,1,0,0,0,1,0,77.37940216064453,73.53783416748047,160.44654846191406,200.86306762695312
54_0_2_20170120223248924.jpg.chip.jpg,54,/Users/cipherxishant/Downloads/archive/UTKFace/54_0_2_20170120223248924.jpg.chip.jpg,1,0,0,0,1,0,0,81.77281188964844,69.63495635986328,164.61741638183594,198.77944946289062
26_1_2_20170116184520573.jpg.chip.jpg,26,/Users/cipherxishant/Downloads/archive/UTKFace/26_1_2_20170116184520573.jpg.chip.jpg,0,1,0,0,1,0,0,75.43531036376953,62.160247802734375,145.50148010253906,201.04225158691406
27_0_1_20170117010428117.jpg.chip.jpg,27,/Users/cipherxishant/Downloads/archive/UTKFace/27_0_1_20170117010428117.jpg.chip.jpg,1,0,0,1,0,0,0,68.72074890136719,50.387237548828125,153.63983154296875,177.1514129638672
1_0_0_20170109191440780.jpg.chip.jpg,1,/Users/cipherxishant/Downloads/archive/UTKFace/1_0_0_20170109191440780.jpg.chip.jpg,1,0,1,0,0,0,0,88.72561645507812,77.58567810058594,194.8982696533203,206.20065307617188
42_1_1_20170113001552715.jpg.chip.jpg,42,/Users/cipherxishant/Downloads/archive/UTKFace/42_1_1_20170113001552715.jpg.chip.jpg,0,1,0,1,0,0,0,72.14546203613281,64.18717193603516,153.47288513183594,193.21534729003906
35_0_0_20170117191910468.jpg.chip.jpg,35,/Users/cipherxishant/Downloads/archive/UTKFace/35_0_0_20170117191910468.jpg.chip.jpg,1,0,1,0,0,0,0,68.43693542480469,58.26891326904297,152.8866729736328,190.15731811523438
40_1_0_20170104204319051.jpg.chip.jpg,40,/Users/cipherxishant/Downloads/archive/UTKFace/40_1_0_20170104204319051.jpg.chip.jpg,0,1,1,0,0,0,0,83.26333618164062,69.32223510742188,180.06997680664062,192.8456573486328
54_1_0_20170104212735309.jpg.chip.jpg,54,/Users/cipherxishant/Downloads/archive/UTKFace/54_1_0_20170104212735309.jpg.chip.jpg,0,1,1,0,0,0,0,81.63081359863281,68.46538543701172,163.22933959960938,194.09481811523438
26_0_3_20170119180602948.jpg.chip.jpg,26,/Users/cipherxishant/Downloads/archive/UTKFace/26_0_3_20170119180602948.jpg.chip.jpg,1,0,0,0,0,1,0,72.79347229003906,57.85575485229492,157.9106903076172,189.53976440429688
54_0_0_20170113210318996.jpg.chip.jpg,54,/Users/cipherxishant/Downloads/archive/UTKFace/54_0_0_20170113210318996.jpg.chip.jpg,1,0,1,0,0,0,0,82.27336883544922,76.9587631225586,173.6388702392578,194.12933349609375
41_0_1_20170117164137053.jpg.chip.jpg,41,/Users/cipherxishant/Downloads/archive/UTKFace/41_0_1_20170117164137053.jpg.chip.jpg,1,0,0,1,0,0,0,81.73216247558594,72.24888610839844,175.0745086669922,204.34310913085938
1_0_3_20161220220154425.jpg.chip.jpg,1,/Users/cipherxishant/Downloads/archive/UTKFace/1_0_3_20161220220154425.jpg.chip.jpg,1,0,0,0,0,1,0,77.89737701416016,61.44195556640625,177.52130126953125,184.52178955078125
57_1_0_20170110180113129.jpg.chip.jpg,57,/Users/cipherxishant/Downloads/archive/UTKFace/57_1_0_20170110180113129.jpg.chip.jpg,0,1,1,0,0,0,0,75.87010955810547,67.18543243408203,165.224365234375,196.9703826904297
38_0_0_20170117120920017.jpg.chip.jpg,38,/Users/cipherxishant/Downloads/archive/UTKFace/38_0_0_20170117120920017.jpg.chip.jpg,1,0,1,0,0,0,0,86.97068786621094,75.4257583618164,176.2277374267578,199.1879119873047
18_1_2_20170104020428878.jpg.chip.jpg,18,/Users/cipherxishant/Downloads/archive/UTKFace/18_1_2_20170104020428878.jpg.chip.jpg,0,1,0,0,1,0,0,73.35105895996094,58.8186149597168,160.85406494140625,183.64166259765625
22_0_1_20170113132548672.jpg.chip.jpg,22,/Users/cipherxishant/Downloads/archive/UTKFace/22_0_1_20170113132548672.jpg.chip.jpg,1,0,0,1,0,0,0,75.83910369873047,63.21481704711914,162.83250427246094,193.5862579345703
24_1_2_20170116171557699.jpg.chip.jpg,24,/Users/cipherxishant/Downloads/archive/UTKFace/24_1_2_20170116171557699.jpg.chip.jpg,0,1,0,0,1,0,0,69.16537475585938,52.652523040771484,161.3974609375,180.80755615234375
26_1_1_20170116173239454.jpg.chip.jpg,26,/Users/cipherxishant/Downloads/archive/UTKFace/26_1_1_20170116173239454.jpg.chip.jpg,0,1,0,1,0,0,0,72.07170104980469,66.21202087402344,148.06259155273438,196.84747314453125
21_0_1_20170113133218153.jpg.chip.jpg,21,/Users/cipherxishant/Downloads/archive/UTKFace/21_0_1_20170113133218153.jpg.chip.jpg,1,0,0,1,0,0,0,63.9597053527832,55.999916076660156,147.4730987548828,198.61117553710938
22_1_3_20170119163211532.jpg.chip.jpg,22,/Users/cipherxishant/Downloads/archive/UTKFace/22_1_3_20170119163211532.jpg.chip.jpg,0,1,0,0,0,1,0,78.07555389404297,62.5455322265625,162.7742919921875,177.4162139892578
62_0_0_20170120224648431.jpg.chip.jpg,62,/Users/cipherxishant/Downloads/archive/UTKFace/62_0_0_20170120224648431.jpg.chip.jpg,1,0,1,0,0,0,0,72.22039794921875,61.41941452026367,153.75131225585938,194.2520294189453
29_1_0_20170117130603900.jpg.chip.jpg,29,/Users/cipherxishant/Downloads/archive/UTKFace/29_1_0_20170117130603900.jpg.chip.jpg,0,1,1,0,0,0,0,79.01311492919922,64.56336212158203,176.73048400878906,198.6142120361328
28_0_1_20170117020012900.jpg.chip.jpg,28,/Users/cipherxishant/Downloads/archive/UTKFace/28_0_1_20170117020012900.jpg.chip.jpg,1,0,0,1,0,0,0,,,,
3_1_1_20170109194603673.jpg.chip.jpg,3,/Users/cipherxishant/Downloads/archive/UTKFace/3_1_1_20170109194603673.jpg.chip.jpg,0,1,0,1,0,0,0,81.0791244506836,62.56303405761719,184.5759735107422,197.44503784179688
26_0_4_20170103224832945.jpg.chip.jpg,26,/Users/cipherxishant/Downloads/archive/UTKFace/26_0_4_20170103224832945.jpg.chip.jpg,1,0,0,0,0,0,1,77.14875030517578,64.9308090209961,160.7422332763672,201.54116821289062
24_1_3_20170119165945055.jpg.chip.jpg,24,/Users/cipherxishant/Downloads/archive/UTKFace/24_1_3_20170119165945055.jpg.chip.jpg,0,1,0,0,0,1,0,81.90890502929688,69.31395721435547,166.30642700195312,201.26593017578125
25_1_3_20170117151134442.jpg.chip.jpg,25,/Users/cipherxishant/Downloads/archive/UTKFace/25_1_3_20170117151134442.jpg.chip.jpg,0,1,0,0,0,1,0,80.71415710449219,70.41121673583984,173.3865966796875,193.26609802246094
34_1_1_20170116020412962.jpg.chip.jpg,34,/Users/cipherxishant/Downloads/archive/UTKFace/34_1_1_20170116020412962.jpg.chip.jpg,0,1,0,1,0,0,0,69.29303741455078,58.95564651489258,159.9792022705078,179.86337280273438
30_1_1_20170113010438590.jpg.chip.jpg,30,/Users/cipherxishant/Downloads/archive/UTKFace/30_1_1_20170113010438590.jpg.chip.jpg,0,1,0,1,0,0,0,79.6744155883789,61.204986572265625,175.53274536132812,180.42442321777344
79_1_0_20170120225812145.jpg.chip.jpg,79,/Users/cipherxishant/Downloads/archive/UTKFace/79_1_0_20170120225812145.jpg.chip.jpg,0,1,1,0,0,0,0,81.67534637451172,65.5152587890625,170.95082092285156,190.6686553955078
36_1_1_20170113001658573.jpg.chip.jpg,36,/Users/cipherxishant/Downloads/archive/UTKFace/36_1_1_20170113001658573.jpg.chip.jpg,0,1,0,1,0,0,0,82.50379943847656,74.54816436767578,168.67689514160156,190.8892364501953
21_0_4_20161223214823880.jpg.chip.jpg,21,/Users/cipherxishant/Downloads/archive/UTKFace/21_0_4_20161223214823880.jpg.chip.jpg,1,0,0,0,0,0,1,69.49408721923828,53.952354431152344,151.58387756347656,178.3209686279297
24_1_0_20170117150901270.jpg.chip.jpg,24,/Users/cipherxishant/Downloads/archive/UTKFace/24_1_0_20170117150901270.jpg.chip.jpg,0,1,1,0,0,0,0,71.49980926513672,49.352909088134766,166.5072479248047,187.46298217773438
31_1_4_20170117203039631.jpg.chip.jpg,31,/Users/cipherxishant/Downloads/archive/UTKFace/31_1_4_20170117203039631.jpg.chip.jpg,0,1,0,0,0,0,1,84.45283508300781,75.65003967285156,170.16812133789062,204.19540405273438
28_0_2_20170116172213528.jpg.chip.jpg,28,/Users/cipherxishant/Downloads/archive/UTKFace/28_0_2_20170116172213528.jpg.chip.jpg,1,0,0,0,1,0,0,70.08637237548828,58.754539489746094,150.8964385986328,189.02523803710938
65_1_0_20170117190355010.jpg.chip.jpg,65,/Users/cipherxishant/Downloads/archive/UTKFace/65_1_0_20170117190355010.jpg.chip.jpg,0,1,1,0,0,0,0,77.47783660888672,63.40894317626953,159.61949157714844,188.68634033203125
32_0_0_20170104202221514.jpg.chip.jpg,32,/Users/cipherxishant/Downloads/archive/UTKFace/32_0_0_20170104202221514.jpg.chip.jpg,1,0,1,0,0,0,0,76.70641326904297,70.06591033935547,166.52459716796875,198.38162231445312
55_0_4_20170117203246215.jpg.chip.jpg,55,/Users/cipherxishant/Downloads/archive/UTKFace/55_0_4_20170117203246215.jpg.chip.jpg,1,0,0,0,0,0,1,85.93925476074219,77.80377960205078,184.8703155517578,199.72425842285156
32_0_3_20170113182522174.jpg.chip.jpg,32,/Users/cipherxishant/Downloads/archive/UTKFace/32_0_3_20170113182522174.jpg.chip.jpg,1,0,0,0,0,1,0,75.09762573242188,63.996395111083984,163.64308166503906,198.03875732421875
67_1_0_20170109142541820.jpg.chip.jpg,67,/Users/cipherxishant/Downloads/archive/UTKFace/67_1_0_20170109142541820.jpg.chip.jpg,0,1,1,0,0,0,0,83.5472640991211,59.577796936035156,190.20030212402344,199.72311401367188
36_1_1_20170117183237374.jpg.chip.jpg,36,/Users/cipherxishant/Downloads/archive/UTKFace/36_1_1_20170117183237374.jpg.chip.jpg,0,1,0,1,0,0,0,66.3780517578125,46.35587692260742,150.98684692382812,183.8621368408203
25_1_3_20170109135843276.jpg.chip.jpg,25,/Users/cipherxishant/Downloads/archive/UTKFace/25_1_3_20170109135843276.jpg.chip.jpg,0,1,0,0,0,1,0,81.31034088134766,72.49163055419922,177.89459228515625,196.76614379882812
55_0_4_20170117193528283.jpg.chip.jpg,55,/Users/cipherxishant/Downloads/archive/UTKFace/55_0_4_20170117193528283.jpg.chip.jpg,1,0,0,0,0,0,1,80.6634292602539,72.02644348144531,165.05911254882812,195.04586791992188
64_1_0_20170110131951168.jpg.chip.jpg,64,/Users/cipherxishant/Downloads/archive/UTKFace/64_1_0_20170110131951168.jpg.chip.jpg,0,1,1,0,0,0,0,76.5798568725586,68.02324676513672,157.1798858642578,198.0822296142578
8_1_0_20170117175940947.jpg.chip.jpg,8,/Users/cipherxishant/Downloads/archive/UTKFace/8_1_0_20170117175940947.jpg.chip.jpg,0,1,1,0,0,0,0,77.92446899414062,67.87628936767578,159.5938720703125,193.17637634277344
28_0_3_20170119194526899.jpg.chip.jpg,28,/Users/cipherxishant/Downloads/archive/UTKFace/28_0_3_20170119194526899.jpg.chip.jpg,1,0,0,0,0,1,0,78.36161804199219,61.67939758300781,181.65724182128906,193.8411407470703
52_0_0_20170120222912410.jpg.chip.jpg,52,/Users/cipherxishant/Downloads/archive/UTKFace/52_0_0_20170120222912410.jpg.chip.jpg,1,0,1,0,0,0,0,73.56636810302734,60.258628845214844,161.05203247070312,202.36940002441406
24_0_1_20170113195929797.jpg.chip.jpg,24,/Users/cipherxishant/Downloads/archive/UTKFace/24_0_1_20170113195929797.jpg.chip.jpg,1,0,0,1,0,0,0,79.10105895996094,66.95411682128906,163.15484619140625,192.9967041015625
14_0_3_20170104225245755.jpg.chip.jpg,14,/Users/cipherxishant/Downloads/archive/UTKFace/14_0_3_20170104225245755.jpg.chip.jpg,1,0,0,0,0,1,0,77.30422973632812,64.17447662353516,172.0102996826172,201.68263244628906
30_0_2_20170116165112157.jpg.chip.jpg,30,/Users/cipherxishant/Downloads/archive/UTKFace/30_0_2_20170116165112157.jpg.chip.jpg,1,0,0,0,1,0,0,66.07559204101562,62.61864471435547,141.6119384765625,190.1705780029297
34_1_1_20170113001409411.jpg.chip.jpg,34,/Users/cipherxishant/Downloads/archive/UTKFace/34_1_1_20170113001409411.jpg.chip.jpg,0,1,0,1,0,0,0,73.19580841064453,58.49123764038086,151.11814880371094,181.4644775390625
80_1_4_20170110184132973.jpg.chip.jpg,80,/Users/cipherxishant/Downloads/archive/UTKFace/80_1_4_20170110184132973.jpg.chip.jpg,0,1,0,0,0,0,1,84.27410125732422,71.3228759765625,174.75677490234375,187.78457641601562
23_0_3_20170119164006043.jpg.chip.jpg,23,/Users/cipherxishant/Downloads/archive/UTKFace/23_0_3_20170119164006043.jpg.chip.jpg,1,0,0,0,0,1,0,80.61865997314453,68.9386978149414,163.31861877441406,201.4488525390625
3_0_2_20161219151938084.jpg.chip.jpg,3,/Users/cipherxishant/Downloads/archive/UTKFace/3_0_2_20161219151938084.jpg.chip.jpg,1,0,0,0,1,0,0,81.07062530517578,61.47529220581055,184.5655975341797,192.82933044433594
1_0_2_20161219140929864.jpg.chip.jpg,1,/Users/cipherxishant/Downloads/archive/UTKFace/1_0_2_20161219140929864.jpg.chip.jpg,1,0,0,0,1,0,0,69.28299713134766,53.86408615112305,155.9989471435547,181.6556396484375
15_0_3_20170104225525049.jpg.chip.jpg,15,/Users/cipherxishant/Downloads/archive/UTKFace/15_0_3_20170104225525049.jpg.chip.jpg,1,0,0,0,0,1,0,72.3223648071289,57.564022064208984,160.09722900390625,189.6346435546875
28_1_1_20170112211545692.jpg.chip.jpg,28,/Users/cipherxishant/Downloads/archive/UTKFace/28_1_1_20170112211545692.jpg.chip.jpg,0,1,0,1,0,0,0,74.44684600830078,66.2929916381836,153.18914794921875,196.08169555664062
35_1_2_20170116165645870.jpg.chip.jpg,35,/Users/cipherxishant/Downloads/archive/UTKFace/35_1_2_20170116165645870.jpg.chip.jpg,0,1,0,0,1,0,0,82.61906433105469,64.82711029052734,183.5124053955078,196.59800720214844
14_0_0_20170102234854353.jpg.chip.jpg,14,/Users/cipherxishant/Downloads/archive/UTKFace/14_0_0_20170102234854353.jpg.chip.jpg,1,0,1,0,0,0,0,72.87516021728516,57.06315612792969,175.72068786621094,195.90367126464844
5_0_3_20161220220030442.jpg.chip.jpg,5,/Users/cipherxishant/Downloads/archive/UTKFace/5_0_3_20161220220030442.jpg.chip.jpg,1,0,0,0,0,1,0,73.46924591064453,61.45087814331055,168.67254638671875,187.3066864013672
67_1_0_20170110140730634.jpg.chip.jpg,67,/Users/cipherxishant/Downloads/archive/UTKFace/67_1_0_20170110140730634.jpg.chip.jpg,0,1,1,0,0,0,0,83.29035186767578,77.32955932617188,176.5123748779297,199.75064086914062
57_1_0_20170120133336768.jpg.chip.jpg,57,/Users/cipherxishant/Downloads/archive/UTKFace/57_1_0_20170120133336768.jpg.chip.jpg,0,1,1,0,0,0,0,77.69219207763672,63.2490119934082,160.34918212890625,186.75491333007812
26_1_2_20170116184657144.jpg.chip.jpg,26,/Users/cipherxishant/Downloads/archive/UTKFace/26_1_2_20170116184657144.jpg.chip.jpg,0,1,0,0,1,0,0,65.73694610595703,50.629276275634766,150.13706970214844,181.9893035888672
1_1_4_20161221202046857.jpg.chip.jpg,1,/Users/cipherxishant/Downloads/archive/UTKFace/1_1_4_20161221202046857.jpg.chip.jpg,0,1,0,0,0,0,1,81.85538482666016,60.58425521850586,191.591796875,186.10165405273438
34_1_0_20170104174537956.jpg.chip.jpg,34,/Users/cipherxishant/Downloads/archive/UTKFace/34_1_0_20170104174537956.jpg.chip.jpg,0,1,1,0,0,0,0,73.95066833496094,61.549896240234375,159.4993438720703,191.3553924560547
13_1_0_20170109214314841.jpg.chip.jpg,13,/Users/cipherxishant/Downloads/archive/UTKFace/13_1_0_20170109214314841.jpg.chip.jpg,0,1,1,0,0,0,0,84.73872375488281,70.81620025634766,168.0760955810547,200.17251586914062
58_0_0_20170111210633610.jpg.chip.jpg,58,/Users/cipherxishant/Downloads/archive/UTKFace/58_0_0_20170111210633610.jpg.chip.jpg,1,0,1,0,0,0,0,74.58124542236328,64.59532928466797,154.53933715820312,192.70701599121094
100_1_0_20170112213303693.jpg.chip.jpg,100,/Users/cipherxishant/Downloads/archive/UTKFace/100_1_0_20170112213303693.jpg.chip.jpg,0,1,1,0,0,0,0,79.99092102050781,61.817230224609375,172.7660675048828,202.37269592285156
27_0_0_20170117114920473.jpg.chip.jpg,27,/Users/cipherxishant/Downloads/archive/UTKFace/27_0_0_20170117114920473.jpg.chip.jpg,1,0,1,0,0,0,0,89.33243560791016,76.90655517578125,178.42640686035156,201.25596618652344
85_0_0_20170117174438038.jpg.chip.jpg,85,/Users/cipherxishant/Downloads/archive/UTKFace/85_0_0_20170117174438038.jpg.chip.jpg,1,0,1,0,0,0,0,72.63262939453125,58.405574798583984,166.79566955566406,185.68222045898438
1_1_3_20161220220046801.jpg.chip.jpg,1,/Users/cipherxishant/Downloads/archive/UTKFace/1_1_3_20161220220046801.jpg.chip.jpg,0,1,0,0,0,1,0,63.18888473510742,48.73704147338867,149.8157501220703,185.197265625
43_0_0_20170117141431936.jpg.chip.jpg,43,/Users/cipherxishant/Downloads/archive/UTKFace/43_0_0_20170117141431936.jpg.chip.jpg,1,0,1,0,0,0,0,81.71595001220703,72.34036254882812,171.7779998779297,209.29039001464844
25_1_1_20170112233635032.jpg.chip.jpg,25,/Users/cipherxishant/Downloads/archive/UTKFace/25_1_1_20170112233635032.jpg.chip.jpg,0,1,0,1,0,0,0,77.58428192138672,66.25132751464844,160.61895751953125,197.14598083496094
42_0_2_20170104172454139.jpg.chip.jpg,42,/Users/cipherxishant/Downloads/archive/UTKFace/42_0_2_20170104172454139.jpg.chip.jpg,1,0,0,0,1,0,0,84.95438385009766,75.81025695800781,162.45599365234375,198.97840881347656
55_1_1_20170116232600318.jpg.chip.jpg,55,/Users/cipherxishant/Downloads/archive/UTKFace/55_1_1_20170116232600318.jpg.chip.jpg,0,1,0,1,0,0,0,74.9235610961914,65.61186218261719,158.91078186035156,188.70318603515625
65_0_1_20170120224015174.jpg.chip.jpg,65,/Users/cipherxishant/Downloads/archive/UTKFace/65_0_1_20170120224015174.jpg.chip.jpg,1,0,0,1,0,0,0,75.068603515625,60.72445297241211,156.5581817626953,180.05426025390625
29_1_0_20170117181004953.jpg.chip.jpg,29,/Users/cipherxishant/Downloads/archive/UTKFace/29_1_0_20170117181004953.jpg.chip.jpg,0,1,1,0,0,0,0,81.20864868164062,70.21427917480469,169.6390838623047,194.82418823242188
27_1_1_20170117000109588.jpg.chip.jpg,27,/Users/cipherxishant/Downloads/archive/UTKFace/27_1_1_20170117000109588.jpg.chip.jpg,0,1,0,1,0,0,0,77.16375732421875,62.74579620361328,165.43072509765625,196.1654510498047
25_0_2_20170116170511407.jpg.chip.jpg,25,/Users/cipherxishant/Downloads/archive/UTKFace/25_0_2_20170116170511407.jpg.chip.jpg,1,0,0,0,1,0,0,74.39472198486328,54.75581359863281,169.43077087402344,181.9745635986328
34_0_1_20170116164815094.jpg.chip.jpg,34,/Users/cipherxishant/Downloads/archive/UTKFace/34_0_1_20170116164815094.jpg.chip.jpg,1,0,0,1,0,0,0,75.03218078613281,67.92657470703125,159.92657470703125,193.46466064453125
56_1_0_20170119202536518.jpg.chip.jpg,56,/Users/cipherxishant/Downloads/archive/UTKFace/56_1_0_20170119202536518.jpg.chip.jpg,0,1,1,0,0,0,0,73.1441421508789,68.97161102294922,158.83218383789062,192.85731506347656
57_0_3_20170119180932004.jpg.chip.jpg,57,/Users/cipherxishant/Downloads/archive/UTKFace/57_0_3_20170119180932004.jpg.chip.jpg,1,0,0,0,0,1,0,80.56916046142578,67.57115936279297,176.09768676757812,196.38206481933594
2_1_4_20170117193349661.jpg.chip.jpg,2,/Users/cipherxishant/Downloads/archive/UTKFace/2_1_4_20170117193349661.jpg.chip.jpg,0,1,0,0,0,0,1,72.78722381591797,51.53944778442383,166.13070678710938,173.75018310546875
1_1_0_20170109193015973.jpg.chip.jpg,1,/Users/cipherxishant/Downloads/archive/UTKFace/1_1_0_20170109193015973.jpg.chip.jpg,0,1,1,0,0,0,0,79.97126007080078,61.17320251464844,187.67117309570312,199.81068420410156
5_1_2_20161219142543345.jpg.chip.jpg,5,/Users/cipherxishant/Downloads/archive/UTKFace/5_1_2_20161219142543345.jpg.chip.jpg,0,1,0,0,1,0,0,75.39588928222656,53.188419342041016,176.19671630859375,181.03060913085938
24_1_0_20170104234820025.jpg.chip.jpg,24,/Users/cipherxishant/Downloads/archive/UTKFace/24_1_0_20170104234820025.jpg.chip.jpg,0,1,1,0,0,0,0,84.45011901855469,71.7476806640625,171.615234375,203.3778839111328
1_0_2_20161219155902022.jpg.chip.jpg,1,/Users/cipherxishant/Downloads/archive/UTKFace/1_0_2_20161219155902022.jpg.chip.jpg,1,0,0,0,1,0,0,77.39169311523438,57.134681701660156,176.41688537597656,182.90806579589844
35_1_0_20170117190509274.jpg.chip.jpg,35,/Users/cipherxishant/Downloads/archive/UTKFace/35_1_0_20170117190509274.jpg.chip.jpg,0,1,1,0,0,0,0,74.41618347167969,59.52238845825195,159.77862548828125,196.8009490966797
45_0_3_20170105001317092.jpg.chip.jpg,45,/Users/cipherxishant/Downloads/archive/UTKFace/45_0_3_20170105001317092.jpg.chip.jpg,1,0,0,0,0,1,0,89.04031372070312,82.96397399902344,188.01242065429688,193.00135803222656
55_0_3_20170119195823299.jpg.chip.jpg,55,/Users/cipherxishant/Downloads/archive/UTKFace/55_0_3_20170119195823299.jpg.chip.jpg,1,0,0,0,0,1,0,78.96162414550781,67.2076416015625,166.43922424316406,196.1111297607422
45_0_0_20170117170741266.jpg.chip.jpg,45,/Users/cipherxishant/Downloads/archive/UTKFace/45_0_0_20170117170741266.jpg.chip.jpg,1,0,1,0,0,0,0,73.01676940917969,59.172122955322266,140.816650390625,204.1148223876953
39_0_1_20170113174738683.jpg.chip.jpg,39,/Users/cipherxishant/Downloads/archive/UTKFace/39_0_1_20170113174738683.jpg.chip.jpg,1,0,0,1,0,0,0,76.79060363769531,62.47832489013672,167.6490478515625,182.4425048828125
1_0_2_20161219162808591.jpg.chip.jpg,1,/Users/cipherxishant/Downloads/archive/UTKFace/1_0_2_20161219162808591.jpg.chip.jpg,1,0,0,0,1,0,0,90.27445983886719,76.8478775024414,184.807373046875,197.1041259765625
26_0_1_20170113181549340.jpg.chip.jpg,26,/Users/cipherxishant/Downloads/archive/UTKFace/26_0_1_20170113181549340.jpg.chip.jpg,1,0,0,1,0,0,0,80.3541488647461,66.44088745117188,165.8188934326172,201.07388305664062
28_1_1_20170113012541073.jpg.chip.jpg,28,/Users/cipherxishant/Downloads/archive/UTKFace/28_1_1_20170113012541073.jpg.chip.jpg,0,1,0,1,0,0,0,66.82102966308594,53.80506896972656,153.21035766601562,183.02378845214844
19_0_0_20170117185159337.jpg.chip.jpg,19,/Users/cipherxishant/Downloads/archive/UTKFace/19_0_0_20170117185159337.jpg.chip.jpg,1,0,1,0,0,0,0,77.84747314453125,63.355098724365234,168.7625732421875,186.27362060546875
10_0_0_20170110215927291.jpg.chip.jpg,10,/Users/cipherxishant/Downloads/archive/UTKFace/10_0_0_20170110215927291.jpg.chip.jpg,1,0,1,0,0,0,0,73.77208709716797,64.24531555175781,155.51058959960938,178.01416015625
26_1_3_20170119192426755.jpg.chip.jpg,26,/Users/cipherxishant/Downloads/archive/UTKFace/26_1_3_20170119192426755.jpg.chip.jpg,0,1,0,0,0,1,0,79.58672332763672,63.830352783203125,169.84042358398438,178.35084533691406
21_1_3_20170104222046054.jpg.chip.jpg,21,/Users/cipherxishant/Downloads/archive/UTKFace/21_1_3_20170104222046054.jpg.chip.jpg,0,1,0,0,0,1,0,80.16165924072266,66.75651550292969,173.45436096191406,198.23867797851562
27_1_2_20170104022251917.jpg.chip.jpg,27,/Users/cipherxishant/Downloads/archive/UTKFace/27_1_2_20170104022251917.jpg.chip.jpg,0,1,0,0,1,0,0,75.72213745117188,63.43500900268555,149.47935485839844,188.50848388671875
35_0_1_20170116201805063.jpg.chip.jpg,35,/Users/cipherxishant/Downloads/archive/UTKFace/35_0_1_20170116201805063.jpg.chip.jpg,1,0,0,1,0,0,0,68.56524658203125,55.113155364990234,147.87298583984375,198.01454162597656
86_1_0_20170110183800477.jpg.chip.jpg,86,/Users/cipherxishant/Downloads/archive/UTKFace/86_1_0_20170110183800477.jpg.chip.jpg,0,1,1,0,0,0,0,69.91516876220703,52.973018646240234,161.17364501953125,178.8453369140625
26_1_3_20170104222736351.jpg.chip.jpg,26,/Users/cipherxishant/Downloads/archive/UTKFace/26_1_3_20170104222736351.jpg.chip.jpg,0,1,0,0,0,1,0,78.65869903564453,66.97634887695312,176.64593505859375,187.8634796142578
27_1_2_20161219195834107.jpg.chip.jpg,27,/Users/cipherxishant/Downloads/archive/UTKFace/27_1_2_20161219195834107.jpg.chip.jpg,0,1,0,0,1,0,0,71.96713256835938,55.65918731689453,158.51614379882812,174.38906860351562
2_0_2_20161219142704833.jpg.chip.jpg,2,/Users/cipherxishant/Downloads/archive/UTKFace/2_0_2_20161219142704833.jpg.chip.jpg,1,0,0,0,1,0,0,79.34845733642578,62.03633117675781,178.80926513671875,193.51010131835938
26_1_4_20170117200105003.jpg.chip.jpg,26,/Users/cipherxishant/Downloads/archive/UTKFace/26_1_4_20170117200105003.jpg.chip.jpg,0,1,0,0,0,0,1,87.15690612792969,75.02351379394531,166.38284301757812,199.82823181152344
44_1_0_20170104211529444.jpg.chip.jpg,44,/Users/cipherxishant/Downloads/archive/UTKFace/44_1_0_20170104211529444.jpg.chip.jpg,0,1,1,0,0,0,0,84.47529602050781,75.08073425292969,169.72955322265625,200.36146545410156
26_0_0_20170117003324706.jpg.chip.jpg,26,/Users/cipherxishant/Downloads/archive/UTKFace/26_0_0_20170117003324706.jpg.chip.jpg,1,0,1,0,0,0,0,70.26082611083984,56.569427490234375,155.05516052246094,184.93643188476562
22_0_1_20170113150441654.jpg.chip.jpg,22,/Users/cipherxishant/Downloads/archive/UTKFace/22_0_1_20170113150441654.jpg.chip.jpg,1,0,0,1,0,0,0,72.84720611572266,62.57487106323242,155.68165588378906,186.84751892089844
26_1_0_20170117200609068.jpg.chip.jpg,26,/Users/cipherxishant/Downloads/archive/UTKFace/26_1_0_20170117200609068.jpg.chip.jpg,0,1,1,0,0,0,0,67.8367691040039,48.250858306884766,166.46827697753906,185.0865478515625
30_0_3_20170119195653219.jpg.chip.jpg,30,/Users/cipherxishant/Downloads/archive/UTKFace/30_0_3_20170119195653219.jpg.chip.jpg,1,0,0,0,0,1,0,79.4048080444336,63.3723258972168,178.71144104003906,195.07736206054688
18_1_0_20170109214725387.jpg.chip.jpg,18,/Users/cipherxishant/Downloads/archive/UTKFace/18_1_0_20170109214725387.jpg.chip.jpg,0,1,1,0,0,0,0,78.66773986816406,63.961952209472656,162.70516967773438,184.77926635742188
19_0_1_20170114025936564.jpg.chip.jpg,19,/Users/cipherxishant/Downloads/archive/UTKFace/19_0_1_20170114025936564.jpg.chip.jpg,1,0,0,1,0,0,0,76.54681396484375,56.360923767089844,173.12928771972656,198.6923828125
22_1_2_20170104022959942.jpg.chip.jpg,22,/Users/cipherxishant/Downloads/archive/UTKFace/22_1_2_20170104022959942.jpg.chip.jpg,0,1,0,0,1,0,0,84.15422821044922,68.47517395019531,183.01254272460938,198.7261199951172
53_1_0_20170120223207284.jpg.chip.jpg,53,/Users/cipherxishant/Downloads/archive/UTKFace/53_1_0_20170120223207284.jpg.chip.jpg,0,1,1,0,0,0,0,84.99899291992188,71.25428771972656,173.32833862304688,203.66915893554688
34_0_3_20170119165336734.jpg.chip.jpg,34,/Users/cipherxishant/Downloads/archive/UTKFace/34_0_3_20170119165336734.jpg.chip.jpg,1,0,0,0,0,1,0,81.25070190429688,73.78324890136719,173.18299865722656,196.54623413085938
31_0_2_20170116170844078.jpg.chip.jpg,31,/Users/cipherxishant/Downloads/archive/UTKFace/31_0_2_20170116170844078.jpg.chip.jpg,1,0,0,0,1,0,0,72.86872863769531,62.80046844482422,157.88148498535156,192.2524871826172
17_1_1_20170112230526286.jpg.chip.jpg,17,/Users/cipherxishant/Downloads/archive/UTKFace/17_1_1_20170112230526286.jpg.chip.jpg,0,1,0,1,0,0,0,83.66999816894531,71.86360168457031,169.49111938476562,196.3675994873047
25_0_3_20170119171900192.jpg.chip.jpg,25,/Users/cipherxishant/Downloads/archive/UTKFace/25_0_3_20170119171900192.jpg.chip.jpg,1,0,0,0,0,1,0,76.75382995605469,65.03780364990234,161.5263214111328,197.98605346679688
84_0_0_20170111211153326.jpg.chip.jpg,84,/Users/cipherxishant/Downloads/archive/UTKFace/84_0_0_20170111211153326.jpg.chip.jpg,1,0,1,0,0,0,0,77.2703628540039,68.13875579833984,160.69314575195312,195.92520141601562
20_0_3_20170119151303902.jpg.chip.jpg,20,/Users/cipherxishant/Downloads/archive/UTKFace/20_0_3_20170119151303902.jpg.chip.jpg,1,0,0,0,0,1,0,76.10971069335938,65.86769104003906,157.13121032714844,206.98170471191406
56_1_1_20170112231901927.jpg.chip.jpg,56,/Users/cipherxishant/Downloads/archive/UTKFace/56_1_1_20170112231901927.jpg.chip.jpg,0,1,0,1,0,0,0,80.5487289428711,71.45703887939453,170.12548828125,194.90768432617188
61_0_0_20170113185456409.jpg.chip.jpg,61,/Users/cipherxishant/Downloads/archive/UTKFace/61_0_0_20170113185456409.jpg.chip.jpg,1,0,1,0,0,0,0,64.8117904663086,56.68636703491211,141.98196411132812,197.22804260253906
47_1_0_20170110123140034.jpg.chip.jpg,47,/Users/cipherxishant/Downloads/archive/UTKFace/47_1_0_20170110123140034.jpg.chip.jpg,0,1,1,0,0,0,0,84.79052734375,75.9037094116211,176.1347198486328,199.90492248535156
35_1_0_20170103180640112.jpg.chip.jpg,35,/Users/cipherxishant/Downloads/archive/UTKFace/35_1_0_20170103180640112.jpg.chip.jpg,0,1,1,0,0,0,0,93.08416748046875,79.78874206542969,178.50758361816406,198.8486785888672
1_1_3_20161220144435607.jpg.chip.jpg,1,/Users/cipherxishant/Downloads/archive/UTKFace/1_1_3_20161220144435607.jpg.chip.jpg,0,1,0,0,0,1,0,76.95245361328125,54.054710388183594,185.31678771972656,186.389404296875
59_0_0_20170104210317787.jpg.chip.jpg,59,/Users/cipherxishant/Downloads/archive/UTKFace/59_0_0_20170104210317787.jpg.chip.jpg,1,0,1,0,0,0,0,71.9142837524414,61.563316345214844,156.3197021484375,197.16619873046875
30_1_1_20170112231459398.jpg.chip.jpg,30,/Users/cipherxishant/Downloads/archive/UTKFace/30_1_1_20170112231459398.jpg.chip.jpg,0,1,0,1,0,0,0,83.07078552246094,69.57202911376953,178.28985595703125,191.702392578125
54_0_0_20170117171128299.jpg.chip.jpg,54,/Users/cipherxishant/Downloads/archive/UTKFace/54_0_0_20170117171128299.jpg.chip.jpg,1,0,1,0,0,0,0,73.11823272705078,59.78274917602539,158.83349609375,191.21389770507812
3_0_0_20170110212807163.jpg.chip.jpg,3,/Users/cipherxishant/Downloads/archive/UTKFace/3_0_0_20170110212807163.jpg.chip.jpg,1,0,1,0,0,0,0,81.4408950805664,59.20329284667969,185.62277221679688,201.5299530029297
26_1_1_20170116011417813.jpg.chip.jpg,26,/Users/cipherxishant/Downloads/archive/UTKFace/26_1_1_20170116011417813.jpg.chip.jpg,0,1,0,1,0,0,0,73.27703094482422,55.43114471435547,162.60145568847656,194.3419647216797
42_1_1_20170113005717990.jpg.chip.jpg,42,/Users/cipherxishant/Downloads/archive/UTKFace/42_1_1_20170113005717990.jpg.chip.jpg,0,1,0,1,0,0,0,82.49372863769531,70.06224822998047,157.8299102783203,202.88595581054688
26_1_1_20170116160930991.jpg.chip.jpg,26,/Users/cipherxishant/Downloads/archive/UTKFace/26_1_1_20170116160930991.jpg.chip.jpg,0,1,0,1,0,0,0,76.43605041503906,61.681671142578125,164.3770751953125,189.21617126464844
54_0_3_20170119180958035.jpg.chip.jpg,54,/Users/cipherxishant/Downloads/archive/UTKFace/54_0_3_20170119180958035.jpg.chip.jpg,1,0,0,0,0,1,0,77.51536560058594,61.4559326171875,176.2215576171875,199.1577911376953
42_0_0_20170117135614403.jpg.chip.jpg,42,/Users/cipherxishant/Downloads/archive/UTKFace/42_0_0_20170117135614403.jpg.chip.jpg,1,0,1,0,0,0,0,86.4102783203125,76.14937591552734,168.66696166992188,201.59124755859375
40_0_0_20170117134415492.jpg.chip.jpg,40,/Users/cipherxishant/Downloads/archive/UTKFace/40_0_0_20170117134415492.jpg.chip.jpg,1,0,1,0,0,0,0,78.49851989746094,64.18289947509766,177.1141815185547,197.06761169433594
26_1_1_20170116153749007.jpg.chip.jpg,26,/Users/cipherxishant/Downloads/archive/UTKFace/26_1_1_20170116153749007.jpg.chip.jpg,0,1,0,1,0,0,0,76.70353698730469,63.79801940917969,163.82772827148438,200.7212371826172
24_1_0_20170117150644092.jpg.chip.jpg,24,/Users/cipherxishant/Downloads/archive/UTKFace/24_1_0_20170117150644092.jpg.chip.jpg,0,1,1,0,0,0,0,78.02069091796875,62.80110168457031,168.00894165039062,200.14695739746094
17_0_1_20170116182122450.jpg.chip.jpg,17,/Users/cipherxishant/Downloads/archive/UTKFace/17_0_1_20170116182122450.jpg.chip.jpg,1,0,0,1,0,0,0,90.07289123535156,80.45413970947266,185.70066833496094,185.333251953125
26_0_1_20170116193350792.jpg.chip.jpg,26,/Users/cipherxishant/Downloads/archive/UTKFace/26_0_1_20170116193350792.jpg.chip.jpg,1,0,0,1,0,0,0,82.5274887084961,66.05073547363281,184.12640380859375,214.30960083007812
54_0_0_20170117191323482.jpg.chip.jpg,54,/Users/cipherxishant/Downloads/archive/UTKFace/54_0_0_20170117191323482.jpg.chip.jpg,1,0,1,0,0,0,0,73.85816955566406,58.68744659423828,157.79600524902344,191.4950714111328
70_1_1_20170117174530078.jpg.chip.jpg,70,/Users/cipherxishant/Downloads/archive/UTKFace/70_1_1_20170117174530078.jpg.chip.jpg,0,1,0,1,0,0,0,78.76485443115234,64.31890106201172,167.79281616210938,191.49105834960938
35_0_1_20170113155220675.jpg.chip.jpg,35,/Users/cipherxishant/Downloads/archive/UTKFace/35_0_1_20170113155220675.jpg.chip.jpg,1,0,0,1,0,0,0,77.61225128173828,60.82697677612305,170.72799682617188,194.560302734375
25_1_4_20170117151122740.jpg.chip.jpg,25,/Users/cipherxishant/Downloads/archive/UTKFace/25_1_4_20170117151122740.jpg.chip.jpg,0,1,0,0,0,0,1,77.8323745727539,68.19064331054688,165.67788696289062,196.101318359375
40_0_0_20170113184131287.jpg.chip.jpg,40,/Users/cipherxishant/Downloads/archive/UTKFace/40_0_0_20170113184131287.jpg.chip.jpg,1,0,1,0,0,0,0,70.82011413574219,63.46239471435547,146.2197723388672,200.34030151367188
54_1_3_20170119202248869.jpg.chip.jpg,54,/Users/cipherxishant/Downloads/archive/UTKFace/54_1_3_20170119202248869.jpg.chip.jpg,0,1,0,0,0,1,0,82.5398178100586,72.75132751464844,171.4273681640625,188.94757080078125
27_1_0_20170105000743720.jpg.chip.jpg,27,/Users/cipherxishant/Downloads/archive/UTKFace/27_1_0_20170105000743720.jpg.chip.jpg,0,1,1,0,0,0,0,74.43665313720703,60.312259674072266,164.01649475097656,182.94032287597656
35_0_0_20170117175758802.jpg.chip.jpg,35,/Users/cipherxishant/Downloads/archive/UTKFace/35_0_0_20170117175758802.jpg.chip.jpg,1,0,1,0,0,0,0,88.71121978759766,74.01505279541016,171.77490234375,202.12411499023438
51_1_0_20170110125229594.jpg.chip.jpg,51,/Users/cipherxishant/Downloads/archive/UTKFace/51_1_0_20170110125229594.jpg.chip.jpg,0,1,1,0,0,0,0,76.98104858398438,67.81486511230469,163.45631408691406,189.4599609375
22_0_0_20170111181750310.jpg.chip.jpg,22,/Users/cipherxishant/Downloads/archive/UTKFace/22_0_0_20170111181750310.jpg.chip.jpg,1,0,1,0,0,0,0,85.9099349975586,73.15117645263672,174.93467712402344,200.2885284423828
54_0_0_20170120223246116.jpg.chip.jpg,54,/Users/cipherxishant/Downloads/archive/UTKFace/54_0_0_20170120223246116.jpg.chip.jpg,1,0,1,0,0,0,0,84.23040771484375,72.64968872070312,165.46170043945312,202.9705810546875
23_0_3_20170116161243731.jpg.chip.jpg,23,/Users/cipherxishant/Downloads/archive/UTKFace/23_0_3_20170116161243731.jpg.chip.jpg,1,0,0,0,0,1,0,73.7738265991211,60.43729019165039,154.4569549560547,187.08596801757812
36_0_1_20170117154315346.jpg.chip.jpg,36,/Users/cipherxishant/Downloads/archive/UTKFace/36_0_1_20170117154315346.jpg.chip.jpg,1,0,0,1,0,0,0,81.25298309326172,70.0002212524414,179.2897491455078,196.8005828857422
7_0_0_20170112211931030.jpg.chip.jpg,7,/Users/cipherxishant/Downloads/archive/UTKFace/7_0_0_20170112211931030.jpg.chip.jpg,1,0,1,0,0,0,0,87.00035858154297,74.77537536621094,172.82469177246094,201.0821075439453
16_0_0_20170110225708208.jpg.chip.jpg,16,/Users/cipherxishant/Downloads/archive/UTKFace/16_0_0_20170110225708208.jpg.chip.jpg,1,0,1,0,0,0,0,81.88461303710938,72.56958770751953,174.5510711669922,200.3338623046875
29_0_3_20170119195344995.jpg.chip.jpg,29,/Users/cipherxishant/Downloads/archive/UTKFace/29_0_3_20170119195344995.jpg.chip.jpg,1,0,0,0,0,1,0,81.02882385253906,69.67704772949219,174.00132751464844,203.42669677734375
75_1_0_20170120225456154.jpg.chip.jpg,75,/Users/cipherxishant/Downloads/archive/UTKFace/75_1_0_20170120225456154.jpg.chip.jpg,0,1,1,0,0,0,0,79.92315673828125,71.34598541259766,178.35145568847656,196.04762268066406
31_1_0_20170117133121639.jpg.chip.jpg,31,/Users/cipherxishant/Downloads/archive/UTKFace/31_1_0_20170117133121639.jpg.chip.jpg,0,1,1,0,0,0,0,81.66083526611328,70.4141845703125,175.7705841064453,209.40750122070312
26_1_3_20170119192520722.jpg.chip.jpg,26,/Users/cipherxishant/Downloads/archive/UTKFace/26_1_3_20170119192520722.jpg.chip.jpg,0,1,0,0,0,1,0,68.84820556640625,59.0025520324707,164.23800659179688,201.7444610595703
26_1_0_20170103182040225.jpg.chip.jpg,26,/Users/cipherxishant/Downloads/archive/UTKFace/26_1_0_20170103182040225.jpg.chip.jpg,0,1,1,0,0,0,0,75.15502166748047,62.40593719482422,162.69422912597656,201.0945281982422
26_1_1_20170112211527323.jpg.chip.jpg,26,/Users/cipherxishant/Downloads/archive/UTKFace/26_1_1_20170112211527323.jpg.chip.jpg,0,1,0,1,0,0,0,78.6697769165039,62.444339752197266,174.88406372070312,186.0144500732422
35_0_1_20170113155156475.jpg.chip.jpg,35,/Users/cipherxishant/Downloads/archive/UTKFace/35_0_1_20170113155156475.jpg.chip.jpg,1,0,0,1,0,0,0,70.66155242919922,62.19791030883789,153.53053283691406,193.52357482910156
19_0_4_20170103201854223.jpg.chip.jpg,19,/Users/cipherxishant/Downloads/archive/UTKFace/19_0_4_20170103201854223.jpg.chip.jpg,1,0,0,0,0,0,1,81.52728271484375,70.49830627441406,172.6427764892578,202.08447265625
32_1_1_20170113000027033.jpg.chip.jpg,32,/Users/cipherxishant/Downloads/archive/UTKFace/32_1_1_20170113000027033.jpg.chip.jpg,0,1,0,1,0,0,0,86.55059051513672,78.27449035644531,177.01112365722656,193.62750244140625
68_0_1_20170113181302934.jpg.chip.jpg,68,/Users/cipherxishant/Downloads/archive/UTKFace/68_0_1_20170113181302934.jpg.chip.jpg,1,0,0,1,0,0,0,73.42971801757812,59.22660827636719,155.97113037109375,192.5714569091797
60_0_3_20170119204312254.jpg.chip.jpg,60,/Users/cipherxishant/Downloads/archive/UTKFace/60_0_3_20170119204312254.jpg.chip.jpg,1,0,0,0,0,1,0,76.23047637939453,65.55972290039062,167.35081481933594,185.3877410888672
1_0_0_20170109192819417.jpg.chip.jpg,1,/Users/cipherxishant/Downloads/archive/UTKFace/1_0_0_20170109192819417.jpg.chip.jpg,1,0,1,0,0,0,0,85.22844696044922,65.62592315673828,191.19187927246094,203.489501953125
32_1_0_20170117182446213.jpg.chip.jpg,32,/Users/cipherxishant/Downloads/archive/UTKFace/32_1_0_20170117182446213.jpg.chip.jpg,0,1,1,0,0,0,0,79.75367736816406,64.71647644042969,165.68380737304688,191.14407348632812
68_0_0_20170111202050714.jpg.chip.jpg,68,/Users/cipherxishant/Downloads/archive/UTKFace/68_0_0_20170111202050714.jpg.chip.jpg,1,0,1,0,0,0,0,68.49850463867188,59.28470230102539,147.40982055664062,179.75144958496094
28_1_0_20170116220923600.jpg.chip.jpg,28,/Users/cipherxishant/Downloads/archive/UTKFace/28_1_0_20170116220923600.jpg.chip.jpg,0,1,1,0,0,0,0,75.87006378173828,61.78080368041992,149.51223754882812,180.1964111328125
26_0_4_20170117200038821.jpg.chip.jpg,26,/Users/cipherxishant/Downloads/archive/UTKFace/26_0_4_20170117200038821.jpg.chip.jpg,1,0,0,0,0,0,1,69.53886413574219,59.5957145690918,156.30670166015625,195.92974853515625
40_1_0_20170117154628772.jpg.chip.jpg,40,/Users/cipherxishant/Downloads/archive/UTKFace/40_1_0_20170117154628772.jpg.chip.jpg,0,1,1,0,0,0,0,73.2830810546875,63.99251937866211,157.74765014648438,188.5803680419922
37_0_2_20170116184952701.jpg.chip.jpg,37,/Users/cipherxishant/Downloads/archive/UTKFace/37_0_2_20170116184952701.jpg.chip.jpg,1,0,0,0,1,0,0,70.6413345336914,60.11891174316406,154.35325622558594,193.47116088867188
24_1_3_20170104215731414.jpg.chip.jpg,24,/Users/cipherxishant/Downloads/archive/UTKFace/24_1_3_20170104215731414.jpg.chip.jpg,0,1,0,0,0,1,0,79.40589904785156,66.47325897216797,163.34104919433594,201.84317016601562
42_1_1_20170112231620452.jpg.chip.jpg,42,/Users/cipherxishant/Downloads/archive/UTKFace/42_1_1_20170112231620452.jpg.chip.jpg,0,1,0,1,0,0,0,74.52896118164062,61.55033874511719,157.47279357910156,191.98446655273438
1_0_2_20161219155542229.jpg.chip.jpg,1,/Users/cipherxishant/Downloads/archive/UTKFace/1_0_2_20161219155542229.jpg.chip.jpg,1,0,0,0,1,0,0,81.7624740600586,63.24664306640625,192.1761474609375,188.35252380371094
32_1_1_20170116012153835.jpg.chip.jpg,32,/Users/cipherxishant/Downloads/archive/UTKFace/32_1_1_20170116012153835.jpg.chip.jpg,0,1,0,1,0,0,0,75.3521728515625,62.96413803100586,158.82647705078125,193.8772735595703
70_1_0_20170120223657854.jpg.chip.jpg,70,/Users/cipherxishant/Downloads/archive/UTKFace/70_1_0_20170120223657854.jpg.chip.jpg,0,1,1,0,0,0,0,76.15118408203125,63.7896614074707,169.7734832763672,184.66799926757812
37_1_0_20170117184455008.jpg.chip.jpg,37,/Users/cipherxishant/Downloads/archive/UTKFace/37_1_0_20170117184455008.jpg.chip.jpg,0,1,1,0,0,0,0,74.69672393798828,61.465606689453125,159.97572326660156,189.7548065185547
4_0_0_20170110213544876.jpg.chip.jpg,4,/Users/cipherxishant/Downloads/archive/UTKFace/4_0_0_20170110213544876.jpg.chip.jpg,1,0,1,0,0,0,0,77.16018676757812,58.81698226928711,182.06443786621094,202.11549377441406
28_0_0_20170117202358254.jpg.chip.jpg,28,/Users/cipherxishant/Downloads/archive/UTKFace/28_0_0_20170117202358254.jpg.chip.jpg,1,0,1,0,0,0,0,76.27034759521484,60.851951599121094,158.49456787109375,187.20159912109375
26_0_3_20170119175419890.jpg.chip.jpg,26,/Users/cipherxishant/Downloads/archive/UTKFace/26_0_3_20170119175419890.jpg.chip.jpg,1,0,0,0,0,1,0,72.33073425292969,59.66908264160156,166.87327575683594,191.97605895996094
31_1_1_20170116222848038.jpg.chip.jpg,31,/Users/cipherxishant/Downloads/archive/UTKFace/31_1_1_20170116222848038.jpg.chip.jpg,0,1,0,1,0,0,0,73.23661041259766,55.431758880615234,154.14776611328125,194.1460418701172
2_1_2_20161219160405349.jpg.chip.jpg,2,/Users/cipherxishant/Downloads/archive/UTKFace/2_1_2_20161219160405349.jpg.chip.jpg,0,1,0,0,1,0,0,79.46761322021484,62.8361930847168,182.5770263671875,181.461669921875
1_0_2_20161219162433846.jpg.chip.jpg,1,/Users/cipherxishant/Downloads/archive/UTKFace/1_0_2_20161219162433846.jpg.chip.jpg,1,0,0,0,1,0,0,83.07769775390625,66.24006652832031,188.06991577148438,199.6180419921875
66_1_1_20170113000154762.jpg.chip.jpg,66,/Users/cipherxishant/Downloads/archive/UTKFace/66_1_1_20170113000154762.jpg.chip.jpg,0,1,0,1,0,0,0,77.56295013427734,68.75906372070312,172.8889617919922,187.4349365234375
30_1_3_20170117181352869.jpg.chip.jpg,30,/Users/cipherxishant/Downloads/archive/UTKFace/30_1_3_20170117181352869.jpg.chip.jpg,0,1,0,0,0,1,0,77.24250030517578,61.803157806396484,164.80506896972656,191.2657928466797
28_0_1_20170113142412428.jpg.chip.jpg,28,/Users/cipherxishant/Downloads/archive/UTKFace/28_0_1_20170113142412428.jpg.chip.jpg,1,0,0,1,0,0,0,69.9825668334961,56.284236907958984,155.3856964111328,188.73281860351562
35_1_4_20170117194818924.jpg.chip.jpg,35,/Users/cipherxishant/Downloads/archive/UTKFace/35_1_4_20170117194818924.jpg.chip.jpg,0,1,0,0,0,0,1,80.33150482177734,69.34711456298828,154.60214233398438,195.44122314453125
25_0_4_20170113133140464.jpg.chip.jpg,25,/Users/cipherxishant/Downloads/archive/UTKFace/25_0_4_20170113133140464.jpg.chip.jpg,1,0,0,0,0,0,1,87.23277282714844,75.03933715820312,173.36386108398438,202.9967498779297
10_0_0_20170110225421531.jpg.chip.jpg,10,/Users/cipherxishant/Downloads/archive/UTKFace/10_0_0_20170110225421531.jpg.chip.jpg,1,0,1,0,0,0,0,68.56979370117188,59.08915710449219,147.50221252441406,170.28399658203125
27_0_1_20170113183057766.jpg.chip.jpg,27,/Users/cipherxishant/Downloads/archive/UTKFace/27_0_1_20170113183057766.jpg.chip.jpg,1,0,0,1,0,0,0,71.8399429321289,64.76677703857422,158.83140563964844,189.06204223632812
2_0_4_20161221202954025.jpg.chip.jpg,2,/Users/cipherxishant/Downloads/archive/UTKFace/2_0_4_20161221202954025.jpg.chip.jpg,1,0,0,0,0,0,1,79.59628295898438,58.70269012451172,187.687255859375,190.48263549804688
26_0_4_20170116182250630.jpg.chip.jpg,26,/Users/cipherxishant/Downloads/archive/UTKFace/26_0_4_20170116182250630.jpg.chip.jpg,1,0,0,0,0,0,1,79.83995819091797,65.7772445678711,180.89031982421875,201.08499145507812
25_1_0_20170116001327790.jpg.chip.jpg,25,/Users/cipherxishant/Downloads/archive/UTKFace/25_1_0_20170116001327790.jpg.chip.jpg,0,1,1,0,0,0,0,72.043701171875,57.704490661621094,159.3411407470703,183.3836669921875
25_1_3_20170109134902771.jpg.chip.jpg,25,/Users/cipherxishant/Downloads/archive/UTKFace/25_1_3_20170109134902771.jpg.chip.jpg,0,1,0,0,0,1,0,73.21338653564453,61.504364013671875,163.90708923339844,183.46212768554688
22_0_0_20170117140116351.jpg.chip.jpg,22,/Users/cipherxishant/Downloads/archive/UTKFace/22_0_0_20170117140116351.jpg.chip.jpg,1,0,1,0,0,0,0,65.87419891357422,54.32018280029297,141.85398864746094,185.60064697265625
24_1_4_20170117194745325.jpg.chip.jpg,24,/Users/cipherxishant/Downloads/archive/UTKFace/24_1_4_20170117194745325.jpg.chip.jpg,0,1,0,0,0,0,1,75.99314880371094,72.30056762695312,155.87725830078125,196.99761962890625
15_0_0_20170110225617650.jpg.chip.jpg,15,/Users/cipherxishant/Downloads/archive/UTKFace/15_0_0_20170110225617650.jpg.chip.jpg,1,0,1,0,0,0,0,80.72430419921875,72.71823120117188,168.29656982421875,192.7425079345703
55_0_0_20170117191559491.jpg.chip.jpg,55,/Users/cipherxishant/Downloads/archive/UTKFace/55_0_0_20170117191559491.jpg.chip.jpg,1,0,1,0,0,0,0,73.51799774169922,61.904266357421875,156.64552307128906,190.67709350585938
1_0_4_20161221194937848.jpg.chip.jpg,1,/Users/cipherxishant/Downloads/archive/UTKFace/1_0_4_20161221194937848.jpg.chip.jpg,1,0,0,0,0,0,1,80.8429946899414,54.990882873535156,193.50132751464844,200.11817932128906
29_1_0_20170117130629633.jpg.chip.jpg,29,/Users/cipherxishant/Downloads/archive/UTKFace/29_1_0_20170117130629633.jpg.chip.jpg,0,1,1,0,0,0,0,90.48773193359375,79.73103332519531,177.5654754638672,204.27589416503906
9_0_0_20170110225359875.jpg.chip.jpg,9,/Users/cipherxishant/Downloads/archive/UTKFace/9_0_0_20170110225359875.jpg.chip.jpg,1,0,1,0,0,0,0,82.25297546386719,73.54997253417969,175.14566040039062,195.6708984375
27_0_1_20170117172452375.jpg.chip.jpg,27,/Users/cipherxishant/Downloads/archive/UTKFace/27_0_1_20170117172452375.jpg.chip.jpg,1,0,0,1,0,0,0,68.77802276611328,58.81875991821289,146.67050170898438,188.90614318847656
20_1_0_20170103175645974.jpg.chip.jpg,20,/Users/cipherxishant/Downloads/archive/UTKFace/20_1_0_20170103175645974.jpg.chip.jpg,0,1,1,0,0,0,0,82.57353210449219,69.3499984741211,181.33758544921875,194.4281005859375
40_0_0_20170116225108936.jpg.chip.jpg,40,/Users/cipherxishant/Downloads/archive/UTKFace/40_0_0_20170116225108936.jpg.chip.jpg,1,0,1,0,0,0,0,81.46846771240234,67.17671966552734,191.84716796875,193.2523956298828
26_0_3_20170104232246706.jpg.chip.jpg,26,/Users/cipherxishant/Downloads/archive/UTKFace/26_0_3_20170104232246706.jpg.chip.jpg,1,0,0,0,0,1,0,66.11438751220703,54.66315460205078,151.9477081298828,179.0130157470703
27_0_2_20170112193056503.jpg.chip.jpg,27,/Users/cipherxishant/Downloads/archive/UTKFace/27_0_2_20170112193056503.jpg.chip.jpg,1,0,0,0,1,0,0,79.46147918701172,67.27730560302734,162.099365234375,194.15892028808594
18_0_4_20170103234736836.jpg.chip.jpg,18,/Users/cipherxishant/Downloads/archive/UTKFace/18_0_4_20170103234736836.jpg.chip.jpg,1,0,0,0,0,0,1,81.86708068847656,69.6451416015625,164.0347900390625,195.73953247070312
35_0_0_20170117151310138.jpg.chip.jpg,35,/Users/cipherxishant/Downloads/archive/UTKFace/35_0_0_20170117151310138.jpg.chip.jpg,1,0,1,0,0,0,0,79.39181518554688,68.79035949707031,177.4824676513672,197.31105041503906
54_1_0_20170110160643344.jpg.chip.jpg,54,/Users/cipherxishant/Downloads/archive/UTKFace/54_1_0_20170110160643344.jpg.chip.jpg,0,1,1,0,0,0,0,83.89157104492188,73.6803207397461,177.85792541503906,197.66893005371094
45_0_0_20170117163357130.jpg.chip.jpg,45,/Users/cipherxishant/Downloads/archive/UTKFace/45_0_0_20170117163357130.jpg.chip.jpg,1,0,1,0,0,0,0,75.226318359375,57.0965576171875,171.77273559570312,189.8577880859375
24_1_1_20170112231628815.jpg.chip.jpg,24,/Users/cipherxishant/Downloads/archive/UTKFace/24_1_1_20170112231628815.jpg.chip.jpg,0,1,0,1,0,0,0,69.45598602294922,65.14070892333984,147.32020568847656,193.7406463623047
28_0_4_20170109140345949.jpg.chip.jpg,28,/Users/cipherxishant/Downloads/archive/UTKFace/28_0_4_20170109140345949.jpg.chip.jpg,1,0,0,0,0,0,1,83.0321044921875,67.1595458984375,188.26942443847656,196.3033905029297
23_1_2_20170116173106418.jpg.chip.jpg,23,/Users/cipherxishant/Downloads/archive/UTKFace/23_1_2_20170116173106418.jpg.chip.jpg,0,1,0,0,1,0,0,79.47262573242188,63.665740966796875,164.81431579589844,189.34922790527344
26_1_1_20170116171855347.jpg.chip.jpg,26,/Users/cipherxishant/Downloads/archive/UTKFace/26_1_1_20170116171855347.jpg.chip.jpg,0,1,0,1,0,0,0,81.43179321289062,71.64128875732422,172.69261169433594,199.74273681640625
28_0_1_20170117020349205.jpg.chip.jpg,28,/Users/cipherxishant/Downloads/archive/UTKFace/28_0_1_20170117020349205.jpg.chip.jpg,1,0,0,1,0,0,0,66.5933837890625,54.83824920654297,148.3060302734375,183.70005798339844
67_0_0_20170113185521375.jpg.chip.jpg,67,/Users/cipherxishant/Downloads/archive/UTKFace/67_0_0_20170113185521375.jpg.chip.jpg,1,0,1,0,0,0,0,71.91051483154297,59.649959564208984,161.18247985839844,182.17312622070312
29_0_1_20170116202000095.jpg.chip.jpg,29,/Users/cipherxishant/Downloads/archive/UTKFace/29_0_1_20170116202000095.jpg.chip.jpg,1,0,0,1,0,0,0,78.97706604003906,68.17900085449219,168.36990356445312,206.61154174804688
31_0_1_20170116003537510.jpg.chip.jpg,31,/Users/cipherxishant/Downloads/archive/UTKFace/31_0_1_20170116003537510.jpg.chip.jpg,1,0,0,1,0,0,0,69.4832763671875,57.73093032836914,158.21478271484375,184.74241638183594
26_1_1_20170113000222125.jpg.chip.jpg,26,/Users/cipherxishant/Downloads/archive/UTKFace/26_1_1_20170113000222125.jpg.chip.jpg,0,1,0,1,0,0,0,66.12491607666016,55.83015060424805,161.13795471191406,198.671875
36_1_0_20170104201720018.jpg.chip.jpg,36,/Users/cipherxishant/Downloads/archive/UTKFace/36_1_0_20170104201720018.jpg.chip.jpg,0,1,1,0,0,0,0,73.79171752929688,64.37489318847656,161.82852172851562,196.5545196533203
85_1_0_20170110183346968.jpg.chip.jpg,85,/Users/cipherxishant/Downloads/archive/UTKFace/85_1_0_20170110183346968.jpg.chip.jpg,0,1,1,0,0,0,0,84.68451690673828,71.90739440917969,175.4590606689453,200.69293212890625
90_0_2_20170111210435708.jpg.chip.jpg,90,/Users/cipherxishant/Downloads/archive/UTKFace/90_0_2_20170111210435708.jpg.chip.jpg,1,0,0,0,1,0,0,74.3183822631836,64.98466491699219,162.05690002441406,197.71705627441406
54_0_0_20170109013343077.jpg.chip.jpg,54,/Users/cipherxishant/Downloads/archive/UTKFace/54_0_0_20170109013343077.jpg.chip.jpg,1,0,1,0,0,0,0,81.84184265136719,75.00479125976562,167.78439331054688,204.35711669921875
26_1_3_20170104215700398.jpg.chip.jpg,26,/Users/cipherxishant/Downloads/archive/UTKFace/26_1_3_20170104215700398.jpg.chip.jpg,0,1,0,0,0,1,0,77.53315734863281,65.23390197753906,173.7338409423828,196.2177276611328
45_0_3_20170119202044372.jpg.chip.jpg,45,/Users/cipherxishant/Downloads/archive/UTKFace/45_0_3_20170119202044372.jpg.chip.jpg,1,0,0,0,0,1,0,75.46234893798828,62.57262420654297,164.68756103515625,190.91876220703125
4_1_4_20170103212605868.jpg.chip.jpg,4,/Users/cipherxishant/Downloads/archive/UTKFace/4_1_4_20170103212605868.jpg.chip.jpg,0,1,0,0,0,0,1,83.0528564453125,70.69355010986328,188.59423828125,192.92453002929688
1_1_3_20161220145206031.jpg.chip.jpg,1,/Users/cipherxishant/Downloads/archive/UTKFace/1_1_3_20161220145206031.jpg.chip.jpg,0,1,0,0,0,1,0,86.54962921142578,72.88663482666016,186.0326690673828,198.0736541748047
52_0_0_20170104205721803.jpg.chip.jpg,52,/Users/cipherxishant/Downloads/archive/UTKFace/52_0_0_20170104205721803.jpg.chip.jpg,1,0,1,0,0,0,0,88.6319580078125,76.76850891113281,182.2444610595703,207.34405517578125
39_1_1_20170113012940833.jpg.chip.jpg,39,/Users/cipherxishant/Downloads/archive/UTKFace/39_1_1_20170113012940833.jpg.chip.jpg,0,1,0,1,0,0,0,81.39722442626953,72.03517150878906,173.92247009277344,198.6821746826172
37_0_1_20170116200850990.jpg.chip.jpg,37,/Users/cipherxishant/Downloads/archive/UTKFace/37_0_1_20170116200850990.jpg.chip.jpg,1,0,0,1,0,0,0,80.3807144165039,72.42811584472656,159.86553955078125,206.34109497070312
34_1_3_20170119165307574.jpg.chip.jpg,34,/Users/cipherxishant/Downloads/archive/UTKFace/34_1_3_20170119165307574.jpg.chip.jpg,0,1,0,0,0,1,0,78.34828186035156,62.91419219970703,172.15284729003906,193.96560668945312
1_0_2_20161219194716652.jpg.chip.jpg,1,/Users/cipherxishant/Downloads/archive/UTKFace/1_0_2_20161219194716652.jpg.chip.jpg,1,0,0,0,1,0,0,81.9605941772461,57.426300048828125,191.366455078125,195.75064086914062
77_0_0_20170111222228671.jpg.chip.jpg,77,/Users/cipherxishant/Downloads/archive/UTKFace/77_0_0_20170111222228671.jpg.chip.jpg,1,0,1,0,0,0,0,72.65385437011719,53.98276901245117,170.97821044921875,183.7628173828125
60_1_0_20170110131522551.jpg.chip.jpg,60,/Users/cipherxishant/Downloads/archive/UTKFace/60_1_0_20170110131522551.jpg.chip.jpg,0,1,1,0,0,0,0,81.02658081054688,72.45989227294922,169.32347106933594,195.22952270507812
22_0_0_20170117193856707.jpg.chip.jpg,22,/Users/cipherxishant/Downloads/archive/UTKFace/22_0_0_20170117193856707.jpg.chip.jpg,1,0,1,0,0,0,0,79.92399597167969,64.41028594970703,178.42652893066406,195.71688842773438
35_1_0_20170104181321972.jpg.chip.jpg,35,/Users/cipherxishant/Downloads/archive/UTKFace/35_1_0_20170104181321972.jpg.chip.jpg,0,1,1,0,0,0,0,79.0007553100586,66.87064361572266,175.28384399414062,190.57757568359375
56_0_0_20170116235429950.jpg.chip.jpg,56,/Users/cipherxishant/Downloads/archive/UTKFace/56_0_0_20170116235429950.jpg.chip.jpg,1,0,1,0,0,0,0,73.83824157714844,58.66312789916992,160.5036163330078,190.74615478515625
22_0_1_20170113133555880.jpg.chip.jpg,22,/Users/cipherxishant/Downloads/archive/UTKFace/22_0_1_20170113133555880.jpg.chip.jpg,1,0,0,1,0,0,0,67.10250091552734,51.89143371582031,155.59872436523438,177.05345153808594
31_1_1_20170117005813452.jpg.chip.jpg,31,/Users/cipherxishant/Downloads/archive/UTKFace/31_1_1_20170117005813452.jpg.chip.jpg,0,1,0,1,0,0,0,71.38578033447266,52.79111099243164,163.96517944335938,192.10797119140625
27_1_2_20170116163607756.jpg.chip.jpg,27,/Users/cipherxishant/Downloads/archive/UTKFace/27_1_2_20170116163607756.jpg.chip.jpg,0,1,0,0,1,0,0,73.6367416381836,65.12872314453125,160.34466552734375,180.18460083007812
24_1_1_20170112234345639.jpg.chip.jpg,24,/Users/cipherxishant/Downloads/archive/UTKFace/24_1_1_20170112234345639.jpg.chip.jpg,0,1,0,1,0,0,0,70.98027801513672,60.380855560302734,160.5008544921875,184.80397033691406
1_0_1_20170112211228948.jpg.chip.jpg,1,/Users/cipherxishant/Downloads/archive/UTKFace/1_0_1_20170112211228948.jpg.chip.jpg,1,0,0,1,0,0,0,73.24224853515625,55.14926528930664,172.8178253173828,182.34068298339844
28_0_2_20170116192951554.jpg.chip.jpg,28,/Users/cipherxishant/Downloads/archive/UTKFace/28_0_2_20170116192951554.jpg.chip.jpg,1,0,0,0,1,0,0,80.15680694580078,69.97476959228516,176.58453369140625,187.38235473632812
26_0_0_20170117155115749.jpg.chip.jpg,26,/Users/cipherxishant/Downloads/archive/UTKFace/26_0_0_20170117155115749.jpg.chip.jpg,1,0,1,0,0,0,0,77.51525115966797,58.35544204711914,164.58839416503906,193.03515625
20_0_0_20170110232156775.jpg.chip.jpg,20,/Users/cipherxishant/Downloads/archive/UTKFace/20_0_0_20170110232156775.jpg.chip.jpg,1,0,1,0,0,0,0,72.46876525878906,56.21842956542969,159.2346649169922,190.66571044921875
80_1_0_20170110143302067.jpg.chip.jpg,80,/Users/cipherxishant/Downloads/archive/UTKFace/80_1_0_20170110143302067.jpg.chip.jpg,0,1,1,0,0,0,0,71.00678253173828,53.4909553527832,161.26832580566406,183.5078125
7_0_0_20170110215736826.jpg.chip.jpg,7,/Users/cipherxishant/Downloads/archive/UTKFace/7_0_0_20170110215736826.jpg.chip.jpg,1,0,1,0,0,0,0,78.62891387939453,59.88518142700195,180.80130004882812,186.2552947998047
9_0_0_20170110225209168.jpg.chip.jpg,9,/Users/cipherxishant/Downloads/archive/UTKFace/9_0_0_20170110225209168.jpg.chip.jpg,1,0,1,0,0,0,0,72.65265655517578,55.03656005859375,169.29150390625,175.1758270263672
35_0_3_20170119212039049.jpg.chip.jpg,35,/Users/cipherxishant/Downloads/archive/UTKFace/35_0_3_20170119212039049.jpg.chip.jpg,1,0,0,0,0,1,0,78.46044158935547,64.30928039550781,171.54388427734375,193.6787567138672
8_1_3_20170104221650071.jpg.chip.jpg,8,/Users/cipherxishant/Downloads/archive/UTKFace/8_1_3_20170104221650071.jpg.chip.jpg,0,1,0,0,0,1,0,69.92838287353516,57.85231018066406,161.793701171875,182.8238525390625
51_0_0_20170111171747330.jpg.chip.jpg,51,/Users/cipherxishant/Downloads/archive/UTKFace/51_0_0_20170111171747330.jpg.chip.jpg,1,0,1,0,0,0,0,86.67633819580078,74.7880859375,168.34915161132812,204.32720947265625
28_0_3_20170119194507819.jpg.chip.jpg,28,/Users/cipherxishant/Downloads/archive/UTKFace/28_0_3_20170119194507819.jpg.chip.jpg,1,0,0,0,0,1,0,79.7971420288086,65.59278106689453,177.86306762695312,195.83389282226562
42_0_0_20170113183421343.jpg.chip.jpg,42,/Users/cipherxishant/Downloads/archive/UTKFace/42_0_0_20170113183421343.jpg.chip.jpg,1,0,1,0,0,0,0,84.24311828613281,75.07804870605469,187.4794158935547,197.58164978027344
56_1_1_20170110153339650.jpg.chip.jpg,56,/Users/cipherxishant/Downloads/archive/UTKFace/56_1_1_20170110153339650.jpg.chip.jpg,0,1,0,1,0,0,0,73.53550720214844,64.0703125,152.26133728027344,196.1877899169922
34_0_3_20170119200559340.jpg.chip.jpg,34,/Users/cipherxishant/Downloads/archive/UTKFace/34_0_3_20170119200559340.jpg.chip.jpg,1,0,0,0,0,1,0,78.87281799316406,66.47733306884766,168.6865997314453,200.16864013671875
23_0_1_20170115231442487.jpg.chip.jpg,23,/Users/cipherxishant/Downloads/archive/UTKFace/23_0_1_20170115231442487.jpg.chip.jpg,1,0,0,1,0,0,0,76.67093658447266,55.918663024902344,186.49411010742188,189.57345581054688
35_0_0_20170117171756675.jpg.chip.jpg,35,/Users/cipherxishant/Downloads/archive/UTKFace/35_0_0_20170117171756675.jpg.chip.jpg,1,0,1,0,0,0,0,71.384521484375,56.12575149536133,162.73779296875,194.84112548828125
49_1_0_20170104192623743.jpg.chip.jpg,49,/Users/cipherxishant/Downloads/archive/UTKFace/49_1_0_20170104192623743.jpg.chip.jpg,0,1,1,0,0,0,0,83.77932739257812,75.80897521972656,178.57879638671875,195.99195861816406
89_0_2_20170112224513149.jpg.chip.jpg,89,/Users/cipherxishant/Downloads/archive/UTKFace/89_0_2_20170112224513149.jpg.chip.jpg,1,0,0,0,1,0,0,81.34205627441406,65.23763275146484,163.58151245117188,196.81112670898438
36_0_0_20170117183232940.jpg.chip.jpg,36,/Users/cipherxishant/Downloads/archive/UTKFace/36_0_0_20170117183232940.jpg.chip.jpg,1,0,1,0,0,0,0,80.68297576904297,65.44087982177734,164.01893615722656,200.8922882080078
6_1_0_20170109201859697.jpg.chip.jpg,6,/Users/cipherxishant/Downloads/archive/UTKFace/6_1_0_20170109201859697.jpg.chip.jpg,0,1,1,0,0,0,0,75.28475189208984,58.76224899291992,159.74449157714844,189.11331176757812
55_0_3_20170119181128452.jpg.chip.jpg,55,/Users/cipherxishant/Downloads/archive/UTKFace/55_0_3_20170119181128452.jpg.chip.jpg,1,0,0,0,0,1,0,79.2469711303711,64.22232818603516,178.15533447265625,189.48382568359375
14_1_0_20170103183504594.jpg.chip.jpg,14,/Users/cipherxishant/Downloads/archive/UTKFace/14_1_0_20170103183504594.jpg.chip.jpg,0,1,1,0,0,0,0,79.7345199584961,65.1458969116211,174.37286376953125,197.4840087890625
78_0_2_20170112222034500.jpg.chip.jpg,78,/Users/cipherxishant/Downloads/archive/UTKFace/78_0_2_20170112222034500.jpg.chip.jpg,1,0,0,0,1,0,0,74.3893814086914,57.58945083618164,159.14634704589844,192.16310119628906
60_0_3_20170117175443809.jpg.chip.jpg,60,/Users/cipherxishant/Downloads/archive/UTKFace/60_0_3_20170117175443809.jpg.chip.jpg,1,0,0,0,0,1,0,83.52810668945312,75.07994842529297,159.47535705566406,187.56735229492188
18_0_4_20170104011044048.jpg.chip.jpg,18,/Users/cipherxishant/Downloads/archive/UTKFace/18_0_4_20170104011044048.jpg.chip.jpg,1,0,0,0,0,0,1,74.13638305664062,62.0324821472168,157.4521484375,200.7821502685547
1_1_0_20170109190810090.jpg.chip.jpg,1,/Users/cipherxishant/Downloads/archive/UTKFace/1_1_0_20170109190810090.jpg.chip.jpg,0,1,1,0,0,0,0,80.48908996582031,69.23712921142578,171.65309143066406,204.07516479492188
23_1_3_20170119164545181.jpg.chip.jpg,23,/Users/cipherxishant/Downloads/archive/UTKFace/23_1_3_20170119164545181.jpg.chip.jpg,0,1,0,0,0,1,0,72.21963500976562,63.71718215942383,154.321533203125,190.0032501220703
50_1_3_20170109134207312.jpg.chip.jpg,50,/Users/cipherxishant/Downloads/archive/UTKFace/50_1_3_20170109134207312.jpg.chip.jpg,0,1,0,0,0,1,0,65.54087829589844,55.400386810302734,149.586669921875,196.3013153076172
7_0_0_20170110215648859.jpg.chip.jpg,7,/Users/cipherxishant/Downloads/archive/UTKFace/7_0_0_20170110215648859.jpg.chip.jpg,1,0,1,0,0,0,0,80.10436248779297,63.624393463134766,165.5506134033203,186.6287384033203
45_0_0_20170117135621471.jpg.chip.jpg,45,/Users/cipherxishant/Downloads/archive/UTKFace/45_0_0_20170117135621471.jpg.chip.jpg,1,0,1,0,0,0,0,74.20234680175781,63.94418716430664,159.44969177246094,192.39385986328125
26_1_0_20170117003146021.jpg.chip.jpg,26,/Users/cipherxishant/Downloads/archive/UTKFace/26_1_0_20170117003146021.jpg.chip.jpg,0,1,1,0,0,0,0,67.20120239257812,53.17759704589844,148.259521484375,187.76516723632812
77_1_0_20170120221930573.jpg.chip.jpg,77,/Users/cipherxishant/Downloads/archive/UTKFace/77_1_0_20170120221930573.jpg.chip.jpg,0,1,1,0,0,0,0,76.8736801147461,61.356380462646484,172.89462280273438,194.30738830566406
32_0_0_20170104172409163.jpg.chip.jpg,32,/Users/cipherxishant/Downloads/archive/UTKFace/32_0_0_20170104172409163.jpg.chip.jpg,1,0,1,0,0,0,0,78.53877258300781,64.83336639404297,163.17454528808594,201.53961181640625
47_1_0_20170109220729248.jpg.chip.jpg,47,/Users/cipherxishant/Downloads/archive/UTKFace/47_1_0_20170109220729248.jpg.chip.jpg,0,1,1,0,0,0,0,80.45834350585938,70.22067260742188,158.70591735839844,193.068359375
32_0_0_20170105172708084.jpg.chip.jpg,32,/Users/cipherxishant/Downloads/archive/UTKFace/32_0_0_20170105172708084.jpg.chip.jpg,1,0,1,0,0,0,0,85.18330383300781,75.71218872070312,181.97775268554688,204.09129333496094
57_0_0_20170109012626427.jpg.chip.jpg,57,/Users/cipherxishant/Downloads/archive/UTKFace/57_0_0_20170109012626427.jpg.chip.jpg,1,0,1,0,0,0,0,82.44326782226562,71.9586181640625,166.85354614257812,195.1363525390625
55_0_2_20170117172114356.jpg.chip.jpg,55,/Users/cipherxishant/Downloads/archive/UTKFace/55_0_2_20170117172114356.jpg.chip.jpg,1,0,0,0,1,0,0,84.6762466430664,72.16265869140625,169.67974853515625,199.99057006835938
54_0_0_20170120223356317.jpg.chip.jpg,54,/Users/cipherxishant/Downloads/archive/UTKFace/54_0_0_20170120223356317.jpg.chip.jpg,1,0,1,0,0,0,0,81.25364685058594,67.23939514160156,171.43374633789062,192.54083251953125
3_0_1_20170110213659314.jpg.chip.jpg,3,/Users/cipherxishant/Downloads/archive/UTKFace/3_0_1_20170110213659314.jpg.chip.jpg,1,0,0,1,0,0,0,80.50208282470703,65.78291320800781,180.71334838867188,197.5655975341797
34_0_1_20170116003716387.jpg.chip.jpg,34,/Users/cipherxishant/Downloads/archive/UTKFace/34_0_1_20170116003716387.jpg.chip.jpg,1,0,0,1,0,0,0,74.77130126953125,62.2301025390625,161.14993286132812,197.4290771484375
31_1_1_20170112213126246.jpg.chip.jpg,31,/Users/cipherxishant/Downloads/archive/UTKFace/31_1_1_20170112213126246.jpg.chip.jpg,0,1,0,1,0,0,0,70.81995391845703,61.610511779785156,155.02420043945312,188.62510681152344
23_0_0_20170104004006925.jpg.chip.jpg,23,/Users/cipherxishant/Downloads/archive/UTKFace/23_0_0_20170104004006925.jpg.chip.jpg,1,0,1,0,0,0,0,89.3438720703125,81.53192138671875,171.01300048828125,208.86691284179688
38_0_0_20170117184616952.jpg.chip.jpg,38,/Users/cipherxishant/Downloads/archive/UTKFace/38_0_0_20170117184616952.jpg.chip.jpg,1,0,1,0,0,0,0,82.76373291015625,68.58589172363281,168.7432403564453,198.81202697753906
26_1_0_20170117170847202.jpg.chip.jpg,26,/Users/cipherxishant/Downloads/archive/UTKFace/26_1_0_20170117170847202.jpg.chip.jpg,0,1,1,0,0,0,0,75.55322265625,63.33830642700195,159.24765014648438,196.87586975097656
27_0_1_20170117013658301.jpg.chip.jpg,27,/Users/cipherxishant/Downloads/archive/UTKFace/27_0_1_20170117013658301.jpg.chip.jpg,1,0,0,1,0,0,0,76.6666259765625,65.65565490722656,161.20773315429688,195.40206909179688
26_0_0_20170108235818665.jpg.chip.jpg,26,/Users/cipherxishant/Downloads/archive/UTKFace/26_0_0_20170108235818665.jpg.chip.jpg,1,0,1,0,0,0,0,75.56452941894531,63.84379577636719,158.89620971679688,200.8238983154297
25_1_3_20170119171512535.jpg.chip.jpg,25,/Users/cipherxishant/Downloads/archive/UTKFace/25_1_3_20170119171512535.jpg.chip.jpg,0,1,0,0,0,1,0,79.81375122070312,70.00961303710938,182.5079803466797,190.2890625
28_1_0_20170109003515954.jpg.chip.jpg,28,/Users/cipherxishant/Downloads/archive/UTKFace/28_1_0_20170109003515954.jpg.chip.jpg,0,1,1,0,0,0,0,82.41679382324219,75.04816436767578,171.137939453125,203.91036987304688
47_0_0_20170103183528850.jpg.chip.jpg,47,/Users/cipherxishant/Downloads/archive/UTKFace/47_0_0_20170103183528850.jpg.chip.jpg,1,0,1,0,0,0,0,77.6981430053711,67.73961639404297,157.86856079101562,201.09303283691406
24_1_0_20170104233906146.jpg.chip.jpg,24,/Users/cipherxishant/Downloads/archive/UTKFace/24_1_0_20170104233906146.jpg.chip.jpg,0,1,1,0,0,0,0,75.73491668701172,62.318450927734375,164.70228576660156,189.51547241210938
60_0_3_20170119205726487.jpg.chip.jpg,60,/Users/cipherxishant/Downloads/archive/UTKFace/60_0_3_20170119205726487.jpg.chip.jpg,1,0,0,0,0,1,0,81.23562622070312,70.44495391845703,174.58628845214844,187.37144470214844
46_1_0_20170104171626722.jpg.chip.jpg,46,/Users/cipherxishant/Downloads/archive/UTKFace/46_1_0_20170104171626722.jpg.chip.jpg,0,1,1,0,0,0,0,86.01043701171875,71.22403717041016,170.33665466308594,194.87306213378906
60_1_0_20170110153231658.jpg.chip.jpg,60,/Users/cipherxishant/Downloads/archive/UTKFace/60_1_0_20170110153231658.jpg.chip.jpg,0,1,1,0,0,0,0,75.23853302001953,58.275245666503906,170.60098266601562,189.32958984375
26_0_4_20170117200446422.jpg.chip.jpg,26,/Users/cipherxishant/Downloads/archive/UTKFace/26_0_4_20170117200446422.jpg.chip.jpg,1,0,0,0,0,0,1,74.32329559326172,61.880226135253906,160.0933837890625,196.9073944091797
66_1_0_20170110143321085.jpg.chip.jpg,66,/Users/cipherxishant/Downloads/archive/UTKFace/66_1_0_20170110143321085.jpg.chip.jpg,0,1,1,0,0,0,0,83.43546295166016,72.91427612304688,177.0897216796875,201.95562744140625
57_0_0_20170109003027076.jpg.chip.jpg,57,/Users/cipherxishant/Downloads/archive/UTKFace/57_0_0_20170109003027076.jpg.chip.jpg,1,0,1,0,0,0,0,83.00962829589844,70.60667419433594,173.7211151123047,204.58502197265625
46_0_3_20170119183229046.jpg.chip.jpg,46,/Users/cipherxishant/Downloads/archive/UTKFace/46_0_3_20170119183229046.jpg.chip.jpg,1,0,0,0,0,1,0,84.35760498046875,73.7752914428711,179.2125244140625,195.50437927246094
72_0_0_20170111210705162.jpg.chip.jpg,72,/Users/cipherxishant/Downloads/archive/UTKFace/72_0_0_20170111210705162.jpg.chip.jpg,1,0,1,0,0,0,0,83.25069427490234,70.53119659423828,183.19886779785156,198.162353515625
6_1_0_20170109204905156.jpg.chip.jpg,6,/Users/cipherxishant/Downloads/archive/UTKFace/6_1_0_20170109204905156.jpg.chip.jpg,0,1,1,0,0,0,0,80.4695816040039,64.30554962158203,180.22520446777344,188.5726776123047
30_0_0_20170117142111641.jpg.chip.jpg,30,/Users/cipherxishant/Downloads/archive/UTKFace/30_0_0_20170117142111641.jpg.chip.jpg,1,0,1,0,0,0,0,76.84703826904297,65.36054229736328,162.5577850341797,195.10516357421875
24_0_4_20170117194435668.jpg.chip.jpg,24,/Users/cipherxishant/Downloads/archive/UTKFace/24_0_4_20170117194435668.jpg.chip.jpg,1,0,0,0,0,0,1,80.70133209228516,67.2197494506836,160.736328125,201.58872985839844
2_1_3_20161219225702256.jpg.chip.jpg,2,/Users/cipherxishant/Downloads/archive/UTKFace/2_1_3_20161219225702256.jpg.chip.jpg,0,1,0,0,0,1,0,82.87069702148438,64.59712219238281,189.71075439453125,191.27276611328125
28_0_3_20170119211528073.jpg.chip.jpg,28,/Users/cipherxishant/Downloads/archive/UTKFace/28_0_3_20170119211528073.jpg.chip.jpg,1,0,0,0,0,1,0,76.41644287109375,60.80768585205078,173.64630126953125,185.10693359375
30_0_1_20170117123820956.jpg.chip.jpg,30,/Users/cipherxishant/Downloads/archive/UTKFace/30_0_1_20170117123820956.jpg.chip.jpg,1,0,0,1,0,0,0,79.5523452758789,75.24385070800781,164.35325622558594,197.9674072265625
81_1_0_20170110125407444.jpg.chip.jpg,81,/Users/cipherxishant/Downloads/archive/UTKFace/81_1_0_20170110125407444.jpg.chip.jpg,0,1,1,0,0,0,0,74.50648498535156,57.62846755981445,156.85317993164062,201.4600830078125
54_0_0_20170120223421389.jpg.chip.jpg,54,/Users/cipherxishant/Downloads/archive/UTKFace/54_0_0_20170120223421389.jpg.chip.jpg,1,0,1,0,0,0,0,79.19255828857422,67.89556121826172,169.43031311035156,195.45655822753906
81_1_0_20170120230532540.jpg.chip.jpg,81,/Users/cipherxishant/Downloads/archive/UTKFace/81_1_0_20170120230532540.jpg.chip.jpg,0,1,1,0,0,0,0,80.84685516357422,70.32115173339844,166.16578674316406,193.89320373535156
32_1_2_20170116162312021.jpg.chip.jpg,32,/Users/cipherxishant/Downloads/archive/UTKFace/32_1_2_20170116162312021.jpg.chip.jpg,0,1,0,0,1,0,0,77.5956802368164,68.02765655517578,172.9530792236328,198.3119659423828
1_1_3_20161219224951912.jpg.chip.jpg,1,/Users/cipherxishant/Downloads/archive/UTKFace/1_1_3_20161219224951912.jpg.chip.jpg,0,1,0,0,0,1,0,83.4723892211914,66.20764923095703,187.23153686523438,190.37901306152344
30_1_3_20170109141058153.jpg.chip.jpg,30,/Users/cipherxishant/Downloads/archive/UTKFace/30_1_3_20170109141058153.jpg.chip.jpg,0,1,0,0,0,1,0,77.25218200683594,66.95015716552734,161.34127807617188,187.02316284179688
45_0_0_20170104210627331.jpg.chip.jpg,45,/Users/cipherxishant/Downloads/archive/UTKFace/45_0_0_20170104210627331.jpg.chip.jpg,1,0,1,0,0,0,0,77.66029357910156,67.00113677978516,163.73715209960938,196.7091064453125
34_0_0_20170116232927836.jpg.chip.jpg,34,/Users/cipherxishant/Downloads/archive/UTKFace/34_0_0_20170116232927836.jpg.chip.jpg,1,0,1,0,0,0,0,87.49210357666016,76.40953063964844,171.8516082763672,202.80465698242188
20_1_1_20170116215855605.jpg.chip.jpg,20,/Users/cipherxishant/Downloads/archive/UTKFace/20_1_1_20170116215855605.jpg.chip.jpg,0,1,0,1,0,0,0,72.06749725341797,57.67617416381836,160.66354370117188,183.43507385253906
45_0_0_20170104202521936.jpg.chip.jpg,45,/Users/cipherxishant/Downloads/archive/UTKFace/45_0_0_20170104202521936.jpg.chip.jpg,1,0,1,0,0,0,0,72.09529113769531,62.278133392333984,151.8936004638672,185.32357788085938
34_1_0_20170103163031248.jpg.chip.jpg,34,/Users/cipherxishant/Downloads/archive/UTKFace/34_1_0_20170103163031248.jpg.chip.jpg,0,1,1,0,0,0,0,77.87654876708984,67.15657043457031,162.49530029296875,203.18218994140625
100_1_2_20170112213615815.jpg.chip.jpg,100,/Users/cipherxishant/Downloads/archive/UTKFace/100_1_2_20170112213615815.jpg.chip.jpg,0,1,0,0,1,0,0,79.24097442626953,62.173851013183594,158.84764099121094,187.9833526611328
52_1_3_20170109133341959.jpg.chip.jpg,52,/Users/cipherxishant/Downloads/archive/UTKFace/52_1_3_20170109133341959.jpg.chip.jpg,0,1,0,0,0,1,0,86.57212829589844,76.27515411376953,168.5615692138672,208.09988403320312
22_0_3_20170117143056386.jpg.chip.jpg,22,/Users/cipherxishant/Downloads/archive/UTKFace/22_0_3_20170117143056386.jpg.chip.jpg,1,0,0,0,0,1,0,69.80994415283203,66.26531219482422,145.83119201660156,197.1144256591797
2_1_3_20161220144550221.jpg.chip.jpg,2,/Users/cipherxishant/Downloads/archive/UTKFace/2_1_3_20161220144550221.jpg.chip.jpg,0,1,0,0,0,1,0,79.42292785644531,64.81531524658203,187.19895935058594,184.3455047607422
34_0_3_20170119200728660.jpg.chip.jpg,34,/Users/cipherxishant/Downloads/archive/UTKFace/34_0_3_20170119200728660.jpg.chip.jpg,1,0,0,0,0,1,0,79.2802734375,63.94158935546875,165.34828186035156,204.00856018066406
35_0_1_20170117143158631.jpg.chip.jpg,35,/Users/cipherxishant/Downloads/archive/UTKFace/35_0_1_20170117143158631.jpg.chip.jpg,1,0,0,1,0,0,0,87.05309295654297,79.41967010498047,182.2528076171875,213.99070739746094
26_1_3_20170119150012157.jpg.chip.jpg,26,/Users/cipherxishant/Downloads/archive/UTKFace/26_1_3_20170119150012157.jpg.chip.jpg,0,1,0,0,0,1,0,71.2811279296875,58.16188430786133,162.29022216796875,184.7468719482422
45_0_3_20170119195808299.jpg.chip.jpg,45,/Users/cipherxishant/Downloads/archive/UTKFace/45_0_3_20170119195808299.jpg.chip.jpg,1,0,0,0,0,1,0,84.85347747802734,67.02664947509766,189.34970092773438,203.4620361328125
1_0_0_20170109193647852.jpg.chip.jpg,1,/Users/cipherxishant/Downloads/archive/UTKFace/1_0_0_20170109193647852.jpg.chip.jpg,1,0,1,0,0,0,0,84.38524627685547,68.1639175415039,189.79891967773438,206.97950744628906
42_0_0_20170113184251398.jpg.chip.jpg,42,/Users/cipherxishant/Downloads/archive/UTKFace/42_0_0_20170113184251398.jpg.chip.jpg,1,0,1,0,0,0,0,80.53022766113281,63.05682373046875,188.14239501953125,192.339599609375
24_1_3_20170119171011143.jpg.chip.jpg,24,/Users/cipherxishant/Downloads/archive/UTKFace/24_1_3_20170119171011143.jpg.chip.jpg,0,1,0,0,0,1,0,72.5037612915039,58.30660629272461,152.9491424560547,192.5878448486328
21_1_4_20170103225014665.jpg.chip.jpg,21,/Users/cipherxishant/Downloads/archive/UTKFace/21_1_4_20170103225014665.jpg.chip.jpg,0,1,0,0,0,0,1,74.5296401977539,65.96540832519531,163.1009979248047,195.4152069091797
26_1_4_20170117201852933.jpg.chip.jpg,26,/Users/cipherxishant/Downloads/archive/UTKFace/26_1_4_20170117201852933.jpg.chip.jpg,0,1,0,0,0,0,1,75.86323547363281,62.97087097167969,156.2735595703125,190.22132873535156
26_1_1_20170116171846657.jpg.chip.jpg,26,/Users/cipherxishant/Downloads/archive/UTKFace/26_1_1_20170116171846657.jpg.chip.jpg,0,1,0,1,0,0,0,82.53339385986328,66.05847930908203,181.86521911621094,185.12918090820312
79_1_0_20170120225840978.jpg.chip.jpg,79,/Users/cipherxishant/Downloads/archive/UTKFace/79_1_0_20170120225840978.jpg.chip.jpg,0,1,1,0,0,0,0,79.20561218261719,67.94222259521484,159.6849365234375,196.87026977539062
40_1_0_20170117144921201.jpg.chip.jpg,40,/Users/cipherxishant/Downloads/archive/UTKFace/40_1_0_20170117144921201.jpg.chip.jpg,0,1,1,0,0,0,0,81.61532592773438,71.42911529541016,167.95635986328125,202.45217895507812
42_0_0_20170117154804658.jpg.chip.jpg,42,/Users/cipherxishant/Downloads/archive/UTKFace/42_0_0_20170117154804658.jpg.chip.jpg,1,0,1,0,0,0,0,78.61454772949219,66.88176727294922,169.8905487060547,197.2523956298828
35_1_2_20170116184621951.jpg.chip.jpg,35,/Users/cipherxishant/Downloads/archive/UTKFace/35_1_2_20170116184621951.jpg.chip.jpg,0,1,0,0,1,0,0,77.62390899658203,65.79698181152344,168.3736114501953,204.36778259277344
68_0_3_20170113185529025.jpg.chip.jpg,68,/Users/cipherxishant/Downloads/archive/UTKFace/68_0_3_20170113185529025.jpg.chip.jpg,1,0,0,0,0,1,0,77.73905944824219,66.19100952148438,176.2747344970703,196.39370727539062
24_0_3_20170119150342598.jpg.chip.jpg,24,/Users/cipherxishant/Downloads/archive/UTKFace/24_0_3_20170119150342598.jpg.chip.jpg,1,0,0,0,0,1,0,81.12434387207031,66.52721405029297,174.22743225097656,196.2129669189453
17_0_4_20170103234631508.jpg.chip.jpg,17,/Users/cipherxishant/Downloads/archive/UTKFace/17_0_4_20170103234631508.jpg.chip.jpg,1,0,0,0,0,0,1,86.86408233642578,74.26533508300781,168.03843688964844,203.64244079589844
27_0_1_20170117010518799.jpg.chip.jpg,27,/Users/cipherxishant/Downloads/archive/UTKFace/27_0_1_20170117010518799.jpg.chip.jpg,1,0,0,1,0,0,0,72.4439468383789,62.059791564941406,160.39332580566406,195.27392578125
40_0_4_20170113183427182.jpg.chip.jpg,40,/Users/cipherxishant/Downloads/archive/UTKFace/40_0_4_20170113183427182.jpg.chip.jpg,1,0,0,0,0,0,1,72.13638305664062,58.626060485839844,156.25595092773438,188.47305297851562
36_0_0_20170105163342059.jpg.chip.jpg,36,/Users/cipherxishant/Downloads/archive/UTKFace/36_0_0_20170105163342059.jpg.chip.jpg,1,0,1,0,0,0,0,83.41181945800781,74.70145416259766,169.0473175048828,206.919189453125
75_0_0_20170111204958277.jpg.chip.jpg,75,/Users/cipherxishant/Downloads/archive/UTKFace/75_0_0_20170111204958277.jpg.chip.jpg,1,0,1,0,0,0,0,72.49711608886719,60.0072135925293,158.85458374023438,196.69781494140625
35_0_3_20170104215607486.jpg.chip.jpg,35,/Users/cipherxishant/Downloads/archive/UTKFace/35_0_3_20170104215607486.jpg.chip.jpg,1,0,0,0,0,1,0,73.17992401123047,59.52091979980469,168.4368133544922,204.6785888671875
25_0_2_20170104021135333.jpg.chip.jpg,25,/Users/cipherxishant/Downloads/archive/UTKFace/25_0_2_20170104021135333.jpg.chip.jpg,1,0,0,0,1,0,0,75.75884246826172,62.27095413208008,157.1537628173828,194.74566650390625
25_0_0_20170117134639822.jpg.chip.jpg,25,/Users/cipherxishant/Downloads/archive/UTKFace/25_0_0_20170117134639822.jpg.chip.jpg,1,0,1,0,0,0,0,82.04492950439453,68.60505676269531,181.38668823242188,205.24822998046875
62_0_2_20170112191340365.jpg.chip.jpg,62,/Users/cipherxishant/Downloads/archive/UTKFace/62_0_2_20170112191340365.jpg.chip.jpg,1,0,0,0,1,0,0,69.82006072998047,55.517696380615234,159.4372100830078,191.65536499023438
1_0_3_20161219224748008.jpg.chip.jpg,1,/Users/cipherxishant/Downloads/archive/UTKFace/1_0_3_20161219224748008.jpg.chip.jpg,1,0,0,0,0,1,0,78.55937194824219,54.61249542236328,187.563232421875,192.3780059814453
28_1_0_20170117180704448.jpg.chip.jpg,28,/Users/cipherxishant/Downloads/archive/UTKFace/28_1_0_20170117180704448.jpg.chip.jpg,0,1,1,0,0,0,0,88.03223419189453,80.30294799804688,175.59129333496094,206.7162322998047
1_0_3_20161220144657607.jpg.chip.jpg,1,/Users/cipherxishant/Downloads/archive/UTKFace/1_0_3_20161220144657607.jpg.chip.jpg,1,0,0,0,0,1,0,75.62895965576172,49.11656188964844,183.455078125,178.61158752441406
1_0_0_20161219190045155.jpg.chip.jpg,1,/Users/cipherxishant/Downloads/archive/UTKFace/1_0_0_20161219190045155.jpg.chip.jpg,1,0,1,0,0,0,0,85.21873474121094,66.02850341796875,191.67239379882812,208.3157958984375
36_0_0_20170117135442285.jpg.chip.jpg,36,/Users/cipherxishant/Downloads/archive/UTKFace/36_0_0_20170117135442285.jpg.chip.jpg,1,0,1,0,0,0,0,85.6500015258789,73.29289245605469,169.96055603027344,200.4772186279297
56_0_2_20170112221925748.jpg.chip.jpg,56,/Users/cipherxishant/Downloads/archive/UTKFace/56_0_2_20170112221925748.jpg.chip.jpg,1,0,0,0,1,0,0,82.15108489990234,69.17597198486328,161.72866821289062,204.705810546875
8_1_0_20170109203434803.jpg.chip.jpg,8,/Users/cipherxishant/Downloads/archive/UTKFace/8_1_0_20170109203434803.jpg.chip.jpg,0,1,1,0,0,0,0,83.53376007080078,68.87892150878906,182.31390380859375,196.9483642578125
35_1_1_20170117154115861.jpg.chip.jpg,35,/Users/cipherxishant/Downloads/archive/UTKFace/35_1_1_20170117154115861.jpg.chip.jpg,0,1,0,1,0,0,0,65.38355255126953,60.55064392089844,142.53060913085938,193.28842163085938
5_1_4_20161221201952681.jpg.chip.jpg,5,/Users/cipherxishant/Downloads/archive/UTKFace/5_1_4_20161221201952681.jpg.chip.jpg,0,1,0,0,0,0,1,81.86487579345703,65.62638854980469,174.39584350585938,194.69227600097656
25_0_4_20170113133224545.jpg.chip.jpg,25,/Users/cipherxishant/Downloads/archive/UTKFace/25_0_4_20170113133224545.jpg.chip.jpg,1,0,0,0,0,0,1,75.88009643554688,63.92067337036133,161.3614959716797,198.20681762695312
70_1_0_20170110181712528.jpg.chip.jpg,70,/Users/cipherxishant/Downloads/archive/UTKFace/70_1_0_20170110181712528.jpg.chip.jpg,0,1,1,0,0,0,0,69.38299560546875,56.90725326538086,153.84371948242188,190.7917938232422
28_0_0_20170105164855636.jpg.chip.jpg,28,/Users/cipherxishant/Downloads/archive/UTKFace/28_0_0_20170105164855636.jpg.chip.jpg,1,0,1,0,0,0,0,74.07798767089844,64.7541732788086,154.46463012695312,196.3104705810547
60_0_2_20170116182650366.jpg.chip.jpg,60,/Users/cipherxishant/Downloads/archive/UTKFace/60_0_2_20170116182650366.jpg.chip.jpg,1,0,0,0,1,0,0,72.91040802001953,62.70899200439453,161.957275390625,192.63137817382812
85_1_0_20170110182028892.jpg.chip.jpg,85,/Users/cipherxishant/Downloads/archive/UTKFace/85_1_0_20170110182028892.jpg.chip.jpg,0,1,1,0,0,0,0,70.43655395507812,56.56979751586914,152.2338104248047,185.64540100097656
50_0_3_20170119202107229.jpg.chip.jpg,50,/Users/cipherxishant/Downloads/archive/UTKFace/50_0_3_20170119202107229.jpg.chip.jpg,1,0,0,0,0,1,0,76.2545166015625,63.20677185058594,161.0734405517578,206.98681640625
26_0_1_20170113152156561.jpg.chip.jpg,26,/Users/cipherxishant/Downloads/archive/UTKFace/26_0_1_20170113152156561.jpg.chip.jpg,1,0,0,1,0,0,0,84.4823989868164,71.29624938964844,165.19973754882812,194.57672119140625
50_0_3_20170119205556344.jpg.chip.jpg,50,/Users/cipherxishant/Downloads/archive/UTKFace/50_0_3_20170119205556344.jpg.chip.jpg,1,0,0,0,0,1,0,78.05498504638672,60.560890197753906,158.56407165527344,195.07565307617188
67_0_1_20170117190207133.jpg.chip.jpg,67,/Users/cipherxishant/Downloads/archive/UTKFace/67_0_1_20170117190207133.jpg.chip.jpg,1,0,0,1,0,0,0,76.68452453613281,61.9817008972168,159.1218719482422,189.38082885742188
26_1_3_20170119192302345.jpg.chip.jpg,26,/Users/cipherxishant/Downloads/archive/UTKFace/26_1_3_20170119192302345.jpg.chip.jpg,0,1,0,0,0,1,0,77.17599487304688,61.84091567993164,172.49549865722656,182.6983642578125
35_0_4_20170117153255579.jpg.chip.jpg,35,/Users/cipherxishant/Downloads/archive/UTKFace/35_0_4_20170117153255579.jpg.chip.jpg,1,0,0,0,0,0,1,70.96805572509766,60.926822662353516,158.01705932617188,200.88601684570312
22_0_0_20170108224621224.jpg.chip.jpg,22,/Users/cipherxishant/Downloads/archive/UTKFace/22_0_0_20170108224621224.jpg.chip.jpg,1,0,1,0,0,0,0,82.31214141845703,69.8450698852539,181.60723876953125,194.77536010742188
27_1_1_20170113001019472.jpg.chip.jpg,27,/Users/cipherxishant/Downloads/archive/UTKFace/27_1_1_20170113001019472.jpg.chip.jpg,0,1,0,1,0,0,0,87.43785095214844,73.39920043945312,169.54017639160156,197.7117462158203
62_0_1_20170113190628890.jpg.chip.jpg,62,/Users/cipherxishant/Downloads/archive/UTKFace/62_0_1_20170113190628890.jpg.chip.jpg,1,0,0,1,0,0,0,78.9747543334961,67.63850402832031,170.99830627441406,196.55996704101562
41_0_3_20170109140906863.jpg.chip.jpg,41,/Users/cipherxishant/Downloads/archive/UTKFace/41_0_3_20170109140906863.jpg.chip.jpg,1,0,0,0,0,1,0,76.15765380859375,62.99661636352539,164.2394256591797,190.74581909179688
35_0_0_20170117154349847.jpg.chip.jpg,35,/Users/cipherxishant/Downloads/archive/UTKFace/35_0_0_20170117154349847.jpg.chip.jpg,1,0,1,0,0,0,0,82.53311920166016,70.52024841308594,170.04721069335938,198.62278747558594
32_1_1_20170114024626132.jpg.chip.jpg,32,/Users/cipherxishant/Downloads/archive/UTKFace/32_1_1_20170114024626132.jpg.chip.jpg,0,1,0,1,0,0,0,64.69437408447266,54.118377685546875,149.37289428710938,182.7678680419922
17_0_0_20170116205554725.jpg.chip.jpg,17,/Users/cipherxishant/Downloads/archive/UTKFace/17_0_0_20170116205554725.jpg.chip.jpg,1,0,1,0,0,0,0,77.70808410644531,57.65105438232422,178.3030548095703,189.38632202148438
28_0_3_20170119194817585.jpg.chip.jpg,28,/Users/cipherxishant/Downloads/archive/UTKFace/28_0_3_20170119194817585.jpg.chip.jpg,1,0,0,0,0,1,0,74.73473358154297,64.27660369873047,155.30233764648438,195.132568359375
58_0_1_20170117193132038.jpg.chip.jpg,58,/Users/cipherxishant/Downloads/archive/UTKFace/58_0_1_20170117193132038.jpg.chip.jpg,1,0,0,1,0,0,0,88.14752960205078,75.64241790771484,163.6427459716797,201.03131103515625
32_0_0_20170117182315092.jpg.chip.jpg,32,/Users/cipherxishant/Downloads/archive/UTKFace/32_0_0_20170117182315092.jpg.chip.jpg,1,0,1,0,0,0,0,79.44116973876953,65.70355224609375,162.12423706054688,190.70220947265625
36_0_0_20170117162945609.jpg.chip.jpg,36,/Users/cipherxishant/Downloads/archive/UTKFace/36_0_0_20170117162945609.jpg.chip.jpg,1,0,1,0,0,0,0,66.38088989257812,53.56067657470703,153.4142303466797,199.68460083007812
46_0_2_20170116192700927.jpg.chip.jpg,46,/Users/cipherxishant/Downloads/archive/UTKFace/46_0_2_20170116192700927.jpg.chip.jpg,1,0,0,0,1,0,0,75.75784301757812,59.23455047607422,167.7541046142578,192.23094177246094
37_0_0_20170116183826361.jpg.chip.jpg,37,/Users/cipherxishant/Downloads/archive/UTKFace/37_0_0_20170116183826361.jpg.chip.jpg,1,0,1,0,0,0,0,77.59981536865234,67.58377075195312,162.4021453857422,195.14845275878906
40_1_0_20170103163152623.jpg.chip.jpg,40,/Users/cipherxishant/Downloads/archive/UTKFace/40_1_0_20170103163152623.jpg.chip.jpg,0,1,1,0,0,0,0,82.75513458251953,67.15760040283203,191.26551818847656,198.20530700683594
18_1_0_20170105183423287.jpg.chip.jpg,18,/Users/cipherxishant/Downloads/archive/UTKFace/18_1_0_20170105183423287.jpg.chip.jpg,0,1,1,0,0,0,0,81.5582504272461,70.0187759399414,158.93971252441406,197.60301208496094
12_1_2_20170116190115810.jpg.chip.jpg,12,/Users/cipherxishant/Downloads/archive/UTKFace/12_1_2_20170116190115810.jpg.chip.jpg,0,1,0,0,1,0,0,63.55084991455078,52.728607177734375,151.63807678222656,190.01702880859375
56_0_3_20170119180848388.jpg.chip.jpg,56,/Users/cipherxishant/Downloads/archive/UTKFace/56_0_3_20170119180848388.jpg.chip.jpg,1,0,0,0,0,1,0,80.20115661621094,65.01661682128906,160.4015655517578,202.91802978515625
29_1_2_20170116163921292.jpg.chip.jpg,29,/Users/cipherxishant/Downloads/archive/UTKFace/29_1_2_20170116163921292.jpg.chip.jpg,0,1,0,0,1,0,0,74.93406677246094,62.41804885864258,169.4564208984375,193.10459899902344
71_0_0_20170111203734910.jpg.chip.jpg,71,/Users/cipherxishant/Downloads/archive/UTKFace/71_0_0_20170111203734910.jpg.chip.jpg,1,0,1,0,0,0,0,81.5583267211914,67.1118392944336,189.06922912597656,196.61050415039062
35_0_0_20170104201742041.jpg.chip.jpg,35,/Users/cipherxishant/Downloads/archive/UTKFace/35_0_0_20170104201742041.jpg.chip.jpg,1,0,1,0,0,0,0,74.54715728759766,61.636802673339844,167.55038452148438,203.12808227539062
45_0_0_20170104205654636.jpg.chip.jpg,45,/Users/cipherxishant/Downloads/archive/UTKFace/45_0_0_20170104205654636.jpg.chip.jpg,1,0,1,0,0,0,0,81.64790344238281,76.14142608642578,169.03431701660156,202.51248168945312
83_1_0_20170110160644142.jpg.chip.jpg,83,/Users/cipherxishant/Downloads/archive/UTKFace/83_1_0_20170110160644142.jpg.chip.jpg,0,1,1,0,0,0,0,70.64704895019531,59.703346252441406,157.4298553466797,195.12242126464844
34_0_0_20170117190336724.jpg.chip.jpg,34,/Users/cipherxishant/Downloads/archive/UTKFace/34_0_0_20170117190336724.jpg.chip.jpg,1,0,1,0,0,0,0,77.23536682128906,54.39239501953125,181.72628784179688,190.5859832763672
1_1_2_20161219222758263.jpg.chip.jpg,1,/Users/cipherxishant/Downloads/archive/UTKFace/1_1_2_20161219222758263.jpg.chip.jpg,0,1,0,0,1,0,0,74.7464599609375,51.4525260925293,178.91485595703125,193.60845947265625
6_0_0_20170117192243284.jpg.chip.jpg,6,/Users/cipherxishant/Downloads/archive/UTKFace/6_0_0_20170117192243284.jpg.chip.jpg,1,0,1,0,0,0,0,79.14672088623047,62.49882125854492,188.47483825683594,184.53160095214844
9_0_1_20170113175830459.jpg.chip.jpg,9,/Users/cipherxishant/Downloads/archive/UTKFace/9_0_1_20170113175830459.jpg.chip.jpg,1,0,0,1,0,0,0,85.00487518310547,77.58016204833984,181.1225128173828,191.29342651367188
24_1_2_20170116163052645.jpg.chip.jpg,24,/Users/cipherxishant/Downloads/archive/UTKFace/24_1_2_20170116163052645.jpg.chip.jpg,0,1,0,0,1,0,0,72.79151153564453,60.27549743652344,165.7515411376953,194.69046020507812
1_1_2_20161219211512447.jpg.chip.jpg,1,/Users/cipherxishant/Downloads/archive/UTKFace/1_1_2_20161219211512447.jpg.chip.jpg,0,1,0,0,1,0,0,81.33624267578125,57.43928909301758,184.86126708984375,193.00262451171875
70_1_1_20170119205140215.jpg.chip.jpg,70,/Users/cipherxishant/Downloads/archive/UTKFace/70_1_1_20170119205140215.jpg.chip.jpg,0,1,0,1,0,0,0,70.57454681396484,60.900779724121094,148.64500427246094,176.0889434814453
32_0_3_20170119200348476.jpg.chip.jpg,32,/Users/cipherxishant/Downloads/archive/UTKFace/32_0_3_20170119200348476.jpg.chip.jpg,1,0,0,0,0,1,0,84.52194213867188,74.41384887695312,187.7572784423828,198.7660369873047
58_0_3_20170119211538977.jpg.chip.jpg,58,/Users/cipherxishant/Downloads/archive/UTKFace/58_0_3_20170119211538977.jpg.chip.jpg,1,0,0,0,0,1,0,75.5881118774414,57.190208435058594,165.6343231201172,207.3106231689453
4_1_2_20161219195400492.jpg.chip.jpg,4,/Users/cipherxishant/Downloads/archive/UTKFace/4_1_2_20161219195400492.jpg.chip.jpg,0,1,0,0,1,0,0,79.83940887451172,63.8701057434082,176.8572540283203,199.2791748046875
34_1_1_20170112234631399.jpg.chip.jpg,34,/Users/cipherxishant/Downloads/archive/UTKFace/34_1_1_20170112234631399.jpg.chip.jpg,0,1,0,1,0,0,0,70.05826568603516,59.93650436401367,147.286376953125,178.1075439453125
14_0_2_20170104012541763.jpg.chip.jpg,14,/Users/cipherxishant/Downloads/archive/UTKFace/14_0_2_20170104012541763.jpg.chip.jpg,1,0,0,0,1,0,0,85.74454498291016,78.6137924194336,184.85980224609375,202.71237182617188
26_1_1_20170112210842781.jpg.chip.jpg,26,/Users/cipherxishant/Downloads/archive/UTKFace/26_1_1_20170112210842781.jpg.chip.jpg,0,1,0,1,0,0,0,77.82054901123047,63.0462760925293,169.2364501953125,193.77532958984375
1_0_0_20161219205145821.jpg.chip.jpg,1,/Users/cipherxishant/Downloads/archive/UTKFace/1_0_0_20161219205145821.jpg.chip.jpg,1,0,1,0,0,0,0,79.2169189453125,57.683876037597656,179.23426818847656,198.35665893554688
49_0_0_20170117160559335.jpg.chip.jpg,49,/Users/cipherxishant/Downloads/archive/UTKFace/49_0_0_20170117160559335.jpg.chip.jpg,1,0,1,0,0,0,0,78.68116760253906,64.8975601196289,176.47695922851562,193.16311645507812
50_0_0_20170111171747313.jpg.chip.jpg,50,/Users/cipherxishant/Downloads/archive/UTKFace/50_0_0_20170111171747313.jpg.chip.jpg,1,0,1,0,0,0,0,77.76875305175781,71.2183609008789,164.42242431640625,203.09173583984375
27_0_0_20170117192017055.jpg.chip.jpg,27,/Users/cipherxishant/Downloads/archive/UTKFace/27_0_0_20170117192017055.jpg.chip.jpg,1,0,1,0,0,0,0,77.68119049072266,64.87353515625,174.59596252441406,191.62413024902344
68_1_0_20170110155156093.jpg.chip.jpg,68,/Users/cipherxishant/Downloads/archive/UTKFace/68_1_0_20170110155156093.jpg.chip.jpg,0,1,1,0,0,0,0,90.1161117553711,77.25028991699219,170.93545532226562,201.21109008789062
26_1_2_20170116184237219.jpg.chip.jpg,26,/Users/cipherxishant/Downloads/archive/UTKFace/26_1_2_20170116184237219.jpg.chip.jpg,0,1,0,0,1,0,0,74.33318328857422,56.4826774597168,161.51844787597656,183.31289672851562
36_1_0_20170117183334597.jpg.chip.jpg,36,/Users/cipherxishant/Downloads/archive/UTKFace/36_1_0_20170117183334597.jpg.chip.jpg,0,1,1,0,0,0,0,81.26698303222656,70.52284240722656,170.28602600097656,199.8656768798828
34_1_0_20170120140756170.jpg.chip.jpg,34,/Users/cipherxishant/Downloads/archive/UTKFace/34_1_0_20170120140756170.jpg.chip.jpg,0,1,1,0,0,0,0,84.1998291015625,74.16706085205078,170.73727416992188,206.6704559326172
26_1_2_20170116182615565.jpg.chip.jpg,26,/Users/cipherxishant/Downloads/archive/UTKFace/26_1_2_20170116182615565.jpg.chip.jpg,0,1,0,0,1,0,0,83.11210632324219,67.32199096679688,174.04684448242188,190.04364013671875
35_0_2_20170116161354789.jpg.chip.jpg,35,/Users/cipherxishant/Downloads/archive/UTKFace/35_0_2_20170116161354789.jpg.chip.jpg,1,0,0,0,1,0,0,72.5165786743164,55.45907974243164,165.19790649414062,181.36817932128906
1_1_2_20161219210955701.jpg.chip.jpg,1,/Users/cipherxishant/Downloads/archive/UTKFace/1_1_2_20161219210955701.jpg.chip.jpg,0,1,0,0,1,0,0,83.05027770996094,64.19022369384766,192.83836364746094,184.9957275390625
15_0_0_20170116201253769.jpg.chip.jpg,15,/Users/cipherxishant/Downloads/archive/UTKFace/15_0_0_20170116201253769.jpg.chip.jpg,1,0,1,0,0,0,0,84.66368865966797,68.4215316772461,172.2751922607422,189.5897979736328
55_0_3_20170119202256173.jpg.chip.jpg,55,/Users/cipherxishant/Downloads/archive/UTKFace/55_0_3_20170119202256173.jpg.chip.jpg,1,0,0,0,0,1,0,86.96562957763672,73.87872314453125,183.2063751220703,204.5224609375
26_1_3_20170119180813956.jpg.chip.jpg,26,/Users/cipherxishant/Downloads/archive/UTKFace/26_1_3_20170119180813956.jpg.chip.jpg,0,1,0,0,0,1,0,92.43576049804688,78.3133544921875,174.83578491210938,203.0038604736328
65_0_0_20170111201117758.jpg.chip.jpg,65,/Users/cipherxishant/Downloads/archive/UTKFace/65_0_0_20170111201117758.jpg.chip.jpg,1,0,1,0,0,0,0,83.40245819091797,69.6462173461914,166.1346893310547,191.29791259765625
26_1_2_20170116180325633.jpg.chip.jpg,26,/Users/cipherxishant/Downloads/archive/UTKFace/26_1_2_20170116180325633.jpg.chip.jpg,0,1,0,0,1,0,0,78.64045715332031,67.26355743408203,169.7330322265625,190.3738555908203
52_0_0_20170104212319100.jpg.chip.jpg,52,/Users/cipherxishant/Downloads/archive/UTKFace/52_0_0_20170104212319100.jpg.chip.jpg,1,0,1,0,0,0,0,75.6171646118164,65.43268585205078,160.6985626220703,196.02047729492188
2_1_2_20161219162834654.jpg.chip.jpg,2,/Users/cipherxishant/Downloads/archive/UTKFace/2_1_2_20161219162834654.jpg.chip.jpg,0,1,0,0,1,0,0,80.75022888183594,57.72929763793945,191.4013671875,202.0028533935547
54_1_0_20170103183759282.jpg.chip.jpg,54,/Users/cipherxishant/Downloads/archive/UTKFace/54_1_0_20170103183759282.jpg.chip.jpg,0,1,1,0,0,0,0,84.23238372802734,73.30830383300781,164.56675720214844,195.94021606445312
24_0_0_20170116221910075.jpg.chip.jpg,24,/Users/cipherxishant/Downloads/archive/UTKFace/24_0_0_20170116221910075.jpg.chip.jpg,1,0,1,0,0,0,0,74.18644714355469,54.49720764160156,170.14520263671875,187.9513702392578
4_1_0_20170103181119880.jpg.chip.jpg,4,/Users/cipherxishant/Downloads/archive/UTKFace/4_1_0_20170103181119880.jpg.chip.jpg,0,1,1,0,0,0,0,70.34090423583984,56.26278305053711,162.0421142578125,173.9635467529297
49_0_3_20170117130537950.jpg.chip.jpg,49,/Users/cipherxishant/Downloads/archive/UTKFace/49_0_3_20170117130537950.jpg.chip.jpg,1,0,0,0,0,1,0,73.59522247314453,63.374332427978516,162.87802124023438,202.11610412597656
65_0_0_20170117185953586.jpg.chip.jpg,65,/Users/cipherxishant/Downloads/archive/UTKFace/65_0_0_20170117185953586.jpg.chip.jpg,1,0,1,0,0,0,0,80.90328979492188,70.95399475097656,168.13613891601562,201.04107666015625
3_1_0_20170109190802410.jpg.chip.jpg,3,/Users/cipherxishant/Downloads/archive/UTKFace/3_1_0_20170109190802410.jpg.chip.jpg,0,1,1,0,0,0,0,83.80320739746094,71.23442840576172,189.5797576904297,191.18951416015625
54_0_3_20170119210124368.jpg.chip.jpg,54,/Users/cipherxishant/Downloads/archive/UTKFace/54_0_3_20170119210124368.jpg.chip.jpg,1,0,0,0,0,1,0,75.14147186279297,64.14655303955078,165.44944763183594,193.1083221435547
9_0_0_20170110220040107.jpg.chip.jpg,9,/Users/cipherxishant/Downloads/archive/UTKFace/9_0_0_20170110220040107.jpg.chip.jpg,1,0,1,0,0,0,0,65.0771484375,56.818111419677734,147.8804473876953,185.05262756347656
1_0_2_20161219203954396.jpg.chip.jpg,1,/Users/cipherxishant/Downloads/archive/UTKFace/1_0_2_20161219203954396.jpg.chip.jpg,1,0,0,0,1,0,0,82.25900268554688,67.0669937133789,188.20555114746094,195.96563720703125
56_0_0_20170111202409002.jpg.chip.jpg,56,/Users/cipherxishant/Downloads/archive/UTKFace/56_0_0_20170111202409002.jpg.chip.jpg,1,0,1,0,0,0,0,77.23897552490234,61.24361801147461,154.9317169189453,196.56402587890625
26_1_3_20170116233617579.jpg.chip.jpg,26,/Users/cipherxishant/Downloads/archive/UTKFace/26_1_3_20170116233617579.jpg.chip.jpg,0,1,0,0,0,1,0,79.44348907470703,64.50345611572266,169.70697021484375,184.5749053955078
26_1_2_20170116180548534.jpg.chip.jpg,26,/Users/cipherxishant/Downloads/archive/UTKFace/26_1_2_20170116180548534.jpg.chip.jpg,0,1,0,0,1,0,0,77.67379760742188,67.83779907226562,163.33529663085938,193.7606658935547
34_1_0_20170109004742195.jpg.chip.jpg,34,/Users/cipherxishant/Downloads/archive/UTKFace/34_1_0_20170109004742195.jpg.chip.jpg,0,1,1,0,0,0,0,79.67516326904297,67.61827087402344,166.38787841796875,198.7114715576172
65_0_1_20170117182422917.jpg.chip.jpg,65,/Users/cipherxishant/Downloads/archive/UTKFace/65_0_1_20170117182422917.jpg.chip.jpg,1,0,0,1,0,0,0,75.00009155273438,62.14675521850586,168.1640167236328,192.73814392089844
17_1_1_20170114030031959.jpg.chip.jpg,17,/Users/cipherxishant/Downloads/archive/UTKFace/17_1_1_20170114030031959.jpg.chip.jpg,0,1,0,1,0,0,0,76.3812484741211,68.02079010009766,163.51739501953125,188.21990966796875
99_1_0_20170110182052119.jpg.chip.jpg,99,/Users/cipherxishant/Downloads/archive/UTKFace/99_1_0_20170110182052119.jpg.chip.jpg,0,1,1,0,0,0,0,87.97818756103516,60.657997131347656,182.87074279785156,211.85922241210938
28_1_2_20170116190143221.jpg.chip.jpg,28,/Users/cipherxishant/Downloads/archive/UTKFace/28_1_2_20170116190143221.jpg.chip.jpg,0,1,0,0,1,0,0,77.61244201660156,66.8353271484375,166.39849853515625,186.23233032226562
23_1_4_20170117194317100.jpg.chip.jpg,23,/Users/cipherxishant/Downloads/archive/UTKFace/23_1_4_20170117194317100.jpg.chip.jpg,0,1,0,0,0,0,1,70.3512954711914,59.50371551513672,155.85853576660156,183.89706420898438
37_1_1_20170116023833744.jpg.chip.jpg,37,/Users/cipherxishant/Downloads/archive/UTKFace/37_1_1_20170116023833744.jpg.chip.jpg,0,1,0,1,0,0,0,75.15364074707031,69.1401596069336,163.63040161132812,196.8041229248047
1_1_0_20161219211440749.jpg.chip.jpg,1,/Users/cipherxishant/Downloads/archive/UTKFace/1_1_0_20161219211440749.jpg.chip.jpg,0,1,1,0,0,0,0,81.8139419555664,63.214412689208984,191.10401916503906,183.99928283691406
54_0_0_20170104212621156.jpg.chip.jpg,54,/Users/cipherxishant/Downloads/archive/UTKFace/54_0_0_20170104212621156.jpg.chip.jpg,1,0,1,0,0,0,0,80.11444091796875,68.7073745727539,171.3433380126953,196.68675231933594
34_0_0_20170119180157900.jpg.chip.jpg,34,/Users/cipherxishant/Downloads/archive/UTKFace/34_0_0_20170119180157900.jpg.chip.jpg,1,0,1,0,0,0,0,73.44081115722656,58.25547790527344,159.982177734375,195.11155700683594
29_0_2_20170116173703903.jpg.chip.jpg,29,/Users/cipherxishant/Downloads/archive/UTKFace/29_0_2_20170116173703903.jpg.chip.jpg,1,0,0,0,1,0,0,81.56756591796875,70.0973129272461,162.66183471679688,200.22509765625
47_0_0_20170104211911013.jpg.chip.jpg,47,/Users/cipherxishant/Downloads/archive/UTKFace/47_0_0_20170104211911013.jpg.chip.jpg,1,0,1,0,0,0,0,77.95162963867188,68.7072982788086,169.0435791015625,193.49368286132812
28_0_2_20170116191850216.jpg.chip.jpg,28,/Users/cipherxishant/Downloads/archive/UTKFace/28_0_2_20170116191850216.jpg.chip.jpg,1,0,0,0,1,0,0,71.25209045410156,57.522464752197266,151.5026092529297,185.70492553710938
2_1_2_20161219152918020.jpg.chip.jpg,2,/Users/cipherxishant/Downloads/archive/UTKFace/2_1_2_20161219152918020.jpg.chip.jpg,0,1,0,0,1,0,0,80.89779663085938,63.93122863769531,177.0999298095703,187.51893615722656
29_0_3_20170119195113147.jpg.chip.jpg,29,/Users/cipherxishant/Downloads/archive/UTKFace/29_0_3_20170119195113147.jpg.chip.jpg,1,0,0,0,0,1,0,74.5180435180664,62.83518600463867,162.94094848632812,193.667724609375
60_1_0_20170110152939871.jpg.chip.jpg,60,/Users/cipherxishant/Downloads/archive/UTKFace/60_1_0_20170110152939871.jpg.chip.jpg,0,1,1,0,0,0,0,86.6056900024414,75.22798156738281,171.71902465820312,204.33123779296875
35_1_4_20170117121903506.jpg.chip.jpg,35,/Users/cipherxishant/Downloads/archive/UTKFace/35_1_4_20170117121903506.jpg.chip.jpg,0,1,0,0,0,0,1,81.91095733642578,70.41670989990234,159.46328735351562,191.7280731201172
36_0_1_20170113183054437.jpg.chip.jpg,36,/Users/cipherxishant/Downloads/archive/UTKFace/36_0_1_20170113183054437.jpg.chip.jpg,1,0,0,1,0,0,0,69.85961151123047,58.4932746887207,156.24755859375,188.0866241455078
38_0_2_20170116192308542.jpg.chip.jpg,38,/Users/cipherxishant/Downloads/archive/UTKFace/38_0_2_20170116192308542.jpg.chip.jpg,1,0,0,0,1,0,0,78.23747253417969,57.95521545410156,179.52935791015625,181.92916870117188
60_1_1_20170112230424534.jpg.chip.jpg,60,/Users/cipherxishant/Downloads/archive/UTKFace/60_1_1_20170112230424534.jpg.chip.jpg,0,1,0,1,0,0,0,85.53573608398438,71.518310546875,166.81686401367188,188.17303466796875
8_1_4_20161223232240516.jpg.chip.jpg,8,/Users/cipherxishant/Downloads/archive/UTKFace/8_1_4_20161223232240516.jpg.chip.jpg,0,1,0,0,0,0,1,74.16175079345703,59.69651794433594,170.2751007080078,181.66578674316406
75_0_0_20170111200151404.jpg.chip.jpg,75,/Users/cipherxishant/Downloads/archive/UTKFace/75_0_0_20170111200151404.jpg.chip.jpg,1,0,1,0,0,0,0,84.10104370117188,71.76454162597656,159.92413330078125,191.3965301513672
29_0_2_20170116165939507.jpg.chip.jpg,29,/Users/cipherxishant/Downloads/archive/UTKFace/29_0_2_20170116165939507.jpg.chip.jpg,1,0,0,0,1,0,0,81.95973205566406,66.05503845214844,180.40708923339844,192.83876037597656
64_0_0_20170117194627251.jpg.chip.jpg,64,/Users/cipherxishant/Downloads/archive/UTKFace/64_0_0_20170117194627251.jpg.chip.jpg,1,0,1,0,0,0,0,84.19462585449219,68.13865661621094,183.4433135986328,194.48385620117188
30_0_1_20170113133238257.jpg.chip.jpg,30,/Users/cipherxishant/Downloads/archive/UTKFace/30_0_1_20170113133238257.jpg.chip.jpg,1,0,0,1,0,0,0,70.81451416015625,58.35163497924805,145.29978942871094,178.05755615234375
30_1_2_20170116170703197.jpg.chip.jpg,30,/Users/cipherxishant/Downloads/archive/UTKFace/30_1_2_20170116170703197.jpg.chip.jpg,0,1,0,0,1,0,0,84.62194061279297,73.97322082519531,160.30429077148438,205.86207580566406
75_1_0_20170120225350768.jpg.chip.jpg,75,/Users/cipherxishant/Downloads/archive/UTKFace/75_1_0_20170120225350768.jpg.chip.jpg,0,1,1,0,0,0,0,85.41617584228516,71.73332977294922,188.1266632080078,194.9921417236328
26_1_3_20170119193148570.jpg.chip.jpg,26,/Users/cipherxishant/Downloads/archive/UTKFace/26_1_3_20170119193148570.jpg.chip.jpg,0,1,0,0,0,1,0,84.97855377197266,74.92948150634766,163.61795043945312,202.076416015625
45_0_3_20170117183557423.jpg.chip.jpg,45,/Users/cipherxishant/Downloads/archive/UTKFace/45_0_3_20170117183557423.jpg.chip.jpg,1,0,0,0,0,1,0,82.18194580078125,66.4115219116211,172.59475708007812,192.0876007080078
90_1_0_20170110180120743.jpg.chip.jpg,90,/Users/cipherxishant/Downloads/archive/UTKFace/90_1_0_20170110180120743.jpg.chip.jpg,0,1,1,0,0,0,0,76.99223327636719,63.63817596435547,162.02195739746094,185.8468017578125
50_0_1_20170117164310665.jpg.chip.jpg,50,/Users/cipherxishant/Downloads/archive/UTKFace/50_0_1_20170117164310665.jpg.chip.jpg,1,0,0,1,0,0,0,75.64075469970703,65.99341583251953,162.04457092285156,193.75831604003906
26_0_2_20170116182411806.jpg.chip.jpg,26,/Users/cipherxishant/Downloads/archive/UTKFace/26_0_2_20170116182411806.jpg.chip.jpg,1,0,0,0,1,0,0,81.7625961303711,70.3520736694336,165.30300903320312,195.5603485107422
19_1_0_20170103175624137.jpg.chip.jpg,19,/Users/cipherxishant/Downloads/archive/UTKFace/19_1_0_20170103175624137.jpg.chip.jpg,0,1,1,0,0,0,0,72.35707092285156,59.525020599365234,160.45191955566406,185.19882202148438
17_1_4_20170103222931966.jpg.chip.jpg,17,/Users/cipherxishant/Downloads/archive/UTKFace/17_1_4_20170103222931966.jpg.chip.jpg,0,1,0,0,0,0,1,68.00513458251953,57.22599411010742,155.09765625,188.67994689941406
21_1_1_20170113005736069.jpg.chip.jpg,21,/Users/cipherxishant/Downloads/archive/UTKFace/21_1_1_20170113005736069.jpg.chip.jpg,0,1,0,1,0,0,0,79.31608581542969,65.9614028930664,158.2604522705078,186.8935089111328
16_0_0_20170110232316211.jpg.chip.jpg,16,/Users/cipherxishant/Downloads/archive/UTKFace/16_0_0_20170110232316211.jpg.chip.jpg,1,0,1,0,0,0,0,72.24351501464844,61.34702682495117,158.88731384277344,196.73544311523438
25_1_3_20170109213236360.jpg.chip.jpg,25,/Users/cipherxishant/Downloads/archive/UTKFace/25_1_3_20170109213236360.jpg.chip.jpg,0,1,0,0,0,1,0,80.07002258300781,64.5935287475586,179.20022583007812,191.25372314453125
29_0_1_20170113173014241.jpg.chip.jpg,29,/Users/cipherxishant/Downloads/archive/UTKFace/29_0_1_20170113173014241.jpg.chip.jpg,1,0,0,1,0,0,0,73.87047576904297,64.72332000732422,162.3526611328125,187.99441528320312
48_0_0_20170117133115061.jpg.chip.jpg,48,/Users/cipherxishant/Downloads/archive/UTKFace/48_0_0_20170117133115061.jpg.chip.jpg,1,0,1,0,0,0,0,75.1236343383789,59.90166473388672,171.77928161621094,189.85198974609375
27_0_1_20170113135628651.jpg.chip.jpg,27,/Users/cipherxishant/Downloads/archive/UTKFace/27_0_1_20170113135628651.jpg.chip.jpg,1,0,0,1,0,0,0,68.16305541992188,57.548606872558594,144.84278869628906,189.58473205566406
42_0_4_20170104204413955.jpg.chip.jpg,42,/Users/cipherxishant/Downloads/archive/UTKFace/42_0_4_20170104204413955.jpg.chip.jpg,1,0,0,0,0,0,1,80.24271392822266,70.03313446044922,174.1458282470703,191.4807586669922
54_0_2_20170116193514951.jpg.chip.jpg,54,/Users/cipherxishant/Downloads/archive/UTKFace/54_0_2_20170116193514951.jpg.chip.jpg,1,0,0,0,1,0,0,71.86426544189453,57.08557891845703,155.30039978027344,182.41323852539062
4_0_0_20170110212621808.jpg.chip.jpg,4,/Users/cipherxishant/Downloads/archive/UTKFace/4_0_0_20170110212621808.jpg.chip.jpg,1,0,1,0,0,0,0,75.265869140625,67.1600570678711,159.981689453125,200.53968811035156
24_1_3_20170117150528724.jpg.chip.jpg,24,/Users/cipherxishant/Downloads/archive/UTKFace/24_1_3_20170117150528724.jpg.chip.jpg,0,1,0,0,0,1,0,73.8447494506836,64.0630874633789,162.39512634277344,196.41690063476562
39_0_3_20170119203900686.jpg.chip.jpg,39,/Users/cipherxishant/Downloads/archive/UTKFace/39_0_3_20170119203900686.jpg.chip.jpg,1,0,0,0,0,1,0,89.04246520996094,79.62220764160156,171.9181365966797,202.79991149902344
63_0_0_20170104185626214.jpg.chip.jpg,63,/Users/cipherxishant/Downloads/archive/UTKFace/63_0_0_20170104185626214.jpg.chip.jpg,1,0,1,0,0,0,0,77.36416625976562,67.67304229736328,168.82225036621094,196.56350708007812
30_1_3_20170117181345172.jpg.chip.jpg,30,/Users/cipherxishant/Downloads/archive/UTKFace/30_1_3_20170117181345172.jpg.chip.jpg,0,1,0,0,0,1,0,79.41287231445312,62.637969970703125,170.46763610839844,191.26451110839844
37_0_0_20170104172740418.jpg.chip.jpg,37,/Users/cipherxishant/Downloads/archive/UTKFace/37_0_0_20170104172740418.jpg.chip.jpg,1,0,1,0,0,0,0,77.10514068603516,71.76888275146484,167.00588989257812,199.04666137695312
25_1_0_20170117140624359.jpg.chip.jpg,25,/Users/cipherxishant/Downloads/archive/UTKFace/25_1_0_20170117140624359.jpg.chip.jpg,0,1,1,0,0,0,0,91.29523468017578,81.20297241210938,176.25633239746094,200.95631408691406
36_0_3_20170119195506419.jpg.chip.jpg,36,/Users/cipherxishant/Downloads/archive/UTKFace/36_0_3_20170119195506419.jpg.chip.jpg,1,0,0,0,0,1,0,80.92424774169922,66.28987884521484,180.18603515625,196.40072631835938
28_1_2_20170116190130252.jpg.chip.jpg,28,/Users/cipherxishant/Downloads/archive/UTKFace/28_1_2_20170116190130252.jpg.chip.jpg,0,1,0,0,1,0,0,66.30371856689453,52.413818359375,150.82540893554688,189.99879455566406
26_1_2_20170116183651297.jpg.chip.jpg,26,/Users/cipherxishant/Downloads/archive/UTKFace/26_1_2_20170116183651297.jpg.chip.jpg,0,1,0,0,1,0,0,79.50233459472656,66.58851623535156,171.36318969726562,194.0416259765625
52_1_0_20170110122416544.jpg.chip.jpg,52,/Users/cipherxishant/Downloads/archive/UTKFace/52_1_0_20170110122416544.jpg.chip.jpg,0,1,1,0,0,0,0,68.28335571289062,49.13960647583008,160.83428955078125,182.27752685546875
38_0_1_20170116003739269.jpg.chip.jpg,38,/Users/cipherxishant/Downloads/archive/UTKFace/38_0_1_20170116003739269.jpg.chip.jpg,1,0,0,1,0,0,0,75.34298706054688,63.874820709228516,161.04898071289062,196.97718811035156
25_0_0_20170113181532013.jpg.chip.jpg,25,/Users/cipherxishant/Downloads/archive/UTKFace/25_0_0_20170113181532013.jpg.chip.jpg,1,0,1,0,0,0,0,74.99000549316406,60.70124435424805,169.64903259277344,188.43511962890625
44_0_3_20170119165814423.jpg.chip.jpg,44,/Users/cipherxishant/Downloads/archive/UTKFace/44_0_3_20170119165814423.jpg.chip.jpg,1,0,0,0,0,1,0,76.50267028808594,59.28057098388672,164.633544921875,192.56883239746094
30_0_0_20170117143512232.jpg.chip.jpg,30,/Users/cipherxishant/Downloads/archive/UTKFace/30_0_0_20170117143512232.jpg.chip.jpg,1,0,1,0,0,0,0,71.64873504638672,55.594993591308594,158.218017578125,188.46397399902344
26_0_1_20170113135316041.jpg.chip.jpg,26,/Users/cipherxishant/Downloads/archive/UTKFace/26_0_1_20170113135316041.jpg.chip.jpg,1,0,0,1,0,0,0,84.88160705566406,69.91886138916016,173.17730712890625,193.07716369628906
24_1_4_20170103225201704.jpg.chip.jpg,24,/Users/cipherxishant/Downloads/archive/UTKFace/24_1_4_20170103225201704.jpg.chip.jpg,0,1,0,0,0,0,1,66.87203216552734,59.36137771606445,158.05191040039062,194.1634521484375
54_1_0_20170110122945745.jpg.chip.jpg,54,/Users/cipherxishant/Downloads/archive/UTKFace/54_1_0_20170110122945745.jpg.chip.jpg,0,1,1,0,0,0,0,85.36673736572266,79.55987548828125,180.51841735839844,206.94711303710938
35_1_0_20170117174520494.jpg.chip.jpg,35,/Users/cipherxishant/Downloads/archive/UTKFace/35_1_0_20170117174520494.jpg.chip.jpg,0,1,1,0,0,0,0,80.38236236572266,63.974300384521484,179.00326538085938,189.467529296875
30_1_3_20170117120626251.jpg.chip.jpg,30,/Users/cipherxishant/Downloads/archive/UTKFace/30_1_3_20170117120626251.jpg.chip.jpg,0,1,0,0,0,1,0,81.72196197509766,68.45941925048828,177.3003387451172,202.20761108398438
70_1_0_20170110124127878.jpg.chip.jpg,70,/Users/cipherxishant/Downloads/archive/UTKFace/70_1_0_20170110124127878.jpg.chip.jpg,0,1,1,0,0,0,0,83.63865661621094,70.05831909179688,170.1306610107422,193.70233154296875
45_0_0_20170116233229437.jpg.chip.jpg,45,/Users/cipherxishant/Downloads/archive/UTKFace/45_0_0_20170116233229437.jpg.chip.jpg,1,0,1,0,0,0,0,78.70375061035156,60.995567321777344,177.3881072998047,197.350341796875
16_0_0_20170110232259630.jpg.chip.jpg,16,/Users/cipherxishant/Downloads/archive/UTKFace/16_0_0_20170110232259630.jpg.chip.jpg,1,0,1,0,0,0,0,88.26810455322266,76.93457794189453,195.58584594726562,202.23048400878906
35_0_0_20170120220720314.jpg.chip.jpg,35,/Users/cipherxishant/Downloads/archive/UTKFace/35_0_0_20170120220720314.jpg.chip.jpg,1,0,1,0,0,0,0,74.77621459960938,62.30912399291992,155.84066772460938,197.58546447753906
26_1_4_20161221193707668.jpg.chip.jpg,26,/Users/cipherxishant/Downloads/archive/UTKFace/26_1_4_20161221193707668.jpg.chip.jpg,0,1,0,0,0,0,1,76.70323181152344,65.03321075439453,152.5546875,206.37164306640625
25_0_2_20170116172425264.jpg.chip.jpg,25,/Users/cipherxishant/Downloads/archive/UTKFace/25_0_2_20170116172425264.jpg.chip.jpg,1,0,0,0,1,0,0,76.21761322021484,63.62221145629883,163.46505737304688,195.57467651367188
54_0_0_20170117163720882.jpg.chip.jpg,54,/Users/cipherxishant/Downloads/archive/UTKFace/54_0_0_20170117163720882.jpg.chip.jpg,1,0,1,0,0,0,0,76.055419921875,63.93577575683594,163.35748291015625,184.15110778808594
47_0_0_20170109012427196.jpg.chip.jpg,47,/Users/cipherxishant/Downloads/archive/UTKFace/47_0_0_20170109012427196.jpg.chip.jpg,1,0,1,0,0,0,0,84.83264923095703,73.553955078125,169.4613800048828,198.14651489257812
26_1_1_20170117200345500.jpg.chip.jpg,26,/Users/cipherxishant/Downloads/archive/UTKFace/26_1_1_20170117200345500.jpg.chip.jpg,0,1,0,1,0,0,0,82.50642395019531,67.4649887084961,171.07969665527344,196.52792358398438
32_1_1_20170116012209350.jpg.chip.jpg,32,/Users/cipherxishant/Downloads/archive/UTKFace/32_1_1_20170116012209350.jpg.chip.jpg,0,1,0,1,0,0,0,80.13745880126953,69.60282897949219,169.7233123779297,203.65248107910156
67_0_3_20170105181005916.jpg.chip.jpg,67,/Users/cipherxishant/Downloads/archive/UTKFace/67_0_3_20170105181005916.jpg.chip.jpg,1,0,0,0,0,1,0,83.59947967529297,73.0174560546875,179.15455627441406,195.55955505371094
67_0_0_20170104185427710.jpg.chip.jpg,67,/Users/cipherxishant/Downloads/archive/UTKFace/67_0_0_20170104185427710.jpg.chip.jpg,1,0,1,0,0,0,0,71.9723892211914,56.95551681518555,160.56410217285156,185.6216583251953
74_0_0_20170111203046542.jpg.chip.jpg,74,/Users/cipherxishant/Downloads/archive/UTKFace/74_0_0_20170111203046542.jpg.chip.jpg,1,0,1,0,0,0,0,80.1952133178711,64.8733139038086,163.0011444091797,190.02015686035156
39_0_2_20170107211043190.jpg.chip.jpg,39,/Users/cipherxishant/Downloads/archive/UTKFace/39_0_2_20170107211043190.jpg.chip.jpg,1,0,0,0,1,0,0,85.6414794921875,76.7607192993164,188.67408752441406,192.3452911376953
28_0_1_20170116190105438.jpg.chip.jpg,28,/Users/cipherxishant/Downloads/archive/UTKFace/28_0_1_20170116190105438.jpg.chip.jpg,1,0,0,1,0,0,0,73.386474609375,61.40253829956055,160.7232666015625,191.40777587890625
26_0_2_20170104022441117.jpg.chip.jpg,26,/Users/cipherxishant/Downloads/archive/UTKFace/26_0_2_20170104022441117.jpg.chip.jpg,1,0,0,0,1,0,0,81.34312438964844,65.36983489990234,164.07261657714844,195.77577209472656
25_1_0_20170116220813532.jpg.chip.jpg,25,/Users/cipherxishant/Downloads/archive/UTKFace/25_1_0_20170116220813532.jpg.chip.jpg,0,1,1,0,0,0,0,82.89341735839844,70.42952728271484,171.95347595214844,203.05679321289062
8_0_0_20170110220124291.jpg.chip.jpg,8,/Users/cipherxishant/Downloads/archive/UTKFace/8_0_0_20170110220124291.jpg.chip.jpg,1,0,1,0,0,0,0,81.7822494506836,68.25093078613281,164.50396728515625,198.7974395751953
1_1_3_20161220144645535.jpg.chip.jpg,1,/Users/cipherxishant/Downloads/archive/UTKFace/1_1_3_20161220144645535.jpg.chip.jpg,0,1,0,0,0,1,0,86.41392517089844,75.32571411132812,188.34234619140625,192.84829711914062
1_0_2_20161219205827749.jpg.chip.jpg,1,/Users/cipherxishant/Downloads/archive/UTKFace/1_0_2_20161219205827749.jpg.chip.jpg,1,0,0,0,1,0,0,83.41339111328125,67.40247344970703,177.4764404296875,194.82960510253906
35_1_0_20170117135348429.jpg.chip.jpg,35,/Users/cipherxishant/Downloads/archive/UTKFace/35_1_0_20170117135348429.jpg.chip.jpg,0,1,1,0,0,0,0,68.14784240722656,56.422630310058594,151.07440185546875,191.68948364257812
50_1_0_20170116235636514.jpg.chip.jpg,50,/Users/cipherxishant/Downloads/archive/UTKFace/50_1_0_20170116235636514.jpg.chip.jpg,0,1,1,0,0,0,0,87.57478332519531,78.09037780761719,184.19114685058594,200.54476928710938
50_0_3_20170119205527856.jpg.chip.jpg,50,/Users/cipherxishant/Downloads/archive/UTKFace/50_0_3_20170119205527856.jpg.chip.jpg,1,0,0,0,0,1,0,79.24954986572266,69.22323608398438,166.12535095214844,187.94830322265625
25_0_2_20161219193843611.jpg.chip.jpg,25,/Users/cipherxishant/Downloads/archive/UTKFace/25_0_2_20161219193843611.jpg.chip.jpg,1,0,0,0,1,0,0,67.36630249023438,49.40079116821289,152.06512451171875,176.1201934814453
2_0_4_20170103202421392.jpg.chip.jpg,2,/Users/cipherxishant/Downloads/archive/UTKFace/2_0_4_20170103202421392.jpg.chip.jpg,1,0,0,0,0,0,1,83.1855697631836,66.48576354980469,177.54234313964844,192.88861083984375
28_1_1_20170116231836061.jpg.chip.jpg,28,/Users/cipherxishant/Downloads/archive/UTKFace/28_1_1_20170116231836061.jpg.chip.jpg,0,1,0,1,0,0,0,85.15204620361328,71.58303833007812,172.97427368164062,197.5909881591797
47_0_3_20170119205241615.jpg.chip.jpg,47,/Users/cipherxishant/Downloads/archive/UTKFace/47_0_3_20170119205241615.jpg.chip.jpg,1,0,0,0,0,1,0,78.02590942382812,66.85475158691406,162.44606018066406,200.76132202148438
27_1_0_20170117144846034.jpg.chip.jpg,27,/Users/cipherxishant/Downloads/archive/UTKFace/27_1_0_20170117144846034.jpg.chip.jpg,0,1,1,0,0,0,0,73.27525329589844,59.835933685302734,159.9504852294922,186.22811889648438
1_1_4_20170103212653844.jpg.chip.jpg,1,/Users/cipherxishant/Downloads/archive/UTKFace/1_1_4_20170103212653844.jpg.chip.jpg,0,1,0,0,0,0,1,95.53494262695312,86.69357299804688,196.6492919921875,199.6698760986328
100_1_0_20170110183726390.jpg.chip.jpg,100,/Users/cipherxishant/Downloads/archive/UTKFace/100_1_0_20170110183726390.jpg.chip.jpg,0,1,1,0,0,0,0,76.05203247070312,61.484561920166016,176.85301208496094,190.84852600097656
82_0_2_20170112205224683.jpg.chip.jpg,82,/Users/cipherxishant/Downloads/archive/UTKFace/82_0_2_20170112205224683.jpg.chip.jpg,1,0,0,0,1,0,0,72.19397735595703,56.726776123046875,153.72171020507812,181.69810485839844
40_1_0_20170117003453925.jpg.chip.jpg,40,/Users/cipherxishant/Downloads/archive/UTKFace/40_1_0_20170117003453925.jpg.chip.jpg,0,1,1,0,0,0,0,80.7785873413086,70.07245635986328,169.28883361816406,196.92599487304688
83_0_0_20170111221828238.jpg.chip.jpg,83,/Users/cipherxishant/Downloads/archive/UTKFace/83_0_0_20170111221828238.jpg.chip.jpg,1,0,1,0,0,0,0,71.59164428710938,54.523101806640625,162.8008270263672,194.4606475830078
50_0_0_20170113185024040.jpg.chip.jpg,50,/Users/cipherxishant/Downloads/archive/UTKFace/50_0_0_20170113185024040.jpg.chip.jpg,1,0,1,0,0,0,0,73.80152130126953,61.07746505737305,159.4110107421875,201.90896606445312
49_0_3_20170119205456552.jpg.chip.jpg,49,/Users/cipherxishant/Downloads/archive/UTKFace/49_0_3_20170119205456552.jpg.chip.jpg,1,0,0,0,0,1,0,79.74061584472656,69.47747039794922,173.3117218017578,196.16217041015625
27_0_1_20170116024006905.jpg.chip.jpg,27,/Users/cipherxishant/Downloads/archive/UTKFace/27_0_1_20170116024006905.jpg.chip.jpg,1,0,0,1,0,0,0,75.19039916992188,67.8227767944336,160.57568359375,195.66171264648438
26_1_2_20170105163951372.jpg.chip.jpg,26,/Users/cipherxishant/Downloads/archive/UTKFace/26_1_2_20170105163951372.jpg.chip.jpg,0,1,0,0,1,0,0,74.1630859375,60.56947708129883,167.15977478027344,185.10658264160156
1_0_2_20161219203112116.jpg.chip.jpg,1,/Users/cipherxishant/Downloads/archive/UTKFace/1_0_2_20161219203112116.jpg.chip.jpg,1,0,0,0,1,0,0,78.10417175292969,62.425228118896484,180.3350830078125,187.05364990234375
32_1_0_20170113210605443.jpg.chip.jpg,32,/Users/cipherxishant/Downloads/archive/UTKFace/32_1_0_20170113210605443.jpg.chip.jpg,0,1,1,0,0,0,0,73.41340637207031,62.48748779296875,164.71978759765625,198.15737915039062
26_0_0_20170113210127179.jpg.chip.jpg,26,/Users/cipherxishant/Downloads/archive/UTKFace/26_0_0_20170113210127179.jpg.chip.jpg,1,0,1,0,0,0,0,82.58018493652344,69.29254150390625,163.97630310058594,193.93881225585938
10_1_1_20170109203348828.jpg.chip.jpg,10,/Users/cipherxishant/Downloads/archive/UTKFace/10_1_1_20170109203348828.jpg.chip.jpg,0,1,0,1,0,0,0,81.43150329589844,68.13069152832031,179.738037109375,197.51358032226562
12_0_4_20170103200555927.jpg.chip.jpg,12,/Users/cipherxishant/Downloads/archive/UTKFace/12_0_4_20170103200555927.jpg.chip.jpg,1,0,0,0,0,0,1,83.671875,65.54544830322266,185.29718017578125,196.90467834472656
60_1_0_20170110150258412.jpg.chip.jpg,60,/Users/cipherxishant/Downloads/archive/UTKFace/60_1_0_20170110150258412.jpg.chip.jpg,0,1,1,0,0,0,0,78.8179702758789,69.36873626708984,165.24725341796875,192.8808135986328
48_0_0_20170111200118842.jpg.chip.jpg,48,/Users/cipherxishant/Downloads/archive/UTKFace/48_0_0_20170111200118842.jpg.chip.jpg,1,0,1,0,0,0,0,73.41944122314453,60.77364730834961,156.46791076660156,195.6952362060547
53_1_1_20170116180111461.jpg.chip.jpg,53,/Users/cipherxishant/Downloads/archive/UTKFace/53_1_1_20170116180111461.jpg.chip.jpg,0,1,0,1,0,0,0,77.9406509399414,65.47117614746094,161.96109008789062,190.07418823242188
29_1_0_20170104170615233.jpg.chip.jpg,29,/Users/cipherxishant/Downloads/archive/UTKFace/29_1_0_20170104170615233.jpg.chip.jpg,0,1,1,0,0,0,0,78.72122192382812,71.6386489868164,165.03346252441406,198.6870574951172
13_0_0_20170104013342923.jpg.chip.jpg,13,/Users/cipherxishant/Downloads/archive/UTKFace/13_0_0_20170104013342923.jpg.chip.jpg,1,0,1,0,0,0,0,73.24008178710938,62.9427604675293,160.0060272216797,196.23138427734375
1_0_2_20161219211505437.jpg.chip.jpg,1,/Users/cipherxishant/Downloads/archive/UTKFace/1_0_2_20161219211505437.jpg.chip.jpg,1,0,0,0,1,0,0,82.45438385009766,61.63718795776367,188.5029296875,183.90200805664062
27_0_3_20170119194352188.jpg.chip.jpg,27,/Users/cipherxishant/Downloads/archive/UTKFace/27_0_3_20170119194352188.jpg.chip.jpg,1,0,0,0,0,1,0,83.07228088378906,70.1467514038086,178.33836364746094,215.64389038085938
26_0_0_20170120134533448.jpg.chip.jpg,26,/Users/cipherxishant/Downloads/archive/UTKFace/26_0_0_20170120134533448.jpg.chip.jpg,1,0,1,0,0,0,0,76.45709991455078,64.57889556884766,157.19215393066406,197.89317321777344
8_0_3_20170110215701316.jpg.chip.jpg,8,/Users/cipherxishant/Downloads/archive/UTKFace/8_0_3_20170110215701316.jpg.chip.jpg,1,0,0,0,0,1,0,79.63799285888672,60.373443603515625,172.82229614257812,206.9596710205078
27_1_1_20170116162433766.jpg.chip.jpg,27,/Users/cipherxishant/Downloads/archive/UTKFace/27_1_1_20170116162433766.jpg.chip.jpg,0,1,0,1,0,0,0,79.6725845336914,70.29116821289062,173.64585876464844,189.60914611816406
43_0_3_20170119164253885.jpg.chip.jpg,43,/Users/cipherxishant/Downloads/archive/UTKFace/43_0_3_20170119164253885.jpg.chip.jpg,1,0,0,0,0,1,0,77.71088409423828,69.20886993408203,163.56846618652344,191.07936096191406
68_0_0_20170117171408597.jpg.chip.jpg,68,/Users/cipherxishant/Downloads/archive/UTKFace/68_0_0_20170117171408597.jpg.chip.jpg,1,0,1,0,0,0,0,78.27249145507812,62.5258903503418,161.65689086914062,194.3147430419922
2_0_0_20170104201100490.jpg.chip.jpg,2,/Users/cipherxishant/Downloads/archive/UTKFace/2_0_0_20170104201100490.jpg.chip.jpg,1,0,1,0,0,0,0,79.06382751464844,67.57952880859375,161.1490936279297,196.7274169921875
28_0_0_20170103225936561.jpg.chip.jpg,28,/Users/cipherxishant/Downloads/archive/UTKFace/28_0_0_20170103225936561.jpg.chip.jpg,1,0,1,0,0,0,0,69.11744689941406,58.77134704589844,152.4446563720703,193.7250518798828
35_0_1_20170113185501169.jpg.chip.jpg,35,/Users/cipherxishant/Downloads/archive/UTKFace/35_0_1_20170113185501169.jpg.chip.jpg,1,0,0,1,0,0,0,79.52459716796875,62.45323181152344,180.79017639160156,189.89053344726562
36_1_1_20170116161709695.jpg.chip.jpg,36,/Users/cipherxishant/Downloads/archive/UTKFace/36_1_1_20170116161709695.jpg.chip.jpg,0,1,0,1,0,0,0,84.30198669433594,71.33541870117188,166.79249572753906,212.58624267578125
30_0_4_20170103230144585.jpg.chip.jpg,30,/Users/cipherxishant/Downloads/archive/UTKFace/30_0_4_20170103230144585.jpg.chip.jpg,1,0,0,0,0,0,1,78.233642578125,65.29752349853516,171.57127380371094,196.1354217529297
26_1_4_20170117174327119.jpg.chip.jpg,26,/Users/cipherxishant/Downloads/archive/UTKFace/26_1_4_20170117174327119.jpg.chip.jpg,0,1,0,0,0,0,1,64.37782287597656,56.042236328125,150.11903381347656,194.27090454101562
25_1_1_20170114024700519.jpg.chip.jpg,25,/Users/cipherxishant/Downloads/archive/UTKFace/25_1_1_20170114024700519.jpg.chip.jpg,0,1,0,1,0,0,0,81.37097930908203,72.05873107910156,175.80252075195312,195.02886962890625
35_0_0_20170116223921881.jpg.chip.jpg,35,/Users/cipherxishant/Downloads/archive/UTKFace/35_0_0_20170116223921881.jpg.chip.jpg,1,0,1,0,0,0,0,82.3210678100586,75.16998291015625,167.1494140625,198.00865173339844
34_1_1_20170112231510054.jpg.chip.jpg,34,/Users/cipherxishant/Downloads/archive/UTKFace/34_1_1_20170112231510054.jpg.chip.jpg,0,1,0,1,0,0,0,74.89143371582031,63.27212905883789,164.90016174316406,194.31239318847656
44_1_3_20170104235304584.jpg.chip.jpg,44,/Users/cipherxishant/Downloads/archive/UTKFace/44_1_3_20170104235304584.jpg.chip.jpg,0,1,0,0,0,1,0,81.10346221923828,68.09688568115234,178.39492797851562,195.40377807617188
16_0_3_20170110231223673.jpg.chip.jpg,16,/Users/cipherxishant/Downloads/archive/UTKFace/16_0_3_20170110231223673.jpg.chip.jpg,1,0,0,0,0,1,0,70.57643127441406,58.76412582397461,152.94857788085938,184.3472442626953
21_1_3_20170104223626119.jpg.chip.jpg,21,/Users/cipherxishant/Downloads/archive/UTKFace/21_1_3_20170104223626119.jpg.chip.jpg,0,1,0,0,0,1,0,84.84986114501953,75.69975280761719,171.912353515625,200.3824462890625
22_1_2_20170116172137259.jpg.chip.jpg,22,/Users/cipherxishant/Downloads/archive/UTKFace/22_1_2_20170116172137259.jpg.chip.jpg,0,1,0,0,1,0,0,84.57719421386719,72.62512969970703,174.66558837890625,203.1138153076172
41_0_0_20170117191224723.jpg.chip.jpg,41,/Users/cipherxishant/Downloads/archive/UTKFace/41_0_0_20170117191224723.jpg.chip.jpg,1,0,1,0,0,0,0,90.26795959472656,77.0370101928711,172.15835571289062,198.7919158935547
5_0_4_20170103212624758.jpg.chip.jpg,5,/Users/cipherxishant/Downloads/archive/UTKFace/5_0_4_20170103212624758.jpg.chip.jpg,1,0,0,0,0,0,1,84.20552062988281,70.87191009521484,187.83270263671875,182.69557189941406
18_1_1_20170116000609057.jpg.chip.jpg,18,/Users/cipherxishant/Downloads/archive/UTKFace/18_1_1_20170116000609057.jpg.chip.jpg,0,1,0,1,0,0,0,62.12003707885742,45.92386245727539,150.15301513671875,199.5140380859375
74_0_0_20170111221819719.jpg.chip.jpg,74,/Users/cipherxishant/Downloads/archive/UTKFace/74_0_0_20170111221819719.jpg.chip.jpg,1,0,1,0,0,0,0,72.48312377929688,56.058475494384766,164.6859588623047,190.34866333007812
40_1_3_20170117151929587.jpg.chip.jpg,40,/Users/cipherxishant/Downloads/archive/UTKFace/40_1_3_20170117151929587.jpg.chip.jpg,0,1,0,0,0,1,0,77.69770050048828,67.8556137084961,165.18824768066406,202.427978515625
21_1_4_20170103233532676.jpg.chip.jpg,21,/Users/cipherxishant/Downloads/archive/UTKFace/21_1_4_20170103233532676.jpg.chip.jpg,0,1,0,0,0,0,1,71.27074432373047,56.358924865722656,154.55923461914062,195.71200561523438
58_1_1_20170117194028702.jpg.chip.jpg,58,/Users/cipherxishant/Downloads/archive/UTKFace/58_1_1_20170117194028702.jpg.chip.jpg,0,1,0,1,0,0,0,80.04170989990234,72.98194122314453,167.27413940429688,196.90591430664062
28_1_0_20170117020138207.jpg.chip.jpg,28,/Users/cipherxishant/Downloads/archive/UTKFace/28_1_0_20170117020138207.jpg.chip.jpg,0,1,1,0,0,0,0,83.91197967529297,71.71086883544922,165.03536987304688,201.8058319091797
4_1_2_20161219141837833.jpg.chip.jpg,4,/Users/cipherxishant/Downloads/archive/UTKFace/4_1_2_20161219141837833.jpg.chip.jpg,0,1,0,0,1,0,0,72.69696807861328,59.783836364746094,168.72183227539062,161.8794403076172
65_0_1_20170117191610001.jpg.chip.jpg,65,/Users/cipherxishant/Downloads/archive/UTKFace/65_0_1_20170117191610001.jpg.chip.jpg,1,0,0,1,0,0,0,83.49034881591797,75.87466430664062,176.5541229248047,196.61383056640625
48_0_0_20170104212017204.jpg.chip.jpg,48,/Users/cipherxishant/Downloads/archive/UTKFace/48_0_0_20170104212017204.jpg.chip.jpg,1,0,1,0,0,0,0,80.3823013305664,69.39410400390625,162.51901245117188,194.40399169921875
59_0_4_20170109012655318.jpg.chip.jpg,59,/Users/cipherxishant/Downloads/archive/UTKFace/59_0_4_20170109012655318.jpg.chip.jpg,1,0,0,0,0,0,1,74.13014221191406,63.678382873535156,164.16323852539062,189.43093872070312
42_0_0_20170117154803642.jpg.chip.jpg,42,/Users/cipherxishant/Downloads/archive/UTKFace/42_0_0_20170117154803642.jpg.chip.jpg,1,0,1,0,0,0,0,79.55113983154297,69.15852355957031,164.08505249023438,203.21893310546875
28_1_3_20170109132327888.jpg.chip.jpg,28,/Users/cipherxishant/Downloads/archive/UTKFace/28_1_3_20170109132327888.jpg.chip.jpg,0,1,0,0,0,1,0,83.40731811523438,72.8228988647461,185.5679931640625,192.02682495117188
49_1_0_20170103181519681.jpg.chip.jpg,49,/Users/cipherxishant/Downloads/archive/UTKFace/49_1_0_20170103181519681.jpg.chip.jpg,0,1,1,0,0,0,0,78.4527587890625,69.4206314086914,170.41522216796875,195.36407470703125
23_0_1_20170114032011297.jpg.chip.jpg,23,/Users/cipherxishant/Downloads/archive/UTKFace/23_0_1_20170114032011297.jpg.chip.jpg,1,0,0,1,0,0,0,76.16899108886719,60.521854400634766,169.9340057373047,188.55372619628906
27_0_3_20170119211717281.jpg.chip.jpg,27,/Users/cipherxishant/Downloads/archive/UTKFace/27_0_3_20170119211717281.jpg.chip.jpg,1,0,0,0,0,1,0,78.2217788696289,64.79756164550781,170.3762969970703,198.271484375
30_1_2_20170117131105589.jpg.chip.jpg,30,/Users/cipherxishant/Downloads/archive/UTKFace/30_1_2_20170117131105589.jpg.chip.jpg,0,1,0,0,1,0,0,79.1233901977539,70.86991119384766,164.0568389892578,197.7086181640625
26_0_4_20170117152500051.jpg.chip.jpg,26,/Users/cipherxishant/Downloads/archive/UTKFace/26_0_4_20170117152500051.jpg.chip.jpg,1,0,0,0,0,0,1,74.13542175292969,62.33216094970703,158.1623077392578,197.3358917236328
85_1_0_20170110173744770.jpg.chip.jpg,85,/Users/cipherxishant/Downloads/archive/UTKFace/85_1_0_20170110173744770.jpg.chip.jpg,0,1,1,0,0,0,0,83.84562683105469,71.45731353759766,177.331298828125,202.84039306640625
61_1_0_20170117175115575.jpg.chip.jpg,61,/Users/cipherxishant/Downloads/archive/UTKFace/61_1_0_20170117175115575.jpg.chip.jpg,0,1,1,0,0,0,0,76.08454132080078,65.59963989257812,167.0603485107422,187.78692626953125
17_0_0_20170105183357879.jpg.chip.jpg,17,/Users/cipherxishant/Downloads/archive/UTKFace/17_0_0_20170105183357879.jpg.chip.jpg,1,0,1,0,0,0,0,85.32198333740234,75.67329406738281,185.4884796142578,196.41156005859375
23_1_0_20170117144910291.jpg.chip.jpg,23,/Users/cipherxishant/Downloads/archive/UTKFace/23_1_0_20170117144910291.jpg.chip.jpg,0,1,1,0,0,0,0,82.21598815917969,68.1423110961914,180.77719116210938,209.7249755859375
27_0_1_20170113135657435.jpg.chip.jpg,27,/Users/cipherxishant/Downloads/archive/UTKFace/27_0_1_20170113135657435.jpg.chip.jpg,1,0,0,1,0,0,0,79.05718231201172,65.35298156738281,160.22679138183594,198.77203369140625
27_1_1_20170117164706491.jpg.chip.jpg,27,/Users/cipherxishant/Downloads/archive/UTKFace/27_1_1_20170117164706491.jpg.chip.jpg,0,1,0,1,0,0,0,75.56036376953125,58.73933792114258,164.25718688964844,191.01747131347656
66_1_1_20170110153026621.jpg.chip.jpg,66,/Users/cipherxishant/Downloads/archive/UTKFace/66_1_1_20170110153026621.jpg.chip.jpg,0,1,0,1,0,0,0,78.26746368408203,66.9815673828125,159.18212890625,200.1756134033203
59_0_0_20170111201348742.jpg.chip.jpg,59,/Users/cipherxishant/Downloads/archive/UTKFace/59_0_0_20170111201348742.jpg.chip.jpg,1,0,1,0,0,0,0,74.70930480957031,66.48348999023438,159.68856811523438,207.8144989013672
48_1_0_20170110154357405.jpg.chip.jpg,48,/Users/cipherxishant/Downloads/archive/UTKFace/48_1_0_20170110154357405.jpg.chip.jpg,0,1,1,0,0,0,0,75.90616607666016,61.72683334350586,171.08396911621094,183.50897216796875
71_0_2_20170112205728557.jpg.chip.jpg,71,/Users/cipherxishant/Downloads/archive/UTKFace/71_0_2_20170112205728557.jpg.chip.jpg,1,0,0,0,1,0,0,76.1755142211914,65.62857818603516,163.20065307617188,192.4702606201172
34_1_0_20170103163601073.jpg.chip.jpg,34,/Users/cipherxishant/Downloads/archive/UTKFace/34_1_0_20170103163601073.jpg.chip.jpg,0,1,1,0,0,0,0,83.44556427001953,72.67616271972656,180.3336944580078,197.53187561035156
23_0_1_20170117194030006.jpg.chip.jpg,23,/Users/cipherxishant/Downloads/archive/UTKFace/23_0_1_20170117194030006.jpg.chip.jpg,1,0,0,1,0,0,0,79.33445739746094,65.17035675048828,166.55337524414062,202.1061248779297
34_1_1_20170116222831261.jpg.chip.jpg,34,/Users/cipherxishant/Downloads/archive/UTKFace/34_1_1_20170116222831261.jpg.chip.jpg,0,1,0,1,0,0,0,70.17063903808594,51.486324310302734,160.6049041748047,186.54977416992188
53_0_0_20170109012812390.jpg.chip.jpg,53,/Users/cipherxishant/Downloads/archive/UTKFace/53_0_0_20170109012812390.jpg.chip.jpg,1,0,1,0,0,0,0,77.26425170898438,65.57657623291016,157.0223846435547,201.03733825683594
55_0_0_20170120222438720.jpg.chip.jpg,55,/Users/cipherxishant/Downloads/archive/UTKFace/55_0_0_20170120222438720.jpg.chip.jpg,1,0,1,0,0,0,0,77.03121185302734,66.93852233886719,165.3374786376953,188.78805541992188
26_1_3_20170119153809053.jpg.chip.jpg,26,/Users/cipherxishant/Downloads/archive/UTKFace/26_1_3_20170119153809053.jpg.chip.jpg,0,1,0,0,0,1,0,61.11737823486328,45.76383972167969,145.40345764160156,181.471923828125
37_0_3_20170119162833204.jpg.chip.jpg,37,/Users/cipherxishant/Downloads/archive/UTKFace/37_0_3_20170119162833204.jpg.chip.jpg,1,0,0,0,0,1,0,76.00993347167969,65.02169799804688,164.7614288330078,198.14328002929688
24_1_3_20170104234737428.jpg.chip.jpg,24,/Users/cipherxishant/Downloads/archive/UTKFace/24_1_3_20170104234737428.jpg.chip.jpg,0,1,0,0,0,1,0,79.33502197265625,63.785011291503906,164.70858764648438,193.65061950683594
80_1_0_20170110151356634.jpg.chip.jpg,80,/Users/cipherxishant/Downloads/archive/UTKFace/80_1_0_20170110151356634.jpg.chip.jpg,0,1,1,0,0,0,0,71.54741668701172,56.425392150878906,158.6435546875,188.82196044921875
24_1_2_20170116165951514.jpg.chip.jpg,24,/Users/cipherxishant/Downloads/archive/UTKFace/24_1_2_20170116165951514.jpg.chip.jpg,0,1,0,0,1,0,0,84.20018005371094,71.27532196044922,164.87796020507812,201.71261596679688
77_1_0_20170110132442352.jpg.chip.jpg,77,/Users/cipherxishant/Downloads/archive/UTKFace/77_1_0_20170110132442352.jpg.chip.jpg,0,1,1,0,0,0,0,79.59371948242188,70.40899658203125,171.4779510498047,195.16973876953125
1_0_2_20161219151035204.jpg.chip.jpg,1,/Users/cipherxishant/Downloads/archive/UTKFace/1_0_2_20161219151035204.jpg.chip.jpg,1,0,0,0,1,0,0,77.18473815917969,56.62889862060547,183.92652893066406,185.10708618164062
35_0_2_20170116191244597.jpg.chip.jpg,35,/Users/cipherxishant/Downloads/archive/UTKFace/35_0_2_20170116191244597.jpg.chip.jpg,1,0,0,0,1,0,0,81.21315002441406,70.6579818725586,167.56846618652344,201.15936279296875
24_1_1_20170116153804572.jpg.chip.jpg,24,/Users/cipherxishant/Downloads/archive/UTKFace/24_1_1_20170116153804572.jpg.chip.jpg,0,1,0,1,0,0,0,71.6948013305664,57.94009780883789,154.86033630371094,190.47122192382812
29_0_0_20170109002204936.jpg.chip.jpg,29,/Users/cipherxishant/Downloads/archive/UTKFace/29_0_0_20170109002204936.jpg.chip.jpg,1,0,1,0,0,0,0,87.96954345703125,77.89957427978516,177.69180297851562,201.4502716064453
26_1_0_20170117094755094.jpg.chip.jpg,26,/Users/cipherxishant/Downloads/archive/UTKFace/26_1_0_20170117094755094.jpg.chip.jpg,0,1,1,0,0,0,0,72.25950622558594,62.13401412963867,159.9420166015625,192.3584442138672
26_1_1_20170117183713316.jpg.chip.jpg,26,/Users/cipherxishant/Downloads/archive/UTKFace/26_1_1_20170117183713316.jpg.chip.jpg,0,1,0,1,0,0,0,76.47015380859375,65.80230712890625,165.0651092529297,195.3945770263672
55_0_0_20170117191852677.jpg.chip.jpg,55,/Users/cipherxishant/Downloads/archive/UTKFace/55_0_0_20170117191852677.jpg.chip.jpg,1,0,1,0,0,0,0,69.99137878417969,51.096500396728516,159.16371154785156,195.6041259765625
44_0_0_20170113210319338.jpg.chip.jpg,44,/Users/cipherxishant/Downloads/archive/UTKFace/44_0_0_20170113210319338.jpg.chip.jpg,1,0,1,0,0,0,0,68.83588409423828,60.19487762451172,148.48927307128906,195.42202758789062
45_0_1_20170113184246839.jpg.chip.jpg,45,/Users/cipherxishant/Downloads/archive/UTKFace/45_0_1_20170113184246839.jpg.chip.jpg,1,0,0,1,0,0,0,63.177364349365234,54.96465301513672,132.6285400390625,194.88218688964844
72_0_2_20170105174444334.jpg.chip.jpg,72,/Users/cipherxishant/Downloads/archive/UTKFace/72_0_2_20170105174444334.jpg.chip.jpg,1,0,0,0,1,0,0,73.98416137695312,60.9206657409668,161.05592346191406,200.72962951660156
22_1_2_20170116172707989.jpg.chip.jpg,22,/Users/cipherxishant/Downloads/archive/UTKFace/22_1_2_20170116172707989.jpg.chip.jpg,0,1,0,0,1,0,0,74.4358139038086,62.71793746948242,162.27572631835938,191.20518493652344
41_0_0_20170117154650158.jpg.chip.jpg,41,/Users/cipherxishant/Downloads/archive/UTKFace/41_0_0_20170117154650158.jpg.chip.jpg,1,0,1,0,0,0,0,78.06733703613281,65.4913330078125,168.3553466796875,201.72732543945312
45_0_3_20170119162821908.jpg.chip.jpg,45,/Users/cipherxishant/Downloads/archive/UTKFace/45_0_3_20170119162821908.jpg.chip.jpg,1,0,0,0,0,1,0,77.36760711669922,61.62276840209961,173.5943603515625,192.01467895507812
31_0_3_20170104220255896.jpg.chip.jpg,31,/Users/cipherxishant/Downloads/archive/UTKFace/31_0_3_20170104220255896.jpg.chip.jpg,1,0,0,0,0,1,0,75.64009857177734,60.44965744018555,166.79843139648438,190.5393524169922
36_0_0_20170117183317229.jpg.chip.jpg,36,/Users/cipherxishant/Downloads/archive/UTKFace/36_0_0_20170117183317229.jpg.chip.jpg,1,0,1,0,0,0,0,67.02925872802734,49.57698440551758,155.78285217285156,196.62852478027344
54_0_0_20170117171049691.jpg.chip.jpg,54,/Users/cipherxishant/Downloads/archive/UTKFace/54_0_0_20170117171049691.jpg.chip.jpg,1,0,1,0,0,0,0,82.15597534179688,69.64929962158203,165.99864196777344,205.25782775878906
27_1_2_20170116192014113.jpg.chip.jpg,27,/Users/cipherxishant/Downloads/archive/UTKFace/27_1_2_20170116192014113.jpg.chip.jpg,0,1,0,0,1,0,0,68.88218688964844,52.805511474609375,167.23745727539062,190.39573669433594
90_0_0_20170111205657119.jpg.chip.jpg,90,/Users/cipherxishant/Downloads/archive/UTKFace/90_0_0_20170111205657119.jpg.chip.jpg,1,0,1,0,0,0,0,81.95098114013672,75.69654083251953,166.00791931152344,201.94671630859375
23_1_0_20170116221717766.jpg.chip.jpg,23,/Users/cipherxishant/Downloads/archive/UTKFace/23_1_0_20170116221717766.jpg.chip.jpg,0,1,1,0,0,0,0,79.24081420898438,72.20097351074219,165.2242431640625,194.52755737304688
21_1_3_20170109132139583.jpg.chip.jpg,21,/Users/cipherxishant/Downloads/archive/UTKFace/21_1_3_20170109132139583.jpg.chip.jpg,0,1,0,0,0,1,0,74.58540344238281,64.76933288574219,159.9605712890625,191.689453125
24_1_0_20170105183618095.jpg.chip.jpg,24,/Users/cipherxishant/Downloads/archive/UTKFace/24_1_0_20170105183618095.jpg.chip.jpg,0,1,1,0,0,0,0,81.94066619873047,74.67440032958984,173.88548278808594,200.6625213623047
26_0_0_20170120140037464.jpg.chip.jpg,26,/Users/cipherxishant/Downloads/archive/UTKFace/26_0_0_20170120140037464.jpg.chip.jpg,1,0,1,0,0,0,0,78.98941040039062,61.165645599365234,180.01316833496094,200.83981323242188
8_1_3_20170109205422312.jpg.chip.jpg,8,/Users/cipherxishant/Downloads/archive/UTKFace/8_1_3_20170109205422312.jpg.chip.jpg,0,1,0,0,0,1,0,73.38267517089844,54.45307922363281,172.8434600830078,183.22576904296875
26_0_1_20170113135322642.jpg.chip.jpg,26,/Users/cipherxishant/Downloads/archive/UTKFace/26_0_1_20170113135322642.jpg.chip.jpg,1,0,0,1,0,0,0,72.2164306640625,53.6338005065918,158.40565490722656,191.90005493164062
1_0_0_20161219194004596.jpg.chip.jpg,1,/Users/cipherxishant/Downloads/archive/UTKFace/1_0_0_20161219194004596.jpg.chip.jpg,1,0,1,0,0,0,0,76.88245391845703,65.14874267578125,167.37380981445312,187.0004119873047
32_1_3_20170104232031954.jpg.chip.jpg,32,/Users/cipherxishant/Downloads/archive/UTKFace/32_1_3_20170104232031954.jpg.chip.jpg,0,1,0,0,0,1,0,79.31334686279297,69.4169921875,162.77713012695312,187.1484375
26_1_1_20170116232810500.jpg.chip.jpg,26,/Users/cipherxishant/Downloads/archive/UTKFace/26_1_1_20170116232810500.jpg.chip.jpg,0,1,0,1,0,0,0,78.21188354492188,69.65473937988281,160.91082763671875,197.47854614257812
47_0_0_20170109012806452.jpg.chip.jpg,47,/Users/cipherxishant/Downloads/archive/UTKFace/47_0_0_20170109012806452.jpg.chip.jpg,1,0,1,0,0,0,0,71.67911529541016,63.72397994995117,154.2909393310547,195.71009826660156
58_0_0_20170111195348887.jpg.chip.jpg,58,/Users/cipherxishant/Downloads/archive/UTKFace/58_0_0_20170111195348887.jpg.chip.jpg,1,0,1,0,0,0,0,78.14999389648438,68.4096450805664,170.59095764160156,190.62661743164062
61_0_1_20170117193626228.jpg.chip.jpg,61,/Users/cipherxishant/Downloads/archive/UTKFace/61_0_1_20170117193626228.jpg.chip.jpg,1,0,0,1,0,0,0,81.35382080078125,67.69327545166016,155.23094177246094,198.53964233398438
47_0_3_20170119205156254.jpg.chip.jpg,47,/Users/cipherxishant/Downloads/archive/UTKFace/47_0_3_20170119205156254.jpg.chip.jpg,1,0,0,0,0,1,0,76.75418090820312,61.411800384521484,166.61227416992188,190.0335693359375
62_1_2_20170116191832323.jpg.chip.jpg,62,/Users/cipherxishant/Downloads/archive/UTKFace/62_1_2_20170116191832323.jpg.chip.jpg,0,1,0,0,1,0,0,78.15967559814453,60.555362701416016,174.57888793945312,187.3262481689453
1_0_3_20161219225633088.jpg.chip.jpg,1,/Users/cipherxishant/Downloads/archive/UTKFace/1_0_3_20161219225633088.jpg.chip.jpg,1,0,0,0,0,1,0,83.59220886230469,63.90731430053711,198.60171508789062,198.97525024414062
15_0_0_20170110232646170.jpg.chip.jpg,15,/Users/cipherxishant/Downloads/archive/UTKFace/15_0_0_20170110232646170.jpg.chip.jpg,1,0,1,0,0,0,0,76.79315948486328,68.88697052001953,162.17127990722656,197.02740478515625
68_0_1_20170111194909799.jpg.chip.jpg,68,/Users/cipherxishant/Downloads/archive/UTKFace/68_0_1_20170111194909799.jpg.chip.jpg,1,0,0,1,0,0,0,78.47871398925781,64.83090209960938,155.56466674804688,196.69012451171875
36_0_1_20170116203518157.jpg.chip.jpg,36,/Users/cipherxishant/Downloads/archive/UTKFace/36_0_1_20170116203518157.jpg.chip.jpg,1,0,0,1,0,0,0,85.77722930908203,75.52472686767578,191.19937133789062,208.21263122558594
26_0_2_20170117172558276.jpg.chip.jpg,26,/Users/cipherxishant/Downloads/archive/UTKFace/26_0_2_20170117172558276.jpg.chip.jpg,1,0,0,0,1,0,0,70.1531982421875,52.92447280883789,158.32093811035156,201.71678161621094
1_1_0_20170109194032969.jpg.chip.jpg,1,/Users/cipherxishant/Downloads/archive/UTKFace/1_1_0_20170109194032969.jpg.chip.jpg,0,1,1,0,0,0,0,85.87055969238281,69.60348510742188,177.9627685546875,203.57632446289062
37_0_0_20170117140050797.jpg.chip.jpg,37,/Users/cipherxishant/Downloads/archive/UTKFace/37_0_0_20170117140050797.jpg.chip.jpg,1,0,1,0,0,0,0,82.00111389160156,73.1624984741211,169.39932250976562,177.90530395507812
38_1_0_20170103183214380.jpg.chip.jpg,38,/Users/cipherxishant/Downloads/archive/UTKFace/38_1_0_20170103183214380.jpg.chip.jpg,0,1,1,0,0,0,0,82.63458251953125,73.58612060546875,168.14752197265625,200.18968200683594
26_1_2_20170116180217943.jpg.chip.jpg,26,/Users/cipherxishant/Downloads/archive/UTKFace/26_1_2_20170116180217943.jpg.chip.jpg,0,1,0,0,1,0,0,88.68255615234375,72.72412109375,167.0584259033203,198.94778442382812
56_0_0_20170109012217972.jpg.chip.jpg,56,/Users/cipherxishant/Downloads/archive/UTKFace/56_0_0_20170109012217972.jpg.chip.jpg,1,0,1,0,0,0,0,85.28665161132812,74.77584838867188,167.9050750732422,196.07565307617188
34_1_4_20170103182156641.jpg.chip.jpg,34,/Users/cipherxishant/Downloads/archive/UTKFace/34_1_4_20170103182156641.jpg.chip.jpg,0,1,0,0,0,0,1,72.79750061035156,60.774024963378906,156.6939697265625,184.00625610351562
54_0_1_20170117143030074.jpg.chip.jpg,54,/Users/cipherxishant/Downloads/archive/UTKFace/54_0_1_20170117143030074.jpg.chip.jpg,1,0,0,1,0,0,0,75.96878814697266,66.58939361572266,152.7843017578125,201.25283813476562
26_1_1_20170116233337587.jpg.chip.jpg,26,/Users/cipherxishant/Downloads/archive/UTKFace/26_1_1_20170116233337587.jpg.chip.jpg,0,1,0,1,0,0,0,82.81629943847656,72.60838317871094,173.96348571777344,198.63510131835938
3_0_2_20161219141016496.jpg.chip.jpg,3,/Users/cipherxishant/Downloads/archive/UTKFace/3_0_2_20161219141016496.jpg.chip.jpg,1,0,0,0,1,0,0,83.75404357910156,62.10834884643555,195.7045440673828,205.64028930664062
96_1_0_20170110182433943.jpg.chip.jpg,96,/Users/cipherxishant/Downloads/archive/UTKFace/96_1_0_20170110182433943.jpg.chip.jpg,0,1,1,0,0,0,0,76.8034439086914,57.41938781738281,177.98837280273438,196.63058471679688
50_0_0_20170120222405224.jpg.chip.jpg,50,/Users/cipherxishant/Downloads/archive/UTKFace/50_0_0_20170120222405224.jpg.chip.jpg,1,0,1,0,0,0,0,72.49141693115234,60.83241653442383,156.55880737304688,196.26039123535156
20_1_0_20170109213411083.jpg.chip.jpg,20,/Users/cipherxishant/Downloads/archive/UTKFace/20_1_0_20170109213411083.jpg.chip.jpg,0,1,1,0,0,0,0,87.15699005126953,73.7497787475586,165.49061584472656,203.3572235107422
25_0_3_20170117134128269.jpg.chip.jpg,25,/Users/cipherxishant/Downloads/archive/UTKFace/25_0_3_20170117134128269.jpg.chip.jpg,1,0,0,0,0,1,0,81.62472534179688,68.03558349609375,167.02122497558594,198.90553283691406
27_0_0_20170116205016692.jpg.chip.jpg,27,/Users/cipherxishant/Downloads/archive/UTKFace/27_0_0_20170116205016692.jpg.chip.jpg,1,0,1,0,0,0,0,76.36602783203125,63.833763122558594,172.70875549316406,193.4990234375
18_1_0_20170109212849263.jpg.chip.jpg,18,/Users/cipherxishant/Downloads/archive/UTKFace/18_1_0_20170109212849263.jpg.chip.jpg,0,1,1,0,0,0,0,76.25404357910156,62.193931579589844,173.3287353515625,190.2552490234375
32_1_1_20170113012946729.jpg.chip.jpg,32,/Users/cipherxishant/Downloads/archive/UTKFace/32_1_1_20170113012946729.jpg.chip.jpg,0,1,0,1,0,0,0,75.23042297363281,67.36692810058594,158.27830505371094,183.84451293945312
55_0_3_20170119204600605.jpg.chip.jpg,55,/Users/cipherxishant/Downloads/archive/UTKFace/55_0_3_20170119204600605.jpg.chip.jpg,1,0,0,0,0,1,0,79.95772552490234,70.73774719238281,169.9308319091797,199.51565551757812
6_1_4_20161221193230469.jpg.chip.jpg,6,/Users/cipherxishant/Downloads/archive/UTKFace/6_1_4_20161221193230469.jpg.chip.jpg,0,1,0,0,0,0,1,63.366580963134766,50.313716888427734,143.82142639160156,163.29013061523438
26_0_1_20170117194404976.jpg.chip.jpg,26,/Users/cipherxishant/Downloads/archive/UTKFace/26_0_1_20170117194404976.jpg.chip.jpg,1,0,0,1,0,0,0,73.12310791015625,58.2684326171875,156.70376586914062,191.04730224609375
23_0_3_20170119163856511.jpg.chip.jpg,23,/Users/cipherxishant/Downloads/archive/UTKFace/23_0_3_20170119163856511.jpg.chip.jpg,1,0,0,0,0,1,0,68.36668395996094,53.492591857910156,159.49240112304688,197.03646850585938
45_1_2_20170109220409055.jpg.chip.jpg,45,/Users/cipherxishant/Downloads/archive/UTKFace/45_1_2_20170109220409055.jpg.chip.jpg,0,1,0,0,1,0,0,79.78433990478516,64.51168823242188,169.78590393066406,198.90771484375
65_0_0_20170117160712302.jpg.chip.jpg,65,/Users/cipherxishant/Downloads/archive/UTKFace/65_0_0_20170117160712302.jpg.chip.jpg,1,0,1,0,0,0,0,81.11136627197266,72.91989135742188,170.3738250732422,196.0790557861328
85_1_0_20170110182918046.jpg.chip.jpg,85,/Users/cipherxishant/Downloads/archive/UTKFace/85_1_0_20170110182918046.jpg.chip.jpg,0,1,1,0,0,0,0,91.68671417236328,75.98113250732422,173.23159790039062,200.84645080566406
42_0_1_20170113175751788.jpg.chip.jpg,42,/Users/cipherxishant/Downloads/archive/UTKFace/42_0_1_20170113175751788.jpg.chip.jpg,1,0,0,1,0,0,0,77.51937866210938,67.28959655761719,164.8507080078125,187.5343017578125
36_0_1_20170113142152196.jpg.chip.jpg,36,/Users/cipherxishant/Downloads/archive/UTKFace/36_0_1_20170113142152196.jpg.chip.jpg,1,0,0,1,0,0,0,75.67213439941406,67.4605941772461,161.87464904785156,193.1818389892578
35_1_0_20170116223137874.jpg.chip.jpg,35,/Users/cipherxishant/Downloads/archive/UTKFace/35_1_0_20170116223137874.jpg.chip.jpg,0,1,1,0,0,0,0,76.2744369506836,56.39509201049805,173.1765594482422,178.0428009033203
32_0_1_20170113151436071.jpg.chip.jpg,32,/Users/cipherxishant/Downloads/archive/UTKFace/32_0_1_20170113151436071.jpg.chip.jpg,1,0,0,1,0,0,0,74.63092803955078,60.74586486816406,165.80433654785156,183.3188018798828
37_1_2_20170105162546659.jpg.chip.jpg,37,/Users/cipherxishant/Downloads/archive/UTKFace/37_1_2_20170105162546659.jpg.chip.jpg,0,1,0,0,1,0,0,81.00483703613281,72.48013305664062,169.36441040039062,192.7965850830078
26_1_3_20170117154416199.jpg.chip.jpg,26,/Users/cipherxishant/Downloads/archive/UTKFace/26_1_3_20170117154416199.jpg.chip.jpg,0,1,0,0,0,1,0,77.59069061279297,71.07721710205078,167.03045654296875,200.24061584472656
24_0_1_20170114025920224.jpg.chip.jpg,24,/Users/cipherxishant/Downloads/archive/UTKFace/24_0_1_20170114025920224.jpg.chip.jpg,1,0,0,1,0,0,0,73.72964477539062,59.6373291015625,163.97178649902344,190.93276977539062
34_1_3_20170119200846595.jpg.chip.jpg,34,/Users/cipherxishant/Downloads/archive/UTKFace/34_1_3_20170119200846595.jpg.chip.jpg,0,1,0,0,0,1,0,83.90780639648438,71.97077178955078,168.47572326660156,203.22584533691406
26_0_0_20170116205259187.jpg.chip.jpg,26,/Users/cipherxishant/Downloads/archive/UTKFace/26_0_0_20170116205259187.jpg.chip.jpg,1,0,1,0,0,0,0,85.00157928466797,71.63938903808594,169.31385803222656,197.3978271484375
9_0_0_20170110224736067.jpg.chip.jpg,9,/Users/cipherxishant/Downloads/archive/UTKFace/9_0_0_20170110224736067.jpg.chip.jpg,1,0,1,0,0,0,0,71.47462463378906,55.7861442565918,161.8690948486328,181.8769073486328
33_0_1_20170113152629721.jpg.chip.jpg,33,/Users/cipherxishant/Downloads/archive/UTKFace/33_0_1_20170113152629721.jpg.chip.jpg,1,0,0,1,0,0,0,62.87621307373047,44.32059097290039,153.8022003173828,192.2661895751953
40_0_0_20170116000712384.jpg.chip.jpg,40,/Users/cipherxishant/Downloads/archive/UTKFace/40_0_0_20170116000712384.jpg.chip.jpg,1,0,1,0,0,0,0,80.43489837646484,66.57383728027344,179.46925354003906,186.95968627929688
55_0_0_20170117184812800.jpg.chip.jpg,55,/Users/cipherxishant/Downloads/archive/UTKFace/55_0_0_20170117184812800.jpg.chip.jpg,1,0,1,0,0,0,0,77.50658416748047,70.02001953125,167.00820922851562,196.44833374023438
1_0_2_20161219200048084.jpg.chip.jpg,1,/Users/cipherxishant/Downloads/archive/UTKFace/1_0_2_20161219200048084.jpg.chip.jpg,1,0,0,0,1,0,0,81.9595718383789,59.151309967041016,187.1864013671875,194.4491729736328
27_1_2_20170116185938978.jpg.chip.jpg,27,/Users/cipherxishant/Downloads/archive/UTKFace/27_1_2_20170116185938978.jpg.chip.jpg,0,1,0,0,1,0,0,72.52165985107422,58.19765853881836,162.12367248535156,199.69741821289062
16_1_3_20170104223028462.jpg.chip.jpg,16,/Users/cipherxishant/Downloads/archive/UTKFace/16_1_3_20170104223028462.jpg.chip.jpg,0,1,0,0,0,1,0,81.54449462890625,71.3122329711914,178.02346801757812,197.1605224609375
28_0_4_20170103235814852.jpg.chip.jpg,28,/Users/cipherxishant/Downloads/archive/UTKFace/28_0_4_20170103235814852.jpg.chip.jpg,1,0,0,0,0,0,1,81.33880615234375,67.7889404296875,164.4747772216797,195.58905029296875
45_0_0_20170117180830778.jpg.chip.jpg,45,/Users/cipherxishant/Downloads/archive/UTKFace/45_0_0_20170117180830778.jpg.chip.jpg,1,0,1,0,0,0,0,78.1873779296875,67.7835464477539,163.9785919189453,197.63027954101562
15_1_0_20170109214633067.jpg.chip.jpg,15,/Users/cipherxishant/Downloads/archive/UTKFace/15_1_0_20170109214633067.jpg.chip.jpg,0,1,1,0,0,0,0,78.02996063232422,62.763427734375,171.95269775390625,188.7715606689453
57_0_0_20170104185225142.jpg.chip.jpg,57,/Users/cipherxishant/Downloads/archive/UTKFace/57_0_0_20170104185225142.jpg.chip.jpg,1,0,1,0,0,0,0,82.51298522949219,74.37896728515625,162.76242065429688,202.79762268066406
29_1_4_20170113011257168.jpg.chip.jpg,29,/Users/cipherxishant/Downloads/archive/UTKFace/29_1_4_20170113011257168.jpg.chip.jpg,0,1,0,0,0,0,1,68.60830688476562,60.711307525634766,155.6336212158203,192.2385711669922
1_1_4_20161221193419158.jpg.chip.jpg,1,/Users/cipherxishant/Downloads/archive/UTKFace/1_1_4_20161221193419158.jpg.chip.jpg,0,1,0,0,0,0,1,83.41142272949219,70.42029571533203,191.0952606201172,192.3155517578125
23_1_4_20170117194259323.jpg.chip.jpg,23,/Users/cipherxishant/Downloads/archive/UTKFace/23_1_4_20170117194259323.jpg.chip.jpg,0,1,0,0,0,0,1,74.63966369628906,58.67844009399414,161.97027587890625,189.0269317626953
25_1_3_20170119172049633.jpg.chip.jpg,25,/Users/cipherxishant/Downloads/archive/UTKFace/25_1_3_20170119172049633.jpg.chip.jpg,0,1,0,0,0,1,0,80.57814025878906,73.97872924804688,166.8043975830078,203.015380859375
1_0_1_20170110213113882.jpg.chip.jpg,1,/Users/cipherxishant/Downloads/archive/UTKFace/1_0_1_20170110213113882.jpg.chip.jpg,1,0,0,1,0,0,0,79.1646957397461,60.87074279785156,180.13275146484375,184.07240295410156
6_1_4_20161221193229605.jpg.chip.jpg,6,/Users/cipherxishant/Downloads/archive/UTKFace/6_1_4_20161221193229605.jpg.chip.jpg,0,1,0,0,0,0,1,81.02444458007812,62.981361389160156,169.55450439453125,183.14854431152344
34_0_3_20170119200757565.jpg.chip.jpg,34,/Users/cipherxishant/Downloads/archive/UTKFace/34_0_3_20170119200757565.jpg.chip.jpg,1,0,0,0,0,1,0,75.1375732421875,63.118919372558594,159.45655822753906,195.60145568847656
28_1_0_20170112235209623.jpg.chip.jpg,28,/Users/cipherxishant/Downloads/archive/UTKFace/28_1_0_20170112235209623.jpg.chip.jpg,0,1,1,0,0,0,0,74.67799377441406,69.526611328125,160.83729553222656,198.8444061279297
2_0_0_20170109190947004.jpg.chip.jpg,2,/Users/cipherxishant/Downloads/archive/UTKFace/2_0_0_20170109190947004.jpg.chip.jpg,1,0,1,0,0,0,0,77.56055450439453,61.68408203125,171.3020782470703,188.86520385742188
3_1_4_20170103213251308.jpg.chip.jpg,3,/Users/cipherxishant/Downloads/archive/UTKFace/3_1_4_20170103213251308.jpg.chip.jpg,0,1,0,0,0,0,1,79.3060073852539,57.460975646972656,183.14332580566406,189.134033203125
1_0_3_20161220142926159.jpg.chip.jpg,1,/Users/cipherxishant/Downloads/archive/UTKFace/1_0_3_20161220142926159.jpg.chip.jpg,1,0,0,0,0,1,0,86.85164642333984,73.46622467041016,194.1177978515625,200.8209991455078
35_0_0_20170117171336427.jpg.chip.jpg,35,/Users/cipherxishant/Downloads/archive/UTKFace/35_0_0_20170117171336427.jpg.chip.jpg,1,0,1,0,0,0,0,75.53328704833984,57.84540557861328,163.5562744140625,204.64434814453125
55_0_0_20170105164528684.jpg.chip.jpg,55,/Users/cipherxishant/Downloads/archive/UTKFace/55_0_0_20170105164528684.jpg.chip.jpg,1,0,1,0,0,0,0,81.51407623291016,65.74668884277344,177.50877380371094,206.200439453125
20_0_0_20170117140705537.jpg.chip.jpg,20,/Users/cipherxishant/Downloads/archive/UTKFace/20_0_0_20170117140705537.jpg.chip.jpg,1,0,1,0,0,0,0,74.8360824584961,61.22370147705078,152.369140625,191.30421447753906
21_1_1_20170114031500330.jpg.chip.jpg,21,/Users/cipherxishant/Downloads/archive/UTKFace/21_1_1_20170114031500330.jpg.chip.jpg,0,1,0,1,0,0,0,74.20642852783203,60.21075439453125,151.14422607421875,178.86192321777344
38_0_0_20170116224644283.jpg.chip.jpg,38,/Users/cipherxishant/Downloads/archive/UTKFace/38_0_0_20170116224644283.jpg.chip.jpg,1,0,1,0,0,0,0,87.24556732177734,77.72027587890625,171.18478393554688,207.64381408691406
26_1_0_20170103181710200.jpg.chip.jpg,26,/Users/cipherxishant/Downloads/archive/UTKFace/26_1_0_20170103181710200.jpg.chip.jpg,0,1,1,0,0,0,0,73.48359680175781,62.62692642211914,160.85540771484375,195.54409790039062
41_1_0_20170117185511874.jpg.chip.jpg,41,/Users/cipherxishant/Downloads/archive/UTKFace/41_1_0_20170117185511874.jpg.chip.jpg,0,1,1,0,0,0,0,79.4758529663086,72.78205871582031,158.89169311523438,195.87057495117188
26_1_2_20170116183011989.jpg.chip.jpg,26,/Users/cipherxishant/Downloads/archive/UTKFace/26_1_2_20170116183011989.jpg.chip.jpg,0,1,0,0,1,0,0,78.5955581665039,62.34148025512695,166.119873046875,191.35350036621094
38_1_0_20170104202430130.jpg.chip.jpg,38,/Users/cipherxishant/Downloads/archive/UTKFace/38_1_0_20170104202430130.jpg.chip.jpg,0,1,1,0,0,0,0,85.31963348388672,72.76434326171875,172.4320831298828,193.08506774902344
29_0_1_20170117104603706.jpg.chip.jpg,29,/Users/cipherxishant/Downloads/archive/UTKFace/29_0_1_20170117104603706.jpg.chip.jpg,1,0,0,1,0,0,0,76.4776611328125,67.3608627319336,163.13296508789062,200.19976806640625
18_1_0_20170109213919463.jpg.chip.jpg,18,/Users/cipherxishant/Downloads/archive/UTKFace/18_1_0_20170109213919463.jpg.chip.jpg,0,1,1,0,0,0,0,77.13229370117188,69.09398651123047,157.33982849121094,193.2535400390625
48_1_0_20170110125249128.jpg.chip.jpg,48,/Users/cipherxishant/Downloads/archive/UTKFace/48_1_0_20170110125249128.jpg.chip.jpg,0,1,1,0,0,0,0,79.31887817382812,68.45183563232422,168.87672424316406,193.7820281982422
8_1_4_20170103212955884.jpg.chip.jpg,8,/Users/cipherxishant/Downloads/archive/UTKFace/8_1_4_20170103212955884.jpg.chip.jpg,0,1,0,0,0,0,1,87.77306365966797,77.56682586669922,171.33877563476562,199.71197509765625
54_1_1_20170120223626558.jpg.chip.jpg,54,/Users/cipherxishant/Downloads/archive/UTKFace/54_1_1_20170120223626558.jpg.chip.jpg,0,1,0,1,0,0,0,70.33655548095703,60.031394958496094,151.37799072265625,186.3427734375
35_0_0_20170117170540987.jpg.chip.jpg,35,/Users/cipherxishant/Downloads/archive/UTKFace/35_0_0_20170117170540987.jpg.chip.jpg,1,0,1,0,0,0,0,80.63867950439453,74.01811218261719,165.35646057128906,194.72337341308594
27_1_0_20170119163226214.jpg.chip.jpg,27,/Users/cipherxishant/Downloads/archive/UTKFace/27_1_0_20170119163226214.jpg.chip.jpg,0,1,1,0,0,0,0,79.79706573486328,74.52442169189453,169.8275146484375,204.4879608154297
25_0_3_20170104220223342.jpg.chip.jpg,25,/Users/cipherxishant/Downloads/archive/UTKFace/25_0_3_20170104220223342.jpg.chip.jpg,1,0,0,0,0,1,0,74.16725158691406,59.411338806152344,164.6394500732422,194.589599609375
25_1_3_20170117152030871.jpg.chip.jpg,25,/Users/cipherxishant/Downloads/archive/UTKFace/25_1_3_20170117152030871.jpg.chip.jpg,0,1,0,0,0,1,0,77.90906524658203,65.94991302490234,163.9580078125,194.39450073242188
1_1_3_20161219230239192.jpg.chip.jpg,1,/Users/cipherxishant/Downloads/archive/UTKFace/1_1_3_20161219230239192.jpg.chip.jpg,0,1,0,0,0,1,0,84.41168975830078,68.50078582763672,193.75918579101562,186.93804931640625
23_1_2_20170116172812034.jpg.chip.jpg,23,/Users/cipherxishant/Downloads/archive/UTKFace/23_1_2_20170116172812034.jpg.chip.jpg,0,1,0,0,1,0,0,77.98214721679688,61.49793243408203,167.25625610351562,195.804931640625
2_1_3_20161220222013834.jpg.chip.jpg,2,/Users/cipherxishant/Downloads/archive/UTKFace/2_1_3_20161220222013834.jpg.chip.jpg,0,1,0,0,0,1,0,87.70481872558594,74.27470397949219,189.35765075683594,199.78756713867188
3_1_2_20161219211045069.jpg.chip.jpg,3,/Users/cipherxishant/Downloads/archive/UTKFace/3_1_2_20161219211045069.jpg.chip.jpg,0,1,0,0,1,0,0,79.50078582763672,59.69517135620117,180.92210388183594,203.82077026367188
1_0_2_20161219161822166.jpg.chip.jpg,1,/Users/cipherxishant/Downloads/archive/UTKFace/1_0_2_20161219161822166.jpg.chip.jpg,1,0,0,0,1,0,0,89.04637145996094,73.10950469970703,191.19912719726562,199.27166748046875
27_0_3_20170104230153993.jpg.chip.jpg,27,/Users/cipherxishant/Downloads/archive/UTKFace/27_0_3_20170104230153993.jpg.chip.jpg,1,0,0,0,0,1,0,78.64213562011719,62.36608123779297,177.851318359375,186.11488342285156
3_1_0_20170109190700159.jpg.chip.jpg,3,/Users/cipherxishant/Downloads/archive/UTKFace/3_1_0_20170109190700159.jpg.chip.jpg,0,1,1,0,0,0,0,80.59516143798828,62.9468994140625,185.9847412109375,189.586181640625
26_0_0_20170117171932498.jpg.chip.jpg,26,/Users/cipherxishant/Downloads/archive/UTKFace/26_0_0_20170117171932498.jpg.chip.jpg,1,0,1,0,0,0,0,82.2080307006836,68.90406036376953,175.57559204101562,202.73287963867188
35_1_0_20170117183029095.jpg.chip.jpg,35,/Users/cipherxishant/Downloads/archive/UTKFace/35_1_0_20170117183029095.jpg.chip.jpg,0,1,1,0,0,0,0,66.28086853027344,45.54644775390625,154.98971557617188,192.72328186035156
21_1_2_20170104015820531.jpg.chip.jpg,21,/Users/cipherxishant/Downloads/archive/UTKFace/21_1_2_20170104015820531.jpg.chip.jpg,0,1,0,0,1,0,0,87.54756927490234,74.26571655273438,173.0100860595703,197.5594024658203
24_1_0_20170105162704533.jpg.chip.jpg,24,/Users/cipherxishant/Downloads/archive/UTKFace/24_1_0_20170105162704533.jpg.chip.jpg,0,1,1,0,0,0,0,83.89060974121094,77.31908416748047,179.91627502441406,202.8475341796875
38_0_0_20170116235516373.jpg.chip.jpg,38,/Users/cipherxishant/Downloads/archive/UTKFace/38_0_0_20170116235516373.jpg.chip.jpg,1,0,1,0,0,0,0,81.46389770507812,71.40213775634766,166.6188201904297,204.16481018066406
35_1_0_20170103183207120.jpg.chip.jpg,35,/Users/cipherxishant/Downloads/archive/UTKFace/35_1_0_20170103183207120.jpg.chip.jpg,0,1,1,0,0,0,0,76.56787109375,66.29098510742188,166.8826904296875,189.2941131591797
75_0_0_20170111222532345.jpg.chip.jpg,75,/Users/cipherxishant/Downloads/archive/UTKFace/75_0_0_20170111222532345.jpg.chip.jpg,1,0,1,0,0,0,0,79.4570541381836,57.48857498168945,181.91424560546875,208.2935028076172
26_0_1_20170117195155997.jpg.chip.jpg,26,/Users/cipherxishant/Downloads/archive/UTKFace/26_0_1_20170117195155997.jpg.chip.jpg,1,0,0,1,0,0,0,79.41520690917969,55.57435989379883,189.5485382080078,190.065185546875
20_1_1_20170112231744071.jpg.chip.jpg,20,/Users/cipherxishant/Downloads/archive/UTKFace/20_1_1_20170112231744071.jpg.chip.jpg,0,1,0,1,0,0,0,67.95735168457031,54.667179107666016,156.523193359375,190.15245056152344
49_1_0_20170103180443960.jpg.chip.jpg,49,/Users/cipherxishant/Downloads/archive/UTKFace/49_1_0_20170103180443960.jpg.chip.jpg,0,1,1,0,0,0,0,82.10018920898438,73.45996856689453,171.12644958496094,200.5631866455078
53_1_3_20170119205926527.jpg.chip.jpg,53,/Users/cipherxishant/Downloads/archive/UTKFace/53_1_3_20170119205926527.jpg.chip.jpg,0,1,0,0,0,1,0,72.40879821777344,61.90703582763672,158.6179656982422,199.5206756591797
18_0_3_20170117135605224.jpg.chip.jpg,18,/Users/cipherxishant/Downloads/archive/UTKFace/18_0_3_20170117135605224.jpg.chip.jpg,1,0,0,0,0,1,0,69.46917724609375,52.52894592285156,152.140380859375,175.24526977539062
22_0_2_20170116172148714.jpg.chip.jpg,22,/Users/cipherxishant/Downloads/archive/UTKFace/22_0_2_20170116172148714.jpg.chip.jpg,1,0,0,0,1,0,0,78.20694732666016,65.25260162353516,166.8810577392578,189.8826141357422
24_0_4_20170117145745635.jpg.chip.jpg,24,/Users/cipherxishant/Downloads/archive/UTKFace/24_0_4_20170117145745635.jpg.chip.jpg,1,0,0,0,0,0,1,73.45866394042969,60.113258361816406,161.21275329589844,192.27407836914062
26_0_3_20170117154558934.jpg.chip.jpg,26,/Users/cipherxishant/Downloads/archive/UTKFace/26_0_3_20170117154558934.jpg.chip.jpg,1,0,0,0,0,1,0,82.47638702392578,68.37964630126953,164.0159454345703,197.0854034423828
56_0_0_20170120222916505.jpg.chip.jpg,56,/Users/cipherxishant/Downloads/archive/UTKFace/56_0_0_20170120222916505.jpg.chip.jpg,1,0,1,0,0,0,0,72.03984832763672,56.74138641357422,165.34173583984375,186.05174255371094
77_0_2_20170112224733518.jpg.chip.jpg,77,/Users/cipherxishant/Downloads/archive/UTKFace/77_0_2_20170112224733518.jpg.chip.jpg,1,0,0,0,1,0,0,79.1620101928711,67.38180541992188,163.88214111328125,198.61708068847656
36_0_3_20170119201916448.jpg.chip.jpg,36,/Users/cipherxishant/Downloads/archive/UTKFace/36_0_3_20170119201916448.jpg.chip.jpg,1,0,0,0,0,1,0,80.66761016845703,62.873191833496094,182.1490020751953,194.60476684570312
6_1_4_20161223232159876.jpg.chip.jpg,6,/Users/cipherxishant/Downloads/archive/UTKFace/6_1_4_20161223232159876.jpg.chip.jpg,0,1,0,0,0,0,1,72.55305480957031,65.18531799316406,163.14895629882812,178.02432250976562
34_1_0_20170117182637062.jpg.chip.jpg,34,/Users/cipherxishant/Downloads/archive/UTKFace/34_1_0_20170117182637062.jpg.chip.jpg,0,1,1,0,0,0,0,73.78094482421875,63.85947036743164,159.71609497070312,198.7619171142578
30_1_0_20170116220947988.jpg.chip.jpg,30,/Users/cipherxishant/Downloads/archive/UTKFace/30_1_0_20170116220947988.jpg.chip.jpg,0,1,1,0,0,0,0,80.6345443725586,72.966552734375,169.51577758789062,197.3492889404297
43_0_0_20170117155008266.jpg.chip.jpg,43,/Users/cipherxishant/Downloads/archive/UTKFace/43_0_0_20170117155008266.jpg.chip.jpg,1,0,1,0,0,0,0,73.07562255859375,57.85626220703125,167.68807983398438,204.14419555664062
54_0_0_20170111201425519.jpg.chip.jpg,54,/Users/cipherxishant/Downloads/archive/UTKFace/54_0_0_20170111201425519.jpg.chip.jpg,1,0,1,0,0,0,0,78.12837982177734,70.22382354736328,172.0076446533203,197.05422973632812
80_1_1_20170119210040345.jpg.chip.jpg,80,/Users/cipherxishant/Downloads/archive/UTKFace/80_1_1_20170119210040345.jpg.chip.jpg,0,1,0,1,0,0,0,77.53889465332031,55.67472839355469,172.64370727539062,183.53509521484375
30_0_0_20170117144004185.jpg.chip.jpg,30,/Users/cipherxishant/Downloads/archive/UTKFace/30_0_0_20170117144004185.jpg.chip.jpg,1,0,1,0,0,0,0,79.88349914550781,67.08319091796875,170.9813232421875,198.42637634277344
80_0_2_20170112220346479.jpg.chip.jpg,80,/Users/cipherxishant/Downloads/archive/UTKFace/80_0_2_20170112220346479.jpg.chip.jpg,1,0,0,0,1,0,0,75.16655731201172,68.07792663574219,159.71080017089844,192.4721221923828
25_1_0_20170103180657288.jpg.chip.jpg,25,/Users/cipherxishant/Downloads/archive/UTKFace/25_1_0_20170103180657288.jpg.chip.jpg,0,1,1,0,0,0,0,81.26200103759766,73.79113006591797,168.61146545410156,205.62158203125
85_1_0_20170110182120593.jpg.chip.jpg,85,/Users/cipherxishant/Downloads/archive/UTKFace/85_1_0_20170110182120593.jpg.chip.jpg,0,1,1,0,0,0,0,84.03163146972656,72.52606201171875,163.0364990234375,190.2991180419922
45_0_0_20170120140945913.jpg.chip.jpg,45,/Users/cipherxishant/Downloads/archive/UTKFace/45_0_0_20170120140945913.jpg.chip.jpg,1,0,1,0,0,0,0,84.80753326416016,73.05514526367188,180.5065155029297,204.83314514160156
70_0_3_20170117173325952.jpg.chip.jpg,70,/Users/cipherxishant/Downloads/archive/UTKFace/70_0_3_20170117173325952.jpg.chip.jpg,1,0,0,0,0,1,0,81.158203125,72.35011291503906,171.97921752929688,206.6021270751953
50_0_3_20170119205538583.jpg.chip.jpg,50,/Users/cipherxishant/Downloads/archive/UTKFace/50_0_3_20170119205538583.jpg.chip.jpg,1,0,0,0,0,1,0,83.42778015136719,72.527587890625,167.56861877441406,198.79293823242188
26_1_2_20170116162412165.jpg.chip.jpg,26,/Users/cipherxishant/Downloads/archive/UTKFace/26_1_2_20170116162412165.jpg.chip.jpg,0,1,0,0,1,0,0,80.96009826660156,66.72683715820312,167.6830291748047,189.15692138671875
36_0_0_20170112003914754.jpg.chip.jpg,36,/Users/cipherxishant/Downloads/archive/UTKFace/36_0_0_20170112003914754.jpg.chip.jpg,1,0,1,0,0,0,0,68.95030975341797,60.19500732421875,160.12893676757812,199.03555297851562
54_0_1_20170117170901716.jpg.chip.jpg,54,/Users/cipherxishant/Downloads/archive/UTKFace/54_0_1_20170117170901716.jpg.chip.jpg,1,0,0,1,0,0,0,78.92668151855469,64.60877227783203,176.10585021972656,195.6754913330078
43_0_0_20170104205149195.jpg.chip.jpg,43,/Users/cipherxishant/Downloads/archive/UTKFace/43_0_0_20170104205149195.jpg.chip.jpg,1,0,1,0,0,0,0,84.61444091796875,72.40780639648438,169.3816375732422,205.96975708007812
21_1_3_20170104222111271.jpg.chip.jpg,21,/Users/cipherxishant/Downloads/archive/UTKFace/21_1_3_20170104222111271.jpg.chip.jpg,0,1,0,0,0,1,0,77.17708587646484,68.4169692993164,168.31239318847656,205.55047607421875
87_1_0_20170120224714735.jpg.chip.jpg,87,/Users/cipherxishant/Downloads/archive/UTKFace/87_1_0_20170120224714735.jpg.chip.jpg,0,1,1,0,0,0,0,81.29170227050781,61.468475341796875,182.843017578125,194.14964294433594
35_1_3_20170104231848138.jpg.chip.jpg,35,/Users/cipherxishant/Downloads/archive/UTKFace/35_1_3_20170104231848138.jpg.chip.jpg,0,1,0,0,0,1,0,77.34331512451172,62.289791107177734,166.92990112304688,197.3289794921875
36_1_0_20170113005733903.jpg.chip.jpg,36,/Users/cipherxishant/Downloads/archive/UTKFace/36_1_0_20170113005733903.jpg.chip.jpg,0,1,1,0,0,0,0,71.28427124023438,57.363590240478516,154.20826721191406,191.80300903320312
34_1_3_20170119163642029.jpg.chip.jpg,34,/Users/cipherxishant/Downloads/archive/UTKFace/34_1_3_20170119163642029.jpg.chip.jpg,0,1,0,0,0,1,0,85.49160766601562,73.53013610839844,170.99411010742188,195.00735473632812
26_0_0_20170116193220165.jpg.chip.jpg,26,/Users/cipherxishant/Downloads/archive/UTKFace/26_0_0_20170116193220165.jpg.chip.jpg,1,0,1,0,0,0,0,83.470458984375,72.98503112792969,166.8900604248047,201.3520050048828
50_1_0_20170116223837168.jpg.chip.jpg,50,/Users/cipherxishant/Downloads/archive/UTKFace/50_1_0_20170116223837168.jpg.chip.jpg,0,1,1,0,0,0,0,82.42456817626953,71.38261413574219,180.84031677246094,200.08599853515625
21_0_0_20170116201127126.jpg.chip.jpg,21,/Users/cipherxishant/Downloads/archive/UTKFace/21_0_0_20170116201127126.jpg.chip.jpg,1,0,1,0,0,0,0,83.56964111328125,70.15721893310547,188.64154052734375,192.13563537597656
18_0_0_20170103201519511.jpg.chip.jpg,18,/Users/cipherxishant/Downloads/archive/UTKFace/18_0_0_20170103201519511.jpg.chip.jpg,1,0,1,0,0,0,0,72.05199432373047,58.664703369140625,166.37847900390625,193.8701171875
60_1_1_20170113001648066.jpg.chip.jpg,60,/Users/cipherxishant/Downloads/archive/UTKFace/60_1_1_20170113001648066.jpg.chip.jpg,0,1,0,1,0,0,0,81.31329345703125,74.20780944824219,173.37936401367188,199.3623046875
65_0_0_20170120223336620.jpg.chip.jpg,65,/Users/cipherxishant/Downloads/archive/UTKFace/65_0_0_20170120223336620.jpg.chip.jpg,1,0,1,0,0,0,0,79.59259796142578,70.70616912841797,173.40261840820312,202.3101348876953
23_0_3_20170119164041958.jpg.chip.jpg,23,/Users/cipherxishant/Downloads/archive/UTKFace/23_0_3_20170119164041958.jpg.chip.jpg,1,0,0,0,0,1,0,59.91062927246094,52.221858978271484,143.4154815673828,187.9847869873047
15_1_0_20170109214133273.jpg.chip.jpg,15,/Users/cipherxishant/Downloads/archive/UTKFace/15_1_0_20170109214133273.jpg.chip.jpg,0,1,1,0,0,0,0,77.32685852050781,64.91119384765625,161.5359344482422,185.3404998779297
36_0_0_20170117181851709.jpg.chip.jpg,36,/Users/cipherxishant/Downloads/archive/UTKFace/36_0_0_20170117181851709.jpg.chip.jpg,1,0,1,0,0,0,0,80.1007308959961,71.40473937988281,165.22235107421875,199.29884338378906
10_0_0_20170110224406532.jpg.chip.jpg,10,/Users/cipherxishant/Downloads/archive/UTKFace/10_0_0_20170110224406532.jpg.chip.jpg,1,0,1,0,0,0,0,80.92842864990234,67.85731506347656,177.15399169921875,187.2604217529297
37_0_0_20170117135948781.jpg.chip.jpg,37,/Users/cipherxishant/Downloads/archive/UTKFace/37_0_0_20170117135948781.jpg.chip.jpg,1,0,1,0,0,0,0,82.5831298828125,74.2674560546875,172.9672088623047,199.9293975830078
22_1_3_20170104214404028.jpg.chip.jpg,22,/Users/cipherxishant/Downloads/archive/UTKFace/22_1_3_20170104214404028.jpg.chip.jpg,0,1,0,0,0,1,0,77.85501098632812,73.49002075195312,157.2145233154297,199.78659057617188
28_0_0_20170117120854505.jpg.chip.jpg,28,/Users/cipherxishant/Downloads/archive/UTKFace/28_0_0_20170117120854505.jpg.chip.jpg,1,0,1,0,0,0,0,75.7605972290039,63.226112365722656,161.0015411376953,201.65914916992188
32_1_0_20170109003522801.jpg.chip.jpg,32,/Users/cipherxishant/Downloads/archive/UTKFace/32_1_0_20170109003522801.jpg.chip.jpg,0,1,1,0,0,0,0,74.16986083984375,66.33584594726562,166.1444854736328,188.58514404296875
45_0_0_20170119204119581.jpg.chip.jpg,45,/Users/cipherxishant/Downloads/archive/UTKFace/45_0_0_20170119204119581.jpg.chip.jpg,1,0,1,0,0,0,0,81.94722747802734,73.00086975097656,170.49388122558594,196.45741271972656
40_1_0_20170117143211602.jpg.chip.jpg,40,/Users/cipherxishant/Downloads/archive/UTKFace/40_1_0_20170117143211602.jpg.chip.jpg,0,1,1,0,0,0,0,69.550537109375,55.24379348754883,161.15223693847656,181.62661743164062
32_1_1_20170117140943466.jpg.chip.jpg,32,/Users/cipherxishant/Downloads/archive/UTKFace/32_1_1_20170117140943466.jpg.chip.jpg,0,1,0,1,0,0,0,79.52684783935547,70.94074249267578,167.70077514648438,201.6350555419922
45_0_0_20170117191748012.jpg.chip.jpg,45,/Users/cipherxishant/Downloads/archive/UTKFace/45_0_0_20170117191748012.jpg.chip.jpg,1,0,1,0,0,0,0,76.8005142211914,64.33712768554688,167.04544067382812,202.34814453125
28_1_1_20170113012805025.jpg.chip.jpg,28,/Users/cipherxishant/Downloads/archive/UTKFace/28_1_1_20170113012805025.jpg.chip.jpg,0,1,0,1,0,0,0,81.58028411865234,66.69385528564453,164.39495849609375,198.59117126464844
42_0_0_20170116232941954.jpg.chip.jpg,42,/Users/cipherxishant/Downloads/archive/UTKFace/42_0_0_20170116232941954.jpg.chip.jpg,1,0,1,0,0,0,0,76.5447006225586,56.36320114135742,175.99667358398438,184.16636657714844
35_1_1_20170112234710496.jpg.chip.jpg,35,/Users/cipherxishant/Downloads/archive/UTKFace/35_1_1_20170112234710496.jpg.chip.jpg,0,1,0,1,0,0,0,80.176025390625,64.3001708984375,159.8126983642578,198.09027099609375
26_1_3_20170104223022663.jpg.chip.jpg,26,/Users/cipherxishant/Downloads/archive/UTKFace/26_1_3_20170104223022663.jpg.chip.jpg,0,1,0,0,0,1,0,68.77836608886719,59.64936065673828,155.85317993164062,178.1491241455078
34_0_1_20170116030144661.jpg.chip.jpg,34,/Users/cipherxishant/Downloads/archive/UTKFace/34_0_1_20170116030144661.jpg.chip.jpg,1,0,0,1,0,0,0,75.84455108642578,64.11077117919922,160.50433349609375,191.16519165039062
61_1_0_20170110122324992.jpg.chip.jpg,61,/Users/cipherxishant/Downloads/archive/UTKFace/61_1_0_20170110122324992.jpg.chip.jpg,0,1,1,0,0,0,0,77.53695678710938,68.0796890258789,159.90176391601562,198.26611328125
27_1_2_20170116165642633.jpg.chip.jpg,27,/Users/cipherxishant/Downloads/archive/UTKFace/27_1_2_20170116165642633.jpg.chip.jpg,0,1,0,0,1,0,0,77.29081726074219,65.16776275634766,167.20460510253906,188.87989807128906
22_0_4_20170104011059408.jpg.chip.jpg,22,/Users/cipherxishant/Downloads/archive/UTKFace/22_0_4_20170104011059408.jpg.chip.jpg,1,0,0,0,0,0,1,72.57774353027344,60.41549301147461,158.81459045410156,179.37918090820312
46_1_0_20170109002625012.jpg.chip.jpg,46,/Users/cipherxishant/Downloads/archive/UTKFace/46_1_0_20170109002625012.jpg.chip.jpg,0,1,1,0,0,0,0,78.39519500732422,68.03130340576172,161.3206024169922,193.4620819091797
26_0_0_20170117201133309.jpg.chip.jpg,26,/Users/cipherxishant/Downloads/archive/UTKFace/26_0_0_20170117201133309.jpg.chip.jpg,1,0,1,0,0,0,0,76.81120300292969,64.15260314941406,161.2788543701172,198.12509155273438
37_0_0_20170105172903283.jpg.chip.jpg,37,/Users/cipherxishant/Downloads/archive/UTKFace/37_0_0_20170105172903283.jpg.chip.jpg,1,0,1,0,0,0,0,77.4890365600586,66.72636413574219,169.6081085205078,201.0580596923828
66_1_0_20170110140711170.jpg.chip.jpg,66,/Users/cipherxishant/Downloads/archive/UTKFace/66_1_0_20170110140711170.jpg.chip.jpg,0,1,1,0,0,0,0,84.68141174316406,73.04275512695312,172.9359588623047,199.24331665039062
1_1_1_20170109194548732.jpg.chip.jpg,1,/Users/cipherxishant/Downloads/archive/UTKFace/1_1_1_20170109194548732.jpg.chip.jpg,0,1,0,1,0,0,0,82.41820526123047,64.81999206542969,172.58424377441406,180.3403778076172
50_0_0_20170117135034485.jpg.chip.jpg,50,/Users/cipherxishant/Downloads/archive/UTKFace/50_0_0_20170117135034485.jpg.chip.jpg,1,0,1,0,0,0,0,79.26896667480469,68.88541412353516,163.908447265625,197.3096466064453
25_0_2_20170116165108577.jpg.chip.jpg,25,/Users/cipherxishant/Downloads/archive/UTKFace/25_0_2_20170116165108577.jpg.chip.jpg,1,0,0,0,1,0,0,75.1919937133789,57.028072357177734,171.08602905273438,180.60447692871094
24_1_0_20170116215636399.jpg.chip.jpg,24,/Users/cipherxishant/Downloads/archive/UTKFace/24_1_0_20170116215636399.jpg.chip.jpg,0,1,1,0,0,0,0,74.4173812866211,60.68251037597656,159.0276641845703,185.58604431152344
1_0_3_20161220142921293.jpg.chip.jpg,1,/Users/cipherxishant/Downloads/archive/UTKFace/1_0_3_20161220142921293.jpg.chip.jpg,1,0,0,0,0,1,0,79.24665069580078,66.00567626953125,168.0262451171875,188.02047729492188
44_0_0_20170104210021804.jpg.chip.jpg,44,/Users/cipherxishant/Downloads/archive/UTKFace/44_0_0_20170104210021804.jpg.chip.jpg,1,0,1,0,0,0,0,72.61616516113281,63.00429153442383,156.99209594726562,197.8073272705078
20_0_0_20170117134052589.jpg.chip.jpg,20,/Users/cipherxishant/Downloads/archive/UTKFace/20_0_0_20170117134052589.jpg.chip.jpg,1,0,1,0,0,0,0,70.95709228515625,61.542903900146484,157.04666137695312,188.2973175048828
34_0_1_20170117204703255.jpg.chip.jpg,34,/Users/cipherxishant/Downloads/archive/UTKFace/34_0_1_20170117204703255.jpg.chip.jpg,1,0,0,1,0,0,0,67.90184783935547,55.21225357055664,141.0717315673828,190.7340545654297
26_0_1_20170113134233888.jpg.chip.jpg,26,/Users/cipherxishant/Downloads/archive/UTKFace/26_0_1_20170113134233888.jpg.chip.jpg,1,0,0,1,0,0,0,59.816932678222656,43.70238494873047,151.73028564453125,179.9637451171875
26_0_0_20170116203116520.jpg.chip.jpg,26,/Users/cipherxishant/Downloads/archive/UTKFace/26_0_0_20170116203116520.jpg.chip.jpg,1,0,1,0,0,0,0,85.18098449707031,72.84738159179688,168.5218505859375,210.24334716796875
52_1_0_20170104183913011.jpg.chip.jpg,52,/Users/cipherxishant/Downloads/archive/UTKFace/52_1_0_20170104183913011.jpg.chip.jpg,0,1,1,0,0,0,0,78.968505859375,70.21887969970703,166.03460693359375,192.3468017578125
24_0_0_20170114032026665.jpg.chip.jpg,24,/Users/cipherxishant/Downloads/archive/UTKFace/24_0_0_20170114032026665.jpg.chip.jpg,1,0,1,0,0,0,0,74.82609558105469,57.49905776977539,166.7563018798828,190.068359375
45_0_2_20170112215145176.jpg.chip.jpg,45,/Users/cipherxishant/Downloads/archive/UTKFace/45_0_2_20170112215145176.jpg.chip.jpg,1,0,0,0,1,0,0,81.3464126586914,66.48472595214844,182.07260131835938,191.512939453125
1_1_3_20161220145401126.jpg.chip.jpg,1,/Users/cipherxishant/Downloads/archive/UTKFace/1_1_3_20161220145401126.jpg.chip.jpg,0,1,0,0,0,1,0,84.10385131835938,65.04513549804688,193.0384979248047,193.46966552734375
40_0_1_20170117170529962.jpg.chip.jpg,40,/Users/cipherxishant/Downloads/archive/UTKFace/40_0_1_20170117170529962.jpg.chip.jpg,1,0,0,1,0,0,0,77.88290405273438,70.16424560546875,162.58726501464844,195.212646484375
32_1_0_20170105173150717.jpg.chip.jpg,32,/Users/cipherxishant/Downloads/archive/UTKFace/32_1_0_20170105173150717.jpg.chip.jpg,0,1,1,0,0,0,0,85.29267120361328,75.09934997558594,169.5785369873047,197.11317443847656
2_0_2_20161219222109319.jpg.chip.jpg,2,/Users/cipherxishant/Downloads/archive/UTKFace/2_0_2_20161219222109319.jpg.chip.jpg,1,0,0,0,1,0,0,83.78780364990234,66.50659942626953,180.89662170410156,201.23980712890625
26_0_0_20170117195446239.jpg.chip.jpg,26,/Users/cipherxishant/Downloads/archive/UTKFace/26_0_0_20170117195446239.jpg.chip.jpg,1,0,1,0,0,0,0,80.08625793457031,69.02555084228516,165.2865753173828,202.9700469970703
28_1_0_20170116211818606.jpg.chip.jpg,28,/Users/cipherxishant/Downloads/archive/UTKFace/28_1_0_20170116211818606.jpg.chip.jpg,0,1,1,0,0,0,0,79.6132583618164,72.47337341308594,165.82957458496094,200.8261260986328
15_0_1_20170113151409719.jpg.chip.jpg,15,/Users/cipherxishant/Downloads/archive/UTKFace/15_0_1_20170113151409719.jpg.chip.jpg,1,0,0,1,0,0,0,84.78562927246094,79.1847152709961,174.62445068359375,192.05088806152344
60_0_3_20170119205622888.jpg.chip.jpg,60,/Users/cipherxishant/Downloads/archive/UTKFace/60_0_3_20170119205622888.jpg.chip.jpg,1,0,0,0,0,1,0,78.35212707519531,63.396766662597656,170.07943725585938,191.54812622070312
28_0_3_20170104214745317.jpg.chip.jpg,28,/Users/cipherxishant/Downloads/archive/UTKFace/28_0_3_20170104214745317.jpg.chip.jpg,1,0,0,0,0,1,0,70.28008270263672,58.246578216552734,151.63299560546875,190.1734619140625
26_1_1_20170116224118858.jpg.chip.jpg,26,/Users/cipherxishant/Downloads/archive/UTKFace/26_1_1_20170116224118858.jpg.chip.jpg,0,1,0,1,0,0,0,78.15669250488281,71.79227447509766,164.56924438476562,199.3277587890625
4_1_2_20161219154653077.jpg.chip.jpg,4,/Users/cipherxishant/Downloads/archive/UTKFace/4_1_2_20161219154653077.jpg.chip.jpg,0,1,0,0,1,0,0,84.76693725585938,74.00446319580078,191.8461151123047,194.55618286132812
12_1_0_20170109203631496.jpg.chip.jpg,12,/Users/cipherxishant/Downloads/archive/UTKFace/12_1_0_20170109203631496.jpg.chip.jpg,0,1,1,0,0,0,0,76.24629974365234,62.87101745605469,175.28526306152344,184.8218536376953
82_1_0_20170120134927295.jpg.chip.jpg,82,/Users/cipherxishant/Downloads/archive/UTKFace/82_1_0_20170120134927295.jpg.chip.jpg,0,1,1,0,0,0,0,68.72395324707031,55.419124603271484,154.79794311523438,193.47195434570312
32_0_2_20170116191438103.jpg.chip.jpg,32,/Users/cipherxishant/Downloads/archive/UTKFace/32_0_2_20170116191438103.jpg.chip.jpg,1,0,0,0,1,0,0,73.33606719970703,51.749732971191406,168.3685302734375,186.74081420898438
24_0_0_20170119151341215.jpg.chip.jpg,24,/Users/cipherxishant/Downloads/archive/UTKFace/24_0_0_20170119151341215.jpg.chip.jpg,1,0,1,0,0,0,0,83.23931121826172,66.91370391845703,176.62353515625,202.14454650878906
43_0_0_20170104184051293.jpg.chip.jpg,43,/Users/cipherxishant/Downloads/archive/UTKFace/43_0_0_20170104184051293.jpg.chip.jpg,1,0,1,0,0,0,0,85.9000244140625,73.079345703125,171.86488342285156,201.35791015625
35_1_3_20170117145058906.jpg.chip.jpg,35,/Users/cipherxishant/Downloads/archive/UTKFace/35_1_3_20170117145058906.jpg.chip.jpg,0,1,0,0,0,1,0,79.20115661621094,65.63517761230469,161.56784057617188,196.22567749023438
22_1_2_20170116172705545.jpg.chip.jpg,22,/Users/cipherxishant/Downloads/archive/UTKFace/22_1_2_20170116172705545.jpg.chip.jpg,0,1,0,0,1,0,0,77.71326446533203,64.76446533203125,165.88963317871094,193.01341247558594
48_0_0_20170113183802559.jpg.chip.jpg,48,/Users/cipherxishant/Downloads/archive/UTKFace/48_0_0_20170113183802559.jpg.chip.jpg,1,0,1,0,0,0,0,80.03973388671875,69.69813537597656,173.1106719970703,192.50558471679688
8_1_0_20170109205031725.jpg.chip.jpg,8,/Users/cipherxishant/Downloads/archive/UTKFace/8_1_0_20170109205031725.jpg.chip.jpg,0,1,1,0,0,0,0,77.03742218017578,67.93103790283203,166.1722412109375,198.62933349609375
1_1_0_20170109191148861.jpg.chip.jpg,1,/Users/cipherxishant/Downloads/archive/UTKFace/1_1_0_20170109191148861.jpg.chip.jpg,0,1,1,0,0,0,0,83.53504943847656,63.65469741821289,196.3794708251953,182.3274688720703
32_0_4_20170104170351168.jpg.chip.jpg,32,/Users/cipherxishant/Downloads/archive/UTKFace/32_0_4_20170104170351168.jpg.chip.jpg,1,0,0,0,0,0,1,79.84967803955078,69.81925964355469,165.63751220703125,203.37783813476562
54_0_2_20170116193316730.jpg.chip.jpg,54,/Users/cipherxishant/Downloads/archive/UTKFace/54_0_2_20170116193316730.jpg.chip.jpg,1,0,0,0,1,0,0,75.70418548583984,63.16751480102539,173.50674438476562,185.98892211914062
3_0_0_20161219211053581.jpg.chip.jpg,3,/Users/cipherxishant/Downloads/archive/UTKFace/3_0_0_20161219211053581.jpg.chip.jpg,1,0,1,0,0,0,0,79.61530303955078,71.552734375,166.9083709716797,192.62945556640625
35_0_1_20170117010039479.jpg.chip.jpg,35,/Users/cipherxishant/Downloads/archive/UTKFace/35_0_1_20170117010039479.jpg.chip.jpg,1,0,0,1,0,0,0,72.887939453125,63.40790939331055,156.88050842285156,191.79293823242188
26_1_3_20170104223130527.jpg.chip.jpg,26,/Users/cipherxishant/Downloads/archive/UTKFace/26_1_3_20170104223130527.jpg.chip.jpg,0,1,0,0,0,1,0,78.08492279052734,67.9162368774414,164.53233337402344,204.52911376953125
20_0_0_20170104230048181.jpg.chip.jpg,20,/Users/cipherxishant/Downloads/archive/UTKFace/20_0_0_20170104230048181.jpg.chip.jpg,1,0,1,0,0,0,0,78.29104614257812,62.827423095703125,171.40994262695312,197.7521514892578
24_1_4_20170104005830151.jpg.chip.jpg,24,/Users/cipherxishant/Downloads/archive/UTKFace/24_1_4_20170104005830151.jpg.chip.jpg,0,1,0,0,0,0,1,81.42469024658203,75.94406127929688,172.47056579589844,204.3976287841797
24_1_0_20170117194952853.jpg.chip.jpg,24,/Users/cipherxishant/Downloads/archive/UTKFace/24_1_0_20170117194952853.jpg.chip.jpg,0,1,1,0,0,0,0,82.3414306640625,67.41927337646484,173.4862060546875,199.37158203125
30_0_2_20170116192556571.jpg.chip.jpg,30,/Users/cipherxishant/Downloads/archive/UTKFace/30_0_2_20170116192556571.jpg.chip.jpg,1,0,0,0,1,0,0,85.78590393066406,69.73676300048828,163.84658813476562,193.06727600097656
16_0_0_20170110232528586.jpg.chip.jpg,16,/Users/cipherxishant/Downloads/archive/UTKFace/16_0_0_20170110232528586.jpg.chip.jpg,1,0,1,0,0,0,0,80.8444595336914,67.38362121582031,171.98904418945312,189.0667724609375
21_1_1_20170112192949478.jpg.chip.jpg,21,/Users/cipherxishant/Downloads/archive/UTKFace/21_1_1_20170112192949478.jpg.chip.jpg,0,1,0,1,0,0,0,79.20275115966797,66.95966339111328,155.65098571777344,182.07052612304688
99_1_0_20170120221920654.jpg.chip.jpg,99,/Users/cipherxishant/Downloads/archive/UTKFace/99_1_0_20170120221920654.jpg.chip.jpg,0,1,1,0,0,0,0,76.87873840332031,66.67013549804688,158.0697021484375,194.1611328125
13_1_0_20170109204849625.jpg.chip.jpg,13,/Users/cipherxishant/Downloads/archive/UTKFace/13_1_0_20170109204849625.jpg.chip.jpg,0,1,1,0,0,0,0,85.20042419433594,71.96212005615234,176.5510711669922,192.83627319335938
56_0_3_20170109142154230.jpg.chip.jpg,56,/Users/cipherxishant/Downloads/archive/UTKFace/56_0_3_20170109142154230.jpg.chip.jpg,1,0,0,0,0,1,0,92.45482635498047,79.20820617675781,177.08790588378906,204.64202880859375
47_1_0_20170117140100071.jpg.chip.jpg,47,/Users/cipherxishant/Downloads/archive/UTKFace/47_1_0_20170117140100071.jpg.chip.jpg,0,1,1,0,0,0,0,67.5538330078125,58.73733139038086,154.99453735351562,196.04859924316406
26_1_3_20170117154635126.jpg.chip.jpg,26,/Users/cipherxishant/Downloads/archive/UTKFace/26_1_3_20170117154635126.jpg.chip.jpg,0,1,0,0,0,1,0,75.73439025878906,62.658992767333984,162.3842315673828,194.8858642578125
26_0_1_20170113134737474.jpg.chip.jpg,26,/Users/cipherxishant/Downloads/archive/UTKFace/26_0_1_20170113134737474.jpg.chip.jpg,1,0,0,1,0,0,0,73.71531677246094,64.41898345947266,153.2462615966797,197.9134063720703
68_1_0_20170113210319664.jpg.chip.jpg,68,/Users/cipherxishant/Downloads/archive/UTKFace/68_1_0_20170113210319664.jpg.chip.jpg,0,1,1,0,0,0,0,72.89989471435547,57.03909683227539,181.36563110351562,186.4990692138672
24_0_2_20170116170633399.jpg.chip.jpg,24,/Users/cipherxishant/Downloads/archive/UTKFace/24_0_2_20170116170633399.jpg.chip.jpg,1,0,0,0,1,0,0,71.77641296386719,56.041900634765625,155.617919921875,191.2071990966797
20_1_2_20170108224309241.jpg.chip.jpg,20,/Users/cipherxishant/Downloads/archive/UTKFace/20_1_2_20170108224309241.jpg.chip.jpg,0,1,0,0,1,0,0,69.70474243164062,56.17277526855469,142.32363891601562,187.96408081054688
80_0_0_20170117174418358.jpg.chip.jpg,80,/Users/cipherxishant/Downloads/archive/UTKFace/80_0_0_20170117174418358.jpg.chip.jpg,1,0,1,0,0,0,0,72.15780639648438,56.01340103149414,158.9736328125,196.52072143554688
32_0_1_20170113152011361.jpg.chip.jpg,32,/Users/cipherxishant/Downloads/archive/UTKFace/32_0_1_20170113152011361.jpg.chip.jpg,1,0,0,1,0,0,0,71.2563705444336,60.97466278076172,157.00299072265625,184.8070526123047
45_0_0_20170117135056152.jpg.chip.jpg,45,/Users/cipherxishant/Downloads/archive/UTKFace/45_0_0_20170117135056152.jpg.chip.jpg,1,0,1,0,0,0,0,78.93795776367188,69.40681457519531,156.52040100097656,205.5016326904297
50_0_0_20170104213122948.jpg.chip.jpg,50,/Users/cipherxishant/Downloads/archive/UTKFace/50_0_0_20170104213122948.jpg.chip.jpg,1,0,1,0,0,0,0,70.12273406982422,56.08445358276367,157.5857391357422,195.9805450439453
39_0_1_20170113151528768.jpg.chip.jpg,39,/Users/cipherxishant/Downloads/archive/UTKFace/39_0_1_20170113151528768.jpg.chip.jpg,1,0,0,1,0,0,0,86.7632064819336,77.14092254638672,191.77560424804688,213.5835418701172
5_1_2_20161219200132701.jpg.chip.jpg,5,/Users/cipherxishant/Downloads/archive/UTKFace/5_1_2_20161219200132701.jpg.chip.jpg,0,1,0,0,1,0,0,80.99160766601562,62.45074462890625,184.114013671875,195.4600372314453
56_0_3_20170117191908449.jpg.chip.jpg,56,/Users/cipherxishant/Downloads/archive/UTKFace/56_0_3_20170117191908449.jpg.chip.jpg,1,0,0,0,0,1,0,79.31890869140625,64.8890380859375,177.4954071044922,188.26614379882812
4_1_4_20170103205256107.jpg.chip.jpg,4,/Users/cipherxishant/Downloads/archive/UTKFace/4_1_4_20170103205256107.jpg.chip.jpg,0,1,0,0,0,0,1,83.48097229003906,70.76568603515625,171.5640411376953,196.17568969726562
38_0_2_20170119193322618.jpg.chip.jpg,38,/Users/cipherxishant/Downloads/archive/UTKFace/38_0_2_20170119193322618.jpg.chip.jpg,1,0,0,0,1,0,0,82.06946563720703,60.6535758972168,186.21890258789062,192.4606475830078
3_1_0_20170109190815163.jpg.chip.jpg,3,/Users/cipherxishant/Downloads/archive/UTKFace/3_1_0_20170109190815163.jpg.chip.jpg,0,1,1,0,0,0,0,90.0555191040039,78.70993041992188,192.48085021972656,197.56996154785156
17_1_1_20170114030029194.jpg.chip.jpg,17,/Users/cipherxishant/Downloads/archive/UTKFace/17_1_1_20170114030029194.jpg.chip.jpg,0,1,0,1,0,0,0,70.16967010498047,58.19535446166992,150.3533172607422,192.9568328857422
14_0_0_20170110232319481.jpg.chip.jpg,14,/Users/cipherxishant/Downloads/archive/UTKFace/14_0_0_20170110232319481.jpg.chip.jpg,1,0,1,0,0,0,0,83.39952850341797,71.87853240966797,180.92324829101562,193.19725036621094
3_0_0_20170110212732926.jpg.chip.jpg,3,/Users/cipherxishant/Downloads/archive/UTKFace/3_0_0_20170110212732926.jpg.chip.jpg,1,0,1,0,0,0,0,80.8379898071289,65.36563110351562,185.8201904296875,188.0865936279297
3_0_0_20170110225025587.jpg.chip.jpg,3,/Users/cipherxishant/Downloads/archive/UTKFace/3_0_0_20170110225025587.jpg.chip.jpg,1,0,1,0,0,0,0,75.4642333984375,57.03030776977539,175.3470916748047,192.0518798828125
33_1_1_20170116210318759.jpg.chip.jpg,33,/Users/cipherxishant/Downloads/archive/UTKFace/33_1_1_20170116210318759.jpg.chip.jpg,0,1,0,1,0,0,0,77.10161590576172,65.4078140258789,164.2133331298828,194.3802947998047
53_0_0_20170104205937252.jpg.chip.jpg,53,/Users/cipherxishant/Downloads/archive/UTKFace/53_0_0_20170104205937252.jpg.chip.jpg,1,0,1,0,0,0,0,84.45531463623047,71.31122589111328,173.57420349121094,200.91810607910156
55_0_0_20170111195801050.jpg.chip.jpg,55,/Users/cipherxishant/Downloads/archive/UTKFace/55_0_0_20170111195801050.jpg.chip.jpg,1,0,1,0,0,0,0,81.91452026367188,64.49687194824219,177.4303436279297,204.46780395507812
55_0_0_20170116222002492.jpg.chip.jpg,55,/Users/cipherxishant/Downloads/archive/UTKFace/55_0_0_20170116222002492.jpg.chip.jpg,1,0,1,0,0,0,0,84.84263610839844,69.0277099609375,186.18399047851562,178.51516723632812
43_0_0_20170104210217699.jpg.chip.jpg,43,/Users/cipherxishant/Downloads/archive/UTKFace/43_0_0_20170104210217699.jpg.chip.jpg,1,0,1,0,0,0,0,78.80989837646484,67.47196960449219,159.7715606689453,196.953857421875
49_1_1_20170110153320156.jpg.chip.jpg,49,/Users/cipherxishant/Downloads/archive/UTKFace/49_1_1_20170110153320156.jpg.chip.jpg,0,1,0,1,0,0,0,72.99420928955078,63.75270462036133,160.45941162109375,195.07911682128906
35_0_3_20170117191232217.jpg.chip.jpg,35,/Users/cipherxishant/Downloads/archive/UTKFace/35_0_3_20170117191232217.jpg.chip.jpg,1,0,0,0,0,1,0,69.49266815185547,59.56100082397461,152.13905334472656,196.24310302734375
1_0_2_20161219222456375.jpg.chip.jpg,1,/Users/cipherxishant/Downloads/archive/UTKFace/1_0_2_20161219222456375.jpg.chip.jpg,1,0,0,0,1,0,0,82.33724212646484,69.50662994384766,178.04676818847656,200.02853393554688
30_1_1_20170112203939596.jpg.chip.jpg,30,/Users/cipherxishant/Downloads/archive/UTKFace/30_1_1_20170112203939596.jpg.chip.jpg,0,1,0,1,0,0,0,79.2014389038086,63.94409942626953,174.420654296875,201.91082763671875
7_0_0_20170110220552025.jpg.chip.jpg,7,/Users/cipherxishant/Downloads/archive/UTKFace/7_0_0_20170110220552025.jpg.chip.jpg,1,0,1,0,0,0,0,80.98872375488281,64.15144348144531,180.5535888671875,205.86676025390625
58_0_0_20170120224606727.jpg.chip.jpg,58,/Users/cipherxishant/Downloads/archive/UTKFace/58_0_0_20170120224606727.jpg.chip.jpg,1,0,1,0,0,0,0,71.2964859008789,59.630001068115234,150.9230194091797,189.9315185546875
29_1_0_20170116213445105.jpg.chip.jpg,29,/Users/cipherxishant/Downloads/archive/UTKFace/29_1_0_20170116213445105.jpg.chip.jpg,0,1,1,0,0,0,0,82.00235748291016,70.49649810791016,169.65826416015625,200.29478454589844
5_0_0_20170110212757355.jpg.chip.jpg,5,/Users/cipherxishant/Downloads/archive/UTKFace/5_0_0_20170110212757355.jpg.chip.jpg,1,0,1,0,0,0,0,85.30201721191406,72.02766418457031,183.29856872558594,199.7991943359375
24_1_3_20170117150120578.jpg.chip.jpg,24,/Users/cipherxishant/Downloads/archive/UTKFace/24_1_3_20170117150120578.jpg.chip.jpg,0,1,0,0,0,1,0,81.01859283447266,64.57987976074219,179.6946258544922,202.09402465820312
15_1_0_20170109204203014.jpg.chip.jpg,15,/Users/cipherxishant/Downloads/archive/UTKFace/15_1_0_20170109204203014.jpg.chip.jpg,0,1,1,0,0,0,0,82.35303497314453,69.17940521240234,169.6932373046875,197.55380249023438
41_0_1_20170113134000456.jpg.chip.jpg,41,/Users/cipherxishant/Downloads/archive/UTKFace/41_0_1_20170113134000456.jpg.chip.jpg,1,0,0,1,0,0,0,75.95357513427734,63.47760772705078,164.7783203125,199.06317138671875
32_0_2_20170117182411900.jpg.chip.jpg,32,/Users/cipherxishant/Downloads/archive/UTKFace/32_0_2_20170117182411900.jpg.chip.jpg,1,0,0,0,1,0,0,73.36277770996094,63.55388259887695,160.09165954589844,200.21240234375
28_1_0_20170117193022560.jpg.chip.jpg,28,/Users/cipherxishant/Downloads/archive/UTKFace/28_1_0_20170117193022560.jpg.chip.jpg,0,1,1,0,0,0,0,71.3375473022461,56.418582916259766,163.21417236328125,195.80946350097656
56_0_0_20170120222849329.jpg.chip.jpg,56,/Users/cipherxishant/Downloads/archive/UTKFace/56_0_0_20170120222849329.jpg.chip.jpg,1,0,1,0,0,0,0,76.21957397460938,62.13484573364258,163.7244873046875,196.8135223388672
70_0_0_20170111201153097.jpg.chip.jpg,70,/Users/cipherxishant/Downloads/archive/UTKFace/70_0_0_20170111201153097.jpg.chip.jpg,1,0,1,0,0,0,0,77.63391876220703,55.30581283569336,186.18942260742188,191.3344268798828
2_1_3_20161219225920200.jpg.chip.jpg,2,/Users/cipherxishant/Downloads/archive/UTKFace/2_1_3_20161219225920200.jpg.chip.jpg,0,1,0,0,0,1,0,85.03665924072266,66.92282104492188,195.7529296875,200.21762084960938
40_0_3_20170104201852330.jpg.chip.jpg,40,/Users/cipherxishant/Downloads/archive/UTKFace/40_0_3_20170104201852330.jpg.chip.jpg,1,0,0,0,0,1,0,79.88573455810547,66.28901672363281,173.27316284179688,195.42306518554688
27_0_0_20170117175356352.jpg.chip.jpg,27,/Users/cipherxishant/Downloads/archive/UTKFace/27_0_0_20170117175356352.jpg.chip.jpg,1,0,1,0,0,0,0,79.05581665039062,63.342369079589844,169.8966827392578,194.89129638671875
37_1_1_20170115235037275.jpg.chip.jpg,37,/Users/cipherxishant/Downloads/archive/UTKFace/37_1_1_20170115235037275.jpg.chip.jpg,0,1,0,1,0,0,0,68.91641998291016,57.14806365966797,145.75979614257812,180.6582489013672
2_1_0_20170109191841423.jpg.chip.jpg,2,/Users/cipherxishant/Downloads/archive/UTKFace/2_1_0_20170109191841423.jpg.chip.jpg,0,1,1,0,0,0,0,79.29110717773438,60.20875930786133,186.00167846679688,185.9386444091797
21_1_4_20170103233924667.jpg.chip.jpg,21,/Users/cipherxishant/Downloads/archive/UTKFace/21_1_4_20170103233924667.jpg.chip.jpg,0,1,0,0,0,0,1,87.09353637695312,75.32160186767578,170.76956176757812,201.58323669433594
28_0_0_20170113161024162.jpg.chip.jpg,28,/Users/cipherxishant/Downloads/archive/UTKFace/28_0_0_20170113161024162.jpg.chip.jpg,1,0,1,0,0,0,0,71.81576538085938,62.641963958740234,155.08290100097656,197.72222900390625
1_0_4_20161221193016140.jpg.chip.jpg,1,/Users/cipherxishant/Downloads/archive/UTKFace/1_0_4_20161221193016140.jpg.chip.jpg,1,0,0,0,0,0,1,74.04224395751953,61.29466247558594,161.7418212890625,195.70172119140625
2_0_3_20161219225554448.jpg.chip.jpg,2,/Users/cipherxishant/Downloads/archive/UTKFace/2_0_3_20161219225554448.jpg.chip.jpg,1,0,0,0,0,1,0,80.06794738769531,60.09074783325195,186.30062866210938,196.20462036132812
70_0_0_20170117171117703.jpg.chip.jpg,70,/Users/cipherxishant/Downloads/archive/UTKFace/70_0_0_20170117171117703.jpg.chip.jpg,1,0,1,0,0,0,0,86.95117950439453,73.901123046875,186.36578369140625,190.89016723632812
26_1_4_20170117174529702.jpg.chip.jpg,26,/Users/cipherxishant/Downloads/archive/UTKFace/26_1_4_20170117174529702.jpg.chip.jpg,0,1,0,0,0,0,1,84.87075805664062,77.04345703125,176.9064483642578,197.46937561035156
45_0_4_20170117202958949.jpg.chip.jpg,45,/Users/cipherxishant/Downloads/archive/UTKFace/45_0_4_20170117202958949.jpg.chip.jpg,1,0,0,0,0,0,1,71.77545166015625,57.43490219116211,158.68507385253906,193.37808227539062
26_1_4_20170103230503161.jpg.chip.jpg,26,/Users/cipherxishant/Downloads/archive/UTKFace/26_1_4_20170103230503161.jpg.chip.jpg,0,1,0,0,0,0,1,76.6198959350586,63.88123321533203,159.28744506835938,193.42019653320312
92_0_2_20170105174832245.jpg.chip.jpg,92,/Users/cipherxishant/Downloads/archive/UTKFace/92_0_2_20170105174832245.jpg.chip.jpg,1,0,0,0,1,0,0,74.9935531616211,65.110595703125,157.39344787597656,192.5556640625
22_1_2_20170116162903793.jpg.chip.jpg,22,/Users/cipherxishant/Downloads/archive/UTKFace/22_1_2_20170116162903793.jpg.chip.jpg,0,1,0,0,1,0,0,75.84197998046875,58.53105545043945,168.51412963867188,191.7503204345703
69_1_1_20170117195205819.jpg.chip.jpg,69,/Users/cipherxishant/Downloads/archive/UTKFace/69_1_1_20170117195205819.jpg.chip.jpg,0,1,0,1,0,0,0,74.63646697998047,65.7616958618164,156.05514526367188,185.7374267578125
36_0_0_20170109003634534.jpg.chip.jpg,36,/Users/cipherxishant/Downloads/archive/UTKFace/36_0_0_20170109003634534.jpg.chip.jpg,1,0,1,0,0,0,0,78.15340423583984,68.91885375976562,163.13253784179688,198.00997924804688
63_1_0_20170110122257987.jpg.chip.jpg,63,/Users/cipherxishant/Downloads/archive/UTKFace/63_1_0_20170110122257987.jpg.chip.jpg,0,1,1,0,0,0,0,79.98625946044922,68.07870483398438,166.43605041503906,195.65806579589844
24_1_4_20170117150618462.jpg.chip.jpg,24,/Users/cipherxishant/Downloads/archive/UTKFace/24_1_4_20170117150618462.jpg.chip.jpg,0,1,0,0,0,0,1,72.59715270996094,53.3538818359375,168.72036743164062,179.13499450683594
28_1_0_20170117121929252.jpg.chip.jpg,28,/Users/cipherxishant/Downloads/archive/UTKFace/28_1_0_20170117121929252.jpg.chip.jpg,0,1,1,0,0,0,0,79.0273666381836,71.45327758789062,171.4965362548828,196.51318359375
70_1_0_20170110122851852.jpg.chip.jpg,70,/Users/cipherxishant/Downloads/archive/UTKFace/70_1_0_20170110122851852.jpg.chip.jpg,0,1,1,0,0,0,0,75.76917266845703,68.58721160888672,162.13880920410156,197.62744140625
23_1_0_20170117144740562.jpg.chip.jpg,23,/Users/cipherxishant/Downloads/archive/UTKFace/23_1_0_20170117144740562.jpg.chip.jpg,0,1,1,0,0,0,0,68.17354583740234,55.499786376953125,162.0935821533203,187.35467529296875
39_1_1_20170116021937896.jpg.chip.jpg,39,/Users/cipherxishant/Downloads/archive/UTKFace/39_1_1_20170116021937896.jpg.chip.jpg,0,1,0,1,0,0,0,78.6124496459961,67.01853942871094,160.61875915527344,200.93850708007812
59_0_0_20170111203716454.jpg.chip.jpg,59,/Users/cipherxishant/Downloads/archive/UTKFace/59_0_0_20170111203716454.jpg.chip.jpg,1,0,1,0,0,0,0,76.70234680175781,66.67743682861328,161.10107421875,198.91127014160156
21_0_1_20170117135810975.jpg.chip.jpg,21,/Users/cipherxishant/Downloads/archive/UTKFace/21_0_1_20170117135810975.jpg.chip.jpg,1,0,0,1,0,0,0,78.32256317138672,64.18684387207031,159.50877380371094,189.38429260253906
90_0_0_20170111211204031.jpg.chip.jpg,90,/Users/cipherxishant/Downloads/archive/UTKFace/90_0_0_20170111211204031.jpg.chip.jpg,1,0,1,0,0,0,0,80.03733825683594,55.809173583984375,174.56736755371094,199.40521240234375
58_0_0_20170117193904073.jpg.chip.jpg,58,/Users/cipherxishant/Downloads/archive/UTKFace/58_0_0_20170117193904073.jpg.chip.jpg,1,0,1,0,0,0,0,82.57771301269531,61.96797180175781,196.52325439453125,201.41587829589844
28_1_3_20170119195110339.jpg.chip.jpg,28,/Users/cipherxishant/Downloads/archive/UTKFace/28_1_3_20170119195110339.jpg.chip.jpg,0,1,0,0,0,1,0,91.03741455078125,77.85845184326172,167.30453491210938,200.62754821777344
27_0_1_20170117013622859.jpg.chip.jpg,27,/Users/cipherxishant/Downloads/archive/UTKFace/27_0_1_20170117013622859.jpg.chip.jpg,1,0,0,1,0,0,0,78.57581329345703,69.9448471069336,166.26510620117188,190.90618896484375
30_0_2_20170116173633448.jpg.chip.jpg,30,/Users/cipherxishant/Downloads/archive/UTKFace/30_0_2_20170116173633448.jpg.chip.jpg,1,0,0,0,1,0,0,76.04481506347656,65.27131652832031,161.02117919921875,195.81216430664062
28_1_0_20170105164921188.jpg.chip.jpg,28,/Users/cipherxishant/Downloads/archive/UTKFace/28_1_0_20170105164921188.jpg.chip.jpg,0,1,1,0,0,0,0,77.83660125732422,64.4037857055664,159.7469024658203,193.39157104492188
64_0_0_20170104185632214.jpg.chip.jpg,64,/Users/cipherxishant/Downloads/archive/UTKFace/64_0_0_20170104185632214.jpg.chip.jpg,1,0,1,0,0,0,0,87.04751586914062,72.35905456542969,197.24403381347656,195.64511108398438
1_0_3_20161219225241152.jpg.chip.jpg,1,/Users/cipherxishant/Downloads/archive/UTKFace/1_0_3_20161219225241152.jpg.chip.jpg,1,0,0,0,0,1,0,82.25989532470703,67.65138244628906,174.32249450683594,203.39381408691406
40_0_0_20170120221643832.jpg.chip.jpg,40,/Users/cipherxishant/Downloads/archive/UTKFace/40_0_0_20170120221643832.jpg.chip.jpg,1,0,1,0,0,0,0,75.43955993652344,58.70936965942383,164.90280151367188,204.54385375976562
3_1_0_20170109191755912.jpg.chip.jpg,3,/Users/cipherxishant/Downloads/archive/UTKFace/3_1_0_20170109191755912.jpg.chip.jpg,0,1,1,0,0,0,0,81.22500610351562,68.5912857055664,170.53091430664062,193.2315216064453
2_1_4_20161221202353640.jpg.chip.jpg,2,/Users/cipherxishant/Downloads/archive/UTKFace/2_1_4_20161221202353640.jpg.chip.jpg,0,1,0,0,0,0,1,89.68722534179688,77.89095306396484,194.70693969726562,186.4500274658203
37_0_0_20170119202217510.jpg.chip.jpg,37,/Users/cipherxishant/Downloads/archive/UTKFace/37_0_0_20170119202217510.jpg.chip.jpg,1,0,1,0,0,0,0,81.6900634765625,68.13578796386719,171.3355712890625,199.25106811523438
70_0_0_20170104213700973.jpg.chip.jpg,70,/Users/cipherxishant/Downloads/archive/UTKFace/70_0_0_20170104213700973.jpg.chip.jpg,1,0,1,0,0,0,0,84.59532165527344,74.68339538574219,184.20753479003906,197.66738891601562
24_1_4_20170117194337597.jpg.chip.jpg,24,/Users/cipherxishant/Downloads/archive/UTKFace/24_1_4_20170117194337597.jpg.chip.jpg,0,1,0,0,0,0,1,80.02484130859375,71.55073547363281,167.4900360107422,198.20115661621094
31_1_1_20170103183224642.jpg.chip.jpg,31,/Users/cipherxishant/Downloads/archive/UTKFace/31_1_1_20170103183224642.jpg.chip.jpg,0,1,0,1,0,0,0,81.83423614501953,69.91436767578125,178.69017028808594,194.42845153808594
44_0_3_20170119184239800.jpg.chip.jpg,44,/Users/cipherxishant/Downloads/archive/UTKFace/44_0_3_20170119184239800.jpg.chip.jpg,1,0,0,0,0,1,0,73.53529357910156,59.24321746826172,163.55099487304688,192.73863220214844
4_0_0_20170110211454141.jpg.chip.jpg,4,/Users/cipherxishant/Downloads/archive/UTKFace/4_0_0_20170110211454141.jpg.chip.jpg,1,0,1,0,0,0,0,75.67610168457031,67.86280059814453,163.25,200.64744567871094
28_0_3_20170119162759516.jpg.chip.jpg,28,/Users/cipherxishant/Downloads/archive/UTKFace/28_0_3_20170119162759516.jpg.chip.jpg,1,0,0,0,0,1,0,84.89704895019531,76.34488677978516,181.28793334960938,203.20481872558594
24_1_3_20170119171019536.jpg.chip.jpg,24,/Users/cipherxishant/Downloads/archive/UTKFace/24_1_3_20170119171019536.jpg.chip.jpg,0,1,0,0,0,1,0,79.99076843261719,70.14630889892578,161.74452209472656,196.77052307128906
27_1_3_20170119194359962.jpg.chip.jpg,27,/Users/cipherxishant/Downloads/archive/UTKFace/27_1_3_20170119194359962.jpg.chip.jpg,0,1,0,0,0,1,0,71.40362548828125,61.769657135009766,157.10252380371094,193.58660888671875
34_0_0_20170109001224685.jpg.chip.jpg,34,/Users/cipherxishant/Downloads/archive/UTKFace/34_0_0_20170109001224685.jpg.chip.jpg,1,0,1,0,0,0,0,74.35600280761719,62.30668640136719,160.03932189941406,183.996337890625
25_1_2_20170116174820922.jpg.chip.jpg,25,/Users/cipherxishant/Downloads/archive/UTKFace/25_1_2_20170116174820922.jpg.chip.jpg,0,1,0,0,1,0,0,71.74405670166016,59.45734786987305,156.09010314941406,175.436767578125
26_1_3_20170119192110658.jpg.chip.jpg,26,/Users/cipherxishant/Downloads/archive/UTKFace/26_1_3_20170119192110658.jpg.chip.jpg,0,1,0,0,0,1,0,84.61978912353516,73.16830444335938,170.73928833007812,198.4953155517578
6_1_3_20170104222423463.jpg.chip.jpg,6,/Users/cipherxishant/Downloads/archive/UTKFace/6_1_3_20170104222423463.jpg.chip.jpg,0,1,0,0,0,1,0,64.94629669189453,53.32148742675781,158.51394653320312,182.5204315185547
60_0_0_20170120221103380.jpg.chip.jpg,60,/Users/cipherxishant/Downloads/archive/UTKFace/60_0_0_20170120221103380.jpg.chip.jpg,1,0,1,0,0,0,0,77.01274871826172,61.351078033447266,161.60079956054688,197.3225860595703
42_1_1_20170116153229826.jpg.chip.jpg,42,/Users/cipherxishant/Downloads/archive/UTKFace/42_1_1_20170116153229826.jpg.chip.jpg,0,1,0,1,0,0,0,69.0244369506836,62.11845016479492,156.73568725585938,193.4490509033203
47_0_0_20170119205052663.jpg.chip.jpg,47,/Users/cipherxishant/Downloads/archive/UTKFace/47_0_0_20170119205052663.jpg.chip.jpg,1,0,1,0,0,0,0,79.2622299194336,71.64474487304688,172.03036499023438,201.3192596435547
26_0_3_20170104230400274.jpg.chip.jpg,26,/Users/cipherxishant/Downloads/archive/UTKFace/26_0_3_20170104230400274.jpg.chip.jpg,1,0,0,0,0,1,0,65.32209777832031,49.17350769042969,149.7098846435547,197.1587677001953
34_1_1_20170113000209880.jpg.chip.jpg,34,/Users/cipherxishant/Downloads/archive/UTKFace/34_1_1_20170113000209880.jpg.chip.jpg,0,1,0,1,0,0,0,75.10128784179688,62.84518814086914,168.55377197265625,200.83724975585938
27_1_1_20170113011433800.jpg.chip.jpg,27,/Users/cipherxishant/Downloads/archive/UTKFace/27_1_1_20170113011433800.jpg.chip.jpg,0,1,0,1,0,0,0,74.35364532470703,58.278831481933594,162.65289306640625,192.67103576660156
29_0_0_20170117094526002.jpg.chip.jpg,29,/Users/cipherxishant/Downloads/archive/UTKFace/29_0_0_20170117094526002.jpg.chip.jpg,1,0,1,0,0,0,0,73.16017150878906,62.7255973815918,153.8484344482422,200.97927856445312
26_0_1_20170113181413611.jpg.chip.jpg,26,/Users/cipherxishant/Downloads/archive/UTKFace/26_0_1_20170113181413611.jpg.chip.jpg,1,0,0,1,0,0,0,79.29296875,65.81001281738281,168.51260375976562,193.42686462402344
3_0_2_20161219153035532.jpg.chip.jpg,3,/Users/cipherxishant/Downloads/archive/UTKFace/3_0_2_20161219153035532.jpg.chip.jpg,1,0,0,0,1,0,0,87.47724914550781,71.71988677978516,191.47071838378906,208.22181701660156
35_1_0_20170117154901227.jpg.chip.jpg,35,/Users/cipherxishant/Downloads/archive/UTKFace/35_1_0_20170117154901227.jpg.chip.jpg,0,1,1,0,0,0,0,69.83090209960938,57.622161865234375,153.6562042236328,181.9750213623047
26_0_1_20170113133259775.jpg.chip.jpg,26,/Users/cipherxishant/Downloads/archive/UTKFace/26_0_1_20170113133259775.jpg.chip.jpg,1,0,0,1,0,0,0,80.23344421386719,68.64808654785156,159.42098999023438,191.51406860351562
15_1_0_20170109214447621.jpg.chip.jpg,15,/Users/cipherxishant/Downloads/archive/UTKFace/15_1_0_20170109214447621.jpg.chip.jpg,0,1,1,0,0,0,0,78.20826721191406,65.13081359863281,169.87103271484375,202.9026336669922
27_0_1_20170117013649763.jpg.chip.jpg,27,/Users/cipherxishant/Downloads/archive/UTKFace/27_0_1_20170117013649763.jpg.chip.jpg,1,0,0,1,0,0,0,80.60977172851562,62.12918472290039,189.22315979003906,198.2085723876953
85_0_0_20170117175403892.jpg.chip.jpg,85,/Users/cipherxishant/Downloads/archive/UTKFace/85_0_0_20170117175403892.jpg.chip.jpg,1,0,1,0,0,0,0,79.81694793701172,67.00164031982422,171.75497436523438,193.60943603515625
46_0_1_20170117185815162.jpg.chip.jpg,46,/Users/cipherxishant/Downloads/archive/UTKFace/46_0_1_20170117185815162.jpg.chip.jpg,1,0,0,1,0,0,0,81.46764373779297,70.27527618408203,164.7821044921875,204.0682373046875
63_0_0_20170120225659313.jpg.chip.jpg,63,/Users/cipherxishant/Downloads/archive/UTKFace/63_0_0_20170120225659313.jpg.chip.jpg,1,0,1,0,0,0,0,79.37155151367188,71.87213897705078,164.13119506835938,195.23866271972656
4_0_2_20161219141105897.jpg.chip.jpg,4,/Users/cipherxishant/Downloads/archive/UTKFace/4_0_2_20161219141105897.jpg.chip.jpg,1,0,0,0,1,0,0,74.23228454589844,61.25330352783203,168.7169647216797,177.35806274414062
32_0_0_20170116224855059.jpg.chip.jpg,32,/Users/cipherxishant/Downloads/archive/UTKFace/32_0_0_20170116224855059.jpg.chip.jpg,1,0,1,0,0,0,0,76.4255599975586,65.06034088134766,157.69725036621094,197.25698852539062
2_0_0_20170103202750479.jpg.chip.jpg,2,/Users/cipherxishant/Downloads/archive/UTKFace/2_0_0_20170103202750479.jpg.chip.jpg,1,0,1,0,0,0,0,83.45848846435547,70.8160171508789,187.3430633544922,191.52041625976562
26_0_3_20170119180329325.jpg.chip.jpg,26,/Users/cipherxishant/Downloads/archive/UTKFace/26_0_3_20170119180329325.jpg.chip.jpg,1,0,0,0,0,1,0,79.73123168945312,69.43531036376953,168.19625854492188,207.68161010742188
35_1_1_20170112211524197.jpg.chip.jpg,35,/Users/cipherxishant/Downloads/archive/UTKFace/35_1_1_20170112211524197.jpg.chip.jpg,0,1,0,1,0,0,0,82.71343994140625,68.91122436523438,188.8743438720703,199.09661865234375
26_1_1_20170112205907548.jpg.chip.jpg,26,/Users/cipherxishant/Downloads/archive/UTKFace/26_1_1_20170112205907548.jpg.chip.jpg,0,1,0,1,0,0,0,74.9556884765625,58.0622673034668,169.93875122070312,190.33094787597656
25_1_1_20170112205059883.jpg.chip.jpg,25,/Users/cipherxishant/Downloads/archive/UTKFace/25_1_1_20170112205059883.jpg.chip.jpg,0,1,0,1,0,0,0,78.65685272216797,66.4749755859375,165.47779846191406,196.04306030273438
25_0_0_20170117190909786.jpg.chip.jpg,25,/Users/cipherxishant/Downloads/archive/UTKFace/25_0_0_20170117190909786.jpg.chip.jpg,1,0,1,0,0,0,0,90.87572479248047,78.69579315185547,174.26734924316406,205.62376403808594
25_1_2_20170104015838780.jpg.chip.jpg,25,/Users/cipherxishant/Downloads/archive/UTKFace/25_1_2_20170104015838780.jpg.chip.jpg,0,1,0,0,1,0,0,71.95763397216797,58.5081672668457,157.17909240722656,193.86190795898438
34_1_1_20170112213659687.jpg.chip.jpg,34,/Users/cipherxishant/Downloads/archive/UTKFace/34_1_1_20170112213659687.jpg.chip.jpg,0,1,0,1,0,0,0,74.48291778564453,63.18964767456055,162.2644500732422,187.3615264892578
48_0_1_20170104212527708.jpg.chip.jpg,48,/Users/cipherxishant/Downloads/archive/UTKFace/48_0_1_20170104212527708.jpg.chip.jpg,1,0,0,1,0,0,0,87.24282836914062,77.88372802734375,187.8908233642578,205.76963806152344
48_0_1_20170116233413749.jpg.chip.jpg,48,/Users/cipherxishant/Downloads/archive/UTKFace/48_0_1_20170116233413749.jpg.chip.jpg,1,0,0,1,0,0,0,75.88348388671875,59.67666244506836,169.11619567871094,190.94212341308594
28_1_2_20170116165438870.jpg.chip.jpg,28,/Users/cipherxishant/Downloads/archive/UTKFace/28_1_2_20170116165438870.jpg.chip.jpg,0,1,0,0,1,0,0,66.48921203613281,53.84626007080078,155.4827117919922,186.3776397705078
26_1_2_20170116180422018.jpg.chip.jpg,26,/Users/cipherxishant/Downloads/archive/UTKFace/26_1_2_20170116180422018.jpg.chip.jpg,0,1,0,0,1,0,0,73.72338104248047,56.53092956542969,151.2283477783203,194.18319702148438
36_1_1_20170112233335504.jpg.chip.jpg,36,/Users/cipherxishant/Downloads/archive/UTKFace/36_1_1_20170112233335504.jpg.chip.jpg,0,1,0,1,0,0,0,76.21601104736328,65.47525787353516,155.3467254638672,184.94699096679688
25_1_3_20170119172052720.jpg.chip.jpg,25,/Users/cipherxishant/Downloads/archive/UTKFace/25_1_3_20170119172052720.jpg.chip.jpg,0,1,0,0,0,1,0,80.76200103759766,68.65453338623047,170.8607635498047,199.0528106689453
1_0_3_20161219230303992.jpg.chip.jpg,1,/Users/cipherxishant/Downloads/archive/UTKFace/1_0_3_20161219230303992.jpg.chip.jpg,1,0,0,0,0,1,0,86.16009521484375,69.71821594238281,188.2506103515625,205.07273864746094
44_1_3_20170119165505207.jpg.chip.jpg,44,/Users/cipherxishant/Downloads/archive/UTKFace/44_1_3_20170119165505207.jpg.chip.jpg,0,1,0,0,0,1,0,77.99659729003906,63.807861328125,173.14515686035156,188.7449951171875
29_0_1_20170116011143078.jpg.chip.jpg,29,/Users/cipherxishant/Downloads/archive/UTKFace/29_0_1_20170116011143078.jpg.chip.jpg,1,0,0,1,0,0,0,70.09752655029297,57.09075927734375,147.4410858154297,177.00027465820312
19_1_0_20170103162951552.jpg.chip.jpg,19,/Users/cipherxishant/Downloads/archive/UTKFace/19_1_0_20170103162951552.jpg.chip.jpg,0,1,1,0,0,0,0,88.01221466064453,76.43413543701172,174.86050415039062,192.14549255371094
40_0_3_20170119153228569.jpg.chip.jpg,40,/Users/cipherxishant/Downloads/archive/UTKFace/40_0_3_20170119153228569.jpg.chip.jpg,1,0,0,0,0,1,0,80.98960876464844,74.47894287109375,167.7716064453125,200.35316467285156
55_0_2_20170109013414020.jpg.chip.jpg,55,/Users/cipherxishant/Downloads/archive/UTKFace/55_0_2_20170109013414020.jpg.chip.jpg,1,0,0,0,1,0,0,76.36878967285156,67.30801391601562,161.74490356445312,195.98843383789062
30_1_0_20170116211841219.jpg.chip.jpg,30,/Users/cipherxishant/Downloads/archive/UTKFace/30_1_0_20170116211841219.jpg.chip.jpg,0,1,1,0,0,0,0,87.24647521972656,78.48567962646484,160.5975799560547,205.28671264648438
28_0_1_20170113150719161.jpg.chip.jpg,28,/Users/cipherxishant/Downloads/archive/UTKFace/28_0_1_20170113150719161.jpg.chip.jpg,1,0,0,1,0,0,0,83.32508850097656,69.09770965576172,179.94955444335938,199.555419921875
20_0_0_20170105184038831.jpg.chip.jpg,20,/Users/cipherxishant/Downloads/archive/UTKFace/20_0_0_20170105184038831.jpg.chip.jpg,1,0,1,0,0,0,0,83.6328353881836,70.03529357910156,172.06263732910156,195.9394073486328
52_0_0_20170104212337021.jpg.chip.jpg,52,/Users/cipherxishant/Downloads/archive/UTKFace/52_0_0_20170104212337021.jpg.chip.jpg,1,0,1,0,0,0,0,74.5156021118164,60.921600341796875,159.92369079589844,193.30657958984375
40_1_2_20170117121945324.jpg.chip.jpg,40,/Users/cipherxishant/Downloads/archive/UTKFace/40_1_2_20170117121945324.jpg.chip.jpg,0,1,0,0,1,0,0,78.349365234375,71.11788940429688,171.7388916015625,190.5378875732422
2_0_2_20161219190509034.jpg.chip.jpg,2,/Users/cipherxishant/Downloads/archive/UTKFace/2_0_2_20161219190509034.jpg.chip.jpg,1,0,0,0,1,0,0,75.19386291503906,59.19829559326172,176.51766967773438,178.32913208007812
40_0_0_20170117170807947.jpg.chip.jpg,40,/Users/cipherxishant/Downloads/archive/UTKFace/40_0_0_20170117170807947.jpg.chip.jpg,1,0,1,0,0,0,0,75.58827209472656,60.80351638793945,167.80746459960938,188.25106811523438
58_0_0_20170117184403351.jpg.chip.jpg,58,/Users/cipherxishant/Downloads/archive/UTKFace/58_0_0_20170117184403351.jpg.chip.jpg,1,0,1,0,0,0,0,82.81010437011719,67.48735046386719,180.70733642578125,198.75347900390625
25_1_3_20170104222513085.jpg.chip.jpg,25,/Users/cipherxishant/Downloads/archive/UTKFace/25_1_3_20170104222513085.jpg.chip.jpg,0,1,0,0,0,1,0,75.11737060546875,66.49375915527344,168.92218017578125,199.2783660888672
61_0_0_20170104210224700.jpg.chip.jpg,61,/Users/cipherxishant/Downloads/archive/UTKFace/61_0_0_20170104210224700.jpg.chip.jpg,1,0,1,0,0,0,0,78.51090240478516,65.72221374511719,162.35105895996094,192.69509887695312
30_1_0_20170104234753946.jpg.chip.jpg,30,/Users/cipherxishant/Downloads/archive/UTKFace/30_1_0_20170104234753946.jpg.chip.jpg,0,1,1,0,0,0,0,80.01146697998047,64.4856948852539,179.6514892578125,192.1146240234375
26_0_3_20170119180344516.jpg.chip.jpg,26,/Users/cipherxishant/Downloads/archive/UTKFace/26_0_3_20170119180344516.jpg.chip.jpg,1,0,0,0,0,1,0,73.15278625488281,61.63518524169922,162.43521118164062,188.2887420654297
32_0_1_20170113195640844.jpg.chip.jpg,32,/Users/cipherxishant/Downloads/archive/UTKFace/32_0_1_20170113195640844.jpg.chip.jpg,1,0,0,1,0,0,0,80.94612884521484,69.02546691894531,165.61390686035156,197.8992156982422
10_1_4_20161223225854867.jpg.chip.jpg,10,/Users/cipherxishant/Downloads/archive/UTKFace/10_1_4_20161223225854867.jpg.chip.jpg,0,1,0,0,0,0,1,66.60834503173828,54.62619400024414,149.39686584472656,181.95506286621094
26_0_1_20170116185225854.jpg.chip.jpg,26,/Users/cipherxishant/Downloads/archive/UTKFace/26_0_1_20170116185225854.jpg.chip.jpg,1,0,0,1,0,0,0,84.02567291259766,70.28892517089844,195.3578643798828,201.5143585205078
35_1_1_20170116173118874.jpg.chip.jpg,35,/Users/cipherxishant/Downloads/archive/UTKFace/35_1_1_20170116173118874.jpg.chip.jpg,0,1,0,1,0,0,0,75.04000091552734,62.963077545166016,167.42080688476562,194.90541076660156
72_0_0_20170111195358992.jpg.chip.jpg,72,/Users/cipherxishant/Downloads/archive/UTKFace/72_0_0_20170111195358992.jpg.chip.jpg,1,0,1,0,0,0,0,67.80073547363281,54.499942779541016,159.77996826171875,192.92282104492188
42_0_0_20170117154836485.jpg.chip.jpg,42,/Users/cipherxishant/Downloads/archive/UTKFace/42_0_0_20170117154836485.jpg.chip.jpg,1,0,1,0,0,0,0,80.8867416381836,71.07795715332031,169.04994201660156,209.5218963623047
35_0_3_20170119201446469.jpg.chip.jpg,35,/Users/cipherxishant/Downloads/archive/UTKFace/35_0_3_20170119201446469.jpg.chip.jpg,1,0,0,0,0,1,0,80.94454193115234,63.053504943847656,185.12330627441406,200.6580352783203
35_1_4_20170117200719931.jpg.chip.jpg,35,/Users/cipherxishant/Downloads/archive/UTKFace/35_1_4_20170117200719931.jpg.chip.jpg,0,1,0,0,0,0,1,71.29649353027344,59.814945220947266,160.19566345214844,190.28883361816406
38_1_0_20170103181733834.jpg.chip.jpg,38,/Users/cipherxishant/Downloads/archive/UTKFace/38_1_0_20170103181733834.jpg.chip.jpg,0,1,1,0,0,0,0,80.23766326904297,72.24182891845703,164.44534301757812,198.05247497558594
18_1_1_20170112231616704.jpg.chip.jpg,18,/Users/cipherxishant/Downloads/archive/UTKFace/18_1_1_20170112231616704.jpg.chip.jpg,0,1,0,1,0,0,0,70.4652328491211,60.42705535888672,147.93798828125,198.95269775390625
23_1_0_20170116173236417.jpg.chip.jpg,23,/Users/cipherxishant/Downloads/archive/UTKFace/23_1_0_20170116173236417.jpg.chip.jpg,0,1,1,0,0,0,0,75.07986450195312,61.276878356933594,152.63577270507812,196.269287109375
46_0_3_20170119195336586.jpg.chip.jpg,46,/Users/cipherxishant/Downloads/archive/UTKFace/46_0_3_20170119195336586.jpg.chip.jpg,1,0,0,0,0,1,0,78.31997680664062,61.35918045043945,178.08160400390625,193.68594360351562
9_0_0_20170110224240532.jpg.chip.jpg,9,/Users/cipherxishant/Downloads/archive/UTKFace/9_0_0_20170110224240532.jpg.chip.jpg,1,0,1,0,0,0,0,86.4982681274414,70.28583526611328,169.9822540283203,197.7543182373047
57_0_0_20170111171747481.jpg.chip.jpg,57,/Users/cipherxishant/Downloads/archive/UTKFace/57_0_0_20170111171747481.jpg.chip.jpg,1,0,1,0,0,0,0,80.55207824707031,67.39425659179688,174.5509033203125,197.32310485839844
8_1_3_20170104222431175.jpg.chip.jpg,8,/Users/cipherxishant/Downloads/archive/UTKFace/8_1_3_20170104222431175.jpg.chip.jpg,0,1,0,0,0,1,0,86.19620513916016,73.27165985107422,175.87014770507812,203.50601196289062
19_1_0_20170103201503695.jpg.chip.jpg,19,/Users/cipherxishant/Downloads/archive/UTKFace/19_1_0_20170103201503695.jpg.chip.jpg,0,1,1,0,0,0,0,71.73037719726562,60.216064453125,162.25730895996094,193.21827697753906
23_1_4_20161223214744290.jpg.chip.jpg,23,/Users/cipherxishant/Downloads/archive/UTKFace/23_1_4_20161223214744290.jpg.chip.jpg,0,1,0,0,0,0,1,88.19595336914062,76.54460144042969,170.41921997070312,199.63027954101562
39_0_4_20170104205601141.jpg.chip.jpg,39,/Users/cipherxishant/Downloads/archive/UTKFace/39_0_4_20170104205601141.jpg.chip.jpg,1,0,0,0,0,0,1,80.67627716064453,71.77400970458984,165.0801239013672,202.0457305908203
32_1_2_20170116190012513.jpg.chip.jpg,32,/Users/cipherxishant/Downloads/archive/UTKFace/32_1_2_20170116190012513.jpg.chip.jpg,0,1,0,0,1,0,0,70.17805480957031,63.62434387207031,151.40797424316406,191.87228393554688
3_0_2_20161219151511755.jpg.chip.jpg,3,/Users/cipherxishant/Downloads/archive/UTKFace/3_0_2_20161219151511755.jpg.chip.jpg,1,0,0,0,1,0,0,80.64804077148438,69.1161117553711,178.6583251953125,198.13198852539062
38_1_4_20170117203741155.jpg.chip.jpg,38,/Users/cipherxishant/Downloads/archive/UTKFace/38_1_4_20170117203741155.jpg.chip.jpg,0,1,0,0,0,0,1,81.1055679321289,65.61992645263672,155.21908569335938,195.20477294921875
30_1_3_20170109134035009.jpg.chip.jpg,30,/Users/cipherxishant/Downloads/archive/UTKFace/30_1_3_20170109134035009.jpg.chip.jpg,0,1,0,0,0,1,0,77.77726745605469,61.742801666259766,174.11773681640625,194.54763793945312
82_0_2_20170111210612356.jpg.chip.jpg,82,/Users/cipherxishant/Downloads/archive/UTKFace/82_0_2_20170111210612356.jpg.chip.jpg,1,0,0,0,1,0,0,83.62826538085938,73.02163696289062,176.3604278564453,200.83172607421875
70_0_0_20170104185838254.jpg.chip.jpg,70,/Users/cipherxishant/Downloads/archive/UTKFace/70_0_0_20170104185838254.jpg.chip.jpg,1,0,1,0,0,0,0,82.69254302978516,74.65997314453125,172.84353637695312,198.7338409423828
27_1_2_20170116163618474.jpg.chip.jpg,27,/Users/cipherxishant/Downloads/archive/UTKFace/27_1_2_20170116163618474.jpg.chip.jpg,0,1,0,0,1,0,0,72.48008728027344,56.00998306274414,154.6727752685547,190.84571838378906
26_1_3_20170104222600591.jpg.chip.jpg,26,/Users/cipherxishant/Downloads/archive/UTKFace/26_1_3_20170104222600591.jpg.chip.jpg,0,1,0,0,0,1,0,74.6517105102539,65.38446044921875,157.651123046875,205.25509643554688
7_0_0_20170110224429257.jpg.chip.jpg,7,/Users/cipherxishant/Downloads/archive/UTKFace/7_0_0_20170110224429257.jpg.chip.jpg,1,0,1,0,0,0,0,82.74139404296875,72.76322174072266,177.71678161621094,198.92442321777344
42_0_0_20170109012239137.jpg.chip.jpg,42,/Users/cipherxishant/Downloads/archive/UTKFace/42_0_0_20170109012239137.jpg.chip.jpg,1,0,1,0,0,0,0,81.9149398803711,71.19959259033203,176.70474243164062,203.74972534179688
3_1_0_20170109191823943.jpg.chip.jpg,3,/Users/cipherxishant/Downloads/archive/UTKFace/3_1_0_20170109191823943.jpg.chip.jpg,0,1,1,0,0,0,0,78.06411743164062,64.89164733886719,163.19200134277344,189.59788513183594
12_1_4_20170103200721583.jpg.chip.jpg,12,/Users/cipherxishant/Downloads/archive/UTKFace/12_1_4_20170103200721583.jpg.chip.jpg,0,1,0,0,0,0,1,77.0341567993164,63.09131622314453,170.16603088378906,183.8733673095703
35_0_1_20170117143106996.jpg.chip.jpg,35,/Users/cipherxishant/Downloads/archive/UTKFace/35_0_1_20170117143106996.jpg.chip.jpg,1,0,0,1,0,0,0,71.86498260498047,62.00923538208008,151.81333923339844,196.18838500976562
22_1_1_20170112233707846.jpg.chip.jpg,22,/Users/cipherxishant/Downloads/archive/UTKFace/22_1_1_20170112233707846.jpg.chip.jpg,0,1,0,1,0,0,0,75.10464477539062,63.161842346191406,160.19520568847656,195.19483947753906
5_0_2_20161219192249187.jpg.chip.jpg,5,/Users/cipherxishant/Downloads/archive/UTKFace/5_0_2_20161219192249187.jpg.chip.jpg,1,0,0,0,1,0,0,84.89031219482422,69.85646057128906,181.76153564453125,201.94296264648438
17_1_4_20170103201233799.jpg.chip.jpg,17,/Users/cipherxishant/Downloads/archive/UTKFace/17_1_4_20170103201233799.jpg.chip.jpg,0,1,0,0,0,0,1,79.16690826416016,66.30424499511719,171.0494842529297,199.3070068359375
26_1_2_20170116175505151.jpg.chip.jpg,26,/Users/cipherxishant/Downloads/archive/UTKFace/26_1_2_20170116175505151.jpg.chip.jpg,0,1,0,0,1,0,0,82.98701477050781,66.20628356933594,166.55267333984375,194.18605041503906
40_0_0_20170117133705952.jpg.chip.jpg,40,/Users/cipherxishant/Downloads/archive/UTKFace/40_0_0_20170117133705952.jpg.chip.jpg,1,0,1,0,0,0,0,75.95939636230469,62.8436279296875,163.68896484375,189.7767333984375
81_0_0_20170111211419693.jpg.chip.jpg,81,/Users/cipherxishant/Downloads/archive/UTKFace/81_0_0_20170111211419693.jpg.chip.jpg,1,0,1,0,0,0,0,75.06501007080078,57.95515823364258,154.0115509033203,194.5076141357422
28_1_2_20170116162147060.jpg.chip.jpg,28,/Users/cipherxishant/Downloads/archive/UTKFace/28_1_2_20170116162147060.jpg.chip.jpg,0,1,0,0,1,0,0,71.84576416015625,59.9137077331543,155.34439086914062,188.80755615234375
28_1_2_20170116164716297.jpg.chip.jpg,28,/Users/cipherxishant/Downloads/archive/UTKFace/28_1_2_20170116164716297.jpg.chip.jpg,0,1,0,0,1,0,0,68.81067657470703,51.07864761352539,156.9910125732422,183.8792724609375
54_0_1_20170120223418357.jpg.chip.jpg,54,/Users/cipherxishant/Downloads/archive/UTKFace/54_0_1_20170120223418357.jpg.chip.jpg,1,0,0,1,0,0,0,87.98111724853516,71.8989028930664,199.51583862304688,209.5524139404297
26_0_1_20170113134332736.jpg.chip.jpg,26,/Users/cipherxishant/Downloads/archive/UTKFace/26_0_1_20170113134332736.jpg.chip.jpg,1,0,0,1,0,0,0,72.34716796875,58.5700569152832,164.74864196777344,186.67776489257812
1_1_2_20161219201453804.jpg.chip.jpg,1,/Users/cipherxishant/Downloads/archive/UTKFace/1_1_2_20161219201453804.jpg.chip.jpg,0,1,0,0,1,0,0,79.70711517333984,61.06745147705078,185.35972595214844,194.5720672607422
31_1_4_20170117203047078.jpg.chip.jpg,31,/Users/cipherxishant/Downloads/archive/UTKFace/31_1_4_20170117203047078.jpg.chip.jpg,0,1,0,0,0,0,1,81.84784698486328,72.15408325195312,166.561767578125,199.1566925048828
29_1_0_20170105163239939.jpg.chip.jpg,29,/Users/cipherxishant/Downloads/archive/UTKFace/29_1_0_20170105163239939.jpg.chip.jpg,0,1,1,0,0,0,0,74.78634643554688,63.67391586303711,158.91102600097656,196.05270385742188
29_1_0_20170104184312581.jpg.chip.jpg,29,/Users/cipherxishant/Downloads/archive/UTKFace/29_1_0_20170104184312581.jpg.chip.jpg,0,1,1,0,0,0,0,85.65889739990234,72.92195129394531,169.48419189453125,199.65451049804688
21_0_3_20170117141644440.jpg.chip.jpg,21,/Users/cipherxishant/Downloads/archive/UTKFace/21_0_3_20170117141644440.jpg.chip.jpg,1,0,0,0,0,1,0,70.30735778808594,56.75701141357422,157.13079833984375,191.80569458007812
20_0_1_20170117184658976.jpg.chip.jpg,20,/Users/cipherxishant/Downloads/archive/UTKFace/20_0_1_20170117184658976.jpg.chip.jpg,1,0,0,1,0,0,0,76.22464752197266,58.86876678466797,168.0004119873047,191.13304138183594
50_0_0_20170117160625526.jpg.chip.jpg,50,/Users/cipherxishant/Downloads/archive/UTKFace/50_0_0_20170117160625526.jpg.chip.jpg,1,0,1,0,0,0,0,79.41352081298828,66.17082977294922,158.73126220703125,198.50119018554688
37_0_3_20170119202215718.jpg.chip.jpg,37,/Users/cipherxishant/Downloads/archive/UTKFace/37_0_3_20170119202215718.jpg.chip.jpg,1,0,0,0,0,1,0,81.6900634765625,68.13578796386719,171.3355712890625,199.25106811523438
24_1_1_20170117013833600.jpg.chip.jpg,24,/Users/cipherxishant/Downloads/archive/UTKFace/24_1_1_20170117013833600.jpg.chip.jpg,0,1,0,1,0,0,0,74.5859146118164,65.3366470336914,160.6637420654297,181.6863250732422
26_0_0_20170113210126726.jpg.chip.jpg,26,/Users/cipherxishant/Downloads/archive/UTKFace/26_0_0_20170113210126726.jpg.chip.jpg,1,0,1,0,0,0,0,85.7784423828125,72.17626190185547,174.8001708984375,199.943603515625
72_1_0_20170110183431246.jpg.chip.jpg,72,/Users/cipherxishant/Downloads/archive/UTKFace/72_1_0_20170110183431246.jpg.chip.jpg,0,1,1,0,0,0,0,72.60430145263672,57.375667572021484,157.77345275878906,183.02532958984375
43_0_0_20170109005543475.jpg.chip.jpg,43,/Users/cipherxishant/Downloads/archive/UTKFace/43_0_0_20170109005543475.jpg.chip.jpg,1,0,1,0,0,0,0,74.87435913085938,64.33894348144531,156.25819396972656,199.7239227294922
52_0_0_20170120222910474.jpg.chip.jpg,52,/Users/cipherxishant/Downloads/archive/UTKFace/52_0_0_20170120222910474.jpg.chip.jpg,1,0,1,0,0,0,0,76.03301239013672,68.14913177490234,160.36488342285156,197.4446563720703
32_0_1_20170115230958202.jpg.chip.jpg,32,/Users/cipherxishant/Downloads/archive/UTKFace/32_0_1_20170115230958202.jpg.chip.jpg,1,0,0,1,0,0,0,53.99638366699219,44.766754150390625,139.9309844970703,180.80694580078125
1_1_0_20170109194038813.jpg.chip.jpg,1,/Users/cipherxishant/Downloads/archive/UTKFace/1_1_0_20170109194038813.jpg.chip.jpg,0,1,1,0,0,0,0,69.84248352050781,55.49590301513672,168.07412719726562,171.79664611816406
56_1_0_20170103180159982.jpg.chip.jpg,56,/Users/cipherxishant/Downloads/archive/UTKFace/56_1_0_20170103180159982.jpg.chip.jpg,0,1,1,0,0,0,0,74.54996490478516,60.04739761352539,163.4114532470703,190.5615234375
48_1_0_20170109220544479.jpg.chip.jpg,48,/Users/cipherxishant/Downloads/archive/UTKFace/48_1_0_20170109220544479.jpg.chip.jpg,0,1,1,0,0,0,0,82.11568450927734,71.41529083251953,163.3430938720703,197.14776611328125
53_0_2_20170116192934154.jpg.chip.jpg,53,/Users/cipherxishant/Downloads/archive/UTKFace/53_0_2_20170116192934154.jpg.chip.jpg,1,0,0,0,1,0,0,82.90328979492188,64.72602081298828,191.87486267089844,195.9054718017578
49_0_4_20170104210433927.jpg.chip.jpg,49,/Users/cipherxishant/Downloads/archive/UTKFace/49_0_4_20170104210433927.jpg.chip.jpg,1,0,0,0,0,0,1,75.6785659790039,57.146148681640625,162.46945190429688,200.7763214111328
22_0_3_20170119162922591.jpg.chip.jpg,22,/Users/cipherxishant/Downloads/archive/UTKFace/22_0_3_20170119162922591.jpg.chip.jpg,1,0,0,0,0,1,0,64.87757873535156,59.05818176269531,144.4095916748047,187.77806091308594
85_1_0_20170110184040927.jpg.chip.jpg,85,/Users/cipherxishant/Downloads/archive/UTKFace/85_1_0_20170110184040927.jpg.chip.jpg,0,1,1,0,0,0,0,68.48939514160156,54.298118591308594,157.35052490234375,181.74864196777344
27_0_2_20170116173713171.jpg.chip.jpg,27,/Users/cipherxishant/Downloads/archive/UTKFace/27_0_2_20170116173713171.jpg.chip.jpg,1,0,0,0,1,0,0,74.17040252685547,66.3226547241211,160.5016632080078,197.6371612548828
34_0_0_20170104191711254.jpg.chip.jpg,34,/Users/cipherxishant/Downloads/archive/UTKFace/34_0_0_20170104191711254.jpg.chip.jpg,1,0,1,0,0,0,0,80.57771301269531,69.67893981933594,176.7062530517578,178.08221435546875
20_1_2_20170103234750663.jpg.chip.jpg,20,/Users/cipherxishant/Downloads/archive/UTKFace/20_1_2_20170103234750663.jpg.chip.jpg,0,1,0,0,1,0,0,69.90769958496094,66.92543029785156,146.2221221923828,198.21392822265625
1_0_0_20161219140627985.jpg.chip.jpg,1,/Users/cipherxishant/Downloads/archive/UTKFace/1_0_0_20161219140627985.jpg.chip.jpg,1,0,1,0,0,0,0,77.49543762207031,51.8015022277832,189.1627655029297,183.1230926513672
34_1_1_20170113011534310.jpg.chip.jpg,34,/Users/cipherxishant/Downloads/archive/UTKFace/34_1_1_20170113011534310.jpg.chip.jpg,0,1,0,1,0,0,0,83.15050506591797,73.41876983642578,166.2334442138672,202.7447509765625
2_1_2_20161219195509211.jpg.chip.jpg,2,/Users/cipherxishant/Downloads/archive/UTKFace/2_1_2_20161219195509211.jpg.chip.jpg,0,1,0,0,1,0,0,77.82749938964844,56.63801193237305,183.54356384277344,195.81739807128906
50_1_1_20170117164023113.jpg.chip.jpg,50,/Users/cipherxishant/Downloads/archive/UTKFace/50_1_1_20170117164023113.jpg.chip.jpg,0,1,0,1,0,0,0,75.90293884277344,63.61871337890625,163.12039184570312,201.92849731445312
45_1_0_20170115231034803.jpg.chip.jpg,45,/Users/cipherxishant/Downloads/archive/UTKFace/45_1_0_20170115231034803.jpg.chip.jpg,0,1,1,0,0,0,0,78.33927154541016,64.1863784790039,174.2688446044922,190.16192626953125
56_1_0_20170110141232209.jpg.chip.jpg,56,/Users/cipherxishant/Downloads/archive/UTKFace/56_1_0_20170110141232209.jpg.chip.jpg,0,1,1,0,0,0,0,72.02754211425781,61.21605682373047,161.05813598632812,185.33082580566406
2_1_0_20170109191548450.jpg.chip.jpg,2,/Users/cipherxishant/Downloads/archive/UTKFace/2_1_0_20170109191548450.jpg.chip.jpg,0,1,1,0,0,0,0,75.80744171142578,61.31634521484375,167.6060028076172,187.00762939453125
26_1_1_20170112211356292.jpg.chip.jpg,26,/Users/cipherxishant/Downloads/archive/UTKFace/26_1_1_20170112211356292.jpg.chip.jpg,0,1,0,1,0,0,0,70.37332916259766,51.12000274658203,157.15924072265625,196.21826171875
26_0_3_20170120134528696.jpg.chip.jpg,26,/Users/cipherxishant/Downloads/archive/UTKFace/26_0_3_20170120134528696.jpg.chip.jpg,1,0,0,0,0,1,0,75.60636138916016,65.68553924560547,166.5153045654297,196.16897583007812
35_0_1_20170117143130961.jpg.chip.jpg,35,/Users/cipherxishant/Downloads/archive/UTKFace/35_0_1_20170117143130961.jpg.chip.jpg,1,0,0,1,0,0,0,80.60984802246094,66.88909149169922,166.7386932373047,186.90699768066406
25_1_0_20170117140853353.jpg.chip.jpg,25,/Users/cipherxishant/Downloads/archive/UTKFace/25_1_0_20170117140853353.jpg.chip.jpg,0,1,1,0,0,0,0,75.16107177734375,59.215248107910156,174.70228576660156,199.3004608154297
76_1_0_20170110181611591.jpg.chip.jpg,76,/Users/cipherxishant/Downloads/archive/UTKFace/76_1_0_20170110181611591.jpg.chip.jpg,0,1,1,0,0,0,0,76.86079406738281,61.23210906982422,178.65379333496094,195.4176788330078
43_0_0_20170117155014385.jpg.chip.jpg,43,/Users/cipherxishant/Downloads/archive/UTKFace/43_0_0_20170117155014385.jpg.chip.jpg,1,0,1,0,0,0,0,78.2042236328125,63.75328826904297,160.7125701904297,201.71337890625
28_0_1_20170117015441625.jpg.chip.jpg,28,/Users/cipherxishant/Downloads/archive/UTKFace/28_0_1_20170117015441625.jpg.chip.jpg,1,0,0,1,0,0,0,78.13367462158203,67.13117218017578,165.99363708496094,196.34205627441406
65_0_0_20170111201030222.jpg.chip.jpg,65,/Users/cipherxishant/Downloads/archive/UTKFace/65_0_0_20170111201030222.jpg.chip.jpg,1,0,1,0,0,0,0,82.05565643310547,71.20619201660156,180.23985290527344,205.55499267578125
1_1_2_20161219195923075.jpg.chip.jpg,1,/Users/cipherxishant/Downloads/archive/UTKFace/1_1_2_20161219195923075.jpg.chip.jpg,0,1,0,0,1,0,0,83.25555419921875,65.7161865234375,188.59999084472656,192.00997924804688
14_0_0_20170103201123159.jpg.chip.jpg,14,/Users/cipherxishant/Downloads/archive/UTKFace/14_0_0_20170103201123159.jpg.chip.jpg,1,0,1,0,0,0,0,81.98278045654297,68.12592315673828,184.5,194.08676147460938
18_1_3_20170104221856991.jpg.chip.jpg,18,/Users/cipherxishant/Downloads/archive/UTKFace/18_1_3_20170104221856991.jpg.chip.jpg,0,1,0,0,0,1,0,79.63961791992188,69.0351333618164,172.69833374023438,200.2392120361328
36_0_4_20170104000906228.jpg.chip.jpg,36,/Users/cipherxishant/Downloads/archive/UTKFace/36_0_4_20170104000906228.jpg.chip.jpg,1,0,0,0,0,0,1,73.98152923583984,64.83088684082031,160.9552459716797,191.28407287597656
25_1_1_20170116001945041.jpg.chip.jpg,25,/Users/cipherxishant/Downloads/archive/UTKFace/25_1_1_20170116001945041.jpg.chip.jpg,0,1,0,1,0,0,0,70.40869903564453,58.43934631347656,155.221923828125,197.94961547851562
28_1_1_20170112220128599.jpg.chip.jpg,28,/Users/cipherxishant/Downloads/archive/UTKFace/28_1_1_20170112220128599.jpg.chip.jpg,0,1,0,1,0,0,0,68.3033447265625,56.065765380859375,156.92750549316406,190.6637725830078
23_1_1_20170102233446754.jpg.chip.jpg,23,/Users/cipherxishant/Downloads/archive/UTKFace/23_1_1_20170102233446754.jpg.chip.jpg,0,1,0,1,0,0,0,83.08743286132812,70.61894989013672,181.0080108642578,199.9280242919922
28_0_3_20170119194727459.jpg.chip.jpg,28,/Users/cipherxishant/Downloads/archive/UTKFace/28_0_3_20170119194727459.jpg.chip.jpg,1,0,0,0,0,1,0,73.7226333618164,67.40572357177734,161.51547241210938,199.6476593017578
40_0_0_20170116210116677.jpg.chip.jpg,40,/Users/cipherxishant/Downloads/archive/UTKFace/40_0_0_20170116210116677.jpg.chip.jpg,1,0,1,0,0,0,0,89.32809448242188,75.71510314941406,170.58753967285156,200.8991241455078
25_0_0_20170116222911780.jpg.chip.jpg,25,/Users/cipherxishant/Downloads/archive/UTKFace/25_0_0_20170116222911780.jpg.chip.jpg,1,0,1,0,0,0,0,76.8565673828125,62.27751541137695,165.08572387695312,198.69525146484375
53_1_0_20170110141146441.jpg.chip.jpg,53,/Users/cipherxishant/Downloads/archive/UTKFace/53_1_0_20170110141146441.jpg.chip.jpg,0,1,1,0,0,0,0,79.33625793457031,71.17037200927734,159.72315979003906,206.51071166992188
9_1_3_20161220222856346.jpg.chip.jpg,9,/Users/cipherxishant/Downloads/archive/UTKFace/9_1_3_20161220222856346.jpg.chip.jpg,0,1,0,0,0,1,0,80.46440887451172,71.46245574951172,171.53570556640625,204.77418518066406
25_1_1_20170112230722548.jpg.chip.jpg,25,/Users/cipherxishant/Downloads/archive/UTKFace/25_1_1_20170112230722548.jpg.chip.jpg,0,1,0,1,0,0,0,67.5594253540039,52.00273895263672,160.75457763671875,185.5613555908203
27_1_2_20170116162537496.jpg.chip.jpg,27,/Users/cipherxishant/Downloads/archive/UTKFace/27_1_2_20170116162537496.jpg.chip.jpg,0,1,0,0,1,0,0,74.2568588256836,60.683433532714844,164.1773681640625,177.44546508789062
30_0_0_20170116222414030.jpg.chip.jpg,30,/Users/cipherxishant/Downloads/archive/UTKFace/30_0_0_20170116222414030.jpg.chip.jpg,1,0,1,0,0,0,0,87.88593292236328,78.20698547363281,171.20118713378906,200.89810180664062
61_1_0_20170110123303836.jpg.chip.jpg,61,/Users/cipherxishant/Downloads/archive/UTKFace/61_1_0_20170110123303836.jpg.chip.jpg,0,1,1,0,0,0,0,81.84356689453125,73.40240478515625,171.71102905273438,205.95263671875
21_1_3_20170104222105822.jpg.chip.jpg,21,/Users/cipherxishant/Downloads/archive/UTKFace/21_1_3_20170104222105822.jpg.chip.jpg,0,1,0,0,0,1,0,76.04998779296875,64.1979751586914,157.36082458496094,187.791259765625
1_1_2_20161219153514108.jpg.chip.jpg,1,/Users/cipherxishant/Downloads/archive/UTKFace/1_1_2_20161219153514108.jpg.chip.jpg,0,1,0,0,1,0,0,84.25015258789062,67.39603424072266,186.48739624023438,184.62538146972656
26_1_1_20170112230519613.jpg.chip.jpg,26,/Users/cipherxishant/Downloads/archive/UTKFace/26_1_1_20170112230519613.jpg.chip.jpg,0,1,0,1,0,0,0,90.74740600585938,80.80650329589844,172.76954650878906,205.15853881835938
35_1_1_20170112215224384.jpg.chip.jpg,35,/Users/cipherxishant/Downloads/archive/UTKFace/35_1_1_20170112215224384.jpg.chip.jpg,0,1,0,1,0,0,0,71.37601470947266,62.242279052734375,154.77513122558594,182.61795043945312
37_1_0_20170103163508220.jpg.chip.jpg,37,/Users/cipherxishant/Downloads/archive/UTKFace/37_1_0_20170103163508220.jpg.chip.jpg,0,1,1,0,0,0,0,76.91731262207031,66.1110610961914,163.81787109375,189.05242919921875
21_0_4_20161223214805057.jpg.chip.jpg,21,/Users/cipherxishant/Downloads/archive/UTKFace/21_0_4_20161223214805057.jpg.chip.jpg,1,0,0,0,0,0,1,78.233642578125,65.29752349853516,171.57127380371094,196.1354217529297
4_0_2_20170110220021011.jpg.chip.jpg,4,/Users/cipherxishant/Downloads/archive/UTKFace/4_0_2_20170110220021011.jpg.chip.jpg,1,0,0,0,1,0,0,78.66835021972656,58.418487548828125,180.844970703125,189.72247314453125
54_0_3_20170119210214520.jpg.chip.jpg,54,/Users/cipherxishant/Downloads/archive/UTKFace/54_0_3_20170119210214520.jpg.chip.jpg,1,0,0,0,0,1,0,77.86447143554688,68.44417572021484,169.3444366455078,189.41903686523438
10_0_4_20170103212521420.jpg.chip.jpg,10,/Users/cipherxishant/Downloads/archive/UTKFace/10_0_4_20170103212521420.jpg.chip.jpg,1,0,0,0,0,0,1,81.31370544433594,71.53822326660156,169.10096740722656,205.19285583496094
1_0_3_20161220220606705.jpg.chip.jpg,1,/Users/cipherxishant/Downloads/archive/UTKFace/1_0_3_20161220220606705.jpg.chip.jpg,1,0,0,0,0,1,0,74.6729965209961,57.11446762084961,166.38755798339844,172.6865234375
35_0_2_20170116233726860.jpg.chip.jpg,35,/Users/cipherxishant/Downloads/archive/UTKFace/35_0_2_20170116233726860.jpg.chip.jpg,1,0,0,0,1,0,0,81.88567352294922,72.20609283447266,174.79440307617188,189.41734313964844
64_0_0_20170117155540137.jpg.chip.jpg,64,/Users/cipherxishant/Downloads/archive/UTKFace/64_0_0_20170117155540137.jpg.chip.jpg,1,0,1,0,0,0,0,79.21063995361328,72.46318054199219,160.056396484375,199.91635131835938
48_0_0_20170120134446448.jpg.chip.jpg,48,/Users/cipherxishant/Downloads/archive/UTKFace/48_0_0_20170120134446448.jpg.chip.jpg,1,0,1,0,0,0,0,75.90501403808594,63.635135650634766,160.13296508789062,194.1751251220703
52_0_0_20170116214143475.jpg.chip.jpg,52,/Users/cipherxishant/Downloads/archive/UTKFace/52_0_0_20170116214143475.jpg.chip.jpg,1,0,1,0,0,0,0,75.18447875976562,65.49002075195312,160.98507690429688,196.80728149414062
26_0_1_20170116010432759.jpg.chip.jpg,26,/Users/cipherxishant/Downloads/archive/UTKFace/26_0_1_20170116010432759.jpg.chip.jpg,1,0,0,1,0,0,0,72.56857299804688,61.465877532958984,152.01966857910156,186.65081787109375
13_0_0_20170110224337867.jpg.chip.jpg,13,/Users/cipherxishant/Downloads/archive/UTKFace/13_0_0_20170110224337867.jpg.chip.jpg,1,0,1,0,0,0,0,80.4535140991211,65.86170959472656,174.56622314453125,190.79168701171875
68_0_0_20170111171747660.jpg.chip.jpg,68,/Users/cipherxishant/Downloads/archive/UTKFace/68_0_0_20170111171747660.jpg.chip.jpg,1,0,1,0,0,0,0,74.37511444091797,67.28938293457031,159.8149871826172,198.98385620117188
24_0_2_20170104020102786.jpg.chip.jpg,24,/Users/cipherxishant/Downloads/archive/UTKFace/24_0_2_20170104020102786.jpg.chip.jpg,1,0,0,0,1,0,0,76.36135864257812,57.95487594604492,167.64920043945312,192.8606719970703
58_1_0_20170104185557607.jpg.chip.jpg,58,/Users/cipherxishant/Downloads/archive/UTKFace/58_1_0_20170104185557607.jpg.chip.jpg,0,1,1,0,0,0,0,85.58369445800781,77.30315399169922,180.151123046875,201.80824279785156
1_1_2_20161219203352244.jpg.chip.jpg,1,/Users/cipherxishant/Downloads/archive/UTKFace/1_1_2_20161219203352244.jpg.chip.jpg,0,1,0,0,1,0,0,73.90895080566406,58.5828857421875,177.85519409179688,169.3316192626953
69_0_0_20170111200942998.jpg.chip.jpg,69,/Users/cipherxishant/Downloads/archive/UTKFace/69_0_0_20170111200942998.jpg.chip.jpg,1,0,1,0,0,0,0,77.77021789550781,59.87984848022461,180.00721740722656,188.14822387695312
20_1_4_20161223230115267.jpg.chip.jpg,20,/Users/cipherxishant/Downloads/archive/UTKFace/20_1_4_20161223230115267.jpg.chip.jpg,0,1,0,0,0,0,1,63.47726058959961,44.03647994995117,150.07879638671875,189.61904907226562
5_0_3_20161220223210595.jpg.chip.jpg,5,/Users/cipherxishant/Downloads/archive/UTKFace/5_0_3_20161220223210595.jpg.chip.jpg,1,0,0,0,0,1,0,81.2242431640625,66.92555236816406,180.84005737304688,191.24996948242188
29_1_3_20170119195533364.jpg.chip.jpg,29,/Users/cipherxishant/Downloads/archive/UTKFace/29_1_3_20170119195533364.jpg.chip.jpg,0,1,0,0,0,1,0,81.6152114868164,67.31523895263672,191.6581268310547,187.48284912109375
6_1_0_20170119155357730.jpg.chip.jpg,6,/Users/cipherxishant/Downloads/archive/UTKFace/6_1_0_20170119155357730.jpg.chip.jpg,0,1,1,0,0,0,0,76.93871307373047,62.34318542480469,175.32284545898438,168.3379669189453
52_0_0_20170111203351228.jpg.chip.jpg,52,/Users/cipherxishant/Downloads/archive/UTKFace/52_0_0_20170111203351228.jpg.chip.jpg,1,0,1,0,0,0,0,76.68006896972656,64.46968078613281,171.44483947753906,199.2621612548828
31_1_1_20170116023825964.jpg.chip.jpg,31,/Users/cipherxishant/Downloads/archive/UTKFace/31_1_1_20170116023825964.jpg.chip.jpg,0,1,0,1,0,0,0,70.46240997314453,62.80746841430664,150.99459838867188,195.9290008544922
50_0_0_20170116192846910.jpg.chip.jpg,50,/Users/cipherxishant/Downloads/archive/UTKFace/50_0_0_20170116192846910.jpg.chip.jpg,1,0,1,0,0,0,0,76.36924743652344,56.793922424316406,176.7230682373047,192.97386169433594
54_0_1_20170117183508782.jpg.chip.jpg,54,/Users/cipherxishant/Downloads/archive/UTKFace/54_0_1_20170117183508782.jpg.chip.jpg,1,0,0,1,0,0,0,73.27067565917969,55.435794830322266,167.59837341308594,190.29953002929688
8_0_0_20170110215559811.jpg.chip.jpg,8,/Users/cipherxishant/Downloads/archive/UTKFace/8_0_0_20170110215559811.jpg.chip.jpg,1,0,1,0,0,0,0,81.59524536132812,65.78238677978516,167.681396484375,189.96969604492188
26_1_0_20170117144831027.jpg.chip.jpg,26,/Users/cipherxishant/Downloads/archive/UTKFace/26_1_0_20170117144831027.jpg.chip.jpg,0,1,1,0,0,0,0,65.05387878417969,57.90480041503906,139.5082550048828,194.18211364746094
28_0_1_20170113193253025.jpg.chip.jpg,28,/Users/cipherxishant/Downloads/archive/UTKFace/28_0_1_20170113193253025.jpg.chip.jpg,1,0,0,1,0,0,0,79.54235076904297,71.66936492919922,162.36734008789062,192.67074584960938
2_1_3_20161220221639986.jpg.chip.jpg,2,/Users/cipherxishant/Downloads/archive/UTKFace/2_1_3_20161220221639986.jpg.chip.jpg,0,1,0,0,0,1,0,86.11622619628906,70.41341400146484,187.2108917236328,197.13914489746094
25_0_0_20170117135652264.jpg.chip.jpg,25,/Users/cipherxishant/Downloads/archive/UTKFace/25_0_0_20170117135652264.jpg.chip.jpg,1,0,1,0,0,0,0,71.30512237548828,55.750240325927734,162.3530731201172,190.11814880371094
3_1_0_20170109191748314.jpg.chip.jpg,3,/Users/cipherxishant/Downloads/archive/UTKFace/3_1_0_20170109191748314.jpg.chip.jpg,0,1,1,0,0,0,0,85.46633911132812,81.55828094482422,175.12294006347656,201.15916442871094
26_1_0_20170117091638287.jpg.chip.jpg,26,/Users/cipherxishant/Downloads/archive/UTKFace/26_1_0_20170117091638287.jpg.chip.jpg,0,1,1,0,0,0,0,78.48124694824219,66.02975463867188,165.2781982421875,197.7045135498047
56_1_0_20170110124233302.jpg.chip.jpg,56,/Users/cipherxishant/Downloads/archive/UTKFace/56_1_0_20170110124233302.jpg.chip.jpg,0,1,1,0,0,0,0,83.53394317626953,72.07267761230469,173.566162109375,196.80735778808594
21_0_0_20170117193733557.jpg.chip.jpg,21,/Users/cipherxishant/Downloads/archive/UTKFace/21_0_0_20170117193733557.jpg.chip.jpg,1,0,1,0,0,0,0,78.1734619140625,65.08050537109375,161.04013061523438,202.36502075195312
36_0_3_20170117183130453.jpg.chip.jpg,36,/Users/cipherxishant/Downloads/archive/UTKFace/36_0_3_20170117183130453.jpg.chip.jpg,1,0,0,0,0,1,0,76.12346649169922,57.56761932373047,165.09725952148438,192.80345153808594
8_0_0_20170110220246250.jpg.chip.jpg,8,/Users/cipherxishant/Downloads/archive/UTKFace/8_0_0_20170110220246250.jpg.chip.jpg,1,0,1,0,0,0,0,83.40272521972656,68.66803741455078,173.7635040283203,193.0829620361328
35_0_0_20170119201458029.jpg.chip.jpg,35,/Users/cipherxishant/Downloads/archive/UTKFace/35_0_0_20170119201458029.jpg.chip.jpg,1,0,1,0,0,0,0,82.6248550415039,72.86514282226562,169.74325561523438,199.70640563964844
63_0_3_20170119211934680.jpg.chip.jpg,63,/Users/cipherxishant/Downloads/archive/UTKFace/63_0_3_20170119211934680.jpg.chip.jpg,1,0,0,0,0,1,0,75.28548431396484,59.3447151184082,169.31192016601562,195.64427185058594
61_0_0_20170117174613406.jpg.chip.jpg,61,/Users/cipherxishant/Downloads/archive/UTKFace/61_0_0_20170117174613406.jpg.chip.jpg,1,0,1,0,0,0,0,80.06417083740234,64.15861511230469,180.8548126220703,198.34722900390625
35_1_1_20170112205159460.jpg.chip.jpg,35,/Users/cipherxishant/Downloads/archive/UTKFace/35_1_1_20170112205159460.jpg.chip.jpg,0,1,0,1,0,0,0,80.6190414428711,65.3132553100586,169.2117156982422,193.36453247070312
40_0_0_20170117202859896.jpg.chip.jpg,40,/Users/cipherxishant/Downloads/archive/UTKFace/40_0_0_20170117202859896.jpg.chip.jpg,1,0,1,0,0,0,0,72.67292785644531,63.0614128112793,155.3645782470703,194.55279541015625
26_0_3_20170117154514013.jpg.chip.jpg,26,/Users/cipherxishant/Downloads/archive/UTKFace/26_0_3_20170117154514013.jpg.chip.jpg,1,0,0,0,0,1,0,81.19827270507812,63.774234771728516,177.92367553710938,195.6046600341797
45_0_0_20170117134655807.jpg.chip.jpg,45,/Users/cipherxishant/Downloads/archive/UTKFace/45_0_0_20170117134655807.jpg.chip.jpg,1,0,1,0,0,0,0,81.7712173461914,71.05989074707031,167.24766540527344,199.37550354003906
50_0_2_20170116163531048.jpg.chip.jpg,50,/Users/cipherxishant/Downloads/archive/UTKFace/50_0_2_20170116163531048.jpg.chip.jpg,1,0,0,0,1,0,0,95.21300506591797,79.68418884277344,178.02980041503906,204.46920776367188
45_0_4_20170117204242833.jpg.chip.jpg,45,/Users/cipherxishant/Downloads/archive/UTKFace/45_0_4_20170117204242833.jpg.chip.jpg,1,0,0,0,0,0,1,78.8299560546875,69.12386322021484,161.97303771972656,204.7963409423828
22_1_1_20170112230505525.jpg.chip.jpg,22,/Users/cipherxishant/Downloads/archive/UTKFace/22_1_1_20170112230505525.jpg.chip.jpg,0,1,0,1,0,0,0,64.68604278564453,54.60869598388672,148.70362854003906,189.85215759277344
26_1_4_20170117201912672.jpg.chip.jpg,26,/Users/cipherxishant/Downloads/archive/UTKFace/26_1_4_20170117201912672.jpg.chip.jpg,0,1,0,0,0,0,1,73.87812805175781,60.71505355834961,160.17172241210938,195.12322998046875
28_1_2_20170116190041109.jpg.chip.jpg,28,/Users/cipherxishant/Downloads/archive/UTKFace/28_1_2_20170116190041109.jpg.chip.jpg,0,1,0,0,1,0,0,78.8336410522461,66.20960998535156,164.17662048339844,203.08377075195312
96_1_0_20170110183855839.jpg.chip.jpg,96,/Users/cipherxishant/Downloads/archive/UTKFace/96_1_0_20170110183855839.jpg.chip.jpg,0,1,1,0,0,0,0,81.4534912109375,69.6224136352539,152.51568603515625,207.03509521484375
26_1_3_20170119192522130.jpg.chip.jpg,26,/Users/cipherxishant/Downloads/archive/UTKFace/26_1_3_20170119192522130.jpg.chip.jpg,0,1,0,0,0,1,0,72.56965637207031,58.083251953125,159.87391662597656,186.82237243652344
33_1_0_20170111182452825.jpg.chip.jpg,33,/Users/cipherxishant/Downloads/archive/UTKFace/33_1_0_20170111182452825.jpg.chip.jpg,0,1,1,0,0,0,0,80.3469467163086,70.11997985839844,167.5098876953125,205.2806396484375
32_1_0_20170104171643865.jpg.chip.jpg,32,/Users/cipherxishant/Downloads/archive/UTKFace/32_1_0_20170104171643865.jpg.chip.jpg,0,1,1,0,0,0,0,79.49773406982422,68.40280151367188,166.17848205566406,192.59262084960938
1_1_2_20161219202106997.jpg.chip.jpg,1,/Users/cipherxishant/Downloads/archive/UTKFace/1_1_2_20161219202106997.jpg.chip.jpg,0,1,0,0,1,0,0,79.92733001708984,58.69939041137695,186.114990234375,185.21038818359375
70_0_3_20170119210228526.jpg.chip.jpg,70,/Users/cipherxishant/Downloads/archive/UTKFace/70_0_3_20170119210228526.jpg.chip.jpg,1,0,0,0,0,1,0,71.26534271240234,58.21159362792969,148.95616149902344,193.55335998535156
34_1_0_20170116222753074.jpg.chip.jpg,34,/Users/cipherxishant/Downloads/archive/UTKFace/34_1_0_20170116222753074.jpg.chip.jpg,0,1,1,0,0,0,0,83.8589859008789,72.09352111816406,168.2790069580078,199.27394104003906
26_1_2_20170116184054722.jpg.chip.jpg,26,/Users/cipherxishant/Downloads/archive/UTKFace/26_1_2_20170116184054722.jpg.chip.jpg,0,1,0,0,1,0,0,69.32864379882812,57.78055953979492,159.5175323486328,198.8157958984375
51_1_1_20170114030618551.jpg.chip.jpg,51,/Users/cipherxishant/Downloads/archive/UTKFace/51_1_1_20170114030618551.jpg.chip.jpg,0,1,0,1,0,0,0,80.82762908935547,67.56644439697266,163.50668334960938,196.7131805419922
31_0_2_20170115205946148.jpg.chip.jpg,31,/Users/cipherxishant/Downloads/archive/UTKFace/31_0_2_20170115205946148.jpg.chip.jpg,1,0,0,0,1,0,0,75.92851257324219,60.15691375732422,171.21597290039062,189.76707458496094
26_1_1_20170116232324000.jpg.chip.jpg,26,/Users/cipherxishant/Downloads/archive/UTKFace/26_1_1_20170116232324000.jpg.chip.jpg,0,1,0,1,0,0,0,69.48342895507812,55.63994216918945,163.35238647460938,181.61813354492188
31_1_3_20170119200201348.jpg.chip.jpg,31,/Users/cipherxishant/Downloads/archive/UTKFace/31_1_3_20170119200201348.jpg.chip.jpg,0,1,0,0,0,1,0,87.95990753173828,68.96446990966797,194.68382263183594,205.83721923828125
60_0_0_20170120223110723.jpg.chip.jpg,60,/Users/cipherxishant/Downloads/archive/UTKFace/60_0_0_20170120223110723.jpg.chip.jpg,1,0,1,0,0,0,0,74.98509979248047,63.829620361328125,158.45443725585938,188.1662139892578
31_1_0_20170103182729649.jpg.chip.jpg,31,/Users/cipherxishant/Downloads/archive/UTKFace/31_1_0_20170103182729649.jpg.chip.jpg,0,1,1,0,0,0,0,82.87602233886719,73.43325805664062,182.0810089111328,192.4818115234375
90_0_1_20170117195102223.jpg.chip.jpg,90,/Users/cipherxishant/Downloads/archive/UTKFace/90_0_1_20170117195102223.jpg.chip.jpg,1,0,0,1,0,0,0,75.10131072998047,61.60380554199219,163.55355834960938,184.4869842529297
40_1_0_20170117135420797.jpg.chip.jpg,40,/Users/cipherxishant/Downloads/archive/UTKFace/40_1_0_20170117135420797.jpg.chip.jpg,0,1,1,0,0,0,0,80.20976257324219,70.01787567138672,172.65467834472656,191.7212677001953
29_1_4_20170103180829632.jpg.chip.jpg,29,/Users/cipherxishant/Downloads/archive/UTKFace/29_1_4_20170103180829632.jpg.chip.jpg,0,1,0,0,0,0,1,79.5418701171875,67.82637023925781,167.084228515625,196.6923370361328
72_0_0_20170111171747670.jpg.chip.jpg,72,/Users/cipherxishant/Downloads/archive/UTKFace/72_0_0_20170111171747670.jpg.chip.jpg,1,0,1,0,0,0,0,81.14797973632812,72.53560638427734,165.68551635742188,203.65896606445312
31_0_3_20170119195949283.jpg.chip.jpg,31,/Users/cipherxishant/Downloads/archive/UTKFace/31_0_3_20170119195949283.jpg.chip.jpg,1,0,0,0,0,1,0,83.01228332519531,71.93571472167969,174.4227294921875,197.3174591064453
42_1_1_20170113005434508.jpg.chip.jpg,42,/Users/cipherxishant/Downloads/archive/UTKFace/42_1_1_20170113005434508.jpg.chip.jpg,0,1,0,1,0,0,0,69.1744384765625,59.417877197265625,149.39886474609375,196.59271240234375
35_0_0_20170117000806885.jpg.chip.jpg,35,/Users/cipherxishant/Downloads/archive/UTKFace/35_0_0_20170117000806885.jpg.chip.jpg,1,0,1,0,0,0,0,79.92301940917969,72.67549133300781,173.30328369140625,197.5535888671875
33_1_1_20170112210849669.jpg.chip.jpg,33,/Users/cipherxishant/Downloads/archive/UTKFace/33_1_1_20170112210849669.jpg.chip.jpg,0,1,0,1,0,0,0,70.03063201904297,53.022666931152344,157.26144409179688,180.9825897216797
24_1_3_20170119171105800.jpg.chip.jpg,24,/Users/cipherxishant/Downloads/archive/UTKFace/24_1_3_20170119171105800.jpg.chip.jpg,0,1,0,0,0,1,0,64.30106353759766,51.691585540771484,146.80906677246094,185.58218383789062
13_1_1_20170109204443201.jpg.chip.jpg,13,/Users/cipherxishant/Downloads/archive/UTKFace/13_1_1_20170109204443201.jpg.chip.jpg,0,1,0,1,0,0,0,73.63158416748047,58.14970779418945,163.91453552246094,168.826904296875
74_1_0_20170110153238490.jpg.chip.jpg,74,/Users/cipherxishant/Downloads/archive/UTKFace/74_1_0_20170110153238490.jpg.chip.jpg,0,1,1,0,0,0,0,76.6623764038086,64.57242584228516,164.22988891601562,194.2934112548828
26_0_2_20170116181353748.jpg.chip.jpg,26,/Users/cipherxishant/Downloads/archive/UTKFace/26_0_2_20170116181353748.jpg.chip.jpg,1,0,0,0,1,0,0,76.28057861328125,60.77580261230469,165.6787872314453,180.84481811523438
26_1_0_20170117175313606.jpg.chip.jpg,26,/Users/cipherxishant/Downloads/archive/UTKFace/26_1_0_20170117175313606.jpg.chip.jpg,0,1,1,0,0,0,0,84.82328796386719,72.58470916748047,183.11392211914062,199.9119415283203
7_0_1_20170110224720024.jpg.chip.jpg,7,/Users/cipherxishant/Downloads/archive/UTKFace/7_0_1_20170110224720024.jpg.chip.jpg,1,0,0,1,0,0,0,81.259033203125,70.27685546875,177.34402465820312,191.68417358398438
56_0_0_20170111203052213.jpg.chip.jpg,56,/Users/cipherxishant/Downloads/archive/UTKFace/56_0_0_20170111203052213.jpg.chip.jpg,1,0,1,0,0,0,0,76.78203582763672,69.91509246826172,156.9722137451172,197.3394012451172
27_0_3_20170119194353859.jpg.chip.jpg,27,/Users/cipherxishant/Downloads/archive/UTKFace/27_0_3_20170119194353859.jpg.chip.jpg,1,0,0,0,0,1,0,72.39730834960938,58.93345642089844,161.2030792236328,205.2876434326172
23_1_3_20170119164537949.jpg.chip.jpg,23,/Users/cipherxishant/Downloads/archive/UTKFace/23_1_3_20170119164537949.jpg.chip.jpg,0,1,0,0,0,1,0,69.92311096191406,56.18244552612305,156.8456268310547,183.19532775878906
45_1_1_20170116233320931.jpg.chip.jpg,45,/Users/cipherxishant/Downloads/archive/UTKFace/45_1_1_20170116233320931.jpg.chip.jpg,0,1,0,1,0,0,0,75.11239624023438,61.92351150512695,159.44322204589844,189.2049102783203
78_0_0_20170111200159377.jpg.chip.jpg,78,/Users/cipherxishant/Downloads/archive/UTKFace/78_0_0_20170111200159377.jpg.chip.jpg,1,0,1,0,0,0,0,81.32878875732422,67.8731460571289,164.778076171875,196.57615661621094
15_1_4_20170103201329807.jpg.chip.jpg,15,/Users/cipherxishant/Downloads/archive/UTKFace/15_1_4_20170103201329807.jpg.chip.jpg,0,1,0,0,0,0,1,82.3200454711914,63.73292922973633,184.94346618652344,198.94496154785156
5_1_0_20170109192719152.jpg.chip.jpg,5,/Users/cipherxishant/Downloads/archive/UTKFace/5_1_0_20170109192719152.jpg.chip.jpg,0,1,1,0,0,0,0,80.4429931640625,66.0325698852539,182.1739959716797,195.35455322265625
35_1_0_20170117185628434.jpg.chip.jpg,35,/Users/cipherxishant/Downloads/archive/UTKFace/35_1_0_20170117185628434.jpg.chip.jpg,0,1,1,0,0,0,0,76.63402557373047,58.98060989379883,170.53456115722656,193.98521423339844
45_0_3_20170120222425936.jpg.chip.jpg,45,/Users/cipherxishant/Downloads/archive/UTKFace/45_0_3_20170120222425936.jpg.chip.jpg,1,0,0,0,0,1,0,79.87470245361328,62.21937942504883,180.87049865722656,192.65447998046875
27_0_1_20170120220051617.jpg.chip.jpg,27,/Users/cipherxishant/Downloads/archive/UTKFace/27_0_1_20170120220051617.jpg.chip.jpg,1,0,0,1,0,0,0,70.60757446289062,54.47728729248047,155.15274047851562,185.16854858398438
35_1_4_20170117203540087.jpg.chip.jpg,35,/Users/cipherxishant/Downloads/archive/UTKFace/35_1_4_20170117203540087.jpg.chip.jpg,0,1,0,0,0,0,1,85.29959869384766,72.25531005859375,170.37229919433594,200.93443298339844
36_0_3_20170119183543230.jpg.chip.jpg,36,/Users/cipherxishant/Downloads/archive/UTKFace/36_0_3_20170119183543230.jpg.chip.jpg,1,0,0,0,0,1,0,72.67610168457031,64.23104095458984,162.5945281982422,187.42413330078125
34_0_0_20170117141607879.jpg.chip.jpg,34,/Users/cipherxishant/Downloads/archive/UTKFace/34_0_0_20170117141607879.jpg.chip.jpg,1,0,1,0,0,0,0,71.818115234375,61.404972076416016,161.1502685546875,187.74842834472656
35_0_4_20170103234956580.jpg.chip.jpg,35,/Users/cipherxishant/Downloads/archive/UTKFace/35_0_4_20170103234956580.jpg.chip.jpg,1,0,0,0,0,0,1,71.60936737060547,59.49906921386719,156.02774047851562,196.16114807128906
1_1_2_20161219220611473.jpg.chip.jpg,1,/Users/cipherxishant/Downloads/archive/UTKFace/1_1_2_20161219220611473.jpg.chip.jpg,0,1,0,0,1,0,0,82.958984375,70.98150634765625,175.97567749023438,186.11973571777344
26_1_4_20170117174153056.jpg.chip.jpg,26,/Users/cipherxishant/Downloads/archive/UTKFace/26_1_4_20170117174153056.jpg.chip.jpg,0,1,0,0,0,0,1,71.84978485107422,57.752830505371094,153.3974151611328,189.14378356933594
26_1_0_20170117003314278.jpg.chip.jpg,26,/Users/cipherxishant/Downloads/archive/UTKFace/26_1_0_20170117003314278.jpg.chip.jpg,0,1,1,0,0,0,0,91.70115661621094,77.16114807128906,174.73110961914062,200.84347534179688
77_0_1_20170116210256280.jpg.chip.jpg,77,/Users/cipherxishant/Downloads/archive/UTKFace/77_0_1_20170116210256280.jpg.chip.jpg,1,0,0,1,0,0,0,78.87007141113281,60.331634521484375,188.8318328857422,190.6060791015625
24_1_1_20170112234600841.jpg.chip.jpg,24,/Users/cipherxishant/Downloads/archive/UTKFace/24_1_1_20170112234600841.jpg.chip.jpg,0,1,0,1,0,0,0,65.06423950195312,50.13747024536133,136.91017150878906,173.1654510498047
20_1_0_20170119153405080.jpg.chip.jpg,20,/Users/cipherxishant/Downloads/archive/UTKFace/20_1_0_20170119153405080.jpg.chip.jpg,0,1,1,0,0,0,0,82.28707885742188,71.58613586425781,186.76788330078125,197.68971252441406
54_0_0_20170113210319475.jpg.chip.jpg,54,/Users/cipherxishant/Downloads/archive/UTKFace/54_0_0_20170113210319475.jpg.chip.jpg,1,0,1,0,0,0,0,90.15706634521484,73.26484680175781,178.65708923339844,212.88023376464844
27_0_4_20161219194059843.jpg.chip.jpg,27,/Users/cipherxishant/Downloads/archive/UTKFace/27_0_4_20161219194059843.jpg.chip.jpg,1,0,0,0,0,0,1,84.69892120361328,73.42572784423828,181.7283172607422,198.2760009765625
1_1_3_20161219225320176.jpg.chip.jpg,1,/Users/cipherxishant/Downloads/archive/UTKFace/1_1_3_20161219225320176.jpg.chip.jpg,0,1,0,0,0,1,0,85.32804870605469,63.222450256347656,194.83311462402344,201.7076416015625
48_1_1_20170109220301068.jpg.chip.jpg,48,/Users/cipherxishant/Downloads/archive/UTKFace/48_1_1_20170109220301068.jpg.chip.jpg,0,1,0,1,0,0,0,81.00101470947266,74.78602600097656,167.94866943359375,201.41053771972656
29_0_3_20170105162407635.jpg.chip.jpg,29,/Users/cipherxishant/Downloads/archive/UTKFace/29_0_3_20170105162407635.jpg.chip.jpg,1,0,0,0,0,1,0,75.8781509399414,60.59136962890625,163.38682556152344,198.45852661132812
44_1_1_20170112192324382.jpg.chip.jpg,44,/Users/cipherxishant/Downloads/archive/UTKFace/44_1_1_20170112192324382.jpg.chip.jpg,0,1,0,1,0,0,0,77.27884674072266,57.88911056518555,168.3980712890625,196.94696044921875
26_0_4_20170117153320853.jpg.chip.jpg,26,/Users/cipherxishant/Downloads/archive/UTKFace/26_0_4_20170117153320853.jpg.chip.jpg,1,0,0,0,0,0,1,70.26890563964844,58.30525207519531,148.22482299804688,186.04141235351562
9_0_0_20170110215516060.jpg.chip.jpg,9,/Users/cipherxishant/Downloads/archive/UTKFace/9_0_0_20170110215516060.jpg.chip.jpg,1,0,1,0,0,0,0,82.87140655517578,67.53242492675781,171.84579467773438,189.5343017578125
30_0_0_20170117120123025.jpg.chip.jpg,30,/Users/cipherxishant/Downloads/archive/UTKFace/30_0_0_20170117120123025.jpg.chip.jpg,1,0,1,0,0,0,0,91.27263641357422,80.49236297607422,172.2247314453125,206.14517211914062
65_0_0_20170103183632050.jpg.chip.jpg,65,/Users/cipherxishant/Downloads/archive/UTKFace/65_0_0_20170103183632050.jpg.chip.jpg,1,0,1,0,0,0,0,81.5107192993164,68.29393005371094,174.2251739501953,202.60557556152344
59_0_0_20170111171747514.jpg.chip.jpg,59,/Users/cipherxishant/Downloads/archive/UTKFace/59_0_0_20170111171747514.jpg.chip.jpg,1,0,1,0,0,0,0,73.70436096191406,63.53683090209961,158.4303436279297,202.11505126953125
39_1_1_20170116012217327.jpg.chip.jpg,39,/Users/cipherxishant/Downloads/archive/UTKFace/39_1_1_20170116012217327.jpg.chip.jpg,0,1,0,1,0,0,0,84.89561462402344,72.25276184082031,169.73361206054688,200.06527709960938
50_1_1_20170113012828731.jpg.chip.jpg,50,/Users/cipherxishant/Downloads/archive/UTKFace/50_1_1_20170113012828731.jpg.chip.jpg,0,1,0,1,0,0,0,84.02652740478516,70.22949981689453,181.6128692626953,202.49545288085938
1_0_2_20161219160450054.jpg.chip.jpg,1,/Users/cipherxishant/Downloads/archive/UTKFace/1_0_2_20161219160450054.jpg.chip.jpg,1,0,0,0,1,0,0,82.05158233642578,65.49063110351562,183.09288024902344,194.33946228027344
59_0_0_20170120225040473.jpg.chip.jpg,59,/Users/cipherxishant/Downloads/archive/UTKFace/59_0_0_20170120225040473.jpg.chip.jpg,1,0,1,0,0,0,0,77.90483093261719,62.16352462768555,171.4271240234375,193.57461547851562
6_0_2_20161219190713643.jpg.chip.jpg,6,/Users/cipherxishant/Downloads/archive/UTKFace/6_0_2_20161219190713643.jpg.chip.jpg,1,0,0,0,1,0,0,76.0781478881836,63.02779006958008,175.68663024902344,184.95526123046875
21_0_0_20170104230059401.jpg.chip.jpg,21,/Users/cipherxishant/Downloads/archive/UTKFace/21_0_0_20170104230059401.jpg.chip.jpg,1,0,1,0,0,0,0,79.81851959228516,70.27762603759766,169.26478576660156,192.32412719726562
24_1_2_20170116165445234.jpg.chip.jpg,24,/Users/cipherxishant/Downloads/archive/UTKFace/24_1_2_20170116165445234.jpg.chip.jpg,0,1,0,0,1,0,0,64.49031829833984,51.011322021484375,143.49484252929688,179.27487182617188
31_1_4_20161221193717222.jpg.chip.jpg,31,/Users/cipherxishant/Downloads/archive/UTKFace/31_1_4_20161221193717222.jpg.chip.jpg,0,1,0,0,0,0,1,75.36075592041016,66.60053253173828,152.17556762695312,198.154296875
30_0_1_20170117130041873.jpg.chip.jpg,30,/Users/cipherxishant/Downloads/archive/UTKFace/30_0_1_20170117130041873.jpg.chip.jpg,1,0,0,1,0,0,0,74.15542602539062,66.06705474853516,158.80908203125,197.0334014892578
14_1_2_20170102234329485.jpg.chip.jpg,14,/Users/cipherxishant/Downloads/archive/UTKFace/14_1_2_20170102234329485.jpg.chip.jpg,0,1,0,0,1,0,0,79.29444122314453,62.058231353759766,182.76210021972656,187.14462280273438
51_0_0_20170117173700337.jpg.chip.jpg,51,/Users/cipherxishant/Downloads/archive/UTKFace/51_0_0_20170117173700337.jpg.chip.jpg,1,0,1,0,0,0,0,75.48021697998047,64.69361114501953,154.65809631347656,189.5461883544922
64_0_0_20170111200155418.jpg.chip.jpg,64,/Users/cipherxishant/Downloads/archive/UTKFace/64_0_0_20170111200155418.jpg.chip.jpg,1,0,1,0,0,0,0,77.94506072998047,55.5247688293457,185.0353240966797,195.58035278320312
21_1_0_20170109213135260.jpg.chip.jpg,21,/Users/cipherxishant/Downloads/archive/UTKFace/21_1_0_20170109213135260.jpg.chip.jpg,0,1,1,0,0,0,0,68.96123504638672,49.64834213256836,159.99591064453125,179.20831298828125
1_0_2_20161219193903835.jpg.chip.jpg,1,/Users/cipherxishant/Downloads/archive/UTKFace/1_0_2_20161219193903835.jpg.chip.jpg,1,0,0,0,1,0,0,83.16757202148438,59.10188674926758,191.46986389160156,197.93588256835938
3_0_1_20170109194623635.jpg.chip.jpg,3,/Users/cipherxishant/Downloads/archive/UTKFace/3_0_1_20170109194623635.jpg.chip.jpg,1,0,0,1,0,0,0,84.30158996582031,64.0670166015625,187.73890686035156,200.8802947998047
36_1_3_20170119202138661.jpg.chip.jpg,36,/Users/cipherxishant/Downloads/archive/UTKFace/36_1_3_20170119202138661.jpg.chip.jpg,0,1,0,0,0,1,0,76.32726287841797,63.58632278442383,156.9984893798828,193.5490264892578
65_0_0_20170111202238826.jpg.chip.jpg,65,/Users/cipherxishant/Downloads/archive/UTKFace/65_0_0_20170111202238826.jpg.chip.jpg,1,0,1,0,0,0,0,84.63399505615234,76.4817886352539,166.49148559570312,204.10606384277344
1_0_3_20161220144949223.jpg.chip.jpg,1,/Users/cipherxishant/Downloads/archive/UTKFace/1_0_3_20161220144949223.jpg.chip.jpg,1,0,0,0,0,1,0,82.45150756835938,59.62765121459961,185.21994018554688,196.68177795410156
3_1_4_20161221193144389.jpg.chip.jpg,3,/Users/cipherxishant/Downloads/archive/UTKFace/3_1_4_20161221193144389.jpg.chip.jpg,0,1,0,0,0,0,1,83.65880584716797,74.58415985107422,183.95083618164062,183.9411163330078
40_0_0_20170104205931291.jpg.chip.jpg,40,/Users/cipherxishant/Downloads/archive/UTKFace/40_0_0_20170104205931291.jpg.chip.jpg,1,0,1,0,0,0,0,77.58340454101562,65.5745620727539,164.7113800048828,188.7080078125
35_0_3_20170119171505271.jpg.chip.jpg,35,/Users/cipherxishant/Downloads/archive/UTKFace/35_0_3_20170119171505271.jpg.chip.jpg,1,0,0,0,0,1,0,83.60932922363281,62.56505584716797,186.0011444091797,203.58164978027344
30_1_2_20170117091935370.jpg.chip.jpg,30,/Users/cipherxishant/Downloads/archive/UTKFace/30_1_2_20170117091935370.jpg.chip.jpg,0,1,0,0,1,0,0,77.02230834960938,70.98217010498047,161.19947814941406,200.22494506835938
78_0_3_20170105175706078.jpg.chip.jpg,78,/Users/cipherxishant/Downloads/archive/UTKFace/78_0_3_20170105175706078.jpg.chip.jpg,1,0,0,0,0,1,0,68.82891082763672,59.08348083496094,149.40127563476562,188.90127563476562
72_0_0_20170112205248988.jpg.chip.jpg,72,/Users/cipherxishant/Downloads/archive/UTKFace/72_0_0_20170112205248988.jpg.chip.jpg,1,0,1,0,0,0,0,83.42194366455078,76.48493194580078,179.74436950683594,192.8527069091797
24_0_1_20170114030404017.jpg.chip.jpg,24,/Users/cipherxishant/Downloads/archive/UTKFace/24_0_1_20170114030404017.jpg.chip.jpg,1,0,0,1,0,0,0,76.3897705078125,60.895015716552734,171.26365661621094,192.37823486328125
35_1_0_20170117183012966.jpg.chip.jpg,35,/Users/cipherxishant/Downloads/archive/UTKFace/35_1_0_20170117183012966.jpg.chip.jpg,0,1,1,0,0,0,0,80.01411437988281,72.09343719482422,166.63775634765625,195.09872436523438
27_0_3_20170104214439206.jpg.chip.jpg,27,/Users/cipherxishant/Downloads/archive/UTKFace/27_0_3_20170104214439206.jpg.chip.jpg,1,0,0,0,0,1,0,85.05162811279297,75.41842651367188,167.73086547851562,205.3121337890625
12_1_2_20170117145333545.jpg.chip.jpg,12,/Users/cipherxishant/Downloads/archive/UTKFace/12_1_2_20170117145333545.jpg.chip.jpg,0,1,0,0,1,0,0,79.89449310302734,75.49007415771484,163.61659240722656,196.8632049560547
38_0_1_20170113152121359.jpg.chip.jpg,38,/Users/cipherxishant/Downloads/archive/UTKFace/38_0_1_20170113152121359.jpg.chip.jpg,1,0,0,1,0,0,0,79.35433197021484,69.534912109375,181.69943237304688,195.27976989746094
8_1_0_20170109204605797.jpg.chip.jpg,8,/Users/cipherxishant/Downloads/archive/UTKFace/8_1_0_20170109204605797.jpg.chip.jpg,0,1,1,0,0,0,0,84.35002136230469,71.75003051757812,189.62933349609375,187.81649780273438
40_0_0_20170104174309067.jpg.chip.jpg,40,/Users/cipherxishant/Downloads/archive/UTKFace/40_0_0_20170104174309067.jpg.chip.jpg,1,0,1,0,0,0,0,82.12439727783203,70.59930419921875,178.46519470214844,197.78067016601562
30_0_3_20170119195800379.jpg.chip.jpg,30,/Users/cipherxishant/Downloads/archive/UTKFace/30_0_3_20170119195800379.jpg.chip.jpg,1,0,0,0,0,1,0,80.69788360595703,70.6294937133789,171.85581970214844,200.42979431152344
17_0_0_20170110232257182.jpg.chip.jpg,17,/Users/cipherxishant/Downloads/archive/UTKFace/17_0_0_20170110232257182.jpg.chip.jpg,1,0,1,0,0,0,0,82.95851135253906,71.9128646850586,170.08689880371094,195.6930694580078
10_0_1_20170110225339066.jpg.chip.jpg,10,/Users/cipherxishant/Downloads/archive/UTKFace/10_0_1_20170110225339066.jpg.chip.jpg,1,0,0,1,0,0,0,81.82080078125,71.53849792480469,176.2791748046875,196.3445587158203
38_1_2_20170116164609841.jpg.chip.jpg,38,/Users/cipherxishant/Downloads/archive/UTKFace/38_1_2_20170116164609841.jpg.chip.jpg,0,1,0,0,1,0,0,79.77447509765625,65.21733856201172,157.77317810058594,197.5000762939453
9_0_0_20170110220311291.jpg.chip.jpg,9,/Users/cipherxishant/Downloads/archive/UTKFace/9_0_0_20170110220311291.jpg.chip.jpg,1,0,1,0,0,0,0,70.27997589111328,53.555442810058594,165.52565002441406,188.45372009277344
1_1_2_20161219162243182.jpg.chip.jpg,1,/Users/cipherxishant/Downloads/archive/UTKFace/1_1_2_20161219162243182.jpg.chip.jpg,0,1,0,0,1,0,0,85.04232788085938,70.2292251586914,188.41307067871094,195.28897094726562
22_1_3_20170119163332758.jpg.chip.jpg,22,/Users/cipherxishant/Downloads/archive/UTKFace/22_1_3_20170119163332758.jpg.chip.jpg,0,1,0,0,0,1,0,60.20407485961914,53.012081146240234,137.4888916015625,188.34129333496094
26_0_0_20170116224921695.jpg.chip.jpg,26,/Users/cipherxishant/Downloads/archive/UTKFace/26_0_0_20170116224921695.jpg.chip.jpg,1,0,1,0,0,0,0,82.73440551757812,66.53909301757812,188.4198760986328,184.45962524414062
37_0_0_20170116185003477.jpg.chip.jpg,37,/Users/cipherxishant/Downloads/archive/UTKFace/37_0_0_20170116185003477.jpg.chip.jpg,1,0,1,0,0,0,0,70.30543518066406,59.820152282714844,160.68272399902344,198.55484008789062
4_1_4_20170109191223274.jpg.chip.jpg,4,/Users/cipherxishant/Downloads/archive/UTKFace/4_1_4_20170109191223274.jpg.chip.jpg,0,1,0,0,0,0,1,77.57727813720703,59.75299072265625,173.18190002441406,192.62522888183594
11_1_0_20170109205013531.jpg.chip.jpg,11,/Users/cipherxishant/Downloads/archive/UTKFace/11_1_0_20170109205013531.jpg.chip.jpg,0,1,1,0,0,0,0,75.12725830078125,61.754478454589844,167.93394470214844,177.68011474609375
1_0_3_20161219224941016.jpg.chip.jpg,1,/Users/cipherxishant/Downloads/archive/UTKFace/1_0_3_20161219224941016.jpg.chip.jpg,1,0,0,0,0,1,0,89.60173034667969,74.95755767822266,199.83375549316406,196.3434600830078
5_1_2_20161219151522483.jpg.chip.jpg,5,/Users/cipherxishant/Downloads/archive/UTKFace/5_1_2_20161219151522483.jpg.chip.jpg,0,1,0,0,1,0,0,73.97967529296875,50.663902282714844,175.39263916015625,178.2835235595703
22_1_4_20170104005431327.jpg.chip.jpg,22,/Users/cipherxishant/Downloads/archive/UTKFace/22_1_4_20170104005431327.jpg.chip.jpg,0,1,0,0,0,0,1,78.31519317626953,64.39796447753906,175.729248046875,190.2872772216797
22_1_2_20170116172023018.jpg.chip.jpg,22,/Users/cipherxishant/Downloads/archive/UTKFace/22_1_2_20170116172023018.jpg.chip.jpg,0,1,0,0,1,0,0,80.76834106445312,62.42681884765625,176.28091430664062,191.85183715820312
34_0_3_20170119164614317.jpg.chip.jpg,34,/Users/cipherxishant/Downloads/archive/UTKFace/34_0_3_20170119164614317.jpg.chip.jpg,1,0,0,0,0,1,0,86.37181091308594,75.76625061035156,173.95089721679688,206.57688903808594
7_0_0_20170110225232046.jpg.chip.jpg,7,/Users/cipherxishant/Downloads/archive/UTKFace/7_0_0_20170110225232046.jpg.chip.jpg,1,0,1,0,0,0,0,80.2202377319336,65.13465881347656,179.3076629638672,186.51332092285156
26_1_1_20170116232602440.jpg.chip.jpg,26,/Users/cipherxishant/Downloads/archive/UTKFace/26_1_1_20170116232602440.jpg.chip.jpg,0,1,0,1,0,0,0,72.30526733398438,60.23954772949219,150.89089965820312,188.72616577148438
10_0_0_20170110225442428.jpg.chip.jpg,10,/Users/cipherxishant/Downloads/archive/UTKFace/10_0_0_20170110225442428.jpg.chip.jpg,1,0,1,0,0,0,0,89.81485748291016,79.97312927246094,172.90353393554688,204.16256713867188
73_0_3_20170119212056296.jpg.chip.jpg,73,/Users/cipherxishant/Downloads/archive/UTKFace/73_0_3_20170119212056296.jpg.chip.jpg,1,0,0,0,0,1,0,80.02937316894531,68.12313842773438,178.8913116455078,187.55287170410156
18_0_0_20170110231845000.jpg.chip.jpg,18,/Users/cipherxishant/Downloads/archive/UTKFace/18_0_0_20170110231845000.jpg.chip.jpg,1,0,1,0,0,0,0,77.72529602050781,60.90363311767578,173.04200744628906,188.3352508544922
1_1_3_20161220143303110.jpg.chip.jpg,1,/Users/cipherxishant/Downloads/archive/UTKFace/1_1_3_20161220143303110.jpg.chip.jpg,0,1,0,0,0,1,0,81.93336486816406,63.18330764770508,195.0931396484375,189.25770568847656
26_0_3_20170117154454487.jpg.chip.jpg,26,/Users/cipherxishant/Downloads/archive/UTKFace/26_0_3_20170117154454487.jpg.chip.jpg,1,0,0,0,0,1,0,65.96700286865234,54.277313232421875,154.46786499023438,189.20529174804688
1_1_2_20161219153256492.jpg.chip.jpg,1,/Users/cipherxishant/Downloads/archive/UTKFace/1_1_2_20161219153256492.jpg.chip.jpg,0,1,0,0,1,0,0,85.81527709960938,64.98796081542969,200.34112548828125,199.89523315429688
61_1_0_20170117174551886.jpg.chip.jpg,61,/Users/cipherxishant/Downloads/archive/UTKFace/61_1_0_20170117174551886.jpg.chip.jpg,0,1,1,0,0,0,0,75.77378845214844,67.97472381591797,166.0230255126953,196.99293518066406
43_0_0_20170117171818356.jpg.chip.jpg,43,/Users/cipherxishant/Downloads/archive/UTKFace/43_0_0_20170117171818356.jpg.chip.jpg,1,0,1,0,0,0,0,72.7538070678711,55.26786804199219,166.49497985839844,204.296875
35_0_0_20170117171508484.jpg.chip.jpg,35,/Users/cipherxishant/Downloads/archive/UTKFace/35_0_0_20170117171508484.jpg.chip.jpg,1,0,1,0,0,0,0,77.5165786743164,64.609375,163.145263671875,196.01425170898438
26_1_0_20170116184507521.jpg.chip.jpg,26,/Users/cipherxishant/Downloads/archive/UTKFace/26_1_0_20170116184507521.jpg.chip.jpg,0,1,1,0,0,0,0,71.39722442626953,60.38846969604492,153.02455139160156,194.1907958984375
26_0_0_20170113210605342.jpg.chip.jpg,26,/Users/cipherxishant/Downloads/archive/UTKFace/26_0_0_20170113210605342.jpg.chip.jpg,1,0,1,0,0,0,0,105.20832061767578,85.97941589355469,206.60150146484375,207.63487243652344
25_0_3_20170119171550208.jpg.chip.jpg,25,/Users/cipherxishant/Downloads/archive/UTKFace/25_0_3_20170119171550208.jpg.chip.jpg,1,0,0,0,0,1,0,76.52742767333984,63.86610794067383,161.43698120117188,185.2881622314453
70_1_0_20170110140931962.jpg.chip.jpg,70,/Users/cipherxishant/Downloads/archive/UTKFace/70_1_0_20170110140931962.jpg.chip.jpg,0,1,1,0,0,0,0,79.5311508178711,67.81730651855469,163.95921325683594,192.47366333007812
1_0_3_20161220222443283.jpg.chip.jpg,1,/Users/cipherxishant/Downloads/archive/UTKFace/1_0_3_20161220222443283.jpg.chip.jpg,1,0,0,0,0,1,0,79.50226593017578,59.93893051147461,187.97998046875,190.02613830566406
80_0_2_20170111210646563.jpg.chip.jpg,80,/Users/cipherxishant/Downloads/archive/UTKFace/80_0_2_20170111210646563.jpg.chip.jpg,1,0,0,0,1,0,0,,,,
22_0_0_20170116205550916.jpg.chip.jpg,22,/Users/cipherxishant/Downloads/archive/UTKFace/22_0_0_20170116205550916.jpg.chip.jpg,1,0,1,0,0,0,0,76.99478912353516,67.22901153564453,164.9273681640625,190.94808959960938
65_0_0_20170104213032541.jpg.chip.jpg,65,/Users/cipherxishant/Downloads/archive/UTKFace/65_0_0_20170104213032541.jpg.chip.jpg,1,0,1,0,0,0,0,86.46604919433594,72.20608520507812,181.17759704589844,188.31105041503906
33_1_0_20170103183912066.jpg.chip.jpg,33,/Users/cipherxishant/Downloads/archive/UTKFace/33_1_0_20170103183912066.jpg.chip.jpg,0,1,1,0,0,0,0,83.31511688232422,72.85848236083984,181.15594482421875,199.9408721923828
66_1_0_20170110140921650.jpg.chip.jpg,66,/Users/cipherxishant/Downloads/archive/UTKFace/66_1_0_20170110140921650.jpg.chip.jpg,0,1,1,0,0,0,0,79.78723907470703,68.33912658691406,166.60537719726562,188.1639862060547
58_0_1_20170117193630275.jpg.chip.jpg,58,/Users/cipherxishant/Downloads/archive/UTKFace/58_0_1_20170117193630275.jpg.chip.jpg,1,0,0,1,0,0,0,78.08695983886719,63.0347785949707,168.74038696289062,204.788330078125
30_0_2_20170116173655735.jpg.chip.jpg,30,/Users/cipherxishant/Downloads/archive/UTKFace/30_0_2_20170116173655735.jpg.chip.jpg,1,0,0,0,1,0,0,69.80876159667969,58.230674743652344,156.38795471191406,194.63827514648438
28_1_3_20170104223510151.jpg.chip.jpg,28,/Users/cipherxishant/Downloads/archive/UTKFace/28_1_3_20170104223510151.jpg.chip.jpg,0,1,0,0,0,1,0,75.23589324951172,60.1700439453125,168.96597290039062,189.29400634765625
18_1_0_20170109212425897.jpg.chip.jpg,18,/Users/cipherxishant/Downloads/archive/UTKFace/18_1_0_20170109212425897.jpg.chip.jpg,0,1,1,0,0,0,0,78.1177978515625,68.76465606689453,166.2176513671875,184.900634765625
26_0_0_20170120134635670.jpg.chip.jpg,26,/Users/cipherxishant/Downloads/archive/UTKFace/26_0_0_20170120134635670.jpg.chip.jpg,1,0,1,0,0,0,0,75.57853698730469,64.36219024658203,158.29835510253906,193.6484375
80_0_0_20170117172950136.jpg.chip.jpg,80,/Users/cipherxishant/Downloads/archive/UTKFace/80_0_0_20170117172950136.jpg.chip.jpg,1,0,1,0,0,0,0,81.0638198852539,70.2007827758789,169.56524658203125,195.38685607910156
19_1_0_20170109193136416.jpg.chip.jpg,19,/Users/cipherxishant/Downloads/archive/UTKFace/19_1_0_20170109193136416.jpg.chip.jpg,0,1,1,0,0,0,0,73.58147430419922,55.898807525634766,172.3752899169922,177.17738342285156
58_1_0_20170104235908396.jpg.chip.jpg,58,/Users/cipherxishant/Downloads/archive/UTKFace/58_1_0_20170104235908396.jpg.chip.jpg,0,1,1,0,0,0,0,70.52238464355469,54.72990417480469,154.3818817138672,187.52024841308594
45_1_3_20170119193000096.jpg.chip.jpg,45,/Users/cipherxishant/Downloads/archive/UTKFace/45_1_3_20170119193000096.jpg.chip.jpg,0,1,0,0,0,1,0,81.70182037353516,67.67556762695312,173.99217224121094,195.70211791992188
21_1_2_20170104021056028.jpg.chip.jpg,21,/Users/cipherxishant/Downloads/archive/UTKFace/21_1_2_20170104021056028.jpg.chip.jpg,0,1,0,0,1,0,0,77.36671447753906,63.413658142089844,162.0641326904297,190.29026794433594
35_0_2_20170117154550028.jpg.chip.jpg,35,/Users/cipherxishant/Downloads/archive/UTKFace/35_0_2_20170117154550028.jpg.chip.jpg,1,0,0,0,1,0,0,80.0404052734375,69.0130386352539,171.71961975097656,196.1626434326172
2_1_0_20170117192801580.jpg.chip.jpg,2,/Users/cipherxishant/Downloads/archive/UTKFace/2_1_0_20170117192801580.jpg.chip.jpg,0,1,1,0,0,0,0,76.80490112304688,58.85304641723633,175.2994384765625,183.09352111816406
26_1_1_20170116232800401.jpg.chip.jpg,26,/Users/cipherxishant/Downloads/archive/UTKFace/26_1_1_20170116232800401.jpg.chip.jpg,0,1,0,1,0,0,0,84.43672180175781,72.85238647460938,175.45294189453125,202.7092742919922
29_0_1_20170117103809403.jpg.chip.jpg,29,/Users/cipherxishant/Downloads/archive/UTKFace/29_0_1_20170117103809403.jpg.chip.jpg,1,0,0,1,0,0,0,77.18822479248047,57.592159271240234,165.97244262695312,212.12196350097656
28_0_4_20170104201846426.jpg.chip.jpg,28,/Users/cipherxishant/Downloads/archive/UTKFace/28_0_4_20170104201846426.jpg.chip.jpg,1,0,0,0,0,0,1,70.34017181396484,61.864253997802734,159.0233612060547,199.96815490722656
52_0_3_20170119200407188.jpg.chip.jpg,52,/Users/cipherxishant/Downloads/archive/UTKFace/52_0_3_20170119200407188.jpg.chip.jpg,1,0,0,0,0,1,0,75.98202514648438,63.85462188720703,167.81735229492188,189.43179321289062
35_0_0_20170117121726176.jpg.chip.jpg,35,/Users/cipherxishant/Downloads/archive/UTKFace/35_0_0_20170117121726176.jpg.chip.jpg,1,0,1,0,0,0,0,77.44379425048828,63.07583999633789,167.1092529296875,192.92181396484375
26_0_3_20170119183739782.jpg.chip.jpg,26,/Users/cipherxishant/Downloads/archive/UTKFace/26_0_3_20170119183739782.jpg.chip.jpg,1,0,0,0,0,1,0,82.09541320800781,63.140586853027344,185.3601837158203,199.44744873046875
45_0_0_20170117172543924.jpg.chip.jpg,45,/Users/cipherxishant/Downloads/archive/UTKFace/45_0_0_20170117172543924.jpg.chip.jpg,1,0,1,0,0,0,0,72.69249725341797,58.672279357910156,155.31564331054688,188.91688537597656
24_1_0_20170116222814643.jpg.chip.jpg,24,/Users/cipherxishant/Downloads/archive/UTKFace/24_1_0_20170116222814643.jpg.chip.jpg,0,1,1,0,0,0,0,75.43862915039062,60.659969329833984,169.21246337890625,188.70834350585938
38_0_0_20170117153835602.jpg.chip.jpg,38,/Users/cipherxishant/Downloads/archive/UTKFace/38_0_0_20170117153835602.jpg.chip.jpg,1,0,1,0,0,0,0,68.05502319335938,58.364219665527344,157.80059814453125,193.09991455078125
61_0_2_20170116193742399.jpg.chip.jpg,61,/Users/cipherxishant/Downloads/archive/UTKFace/61_0_2_20170116193742399.jpg.chip.jpg,1,0,0,0,1,0,0,83.83912658691406,69.4842529296875,175.42433166503906,193.59780883789062
26_1_1_20170113000258193.jpg.chip.jpg,26,/Users/cipherxishant/Downloads/archive/UTKFace/26_1_1_20170113000258193.jpg.chip.jpg,0,1,0,1,0,0,0,71.32516479492188,54.695159912109375,166.1868896484375,194.33877563476562
32_0_1_20170117182323820.jpg.chip.jpg,32,/Users/cipherxishant/Downloads/archive/UTKFace/32_0_1_20170117182323820.jpg.chip.jpg,1,0,0,1,0,0,0,74.39812469482422,65.733642578125,161.6192626953125,208.12843322753906
16_1_0_20170109213117588.jpg.chip.jpg,16,/Users/cipherxishant/Downloads/archive/UTKFace/16_1_0_20170109213117588.jpg.chip.jpg,0,1,1,0,0,0,0,72.17597961425781,58.975955963134766,160.5187530517578,192.9584503173828
42_0_1_20170113135655554.jpg.chip.jpg,42,/Users/cipherxishant/Downloads/archive/UTKFace/42_0_1_20170113135655554.jpg.chip.jpg,1,0,0,1,0,0,0,66.62323760986328,58.68412780761719,152.79136657714844,195.2214813232422
45_0_0_20170117121756358.jpg.chip.jpg,45,/Users/cipherxishant/Downloads/archive/UTKFace/45_0_0_20170117121756358.jpg.chip.jpg,1,0,1,0,0,0,0,81.45887756347656,70.32870483398438,162.00265502929688,200.98367309570312
83_0_0_20170117195413882.jpg.chip.jpg,83,/Users/cipherxishant/Downloads/archive/UTKFace/83_0_0_20170117195413882.jpg.chip.jpg,1,0,1,0,0,0,0,71.62784576416016,59.06480407714844,156.4467315673828,192.2267303466797
26_1_1_20170116233051385.jpg.chip.jpg,26,/Users/cipherxishant/Downloads/archive/UTKFace/26_1_1_20170116233051385.jpg.chip.jpg,0,1,0,1,0,0,0,81.00035095214844,69.32018280029297,159.80068969726562,199.9727325439453
40_0_0_20170117203820721.jpg.chip.jpg,40,/Users/cipherxishant/Downloads/archive/UTKFace/40_0_0_20170117203820721.jpg.chip.jpg,1,0,1,0,0,0,0,76.58133697509766,68.9715576171875,158.6419677734375,198.72950744628906
18_1_0_20170109212536049.jpg.chip.jpg,18,/Users/cipherxishant/Downloads/archive/UTKFace/18_1_0_20170109212536049.jpg.chip.jpg,0,1,1,0,0,0,0,77.79945373535156,71.36486053466797,165.87208557128906,203.75010681152344
26_1_1_20170113193242959.jpg.chip.jpg,26,/Users/cipherxishant/Downloads/archive/UTKFace/26_1_1_20170113193242959.jpg.chip.jpg,0,1,0,1,0,0,0,70.34575653076172,61.53493118286133,143.82913208007812,191.30001831054688
25_0_3_20170116222907776.jpg.chip.jpg,25,/Users/cipherxishant/Downloads/archive/UTKFace/25_0_3_20170116222907776.jpg.chip.jpg,1,0,0,0,0,1,0,75.3648452758789,56.20009231567383,172.31471252441406,188.0778350830078
35_0_0_20170117134947221.jpg.chip.jpg,35,/Users/cipherxishant/Downloads/archive/UTKFace/35_0_0_20170117134947221.jpg.chip.jpg,1,0,1,0,0,0,0,83.12846374511719,73.94232177734375,168.91075134277344,203.674072265625
26_1_0_20170117164030406.jpg.chip.jpg,26,/Users/cipherxishant/Downloads/archive/UTKFace/26_1_0_20170117164030406.jpg.chip.jpg,0,1,1,0,0,0,0,75.95027923583984,67.48822784423828,161.91445922851562,207.04408264160156
32_0_1_20170117135739565.jpg.chip.jpg,32,/Users/cipherxishant/Downloads/archive/UTKFace/32_0_1_20170117135739565.jpg.chip.jpg,1,0,0,1,0,0,0,91.89659881591797,76.24209594726562,198.16384887695312,206.82986450195312
52_0_0_20170116183903737.jpg.chip.jpg,52,/Users/cipherxishant/Downloads/archive/UTKFace/52_0_0_20170116183903737.jpg.chip.jpg,1,0,1,0,0,0,0,77.48587799072266,67.56165313720703,165.2919921875,190.0193328857422
56_0_3_20170105180722614.jpg.chip.jpg,56,/Users/cipherxishant/Downloads/archive/UTKFace/56_0_3_20170105180722614.jpg.chip.jpg,1,0,0,0,0,1,0,79.66197967529297,61.758060455322266,183.90733337402344,187.12606811523438
26_1_1_20170117183916995.jpg.chip.jpg,26,/Users/cipherxishant/Downloads/archive/UTKFace/26_1_1_20170117183916995.jpg.chip.jpg,0,1,0,1,0,0,0,75.55624389648438,60.21804428100586,158.9044189453125,192.2169647216797
24_1_3_20170119171037624.jpg.chip.jpg,24,/Users/cipherxishant/Downloads/archive/UTKFace/24_1_3_20170119171037624.jpg.chip.jpg,0,1,0,0,0,1,0,71.27539825439453,60.29639434814453,157.46754455566406,188.3466339111328
85_0_0_20170117192351268.jpg.chip.jpg,85,/Users/cipherxishant/Downloads/archive/UTKFace/85_0_0_20170117192351268.jpg.chip.jpg,1,0,1,0,0,0,0,80.23539733886719,72.31214141845703,171.26104736328125,202.38360595703125
29_1_0_20170103180808736.jpg.chip.jpg,29,/Users/cipherxishant/Downloads/archive/UTKFace/29_1_0_20170103180808736.jpg.chip.jpg,0,1,1,0,0,0,0,84.34226989746094,71.97408294677734,171.15110778808594,198.3426055908203
40_0_0_20170105172906549.jpg.chip.jpg,40,/Users/cipherxishant/Downloads/archive/UTKFace/40_0_0_20170105172906549.jpg.chip.jpg,1,0,1,0,0,0,0,68.93132019042969,58.124244689941406,149.6172637939453,187.71788024902344
28_0_3_20170119194919803.jpg.chip.jpg,28,/Users/cipherxishant/Downloads/archive/UTKFace/28_0_3_20170119194919803.jpg.chip.jpg,1,0,0,0,0,1,0,80.39278411865234,64.45123291015625,175.90234375,192.58218383789062
29_1_2_20170116161802325.jpg.chip.jpg,29,/Users/cipherxishant/Downloads/archive/UTKFace/29_1_2_20170116161802325.jpg.chip.jpg,0,1,0,0,1,0,0,72.97602844238281,58.75679016113281,162.9102783203125,191.7871551513672
26_1_0_20170117173801797.jpg.chip.jpg,26,/Users/cipherxishant/Downloads/archive/UTKFace/26_1_0_20170117173801797.jpg.chip.jpg,0,1,1,0,0,0,0,88.38703918457031,76.47671508789062,178.45803833007812,194.4305419921875
62_0_0_20170104185409782.jpg.chip.jpg,62,/Users/cipherxishant/Downloads/archive/UTKFace/62_0_0_20170104185409782.jpg.chip.jpg,1,0,1,0,0,0,0,84.8237533569336,75.53258514404297,178.760009765625,204.41848754882812
41_0_0_20170117185808930.jpg.chip.jpg,41,/Users/cipherxishant/Downloads/archive/UTKFace/41_0_0_20170117185808930.jpg.chip.jpg,1,0,1,0,0,0,0,79.58422088623047,71.69615936279297,164.42214965820312,192.26016235351562
22_0_0_20170117193852875.jpg.chip.jpg,22,/Users/cipherxishant/Downloads/archive/UTKFace/22_0_0_20170117193852875.jpg.chip.jpg,1,0,1,0,0,0,0,76.941650390625,60.548919677734375,167.62815856933594,192.30227661132812
39_0_0_20170116224630532.jpg.chip.jpg,39,/Users/cipherxishant/Downloads/archive/UTKFace/39_0_0_20170116224630532.jpg.chip.jpg,1,0,1,0,0,0,0,77.45317077636719,67.4546890258789,167.6540985107422,201.84017944335938
45_0_4_20170117172212027.jpg.chip.jpg,45,/Users/cipherxishant/Downloads/archive/UTKFace/45_0_4_20170117172212027.jpg.chip.jpg,1,0,0,0,0,0,1,66.09599304199219,58.7325553894043,150.64100646972656,194.35951232910156
30_0_0_20170117171057875.jpg.chip.jpg,30,/Users/cipherxishant/Downloads/archive/UTKFace/30_0_0_20170117171057875.jpg.chip.jpg,1,0,1,0,0,0,0,84.90155029296875,68.46588897705078,160.51498413085938,190.11563110351562
34_1_0_20170117182752390.jpg.chip.jpg,34,/Users/cipherxishant/Downloads/archive/UTKFace/34_1_0_20170117182752390.jpg.chip.jpg,0,1,1,0,0,0,0,82.26187896728516,68.86307525634766,168.2852020263672,198.6719207763672
30_1_0_20170117131057509.jpg.chip.jpg,30,/Users/cipherxishant/Downloads/archive/UTKFace/30_1_0_20170117131057509.jpg.chip.jpg,0,1,1,0,0,0,0,82.39161682128906,71.6093978881836,167.3785400390625,202.99810791015625
5_1_1_20161219190410076.jpg.chip.jpg,5,/Users/cipherxishant/Downloads/archive/UTKFace/5_1_1_20161219190410076.jpg.chip.jpg,0,1,0,1,0,0,0,79.02522277832031,59.78471755981445,181.6372528076172,186.05442810058594
14_0_0_20170110232127519.jpg.chip.jpg,14,/Users/cipherxishant/Downloads/archive/UTKFace/14_0_0_20170110232127519.jpg.chip.jpg,1,0,1,0,0,0,0,78.20337677001953,67.51998138427734,173.2574462890625,201.61619567871094
26_1_3_20161220221501954.jpg.chip.jpg,26,/Users/cipherxishant/Downloads/archive/UTKFace/26_1_3_20161220221501954.jpg.chip.jpg,0,1,0,0,0,1,0,85.15258026123047,73.60108947753906,183.44789123535156,199.78627014160156
37_1_1_20170116162128869.jpg.chip.jpg,37,/Users/cipherxishant/Downloads/archive/UTKFace/37_1_1_20170116162128869.jpg.chip.jpg,0,1,0,1,0,0,0,70.95438385009766,63.800411224365234,147.55271911621094,198.28819274902344
37_1_3_20170119202520478.jpg.chip.jpg,37,/Users/cipherxishant/Downloads/archive/UTKFace/37_1_3_20170119202520478.jpg.chip.jpg,0,1,0,0,0,1,0,85.91842651367188,75.3493423461914,183.00828552246094,199.5706787109375
53_0_0_20170117161110830.jpg.chip.jpg,53,/Users/cipherxishant/Downloads/archive/UTKFace/53_0_0_20170117161110830.jpg.chip.jpg,1,0,1,0,0,0,0,63.58657455444336,46.60280227661133,145.4242401123047,186.85028076171875
58_0_0_20170117191924885.jpg.chip.jpg,58,/Users/cipherxishant/Downloads/archive/UTKFace/58_0_0_20170117191924885.jpg.chip.jpg,1,0,1,0,0,0,0,73.23025512695312,60.28681564331055,153.1104278564453,204.60887145996094
39_0_0_20170105172311895.jpg.chip.jpg,39,/Users/cipherxishant/Downloads/archive/UTKFace/39_0_0_20170105172311895.jpg.chip.jpg,1,0,1,0,0,0,0,80.24674987792969,70.7515869140625,171.1703338623047,203.47607421875
26_1_3_20170119193147891.jpg.chip.jpg,26,/Users/cipherxishant/Downloads/archive/UTKFace/26_1_3_20170119193147891.jpg.chip.jpg,0,1,0,0,0,1,0,81.49028015136719,71.51502990722656,172.66534423828125,200.02760314941406
42_0_0_20170117154802826.jpg.chip.jpg,42,/Users/cipherxishant/Downloads/archive/UTKFace/42_0_0_20170117154802826.jpg.chip.jpg,1,0,1,0,0,0,0,74.37324523925781,67.63692474365234,152.35043334960938,190.7213134765625
24_1_4_20170117150727939.jpg.chip.jpg,24,/Users/cipherxishant/Downloads/archive/UTKFace/24_1_4_20170117150727939.jpg.chip.jpg,0,1,0,0,0,0,1,70.23654174804688,57.72018051147461,152.46641540527344,199.2177734375
1_0_2_20161219203140692.jpg.chip.jpg,1,/Users/cipherxishant/Downloads/archive/UTKFace/1_0_2_20161219203140692.jpg.chip.jpg,1,0,0,0,1,0,0,82.0079574584961,66.39173889160156,182.33148193359375,184.29241943359375
25_0_1_20170113151350864.jpg.chip.jpg,25,/Users/cipherxishant/Downloads/archive/UTKFace/25_0_1_20170113151350864.jpg.chip.jpg,1,0,0,1,0,0,0,59.54710006713867,47.08473205566406,141.67149353027344,199.6777801513672
24_1_3_20161220221647314.jpg.chip.jpg,24,/Users/cipherxishant/Downloads/archive/UTKFace/24_1_3_20161220221647314.jpg.chip.jpg,0,1,0,0,0,1,0,72.13055419921875,56.89922332763672,169.33709716796875,180.4246063232422
64_0_0_20170111222707336.jpg.chip.jpg,64,/Users/cipherxishant/Downloads/archive/UTKFace/64_0_0_20170111222707336.jpg.chip.jpg,1,0,1,0,0,0,0,78.55436706542969,62.714656829833984,168.9772491455078,201.94247436523438
30_1_1_20170113002921717.jpg.chip.jpg,30,/Users/cipherxishant/Downloads/archive/UTKFace/30_1_1_20170113002921717.jpg.chip.jpg,0,1,0,1,0,0,0,66.6665267944336,54.46758270263672,154.6965789794922,189.40158081054688
62_1_0_20170109142055018.jpg.chip.jpg,62,/Users/cipherxishant/Downloads/archive/UTKFace/62_1_0_20170109142055018.jpg.chip.jpg,0,1,1,0,0,0,0,80.75344848632812,70.5457992553711,171.0414276123047,208.668212890625
2_1_2_20161219211300054.jpg.chip.jpg,2,/Users/cipherxishant/Downloads/archive/UTKFace/2_1_2_20161219211300054.jpg.chip.jpg,0,1,0,0,1,0,0,86.31617736816406,68.7032241821289,195.7180938720703,187.31289672851562
56_0_0_20170120222907250.jpg.chip.jpg,56,/Users/cipherxishant/Downloads/archive/UTKFace/56_0_0_20170120222907250.jpg.chip.jpg,1,0,1,0,0,0,0,76.26671600341797,66.17562866210938,157.2266082763672,191.1840362548828
22_1_2_20170104022012028.jpg.chip.jpg,22,/Users/cipherxishant/Downloads/archive/UTKFace/22_1_2_20170104022012028.jpg.chip.jpg,0,1,0,0,1,0,0,70.65373992919922,59.470882415771484,152.41067504882812,186.57130432128906
30_1_0_20170117150834483.jpg.chip.jpg,30,/Users/cipherxishant/Downloads/archive/UTKFace/30_1_0_20170117150834483.jpg.chip.jpg,0,1,1,0,0,0,0,78.24862670898438,64.2466812133789,161.94773864746094,193.3604278564453
46_1_0_20170104194343303.jpg.chip.jpg,46,/Users/cipherxishant/Downloads/archive/UTKFace/46_1_0_20170104194343303.jpg.chip.jpg,0,1,1,0,0,0,0,79.52629089355469,66.21417999267578,169.69615173339844,197.9539794921875
70_0_1_20170117173252160.jpg.chip.jpg,70,/Users/cipherxishant/Downloads/archive/UTKFace/70_0_1_20170117173252160.jpg.chip.jpg,1,0,0,1,0,0,0,79.79122924804688,66.88591003417969,163.92794799804688,185.33827209472656
43_1_4_20170117185935802.jpg.chip.jpg,43,/Users/cipherxishant/Downloads/archive/UTKFace/43_1_4_20170117185935802.jpg.chip.jpg,0,1,0,0,0,0,1,81.6784896850586,66.76498413085938,167.60806274414062,198.9577178955078
9_0_2_20170110215518068.jpg.chip.jpg,9,/Users/cipherxishant/Downloads/archive/UTKFace/9_0_2_20170110215518068.jpg.chip.jpg,1,0,0,0,1,0,0,77.56832885742188,60.1363525390625,175.294921875,192.89410400390625
30_0_2_20170116172532435.jpg.chip.jpg,30,/Users/cipherxishant/Downloads/archive/UTKFace/30_0_2_20170116172532435.jpg.chip.jpg,1,0,0,0,1,0,0,77.44367218017578,61.420772552490234,159.06077575683594,191.3071746826172
37_1_4_20170117203604479.jpg.chip.jpg,37,/Users/cipherxishant/Downloads/archive/UTKFace/37_1_4_20170117203604479.jpg.chip.jpg,0,1,0,0,0,0,1,76.90441131591797,68.48473358154297,168.5840606689453,196.51234436035156
20_0_0_20170104230025073.jpg.chip.jpg,20,/Users/cipherxishant/Downloads/archive/UTKFace/20_0_0_20170104230025073.jpg.chip.jpg,1,0,1,0,0,0,0,70.13202667236328,60.466129302978516,158.1177215576172,192.7439727783203
56_0_2_20170119180737540.jpg.chip.jpg,56,/Users/cipherxishant/Downloads/archive/UTKFace/56_0_2_20170119180737540.jpg.chip.jpg,1,0,0,0,1,0,0,77.16246032714844,64.21613311767578,162.24432373046875,193.99932861328125
58_0_0_20170120224601232.jpg.chip.jpg,58,/Users/cipherxishant/Downloads/archive/UTKFace/58_0_0_20170120224601232.jpg.chip.jpg,1,0,1,0,0,0,0,76.29302978515625,61.331687927246094,159.26211547851562,177.6368408203125
21_1_0_20170104231331482.jpg.chip.jpg,21,/Users/cipherxishant/Downloads/archive/UTKFace/21_1_0_20170104231331482.jpg.chip.jpg,0,1,1,0,0,0,0,72.77678680419922,61.1395149230957,153.1907196044922,177.78358459472656
24_0_3_20170119165651324.jpg.chip.jpg,24,/Users/cipherxishant/Downloads/archive/UTKFace/24_0_3_20170119165651324.jpg.chip.jpg,1,0,0,0,0,1,0,84.59146118164062,69.93518829345703,180.95220947265625,201.4024658203125
26_1_0_20170117152659255.jpg.chip.jpg,26,/Users/cipherxishant/Downloads/archive/UTKFace/26_1_0_20170117152659255.jpg.chip.jpg,0,1,1,0,0,0,0,86.52828216552734,73.96062469482422,171.6482391357422,202.7262725830078
40_0_0_20170116213608958.jpg.chip.jpg,40,/Users/cipherxishant/Downloads/archive/UTKFace/40_0_0_20170116213608958.jpg.chip.jpg,1,0,1,0,0,0,0,79.20762634277344,69.40221405029297,169.91539001464844,195.04139709472656
29_1_1_20170113011557016.jpg.chip.jpg,29,/Users/cipherxishant/Downloads/archive/UTKFace/29_1_1_20170113011557016.jpg.chip.jpg,0,1,0,1,0,0,0,72.9743881225586,62.81232452392578,155.99876403808594,197.8677215576172
26_0_3_20170119183545783.jpg.chip.jpg,26,/Users/cipherxishant/Downloads/archive/UTKFace/26_0_3_20170119183545783.jpg.chip.jpg,1,0,0,0,0,1,0,79.08491516113281,70.23338317871094,163.04757690429688,197.25326538085938
26_1_1_20170116223229525.jpg.chip.jpg,26,/Users/cipherxishant/Downloads/archive/UTKFace/26_1_1_20170116223229525.jpg.chip.jpg,0,1,0,1,0,0,0,76.48821258544922,62.773956298828125,161.89515686035156,185.8511962890625
46_1_2_20170109011159798.jpg.chip.jpg,46,/Users/cipherxishant/Downloads/archive/UTKFace/46_1_2_20170109011159798.jpg.chip.jpg,0,1,0,0,1,0,0,72.26979064941406,60.30838394165039,154.3410186767578,196.79449462890625
30_0_1_20170117094442927.jpg.chip.jpg,30,/Users/cipherxishant/Downloads/archive/UTKFace/30_0_1_20170117094442927.jpg.chip.jpg,1,0,0,1,0,0,0,72.38697814941406,59.0079460144043,162.49484252929688,190.25962829589844
29_1_1_20170112211511508.jpg.chip.jpg,29,/Users/cipherxishant/Downloads/archive/UTKFace/29_1_1_20170112211511508.jpg.chip.jpg,0,1,0,1,0,0,0,86.22990417480469,72.84529876708984,168.3657684326172,200.88525390625
45_0_4_20170117203301774.jpg.chip.jpg,45,/Users/cipherxishant/Downloads/archive/UTKFace/45_0_4_20170117203301774.jpg.chip.jpg,1,0,0,0,0,0,1,81.49858093261719,63.785247802734375,177.6979522705078,196.33187866210938
35_1_1_20170117203407119.jpg.chip.jpg,35,/Users/cipherxishant/Downloads/archive/UTKFace/35_1_1_20170117203407119.jpg.chip.jpg,0,1,0,1,0,0,0,79.76775360107422,74.090087890625,162.00460815429688,200.69850158691406
35_1_2_20170116180729528.jpg.chip.jpg,35,/Users/cipherxishant/Downloads/archive/UTKFace/35_1_2_20170116180729528.jpg.chip.jpg,0,1,0,0,1,0,0,79.81963348388672,67.9247055053711,168.81484985351562,198.59791564941406
40_0_0_20170117144630227.jpg.chip.jpg,40,/Users/cipherxishant/Downloads/archive/UTKFace/40_0_0_20170117144630227.jpg.chip.jpg,1,0,1,0,0,0,0,85.04717254638672,72.06928253173828,168.70118713378906,203.26559448242188
45_0_0_20170116212320846.jpg.chip.jpg,45,/Users/cipherxishant/Downloads/archive/UTKFace/45_0_0_20170116212320846.jpg.chip.jpg,1,0,1,0,0,0,0,79.74423217773438,65.1216812133789,162.46060180664062,196.44540405273438
16_0_0_20170110232332618.jpg.chip.jpg,16,/Users/cipherxishant/Downloads/archive/UTKFace/16_0_0_20170110232332618.jpg.chip.jpg,1,0,1,0,0,0,0,82.13043975830078,65.66375732421875,185.1830596923828,193.4088592529297
25_1_0_20170113005444622.jpg.chip.jpg,25,/Users/cipherxishant/Downloads/archive/UTKFace/25_1_0_20170113005444622.jpg.chip.jpg,0,1,1,0,0,0,0,60.2039794921875,52.83006286621094,138.9600067138672,197.37059020996094
1_0_3_20161219230651432.jpg.chip.jpg,1,/Users/cipherxishant/Downloads/archive/UTKFace/1_0_3_20161219230651432.jpg.chip.jpg,1,0,0,0,0,1,0,84.69434356689453,62.155311584472656,183.99281311035156,194.25559997558594
27_0_1_20170116194835214.jpg.chip.jpg,27,/Users/cipherxishant/Downloads/archive/UTKFace/27_0_1_20170116194835214.jpg.chip.jpg,1,0,0,1,0,0,0,78.82979583740234,63.17584228515625,178.0735626220703,195.8314208984375
34_0_0_20170117135123537.jpg.chip.jpg,34,/Users/cipherxishant/Downloads/archive/UTKFace/34_0_0_20170117135123537.jpg.chip.jpg,1,0,1,0,0,0,0,77.18470001220703,65.59004974365234,157.3744659423828,191.98123168945312
28_1_2_20170116192106479.jpg.chip.jpg,28,/Users/cipherxishant/Downloads/archive/UTKFace/28_1_2_20170116192106479.jpg.chip.jpg,0,1,0,0,1,0,0,74.19705963134766,56.81532669067383,165.95668029785156,188.58114624023438
2_0_2_20161219190941315.jpg.chip.jpg,2,/Users/cipherxishant/Downloads/archive/UTKFace/2_0_2_20161219190941315.jpg.chip.jpg,1,0,0,0,1,0,0,84.23812866210938,70.30047607421875,177.5886688232422,196.42709350585938
35_1_0_20170116211804087.jpg.chip.jpg,35,/Users/cipherxishant/Downloads/archive/UTKFace/35_1_0_20170116211804087.jpg.chip.jpg,0,1,1,0,0,0,0,88.8575668334961,72.74089050292969,177.64405822753906,197.1638641357422
1_0_3_20161219224655512.jpg.chip.jpg,1,/Users/cipherxishant/Downloads/archive/UTKFace/1_0_3_20161219224655512.jpg.chip.jpg,1,0,0,0,0,1,0,76.39523315429688,55.517494201660156,180.61700439453125,183.69830322265625
53_1_0_20170117163700586.jpg.chip.jpg,53,/Users/cipherxishant/Downloads/archive/UTKFace/53_1_0_20170117163700586.jpg.chip.jpg,0,1,1,0,0,0,0,72.96136474609375,60.55625534057617,162.1343231201172,197.1066436767578
22_1_2_20170116161424702.jpg.chip.jpg,22,/Users/cipherxishant/Downloads/archive/UTKFace/22_1_2_20170116161424702.jpg.chip.jpg,0,1,0,0,1,0,0,82.34043884277344,74.11341094970703,168.14434814453125,193.2966766357422
5_0_0_20170109193414770.jpg.chip.jpg,5,/Users/cipherxishant/Downloads/archive/UTKFace/5_0_0_20170109193414770.jpg.chip.jpg,1,0,1,0,0,0,0,83.2091293334961,69.16210174560547,187.33883666992188,195.058349609375
2_1_2_20161219141047001.jpg.chip.jpg,2,/Users/cipherxishant/Downloads/archive/UTKFace/2_1_2_20161219141047001.jpg.chip.jpg,0,1,0,0,1,0,0,77.69734191894531,52.786197662353516,179.47311401367188,190.64878845214844
56_1_2_20170107213838566.jpg.chip.jpg,56,/Users/cipherxishant/Downloads/archive/UTKFace/56_1_2_20170107213838566.jpg.chip.jpg,0,1,0,0,1,0,0,83.2119369506836,76.25382232666016,169.3275909423828,200.68199157714844
66_1_0_20170110160644016.jpg.chip.jpg,66,/Users/cipherxishant/Downloads/archive/UTKFace/66_1_0_20170110160644016.jpg.chip.jpg,0,1,1,0,0,0,0,75.45391082763672,67.15512084960938,159.1529083251953,193.016357421875
85_1_0_20170110183559248.jpg.chip.jpg,85,/Users/cipherxishant/Downloads/archive/UTKFace/85_1_0_20170110183559248.jpg.chip.jpg,0,1,1,0,0,0,0,79.96128845214844,70.18212127685547,170.6408233642578,194.64071655273438
20_1_0_20170117192327053.jpg.chip.jpg,20,/Users/cipherxishant/Downloads/archive/UTKFace/20_1_0_20170117192327053.jpg.chip.jpg,0,1,1,0,0,0,0,74.23548126220703,61.574214935302734,157.4635467529297,185.99288940429688
60_1_0_20170110151345930.jpg.chip.jpg,60,/Users/cipherxishant/Downloads/archive/UTKFace/60_1_0_20170110151345930.jpg.chip.jpg,0,1,1,0,0,0,0,80.34614562988281,72.75318908691406,168.64854431152344,195.93711853027344
27_0_1_20170119193355931.jpg.chip.jpg,27,/Users/cipherxishant/Downloads/archive/UTKFace/27_0_1_20170119193355931.jpg.chip.jpg,1,0,0,1,0,0,0,74.55340576171875,59.299598693847656,170.9541015625,188.8737335205078
28_0_3_20170119194936611.jpg.chip.jpg,28,/Users/cipherxishant/Downloads/archive/UTKFace/28_0_3_20170119194936611.jpg.chip.jpg,1,0,0,0,0,1,0,83.64947509765625,72.76171875,166.0958251953125,203.6648712158203
24_1_3_20170119171104024.jpg.chip.jpg,24,/Users/cipherxishant/Downloads/archive/UTKFace/24_1_3_20170119171104024.jpg.chip.jpg,0,1,0,0,0,1,0,85.88821411132812,76.30343627929688,173.5225372314453,202.58416748046875
15_0_0_20170110232721987.jpg.chip.jpg,15,/Users/cipherxishant/Downloads/archive/UTKFace/15_0_0_20170110232721987.jpg.chip.jpg,1,0,1,0,0,0,0,82.17408752441406,70.4050064086914,165.42184448242188,200.8171844482422
30_0_4_20170104000115245.jpg.chip.jpg,30,/Users/cipherxishant/Downloads/archive/UTKFace/30_0_4_20170104000115245.jpg.chip.jpg,1,0,0,0,0,0,1,78.71617889404297,69.34961700439453,159.18687438964844,196.00119018554688
53_0_1_20170117181950281.jpg.chip.jpg,53,/Users/cipherxishant/Downloads/archive/UTKFace/53_0_1_20170117181950281.jpg.chip.jpg,1,0,0,1,0,0,0,79.25831604003906,67.51759338378906,172.36672973632812,194.1252899169922
28_1_3_20170119195107761.jpg.chip.jpg,28,/Users/cipherxishant/Downloads/archive/UTKFace/28_1_3_20170119195107761.jpg.chip.jpg,0,1,0,0,0,1,0,79.70675659179688,68.14926147460938,163.77035522460938,201.6216278076172
1_1_2_20161219211701334.jpg.chip.jpg,1,/Users/cipherxishant/Downloads/archive/UTKFace/1_1_2_20161219211701334.jpg.chip.jpg,0,1,0,0,1,0,0,80.95018005371094,58.48423385620117,193.91490173339844,191.67112731933594
24_1_1_20170112192919494.jpg.chip.jpg,24,/Users/cipherxishant/Downloads/archive/UTKFace/24_1_1_20170112192919494.jpg.chip.jpg,0,1,0,1,0,0,0,77.75094604492188,65.37013244628906,163.03485107421875,198.1307830810547
53_1_0_20170105173239309.jpg.chip.jpg,53,/Users/cipherxishant/Downloads/archive/UTKFace/53_1_0_20170105173239309.jpg.chip.jpg,0,1,1,0,0,0,0,82.24439239501953,70.32371520996094,176.20567321777344,196.149658203125
4_1_0_20170119144520789.jpg.chip.jpg,4,/Users/cipherxishant/Downloads/archive/UTKFace/4_1_0_20170119144520789.jpg.chip.jpg,0,1,1,0,0,0,0,76.24179077148438,64.2209701538086,168.86029052734375,194.9359893798828
46_0_0_20170113181403980.jpg.chip.jpg,46,/Users/cipherxishant/Downloads/archive/UTKFace/46_0_0_20170113181403980.jpg.chip.jpg,1,0,1,0,0,0,0,81.4141616821289,67.41319274902344,177.03884887695312,202.0987548828125
22_1_2_20170103212729188.jpg.chip.jpg,22,/Users/cipherxishant/Downloads/archive/UTKFace/22_1_2_20170103212729188.jpg.chip.jpg,0,1,0,0,1,0,0,76.32598876953125,63.240997314453125,158.7127227783203,189.8288116455078
32_1_0_20170117094855375.jpg.chip.jpg,32,/Users/cipherxishant/Downloads/archive/UTKFace/32_1_0_20170117094855375.jpg.chip.jpg,0,1,1,0,0,0,0,80.67337799072266,72.78408813476562,170.0654754638672,198.6463623046875
25_1_4_20170103230211911.jpg.chip.jpg,25,/Users/cipherxishant/Downloads/archive/UTKFace/25_1_4_20170103230211911.jpg.chip.jpg,0,1,0,0,0,0,1,82.63440704345703,75.84788513183594,171.2914276123047,195.14871215820312
51_0_1_20170117160804231.jpg.chip.jpg,51,/Users/cipherxishant/Downloads/archive/UTKFace/51_0_1_20170117160804231.jpg.chip.jpg,1,0,0,1,0,0,0,86.47464752197266,75.0577621459961,174.21405029296875,198.3548583984375
28_1_0_20170116221757650.jpg.chip.jpg,28,/Users/cipherxishant/Downloads/archive/UTKFace/28_1_0_20170116221757650.jpg.chip.jpg,0,1,1,0,0,0,0,78.9816665649414,70.32923889160156,161.43032836914062,201.85440063476562
40_0_0_20170117134408032.jpg.chip.jpg,40,/Users/cipherxishant/Downloads/archive/UTKFace/40_0_0_20170117134408032.jpg.chip.jpg,1,0,1,0,0,0,0,81.533447265625,69.8819351196289,168.4338836669922,202.46646118164062
3_1_2_20161219142118801.jpg.chip.jpg,3,/Users/cipherxishant/Downloads/archive/UTKFace/3_1_2_20161219142118801.jpg.chip.jpg,0,1,0,0,1,0,0,90.72542572021484,80.67156219482422,193.9688262939453,198.14102172851562
1_1_0_20161220220141090.jpg.chip.jpg,1,/Users/cipherxishant/Downloads/archive/UTKFace/1_1_0_20161220220141090.jpg.chip.jpg,0,1,1,0,0,0,0,80.99755859375,67.23292541503906,173.77267456054688,207.9775390625
45_1_0_20170117181407564.jpg.chip.jpg,45,/Users/cipherxishant/Downloads/archive/UTKFace/45_1_0_20170117181407564.jpg.chip.jpg,0,1,1,0,0,0,0,69.05958557128906,65.41799926757812,153.5533905029297,195.3649139404297
1_0_3_20161220142918568.jpg.chip.jpg,1,/Users/cipherxishant/Downloads/archive/UTKFace/1_0_3_20161220142918568.jpg.chip.jpg,1,0,0,0,0,1,0,76.30902099609375,57.209598541259766,179.07659912109375,189.20362854003906
13_1_0_20170110224453650.jpg.chip.jpg,13,/Users/cipherxishant/Downloads/archive/UTKFace/13_1_0_20170110224453650.jpg.chip.jpg,0,1,1,0,0,0,0,69.87732696533203,54.65252685546875,161.56935119628906,188.5215606689453
38_0_3_20170117121006148.jpg.chip.jpg,38,/Users/cipherxishant/Downloads/archive/UTKFace/38_0_3_20170117121006148.jpg.chip.jpg,1,0,0,0,0,1,0,80.09725952148438,66.73558044433594,183.15213012695312,191.23236083984375
45_0_3_20170119203810871.jpg.chip.jpg,45,/Users/cipherxishant/Downloads/archive/UTKFace/45_0_3_20170119203810871.jpg.chip.jpg,1,0,0,0,0,1,0,78.66127014160156,68.84654235839844,162.3184356689453,202.72154235839844
45_0_1_20170113183341175.jpg.chip.jpg,45,/Users/cipherxishant/Downloads/archive/UTKFace/45_0_1_20170113183341175.jpg.chip.jpg,1,0,0,1,0,0,0,80.45850372314453,71.6083984375,173.55740356445312,201.6013641357422
51_0_0_20170105172830957.jpg.chip.jpg,51,/Users/cipherxishant/Downloads/archive/UTKFace/51_0_0_20170105172830957.jpg.chip.jpg,1,0,1,0,0,0,0,77.02454376220703,65.44479370117188,171.55860900878906,200.63316345214844
17_1_0_20170109214008165.jpg.chip.jpg,17,/Users/cipherxishant/Downloads/archive/UTKFace/17_1_0_20170109214008165.jpg.chip.jpg,0,1,1,0,0,0,0,80.58845520019531,66.20558166503906,176.17369079589844,194.0999755859375
62_0_0_20170111204910736.jpg.chip.jpg,62,/Users/cipherxishant/Downloads/archive/UTKFace/62_0_0_20170111204910736.jpg.chip.jpg,1,0,1,0,0,0,0,72.02933502197266,61.19990921020508,161.4462432861328,183.3275604248047
24_0_2_20170116161928019.jpg.chip.jpg,24,/Users/cipherxishant/Downloads/archive/UTKFace/24_0_2_20170116161928019.jpg.chip.jpg,1,0,0,0,1,0,0,67.3987808227539,54.64807891845703,154.13853454589844,187.29954528808594
58_0_3_20170119211646161.jpg.chip.jpg,58,/Users/cipherxishant/Downloads/archive/UTKFace/58_0_3_20170119211646161.jpg.chip.jpg,1,0,0,0,0,1,0,82.65855407714844,65.26716613769531,173.73374938964844,200.73980712890625
41_0_0_20170119204215791.jpg.chip.jpg,41,/Users/cipherxishant/Downloads/archive/UTKFace/41_0_0_20170119204215791.jpg.chip.jpg,1,0,1,0,0,0,0,82.54203796386719,67.26721954345703,185.84426879882812,196.59902954101562
35_1_0_20170103180514968.jpg.chip.jpg,35,/Users/cipherxishant/Downloads/archive/UTKFace/35_1_0_20170103180514968.jpg.chip.jpg,0,1,1,0,0,0,0,78.24563598632812,67.87361145019531,167.9901580810547,192.7563934326172
26_1_1_20170113012356872.jpg.chip.jpg,26,/Users/cipherxishant/Downloads/archive/UTKFace/26_1_1_20170113012356872.jpg.chip.jpg,0,1,0,1,0,0,0,61.7023811340332,44.84174346923828,152.17047119140625,195.1101837158203
42_0_4_20170117185618130.jpg.chip.jpg,42,/Users/cipherxishant/Downloads/archive/UTKFace/42_0_4_20170117185618130.jpg.chip.jpg,1,0,0,0,0,0,1,80.25882720947266,67.98583221435547,168.56320190429688,208.39808654785156
71_0_1_20170113175251268.jpg.chip.jpg,71,/Users/cipherxishant/Downloads/archive/UTKFace/71_0_1_20170113175251268.jpg.chip.jpg,1,0,0,1,0,0,0,71.17495727539062,60.03834533691406,155.9455108642578,194.12850952148438
28_1_2_20170104020746876.jpg.chip.jpg,28,/Users/cipherxishant/Downloads/archive/UTKFace/28_1_2_20170104020746876.jpg.chip.jpg,0,1,0,0,1,0,0,74.23831939697266,60.54683303833008,166.0397491455078,191.24293518066406
16_1_1_20170114025520014.jpg.chip.jpg,16,/Users/cipherxishant/Downloads/archive/UTKFace/16_1_1_20170114025520014.jpg.chip.jpg,0,1,0,1,0,0,0,63.35482406616211,55.15852355957031,144.5179901123047,190.98423767089844
16_1_4_20170104005411807.jpg.chip.jpg,16,/Users/cipherxishant/Downloads/archive/UTKFace/16_1_4_20170104005411807.jpg.chip.jpg,0,1,0,0,0,0,1,81.50780487060547,68.74372863769531,171.8822784423828,195.19248962402344
30_1_1_20170116022055600.jpg.chip.jpg,30,/Users/cipherxishant/Downloads/archive/UTKFace/30_1_1_20170116022055600.jpg.chip.jpg,0,1,0,1,0,0,0,81.14835357666016,65.20967102050781,170.86671447753906,196.41807556152344
32_1_4_20170117203133752.jpg.chip.jpg,32,/Users/cipherxishant/Downloads/archive/UTKFace/32_1_4_20170117203133752.jpg.chip.jpg,0,1,0,0,0,0,1,80.21808624267578,67.72078704833984,156.51268005371094,197.72296142578125
38_1_2_20170116162028800.jpg.chip.jpg,38,/Users/cipherxishant/Downloads/archive/UTKFace/38_1_2_20170116162028800.jpg.chip.jpg,0,1,0,0,1,0,0,71.24325561523438,57.90241241455078,159.09243774414062,194.13267517089844
31_1_2_20170116191359803.jpg.chip.jpg,31,/Users/cipherxishant/Downloads/archive/UTKFace/31_1_2_20170116191359803.jpg.chip.jpg,0,1,0,0,1,0,0,73.96561431884766,58.06491470336914,163.90615844726562,186.4097137451172
34_0_1_20170117203210989.jpg.chip.jpg,34,/Users/cipherxishant/Downloads/archive/UTKFace/34_0_1_20170117203210989.jpg.chip.jpg,1,0,0,1,0,0,0,72.50103759765625,51.82621765136719,172.11160278320312,184.2820587158203
78_0_2_20170112205258396.jpg.chip.jpg,78,/Users/cipherxishant/Downloads/archive/UTKFace/78_0_2_20170112205258396.jpg.chip.jpg,1,0,0,0,1,0,0,73.51763153076172,63.355037689208984,147.60458374023438,184.38436889648438
36_1_1_20170112215137928.jpg.chip.jpg,36,/Users/cipherxishant/Downloads/archive/UTKFace/36_1_1_20170112215137928.jpg.chip.jpg,0,1,0,1,0,0,0,77.81761932373047,58.26254653930664,176.7776336669922,207.895751953125
80_1_0_20170110141723527.jpg.chip.jpg,80,/Users/cipherxishant/Downloads/archive/UTKFace/80_1_0_20170110141723527.jpg.chip.jpg,0,1,1,0,0,0,0,76.13603210449219,56.02455520629883,176.91702270507812,187.7850799560547
47_0_0_20170105173254709.jpg.chip.jpg,47,/Users/cipherxishant/Downloads/archive/UTKFace/47_0_0_20170105173254709.jpg.chip.jpg,1,0,1,0,0,0,0,85.42155456542969,76.33572387695312,166.8015899658203,203.52786254882812
1_1_3_20161219225015272.jpg.chip.jpg,1,/Users/cipherxishant/Downloads/archive/UTKFace/1_1_3_20161219225015272.jpg.chip.jpg,0,1,0,0,0,1,0,83.7999496459961,69.55303192138672,181.0850830078125,202.34727478027344
24_1_0_20170117194813077.jpg.chip.jpg,24,/Users/cipherxishant/Downloads/archive/UTKFace/24_1_0_20170117194813077.jpg.chip.jpg,0,1,1,0,0,0,0,76.27693176269531,61.314083099365234,159.48532104492188,187.93116760253906
76_1_2_20170110143551965.jpg.chip.jpg,76,/Users/cipherxishant/Downloads/archive/UTKFace/76_1_2_20170110143551965.jpg.chip.jpg,0,1,0,0,1,0,0,86.13999938964844,76.50802612304688,180.6287841796875,199.83853149414062
32_0_1_20170113185204177.jpg.chip.jpg,32,/Users/cipherxishant/Downloads/archive/UTKFace/32_0_1_20170113185204177.jpg.chip.jpg,1,0,0,1,0,0,0,85.42254638671875,73.36233520507812,180.6862030029297,208.90753173828125
26_1_0_20170116192554607.jpg.chip.jpg,26,/Users/cipherxishant/Downloads/archive/UTKFace/26_1_0_20170116192554607.jpg.chip.jpg,0,1,1,0,0,0,0,71.18106079101562,61.22771072387695,160.70103454589844,193.03805541992188
26_0_4_20170117153025829.jpg.chip.jpg,26,/Users/cipherxishant/Downloads/archive/UTKFace/26_0_4_20170117153025829.jpg.chip.jpg,1,0,0,0,0,0,1,74.27825927734375,65.21095275878906,156.4840087890625,191.65866088867188
25_1_2_20161219194224315.jpg.chip.jpg,25,/Users/cipherxishant/Downloads/archive/UTKFace/25_1_2_20161219194224315.jpg.chip.jpg,0,1,0,0,1,0,0,71.24881744384766,55.39615249633789,149.47848510742188,183.21539306640625
23_1_0_20170116221827674.jpg.chip.jpg,23,/Users/cipherxishant/Downloads/archive/UTKFace/23_1_0_20170116221827674.jpg.chip.jpg,0,1,1,0,0,0,0,72.23748779296875,61.05235290527344,157.93653869628906,195.8224334716797
26_0_4_20170117200025445.jpg.chip.jpg,26,/Users/cipherxishant/Downloads/archive/UTKFace/26_0_4_20170117200025445.jpg.chip.jpg,1,0,0,0,0,0,1,67.20552825927734,55.16465759277344,150.55545043945312,173.81396484375
75_1_0_20170110183657201.jpg.chip.jpg,75,/Users/cipherxishant/Downloads/archive/UTKFace/75_1_0_20170110183657201.jpg.chip.jpg,0,1,1,0,0,0,0,79.67932891845703,72.66056060791016,162.54307556152344,203.96737670898438
56_1_0_20170120222048719.jpg.chip.jpg,56,/Users/cipherxishant/Downloads/archive/UTKFace/56_1_0_20170120222048719.jpg.chip.jpg,0,1,1,0,0,0,0,78.98674774169922,66.27708435058594,161.68414306640625,190.14010620117188
35_0_0_20170120221029196.jpg.chip.jpg,35,/Users/cipherxishant/Downloads/archive/UTKFace/35_0_0_20170120221029196.jpg.chip.jpg,1,0,1,0,0,0,0,72.08879089355469,59.67612838745117,146.4730987548828,202.43504333496094
26_1_0_20170104165749289.jpg.chip.jpg,26,/Users/cipherxishant/Downloads/archive/UTKFace/26_1_0_20170104165749289.jpg.chip.jpg,0,1,1,0,0,0,0,77.8642578125,67.561279296875,169.5157928466797,191.8423309326172
35_1_3_20170117154130323.jpg.chip.jpg,35,/Users/cipherxishant/Downloads/archive/UTKFace/35_1_3_20170117154130323.jpg.chip.jpg,0,1,0,0,0,1,0,78.41522216796875,67.61522674560547,159.35008239746094,205.78431701660156
26_0_2_20170116180708812.jpg.chip.jpg,26,/Users/cipherxishant/Downloads/archive/UTKFace/26_0_2_20170116180708812.jpg.chip.jpg,1,0,0,0,1,0,0,68.76582336425781,50.411033630371094,167.75164794921875,181.952880859375
26_1_4_20170117173903318.jpg.chip.jpg,26,/Users/cipherxishant/Downloads/archive/UTKFace/26_1_4_20170117173903318.jpg.chip.jpg,0,1,0,0,0,0,1,82.96266174316406,70.88031005859375,184.26234436035156,198.21726989746094
6_1_3_20161220222916667.jpg.chip.jpg,6,/Users/cipherxishant/Downloads/archive/UTKFace/6_1_3_20161220222916667.jpg.chip.jpg,0,1,0,0,0,1,0,73.80480194091797,54.48120880126953,172.38172912597656,188.38970947265625
20_1_0_20170119153410801.jpg.chip.jpg,20,/Users/cipherxishant/Downloads/archive/UTKFace/20_1_0_20170119153410801.jpg.chip.jpg,0,1,1,0,0,0,0,79.61963653564453,65.8420181274414,176.67190551757812,191.78932189941406
58_0_0_20170120224608368.jpg.chip.jpg,58,/Users/cipherxishant/Downloads/archive/UTKFace/58_0_0_20170120224608368.jpg.chip.jpg,1,0,1,0,0,0,0,77.3577880859375,63.375526428222656,164.5448760986328,193.66368103027344
30_1_2_20170105162719051.jpg.chip.jpg,30,/Users/cipherxishant/Downloads/archive/UTKFace/30_1_2_20170105162719051.jpg.chip.jpg,0,1,0,0,1,0,0,83.6109619140625,72.1530532836914,169.57785034179688,197.6322021484375
26_1_1_20170103181439968.jpg.chip.jpg,26,/Users/cipherxishant/Downloads/archive/UTKFace/26_1_1_20170103181439968.jpg.chip.jpg,0,1,0,1,0,0,0,73.32020568847656,61.724952697753906,160.0045623779297,201.12741088867188
88_1_0_20170110183140329.jpg.chip.jpg,88,/Users/cipherxishant/Downloads/archive/UTKFace/88_1_0_20170110183140329.jpg.chip.jpg,0,1,1,0,0,0,0,85.76915740966797,74.61296844482422,168.8273162841797,202.57411193847656
1_1_3_20161220220536274.jpg.chip.jpg,1,/Users/cipherxishant/Downloads/archive/UTKFace/1_1_3_20161220220536274.jpg.chip.jpg,0,1,0,0,0,1,0,81.08773803710938,62.63216781616211,186.57032775878906,196.37384033203125
43_1_0_20170117155104591.jpg.chip.jpg,43,/Users/cipherxishant/Downloads/archive/UTKFace/43_1_0_20170117155104591.jpg.chip.jpg,0,1,1,0,0,0,0,75.18492126464844,64.48750305175781,159.85366821289062,199.95628356933594
26_1_0_20170113001451463.jpg.chip.jpg,26,/Users/cipherxishant/Downloads/archive/UTKFace/26_1_0_20170113001451463.jpg.chip.jpg,0,1,1,0,0,0,0,89.82003021240234,79.31965637207031,190.9689483642578,214.1990966796875
24_0_2_20170116170825869.jpg.chip.jpg,24,/Users/cipherxishant/Downloads/archive/UTKFace/24_0_2_20170116170825869.jpg.chip.jpg,1,0,0,0,1,0,0,63.8868522644043,55.90322494506836,149.56683349609375,187.1947784423828
1_0_4_20161221192554517.jpg.chip.jpg,1,/Users/cipherxishant/Downloads/archive/UTKFace/1_0_4_20161221192554517.jpg.chip.jpg,1,0,0,0,0,0,1,73.91114044189453,51.136680603027344,176.8000030517578,182.34437561035156
30_1_0_20170117135302551.jpg.chip.jpg,30,/Users/cipherxishant/Downloads/archive/UTKFace/30_1_0_20170117135302551.jpg.chip.jpg,0,1,1,0,0,0,0,79.04265594482422,68.33827209472656,170.15638732910156,193.22586059570312
30_1_0_20170103180858952.jpg.chip.jpg,30,/Users/cipherxishant/Downloads/archive/UTKFace/30_1_0_20170103180858952.jpg.chip.jpg,0,1,1,0,0,0,0,76.7271499633789,67.0865707397461,164.96337890625,197.55288696289062
39_0_4_20170105172836893.jpg.chip.jpg,39,/Users/cipherxishant/Downloads/archive/UTKFace/39_0_4_20170105172836893.jpg.chip.jpg,1,0,0,0,0,0,1,77.78070831298828,64.2403335571289,166.2349395751953,197.86399841308594
24_0_1_20170117145832554.jpg.chip.jpg,24,/Users/cipherxishant/Downloads/archive/UTKFace/24_0_1_20170117145832554.jpg.chip.jpg,1,0,0,1,0,0,0,74.34202575683594,60.41730880737305,156.1961212158203,190.3911590576172
29_0_1_20170103235915646.jpg.chip.jpg,29,/Users/cipherxishant/Downloads/archive/UTKFace/29_0_1_20170103235915646.jpg.chip.jpg,1,0,0,1,0,0,0,77.41390991210938,66.8720474243164,160.6073455810547,202.91342163085938
54_0_0_20170117191403100.jpg.chip.jpg,54,/Users/cipherxishant/Downloads/archive/UTKFace/54_0_0_20170117191403100.jpg.chip.jpg,1,0,1,0,0,0,0,84.31158447265625,72.03524017333984,167.9983367919922,203.5388641357422
18_1_4_20170103201320721.jpg.chip.jpg,18,/Users/cipherxishant/Downloads/archive/UTKFace/18_1_4_20170103201320721.jpg.chip.jpg,0,1,0,0,0,0,1,80.75680541992188,74.95958709716797,169.86697387695312,202.2633514404297
2_1_0_20170109191311166.jpg.chip.jpg,2,/Users/cipherxishant/Downloads/archive/UTKFace/2_1_0_20170109191311166.jpg.chip.jpg,0,1,1,0,0,0,0,82.23526763916016,61.756507873535156,190.48214721679688,186.39561462402344
1_0_2_20161219205313061.jpg.chip.jpg,1,/Users/cipherxishant/Downloads/archive/UTKFace/1_0_2_20161219205313061.jpg.chip.jpg,1,0,0,0,1,0,0,77.93415832519531,54.58280563354492,182.26466369628906,189.06759643554688
26_0_3_20170119180815126.jpg.chip.jpg,26,/Users/cipherxishant/Downloads/archive/UTKFace/26_0_3_20170119180815126.jpg.chip.jpg,1,0,0,0,0,1,0,58.02815628051758,37.81126403808594,156.03855895996094,192.4088134765625
40_0_0_20170116224626718.jpg.chip.jpg,40,/Users/cipherxishant/Downloads/archive/UTKFace/40_0_0_20170116224626718.jpg.chip.jpg,1,0,1,0,0,0,0,79.5440444946289,58.19008255004883,179.79495239257812,198.69384765625
30_0_4_20170116221659118.jpg.chip.jpg,30,/Users/cipherxishant/Downloads/archive/UTKFace/30_0_4_20170116221659118.jpg.chip.jpg,1,0,0,0,0,0,1,83.66828155517578,75.11846923828125,170.48147583007812,206.6933135986328
52_1_0_20170110122705423.jpg.chip.jpg,52,/Users/cipherxishant/Downloads/archive/UTKFace/52_1_0_20170110122705423.jpg.chip.jpg,0,1,1,0,0,0,0,81.00647735595703,72.27978515625,168.19252014160156,193.6587677001953
35_1_0_20170105172544509.jpg.chip.jpg,35,/Users/cipherxishant/Downloads/archive/UTKFace/35_1_0_20170105172544509.jpg.chip.jpg,0,1,1,0,0,0,0,72.59892272949219,61.743709564208984,158.62173461914062,193.37074279785156
1_0_4_20161221193606310.jpg.chip.jpg,1,/Users/cipherxishant/Downloads/archive/UTKFace/1_0_4_20161221193606310.jpg.chip.jpg,1,0,0,0,0,0,1,78.1572494506836,52.38013458251953,193.30838012695312,188.42384338378906
18_1_0_20170109214726739.jpg.chip.jpg,18,/Users/cipherxishant/Downloads/archive/UTKFace/18_1_0_20170109214726739.jpg.chip.jpg,0,1,1,0,0,0,0,74.39430236816406,62.50541687011719,156.69338989257812,191.65521240234375
26_1_0_20170117003208726.jpg.chip.jpg,26,/Users/cipherxishant/Downloads/archive/UTKFace/26_1_0_20170117003208726.jpg.chip.jpg,0,1,1,0,0,0,0,71.58675384521484,58.961124420166016,159.95419311523438,192.96926879882812
80_1_0_20170110154249092.jpg.chip.jpg,80,/Users/cipherxishant/Downloads/archive/UTKFace/80_1_0_20170110154249092.jpg.chip.jpg,0,1,1,0,0,0,0,78.60652160644531,68.81654357910156,160.44390869140625,193.45960998535156
31_1_2_20161219211907149.jpg.chip.jpg,31,/Users/cipherxishant/Downloads/archive/UTKFace/31_1_2_20161219211907149.jpg.chip.jpg,0,1,0,0,1,0,0,79.5281982421875,64.06646728515625,161.3757781982422,194.25796508789062
14_1_0_20170109203330417.jpg.chip.jpg,14,/Users/cipherxishant/Downloads/archive/UTKFace/14_1_0_20170109203330417.jpg.chip.jpg,0,1,1,0,0,0,0,75.39436340332031,59.13431167602539,172.40980529785156,183.9187774658203
1_0_2_20161219151123435.jpg.chip.jpg,1,/Users/cipherxishant/Downloads/archive/UTKFace/1_0_2_20161219151123435.jpg.chip.jpg,1,0,0,0,1,0,0,85.09648895263672,66.35067749023438,194.22186279296875,179.60311889648438
24_1_3_20170119170547814.jpg.chip.jpg,24,/Users/cipherxishant/Downloads/archive/UTKFace/24_1_3_20170119170547814.jpg.chip.jpg,0,1,0,0,0,1,0,70.43180847167969,60.25102996826172,148.52354431152344,194.70367431640625
2_1_3_20161220145350335.jpg.chip.jpg,2,/Users/cipherxishant/Downloads/archive/UTKFace/2_1_3_20161220145350335.jpg.chip.jpg,0,1,0,0,0,1,0,83.37349700927734,70.89750671386719,173.18630981445312,196.22898864746094
83_1_0_20170120230456826.jpg.chip.jpg,83,/Users/cipherxishant/Downloads/archive/UTKFace/83_1_0_20170120230456826.jpg.chip.jpg,0,1,1,0,0,0,0,85.15982818603516,72.5283432006836,171.4936981201172,196.64785766601562
32_0_2_20170105162228515.jpg.chip.jpg,32,/Users/cipherxishant/Downloads/archive/UTKFace/32_0_2_20170105162228515.jpg.chip.jpg,1,0,0,0,1,0,0,63.08114242553711,56.150794982910156,137.37522888183594,188.9463348388672
65_1_0_20170110143236073.jpg.chip.jpg,65,/Users/cipherxishant/Downloads/archive/UTKFace/65_1_0_20170110143236073.jpg.chip.jpg,0,1,1,0,0,0,0,74.30270385742188,59.46497344970703,162.87965393066406,192.8249053955078
26_0_1_20170113155018211.jpg.chip.jpg,26,/Users/cipherxishant/Downloads/archive/UTKFace/26_0_1_20170113155018211.jpg.chip.jpg,1,0,0,1,0,0,0,78.59844970703125,64.64053344726562,166.1879119873047,190.43869018554688
21_0_1_20170117142001073.jpg.chip.jpg,21,/Users/cipherxishant/Downloads/archive/UTKFace/21_0_1_20170117142001073.jpg.chip.jpg,1,0,0,1,0,0,0,72.06120300292969,60.1229248046875,157.2696990966797,187.115478515625
58_0_0_20170111200444658.jpg.chip.jpg,58,/Users/cipherxishant/Downloads/archive/UTKFace/58_0_0_20170111200444658.jpg.chip.jpg,1,0,1,0,0,0,0,86.5917739868164,78.2593994140625,167.98251342773438,200.67422485351562
28_1_4_20170117202541845.jpg.chip.jpg,28,/Users/cipherxishant/Downloads/archive/UTKFace/28_1_4_20170117202541845.jpg.chip.jpg,0,1,0,0,0,0,1,74.61506652832031,63.163516998291016,153.16957092285156,193.83824157714844
64_0_2_20170112224203683.jpg.chip.jpg,64,/Users/cipherxishant/Downloads/archive/UTKFace/64_0_2_20170112224203683.jpg.chip.jpg,1,0,0,0,1,0,0,72.90107727050781,63.682315826416016,148.4675750732422,201.3272705078125
26_1_0_20170117201642542.jpg.chip.jpg,26,/Users/cipherxishant/Downloads/archive/UTKFace/26_1_0_20170117201642542.jpg.chip.jpg,0,1,1,0,0,0,0,75.04753875732422,59.9698600769043,170.96897888183594,190.4181671142578
16_1_3_20170109213433239.jpg.chip.jpg,16,/Users/cipherxishant/Downloads/archive/UTKFace/16_1_3_20170109213433239.jpg.chip.jpg,0,1,0,0,0,1,0,73.97599029541016,61.41501235961914,160.96128845214844,187.8984375
26_0_4_20170103235432764.jpg.chip.jpg,26,/Users/cipherxishant/Downloads/archive/UTKFace/26_0_4_20170103235432764.jpg.chip.jpg,1,0,0,0,0,0,1,76.03518676757812,66.36348724365234,161.68118286132812,204.02687072753906
35_1_1_20170117154134322.jpg.chip.jpg,35,/Users/cipherxishant/Downloads/archive/UTKFace/35_1_1_20170117154134322.jpg.chip.jpg,0,1,0,1,0,0,0,61.76730728149414,51.48413848876953,142.97625732421875,182.54025268554688
25_1_4_20161223214751864.jpg.chip.jpg,25,/Users/cipherxishant/Downloads/archive/UTKFace/25_1_4_20161223214751864.jpg.chip.jpg,0,1,0,0,0,0,1,77.25193786621094,67.3849868774414,156.5899200439453,200.5464324951172
40_0_0_20170104205324669.jpg.chip.jpg,40,/Users/cipherxishant/Downloads/archive/UTKFace/40_0_0_20170104205324669.jpg.chip.jpg,1,0,1,0,0,0,0,83.83538055419922,73.10350036621094,173.18731689453125,193.11605834960938
18_1_0_20170109212914272.jpg.chip.jpg,18,/Users/cipherxishant/Downloads/archive/UTKFace/18_1_0_20170109212914272.jpg.chip.jpg,0,1,1,0,0,0,0,80.65936279296875,73.11831665039062,169.8528594970703,192.98556518554688
1_0_4_20170103205838610.jpg.chip.jpg,1,/Users/cipherxishant/Downloads/archive/UTKFace/1_0_4_20170103205838610.jpg.chip.jpg,1,0,0,0,0,0,1,66.3860092163086,51.53997039794922,152.8815460205078,156.48797607421875
24_1_4_20170103224843361.jpg.chip.jpg,24,/Users/cipherxishant/Downloads/archive/UTKFace/24_1_4_20170103224843361.jpg.chip.jpg,0,1,0,0,0,0,1,74.65979766845703,58.5859489440918,162.228271484375,201.00640869140625
54_0_0_20170104211558436.jpg.chip.jpg,54,/Users/cipherxishant/Downloads/archive/UTKFace/54_0_0_20170104211558436.jpg.chip.jpg,1,0,1,0,0,0,0,77.67340850830078,62.7958984375,174.02865600585938,191.32252502441406
53_0_4_20170109012743281.jpg.chip.jpg,53,/Users/cipherxishant/Downloads/archive/UTKFace/53_0_4_20170109012743281.jpg.chip.jpg,1,0,0,0,0,0,1,86.59318542480469,78.54904174804688,188.22003173828125,206.4259490966797
29_1_0_20170120140806986.jpg.chip.jpg,29,/Users/cipherxishant/Downloads/archive/UTKFace/29_1_0_20170120140806986.jpg.chip.jpg,0,1,1,0,0,0,0,70.82758331298828,58.9866943359375,155.1697998046875,194.7575225830078
23_1_0_20170117144822363.jpg.chip.jpg,23,/Users/cipherxishant/Downloads/archive/UTKFace/23_1_0_20170117144822363.jpg.chip.jpg,0,1,1,0,0,0,0,76.76333618164062,62.22585678100586,157.91506958007812,190.95982360839844
18_1_0_20170109214122492.jpg.chip.jpg,18,/Users/cipherxishant/Downloads/archive/UTKFace/18_1_0_20170109214122492.jpg.chip.jpg,0,1,1,0,0,0,0,81.63194274902344,66.45309448242188,181.27127075195312,192.60630798339844
28_0_0_20170117021818299.jpg.chip.jpg,28,/Users/cipherxishant/Downloads/archive/UTKFace/28_0_0_20170117021818299.jpg.chip.jpg,1,0,1,0,0,0,0,81.42041015625,66.38920593261719,180.2553253173828,183.87457275390625
23_1_2_20170104020318141.jpg.chip.jpg,23,/Users/cipherxishant/Downloads/archive/UTKFace/23_1_2_20170104020318141.jpg.chip.jpg,0,1,0,0,1,0,0,82.1296157836914,67.94097900390625,168.41909790039062,188.36460876464844
27_1_4_20170103230450385.jpg.chip.jpg,27,/Users/cipherxishant/Downloads/archive/UTKFace/27_1_4_20170103230450385.jpg.chip.jpg,0,1,0,0,0,0,1,82.90827178955078,73.36827850341797,161.9908905029297,201.1385955810547
24_1_4_20170103223727135.jpg.chip.jpg,24,/Users/cipherxishant/Downloads/archive/UTKFace/24_1_4_20170103223727135.jpg.chip.jpg,0,1,0,0,0,0,1,76.50228881835938,58.590274810791016,174.8281707763672,175.59307861328125
26_1_2_20170116184454934.jpg.chip.jpg,26,/Users/cipherxishant/Downloads/archive/UTKFace/26_1_2_20170116184454934.jpg.chip.jpg,0,1,0,0,1,0,0,75.60330963134766,59.171714782714844,153.6645965576172,188.47691345214844
40_0_0_20170117183221334.jpg.chip.jpg,40,/Users/cipherxishant/Downloads/archive/UTKFace/40_0_0_20170117183221334.jpg.chip.jpg,1,0,1,0,0,0,0,77.22008514404297,69.7439956665039,160.79095458984375,205.2347869873047
26_0_1_20170113151515272.jpg.chip.jpg,26,/Users/cipherxishant/Downloads/archive/UTKFace/26_0_1_20170113151515272.jpg.chip.jpg,1,0,0,1,0,0,0,71.280517578125,60.7841682434082,150.0485382080078,195.19491577148438
62_1_2_20170105174732894.jpg.chip.jpg,62,/Users/cipherxishant/Downloads/archive/UTKFace/62_1_2_20170105174732894.jpg.chip.jpg,0,1,0,0,1,0,0,66.94075012207031,51.18622970581055,149.2062225341797,184.3391571044922
51_0_3_20170119205630063.jpg.chip.jpg,51,/Users/cipherxishant/Downloads/archive/UTKFace/51_0_3_20170119205630063.jpg.chip.jpg,1,0,0,0,0,1,0,75.74102020263672,62.35171890258789,166.1226806640625,190.65907287597656
52_0_3_20170119205712208.jpg.chip.jpg,52,/Users/cipherxishant/Downloads/archive/UTKFace/52_0_3_20170119205712208.jpg.chip.jpg,1,0,0,0,0,1,0,71.58219909667969,67.6875228881836,147.32791137695312,198.32138061523438
22_0_0_20170104003957078.jpg.chip.jpg,22,/Users/cipherxishant/Downloads/archive/UTKFace/22_0_0_20170104003957078.jpg.chip.jpg,1,0,1,0,0,0,0,75.215576171875,62.82099533081055,160.0177001953125,200.5828857421875
1_0_2_20161219204655933.jpg.chip.jpg,1,/Users/cipherxishant/Downloads/archive/UTKFace/1_0_2_20161219204655933.jpg.chip.jpg,1,0,0,0,1,0,0,91.66270446777344,81.45938110351562,200.68406677246094,188.67921447753906
5_1_2_20161219142641921.jpg.chip.jpg,5,/Users/cipherxishant/Downloads/archive/UTKFace/5_1_2_20161219142641921.jpg.chip.jpg,0,1,0,0,1,0,0,78.66351318359375,56.73701095581055,183.05105590820312,189.2491455078125
32_1_1_20170113000731466.jpg.chip.jpg,32,/Users/cipherxishant/Downloads/archive/UTKFace/32_1_1_20170113000731466.jpg.chip.jpg,0,1,0,1,0,0,0,79.74222564697266,66.60556030273438,160.92625427246094,198.40380859375
26_1_2_20170116161826427.jpg.chip.jpg,26,/Users/cipherxishant/Downloads/archive/UTKFace/26_1_2_20170116161826427.jpg.chip.jpg,0,1,0,0,1,0,0,75.02501678466797,61.00883865356445,160.67459106445312,203.72161865234375
75_1_0_20170120222715178.jpg.chip.jpg,75,/Users/cipherxishant/Downloads/archive/UTKFace/75_1_0_20170120222715178.jpg.chip.jpg,0,1,1,0,0,0,0,68.24791717529297,54.45407485961914,150.81777954101562,188.77845764160156
28_1_4_20170103230506947.jpg.chip.jpg,28,/Users/cipherxishant/Downloads/archive/UTKFace/28_1_4_20170103230506947.jpg.chip.jpg,0,1,0,0,0,0,1,78.46331787109375,72.77820587158203,162.2716827392578,200.65049743652344
50_0_2_20170119205049471.jpg.chip.jpg,50,/Users/cipherxishant/Downloads/archive/UTKFace/50_0_2_20170119205049471.jpg.chip.jpg,1,0,0,0,1,0,0,76.13463592529297,61.88375473022461,161.2071533203125,196.78323364257812
48_1_0_20170110152853674.jpg.chip.jpg,48,/Users/cipherxishant/Downloads/archive/UTKFace/48_1_0_20170110152853674.jpg.chip.jpg,0,1,1,0,0,0,0,84.98130798339844,77.77056884765625,167.2576446533203,204.6893310546875
33_1_0_20170119192533970.jpg.chip.jpg,33,/Users/cipherxishant/Downloads/archive/UTKFace/33_1_0_20170119192533970.jpg.chip.jpg,0,1,1,0,0,0,0,77.69397735595703,64.64635467529297,178.10401916503906,183.68539428710938
46_1_0_20170105172417134.jpg.chip.jpg,46,/Users/cipherxishant/Downloads/archive/UTKFace/46_1_0_20170105172417134.jpg.chip.jpg,0,1,1,0,0,0,0,81.33970642089844,68.88661193847656,179.2106170654297,195.6527557373047
1_0_2_20161219211823957.jpg.chip.jpg,1,/Users/cipherxishant/Downloads/archive/UTKFace/1_0_2_20161219211823957.jpg.chip.jpg,1,0,0,0,1,0,0,84.91118621826172,62.949798583984375,196.80111694335938,203.43319702148438
25_0_2_20170119163949502.jpg.chip.jpg,25,/Users/cipherxishant/Downloads/archive/UTKFace/25_0_2_20170119163949502.jpg.chip.jpg,1,0,0,0,1,0,0,73.78305053710938,62.081764221191406,155.08242797851562,192.44239807128906
28_0_1_20170112211810813.jpg.chip.jpg,28,/Users/cipherxishant/Downloads/archive/UTKFace/28_0_1_20170112211810813.jpg.chip.jpg,1,0,0,1,0,0,0,87.718994140625,77.47091674804688,170.60659790039062,205.78343200683594
21_0_3_20170104230524803.jpg.chip.jpg,21,/Users/cipherxishant/Downloads/archive/UTKFace/21_0_3_20170104230524803.jpg.chip.jpg,1,0,0,0,0,1,0,65.4896469116211,49.15633010864258,149.7720489501953,167.80535888671875
26_0_0_20170117000343982.jpg.chip.jpg,26,/Users/cipherxishant/Downloads/archive/UTKFace/26_0_0_20170117000343982.jpg.chip.jpg,1,0,1,0,0,0,0,78.78241729736328,69.60973358154297,156.5345916748047,203.11651611328125
54_0_0_20170113142419212.jpg.chip.jpg,54,/Users/cipherxishant/Downloads/archive/UTKFace/54_0_0_20170113142419212.jpg.chip.jpg,1,0,1,0,0,0,0,71.10868072509766,56.251956939697266,155.70193481445312,179.24098205566406
10_0_0_20170110225546130.jpg.chip.jpg,10,/Users/cipherxishant/Downloads/archive/UTKFace/10_0_0_20170110225546130.jpg.chip.jpg,1,0,1,0,0,0,0,77.21062469482422,63.9563102722168,164.18624877929688,187.73541259765625
5_1_0_20170109193852084.jpg.chip.jpg,5,/Users/cipherxishant/Downloads/archive/UTKFace/5_1_0_20170109193852084.jpg.chip.jpg,0,1,1,0,0,0,0,81.10688781738281,66.35596466064453,177.3125762939453,193.9987030029297
92_1_0_20170110175809576.jpg.chip.jpg,92,/Users/cipherxishant/Downloads/archive/UTKFace/92_1_0_20170110175809576.jpg.chip.jpg,0,1,1,0,0,0,0,87.29918670654297,73.61859130859375,175.46189880371094,191.3949432373047
1_1_0_20170109191253730.jpg.chip.jpg,1,/Users/cipherxishant/Downloads/archive/UTKFace/1_1_0_20170109191253730.jpg.chip.jpg,0,1,1,0,0,0,0,82.20726013183594,61.63417053222656,185.0535888671875,191.2703857421875
26_1_1_20170116155754189.jpg.chip.jpg,26,/Users/cipherxishant/Downloads/archive/UTKFace/26_1_1_20170116155754189.jpg.chip.jpg,0,1,0,1,0,0,0,78.58831787109375,65.76000213623047,163.36770629882812,199.74368286132812
16_1_0_20170113210605072.jpg.chip.jpg,16,/Users/cipherxishant/Downloads/archive/UTKFace/16_1_0_20170113210605072.jpg.chip.jpg,0,1,1,0,0,0,0,73.39186096191406,63.712982177734375,160.54693603515625,196.8828887939453
11_1_3_20170104223632543.jpg.chip.jpg,11,/Users/cipherxishant/Downloads/archive/UTKFace/11_1_3_20170104223632543.jpg.chip.jpg,0,1,0,0,0,1,0,79.63593292236328,67.49549102783203,177.86373901367188,191.3070526123047
1_1_4_20161223225921227.jpg.chip.jpg,1,/Users/cipherxishant/Downloads/archive/UTKFace/1_1_4_20161223225921227.jpg.chip.jpg,0,1,0,0,0,0,1,87.3602066040039,72.77172088623047,185.95223999023438,196.89739990234375
24_1_1_20170112234357224.jpg.chip.jpg,24,/Users/cipherxishant/Downloads/archive/UTKFace/24_1_1_20170112234357224.jpg.chip.jpg,0,1,0,1,0,0,0,71.68016052246094,56.75020980834961,157.95838928222656,184.96292114257812
1_0_2_20161219141758721.jpg.chip.jpg,1,/Users/cipherxishant/Downloads/archive/UTKFace/1_0_2_20161219141758721.jpg.chip.jpg,1,0,0,0,1,0,0,85.23297882080078,74.2090835571289,193.64608764648438,190.87069702148438
1_1_0_20170109190535640.jpg.chip.jpg,1,/Users/cipherxishant/Downloads/archive/UTKFace/1_1_0_20170109190535640.jpg.chip.jpg,0,1,1,0,0,0,0,79.8418197631836,65.155029296875,173.6000518798828,184.07711791992188
1_1_0_20170109192755957.jpg.chip.jpg,1,/Users/cipherxishant/Downloads/archive/UTKFace/1_1_0_20170109192755957.jpg.chip.jpg,0,1,1,0,0,0,0,71.95479583740234,56.201019287109375,167.50439453125,181.1077880859375
26_0_3_20170119183730738.jpg.chip.jpg,26,/Users/cipherxishant/Downloads/archive/UTKFace/26_0_3_20170119183730738.jpg.chip.jpg,1,0,0,0,0,1,0,82.4649429321289,65.88729858398438,189.47732543945312,195.21197509765625
29_0_1_20170112214947864.jpg.chip.jpg,29,/Users/cipherxishant/Downloads/archive/UTKFace/29_0_1_20170112214947864.jpg.chip.jpg,1,0,0,1,0,0,0,70.01150512695312,57.81507110595703,148.09133911132812,178.0108184814453
20_1_4_20170104005353062.jpg.chip.jpg,20,/Users/cipherxishant/Downloads/archive/UTKFace/20_1_4_20170104005353062.jpg.chip.jpg,0,1,0,0,0,0,1,76.6694107055664,66.7030029296875,161.94461059570312,189.79759216308594
39_1_2_20170117154228051.jpg.chip.jpg,39,/Users/cipherxishant/Downloads/archive/UTKFace/39_1_2_20170117154228051.jpg.chip.jpg,0,1,0,0,1,0,0,80.99185180664062,65.1886215209961,178.7315673828125,203.3526611328125
49_0_2_20170105164916620.jpg.chip.jpg,49,/Users/cipherxishant/Downloads/archive/UTKFace/49_0_2_20170105164916620.jpg.chip.jpg,1,0,0,0,1,0,0,78.27227020263672,68.03263854980469,162.99758911132812,198.3898162841797
7_0_0_20170110215327391.jpg.chip.jpg,7,/Users/cipherxishant/Downloads/archive/UTKFace/7_0_0_20170110215327391.jpg.chip.jpg,1,0,1,0,0,0,0,68.64643096923828,51.55076217651367,161.53701782226562,177.1552734375
43_1_0_20170108234555262.jpg.chip.jpg,43,/Users/cipherxishant/Downloads/archive/UTKFace/43_1_0_20170108234555262.jpg.chip.jpg,0,1,1,0,0,0,0,72.13101959228516,60.16083526611328,154.18304443359375,193.24920654296875
28_0_4_20170117190111300.jpg.chip.jpg,28,/Users/cipherxishant/Downloads/archive/UTKFace/28_0_4_20170117190111300.jpg.chip.jpg,1,0,0,0,0,0,1,70.41670989990234,60.31267547607422,158.0347442626953,195.095458984375
81_1_0_20170120225836610.jpg.chip.jpg,81,/Users/cipherxishant/Downloads/archive/UTKFace/81_1_0_20170120225836610.jpg.chip.jpg,0,1,1,0,0,0,0,82.9941635131836,71.00224304199219,169.01612854003906,196.96014404296875
27_0_1_20170113133402529.jpg.chip.jpg,27,/Users/cipherxishant/Downloads/archive/UTKFace/27_0_1_20170113133402529.jpg.chip.jpg,1,0,0,1,0,0,0,78.59061431884766,70.22245025634766,162.86228942871094,199.2824249267578
8_1_1_20170109203252446.jpg.chip.jpg,8,/Users/cipherxishant/Downloads/archive/UTKFace/8_1_1_20170109203252446.jpg.chip.jpg,0,1,0,1,0,0,0,75.3579330444336,58.57341003417969,172.71408081054688,177.9508056640625
1_0_0_20170110213202543.jpg.chip.jpg,1,/Users/cipherxishant/Downloads/archive/UTKFace/1_0_0_20170110213202543.jpg.chip.jpg,1,0,1,0,0,0,0,82.12657928466797,64.07527160644531,192.03570556640625,192.56817626953125
56_0_0_20170117130657701.jpg.chip.jpg,56,/Users/cipherxishant/Downloads/archive/UTKFace/56_0_0_20170117130657701.jpg.chip.jpg,1,0,1,0,0,0,0,80.3597183227539,70.1572494506836,168.49517822265625,195.9847412109375
75_0_0_20170111205932368.jpg.chip.jpg,75,/Users/cipherxishant/Downloads/archive/UTKFace/75_0_0_20170111205932368.jpg.chip.jpg,1,0,1,0,0,0,0,74.83187866210938,59.126014709472656,168.56201171875,189.1169891357422
38_1_3_20170119202610221.jpg.chip.jpg,38,/Users/cipherxishant/Downloads/archive/UTKFace/38_1_3_20170119202610221.jpg.chip.jpg,0,1,0,0,0,1,0,82.58257293701172,73.08222198486328,171.85455322265625,192.51564025878906
60_0_0_20170120221705045.jpg.chip.jpg,60,/Users/cipherxishant/Downloads/archive/UTKFace/60_0_0_20170120221705045.jpg.chip.jpg,1,0,1,0,0,0,0,82.04879760742188,70.32907104492188,172.4774169921875,199.3044891357422
30_0_0_20170117130637562.jpg.chip.jpg,30,/Users/cipherxishant/Downloads/archive/UTKFace/30_0_0_20170117130637562.jpg.chip.jpg,1,0,1,0,0,0,0,79.25347137451172,61.03156661987305,174.42416381835938,197.61758422851562
85_0_0_20170120221827893.jpg.chip.jpg,85,/Users/cipherxishant/Downloads/archive/UTKFace/85_0_0_20170120221827893.jpg.chip.jpg,1,0,1,0,0,0,0,71.19849395751953,52.225563049316406,163.4378662109375,190.92636108398438
2_0_3_20161219221730658.jpg.chip.jpg,2,/Users/cipherxishant/Downloads/archive/UTKFace/2_0_3_20161219221730658.jpg.chip.jpg,1,0,0,0,0,1,0,81.1510009765625,60.45662307739258,184.37942504882812,194.3321533203125
18_1_3_20170109212742369.jpg.chip.jpg,18,/Users/cipherxishant/Downloads/archive/UTKFace/18_1_3_20170109212742369.jpg.chip.jpg,0,1,0,0,0,1,0,74.90083312988281,62.069435119628906,168.6835479736328,198.76748657226562
46_0_0_20170104205743292.jpg.chip.jpg,46,/Users/cipherxishant/Downloads/archive/UTKFace/46_0_0_20170104205743292.jpg.chip.jpg,1,0,1,0,0,0,0,70.90560150146484,61.323524475097656,151.41407775878906,193.66148376464844
20_1_0_20170104021334149.jpg.chip.jpg,20,/Users/cipherxishant/Downloads/archive/UTKFace/20_1_0_20170104021334149.jpg.chip.jpg,0,1,1,0,0,0,0,70.04222869873047,58.8328971862793,147.34210205078125,197.38916015625
26_1_1_20170112204005344.jpg.chip.jpg,26,/Users/cipherxishant/Downloads/archive/UTKFace/26_1_1_20170112204005344.jpg.chip.jpg,0,1,0,1,0,0,0,69.04768371582031,58.06320571899414,151.4082794189453,181.58633422851562
67_0_0_20170111193821219.jpg.chip.jpg,67,/Users/cipherxishant/Downloads/archive/UTKFace/67_0_0_20170111193821219.jpg.chip.jpg,1,0,1,0,0,0,0,75.81806182861328,59.59910583496094,165.68032836914062,201.85556030273438
22_0_3_20170119150454309.jpg.chip.jpg,22,/Users/cipherxishant/Downloads/archive/UTKFace/22_0_3_20170119150454309.jpg.chip.jpg,1,0,0,0,0,1,0,74.81074523925781,58.590187072753906,169.75042724609375,190.18966674804688
4_1_0_20170109192110040.jpg.chip.jpg,4,/Users/cipherxishant/Downloads/archive/UTKFace/4_1_0_20170109192110040.jpg.chip.jpg,0,1,1,0,0,0,0,76.72167205810547,57.048091888427734,184.86651611328125,182.45440673828125
32_0_0_20170116210057148.jpg.chip.jpg,32,/Users/cipherxishant/Downloads/archive/UTKFace/32_0_0_20170116210057148.jpg.chip.jpg,1,0,1,0,0,0,0,89.58928680419922,77.62723541259766,174.80117797851562,203.32786560058594
28_0_0_20170117144444595.jpg.chip.jpg,28,/Users/cipherxishant/Downloads/archive/UTKFace/28_0_0_20170117144444595.jpg.chip.jpg,1,0,1,0,0,0,0,79.63740539550781,70.08934783935547,166.87059020996094,184.09518432617188
3_1_2_20161219155614821.jpg.chip.jpg,3,/Users/cipherxishant/Downloads/archive/UTKFace/3_1_2_20161219155614821.jpg.chip.jpg,0,1,0,0,1,0,0,81.57779693603516,67.58197784423828,179.57933044433594,190.77328491210938
83_1_0_20170120225955850.jpg.chip.jpg,83,/Users/cipherxishant/Downloads/archive/UTKFace/83_1_0_20170120225955850.jpg.chip.jpg,0,1,1,0,0,0,0,77.90837860107422,60.76197052001953,173.22499084472656,179.153564453125
46_1_0_20170109220530862.jpg.chip.jpg,46,/Users/cipherxishant/Downloads/archive/UTKFace/46_1_0_20170109220530862.jpg.chip.jpg,0,1,1,0,0,0,0,82.73419189453125,71.00247192382812,174.17784118652344,195.36697387695312
2_1_4_20161221192821980.jpg.chip.jpg,2,/Users/cipherxishant/Downloads/archive/UTKFace/2_1_4_20161221192821980.jpg.chip.jpg,0,1,0,0,0,0,1,79.69390869140625,57.9286994934082,189.52239990234375,187.360595703125
58_0_0_20170109013804013.jpg.chip.jpg,58,/Users/cipherxishant/Downloads/archive/UTKFace/58_0_0_20170109013804013.jpg.chip.jpg,1,0,1,0,0,0,0,83.0433349609375,76.9850845336914,174.4251251220703,197.87982177734375
90_1_0_20170110182536477.jpg.chip.jpg,90,/Users/cipherxishant/Downloads/archive/UTKFace/90_1_0_20170110182536477.jpg.chip.jpg,0,1,1,0,0,0,0,79.56800842285156,61.6895637512207,170.35043334960938,194.1353302001953
55_0_1_20170116010914457.jpg.chip.jpg,55,/Users/cipherxishant/Downloads/archive/UTKFace/55_0_1_20170116010914457.jpg.chip.jpg,1,0,0,1,0,0,0,80.37675476074219,65.39202117919922,181.6865997314453,201.7315216064453
11_1_0_20170109203400684.jpg.chip.jpg,11,/Users/cipherxishant/Downloads/archive/UTKFace/11_1_0_20170109203400684.jpg.chip.jpg,0,1,1,0,0,0,0,81.14405059814453,66.33065795898438,175.09263610839844,198.47824096679688
20_1_0_20170117141338600.jpg.chip.jpg,20,/Users/cipherxishant/Downloads/archive/UTKFace/20_1_0_20170117141338600.jpg.chip.jpg,0,1,1,0,0,0,0,68.68545532226562,57.33661651611328,145.55238342285156,190.492919921875
62_1_0_20170110122421679.jpg.chip.jpg,62,/Users/cipherxishant/Downloads/archive/UTKFace/62_1_0_20170110122421679.jpg.chip.jpg,0,1,1,0,0,0,0,88.67634582519531,75.68208312988281,170.79498291015625,198.69825744628906
30_1_4_20170105165132148.jpg.chip.jpg,30,/Users/cipherxishant/Downloads/archive/UTKFace/30_1_4_20170105165132148.jpg.chip.jpg,0,1,0,0,0,0,1,84.08021545410156,71.91336059570312,165.34202575683594,198.9102783203125
26_1_3_20170104232510106.jpg.chip.jpg,26,/Users/cipherxishant/Downloads/archive/UTKFace/26_1_3_20170104232510106.jpg.chip.jpg,0,1,0,0,0,1,0,86.65315246582031,76.55181884765625,167.34323120117188,200.3205108642578
55_0_3_20170119171830808.jpg.chip.jpg,55,/Users/cipherxishant/Downloads/archive/UTKFace/55_0_3_20170119171830808.jpg.chip.jpg,1,0,0,0,0,1,0,78.03280639648438,68.09795379638672,163.0010986328125,205.27008056640625
53_0_0_20170104184207950.jpg.chip.jpg,53,/Users/cipherxishant/Downloads/archive/UTKFace/53_0_0_20170104184207950.jpg.chip.jpg,1,0,1,0,0,0,0,79.41730499267578,67.48225402832031,163.28240966796875,200.68292236328125
44_0_4_20170104001913293.jpg.chip.jpg,44,/Users/cipherxishant/Downloads/archive/UTKFace/44_0_4_20170104001913293.jpg.chip.jpg,1,0,0,0,0,0,1,72.75037384033203,63.041133880615234,158.05833435058594,194.06622314453125
29_1_2_20170107213800190.jpg.chip.jpg,29,/Users/cipherxishant/Downloads/archive/UTKFace/29_1_2_20170107213800190.jpg.chip.jpg,0,1,0,0,1,0,0,75.44791412353516,66.18318176269531,165.27488708496094,198.83128356933594
39_1_0_20170103183656003.jpg.chip.jpg,39,/Users/cipherxishant/Downloads/archive/UTKFace/39_1_0_20170103183656003.jpg.chip.jpg,0,1,1,0,0,0,0,87.5810775756836,77.32886505126953,175.7738800048828,201.35272216796875
18_0_0_20170110232448997.jpg.chip.jpg,18,/Users/cipherxishant/Downloads/archive/UTKFace/18_0_0_20170110232448997.jpg.chip.jpg,1,0,1,0,0,0,0,76.71870422363281,57.1205940246582,178.2320556640625,199.6129150390625
17_1_2_20161219190706307.jpg.chip.jpg,17,/Users/cipherxishant/Downloads/archive/UTKFace/17_1_2_20161219190706307.jpg.chip.jpg,0,1,0,0,1,0,0,76.70574951171875,59.15195083618164,170.7223358154297,178.6640625
20_0_1_20170113175209394.jpg.chip.jpg,20,/Users/cipherxishant/Downloads/archive/UTKFace/20_0_1_20170113175209394.jpg.chip.jpg,1,0,0,1,0,0,0,77.67098999023438,60.55770492553711,162.92054748535156,197.66749572753906
36_1_0_20170117183326086.jpg.chip.jpg,36,/Users/cipherxishant/Downloads/archive/UTKFace/36_1_0_20170117183326086.jpg.chip.jpg,0,1,1,0,0,0,0,88.03059387207031,76.66436004638672,171.60179138183594,203.94366455078125
6_1_2_20161219192319650.jpg.chip.jpg,6,/Users/cipherxishant/Downloads/archive/UTKFace/6_1_2_20161219192319650.jpg.chip.jpg,0,1,0,0,1,0,0,77.03018188476562,64.380126953125,172.31298828125,199.81117248535156
34_0_0_20170119200810940.jpg.chip.jpg,34,/Users/cipherxishant/Downloads/archive/UTKFace/34_0_0_20170119200810940.jpg.chip.jpg,1,0,1,0,0,0,0,72.96408081054688,61.81877517700195,156.2685089111328,198.7443389892578
85_1_0_20170110183134095.jpg.chip.jpg,85,/Users/cipherxishant/Downloads/archive/UTKFace/85_1_0_20170110183134095.jpg.chip.jpg,0,1,1,0,0,0,0,74.62344360351562,58.26268005371094,166.09133911132812,162.2363739013672
30_1_1_20170114031144413.jpg.chip.jpg,30,/Users/cipherxishant/Downloads/archive/UTKFace/30_1_1_20170114031144413.jpg.chip.jpg,0,1,0,1,0,0,0,84.5484619140625,73.2213363647461,166.16131591796875,198.84507751464844
3_0_3_20161219230550256.jpg.chip.jpg,3,/Users/cipherxishant/Downloads/archive/UTKFace/3_0_3_20161219230550256.jpg.chip.jpg,1,0,0,0,0,1,0,82.2701644897461,67.66564178466797,180.5947723388672,190.3577880859375
34_1_1_20170116173527974.jpg.chip.jpg,34,/Users/cipherxishant/Downloads/archive/UTKFace/34_1_1_20170116173527974.jpg.chip.jpg,0,1,0,1,0,0,0,73.04288482666016,59.14038848876953,154.37399291992188,204.04345703125
17_0_0_20170110232044494.jpg.chip.jpg,17,/Users/cipherxishant/Downloads/archive/UTKFace/17_0_0_20170110232044494.jpg.chip.jpg,1,0,1,0,0,0,0,82.50703430175781,70.81868743896484,174.39743041992188,202.32765197753906
25_0_0_20170117151851107.jpg.chip.jpg,25,/Users/cipherxishant/Downloads/archive/UTKFace/25_0_0_20170117151851107.jpg.chip.jpg,1,0,1,0,0,0,0,73.21192932128906,60.16555404663086,152.73355102539062,190.94256591796875
29_1_2_20170116172543850.jpg.chip.jpg,29,/Users/cipherxishant/Downloads/archive/UTKFace/29_1_2_20170116172543850.jpg.chip.jpg,0,1,0,0,1,0,0,70.73902130126953,57.60214614868164,153.91693115234375,190.93739318847656
31_1_1_20170112231537686.jpg.chip.jpg,31,/Users/cipherxishant/Downloads/archive/UTKFace/31_1_1_20170112231537686.jpg.chip.jpg,0,1,0,1,0,0,0,79.98489379882812,67.94176483154297,165.89132690429688,190.1184844970703
48_1_0_20170119205430280.jpg.chip.jpg,48,/Users/cipherxishant/Downloads/archive/UTKFace/48_1_0_20170119205430280.jpg.chip.jpg,0,1,1,0,0,0,0,80.00672912597656,66.61050415039062,163.11842346191406,199.09423828125
28_0_3_20170117020054178.jpg.chip.jpg,28,/Users/cipherxishant/Downloads/archive/UTKFace/28_0_3_20170117020054178.jpg.chip.jpg,1,0,0,0,0,1,0,77.247802734375,58.07093811035156,180.47544860839844,197.1608123779297
52_0_3_20170117190840617.jpg.chip.jpg,52,/Users/cipherxishant/Downloads/archive/UTKFace/52_0_3_20170117190840617.jpg.chip.jpg,1,0,0,0,0,1,0,76.89178466796875,67.3445053100586,169.22454833984375,192.48446655273438
43_1_0_20170109012420929.jpg.chip.jpg,43,/Users/cipherxishant/Downloads/archive/UTKFace/43_1_0_20170109012420929.jpg.chip.jpg,0,1,1,0,0,0,0,80.73043823242188,73.01724243164062,165.7756805419922,199.09445190429688
24_0_4_20170113151020448.jpg.chip.jpg,24,/Users/cipherxishant/Downloads/archive/UTKFace/24_0_4_20170113151020448.jpg.chip.jpg,1,0,0,0,0,0,1,73.1615219116211,60.9343376159668,154.87155151367188,185.70521545410156
73_1_0_20170120230335947.jpg.chip.jpg,73,/Users/cipherxishant/Downloads/archive/UTKFace/73_1_0_20170120230335947.jpg.chip.jpg,0,1,1,0,0,0,0,80.8199462890625,71.67122650146484,163.869140625,195.44577026367188
26_1_1_20170112230547118.jpg.chip.jpg,26,/Users/cipherxishant/Downloads/archive/UTKFace/26_1_1_20170112230547118.jpg.chip.jpg,0,1,0,1,0,0,0,68.65278625488281,54.60497283935547,157.57029724121094,190.9852752685547
25_0_0_20170117143546538.jpg.chip.jpg,25,/Users/cipherxishant/Downloads/archive/UTKFace/25_0_0_20170117143546538.jpg.chip.jpg,1,0,1,0,0,0,0,77.2525634765625,64.49049377441406,163.5808868408203,193.1840362548828
26_1_2_20170116180307033.jpg.chip.jpg,26,/Users/cipherxishant/Downloads/archive/UTKFace/26_1_2_20170116180307033.jpg.chip.jpg,0,1,0,0,1,0,0,81.29418182373047,70.17081451416016,166.78790283203125,200.0220489501953
18_1_0_20170109213935367.jpg.chip.jpg,18,/Users/cipherxishant/Downloads/archive/UTKFace/18_1_0_20170109213935367.jpg.chip.jpg,0,1,1,0,0,0,0,74.9164047241211,67.10610961914062,159.0703887939453,188.68316650390625
1_0_2_20161219204858548.jpg.chip.jpg,1,/Users/cipherxishant/Downloads/archive/UTKFace/1_0_2_20161219204858548.jpg.chip.jpg,1,0,0,0,1,0,0,84.20072937011719,68.81935119628906,188.5819091796875,183.59658813476562
35_1_1_20170117022217421.jpg.chip.jpg,35,/Users/cipherxishant/Downloads/archive/UTKFace/35_1_1_20170117022217421.jpg.chip.jpg,0,1,0,1,0,0,0,78.17803192138672,68.85195922851562,166.5989532470703,202.09312438964844
60_0_3_20170111203540060.jpg.chip.jpg,60,/Users/cipherxishant/Downloads/archive/UTKFace/60_0_3_20170111203540060.jpg.chip.jpg,1,0,0,0,0,1,0,76.1837387084961,62.17183303833008,171.75338745117188,193.8848876953125
16_1_2_20170109214552372.jpg.chip.jpg,16,/Users/cipherxishant/Downloads/archive/UTKFace/16_1_2_20170109214552372.jpg.chip.jpg,0,1,0,0,1,0,0,74.95391845703125,71.27288055419922,159.91183471679688,198.2537841796875
22_1_1_20170112230542227.jpg.chip.jpg,22,/Users/cipherxishant/Downloads/archive/UTKFace/22_1_1_20170112230542227.jpg.chip.jpg,0,1,0,1,0,0,0,72.79399871826172,57.45198059082031,163.89834594726562,190.85699462890625
49_0_0_20170117135230645.jpg.chip.jpg,49,/Users/cipherxishant/Downloads/archive/UTKFace/49_0_0_20170117135230645.jpg.chip.jpg,1,0,1,0,0,0,0,86.27565002441406,76.93766021728516,181.82736206054688,203.46994018554688
16_0_0_20170110231529568.jpg.chip.jpg,16,/Users/cipherxishant/Downloads/archive/UTKFace/16_0_0_20170110231529568.jpg.chip.jpg,1,0,1,0,0,0,0,68.80488586425781,60.567039489746094,154.78147888183594,187.71682739257812
40_0_0_20170117171106050.jpg.chip.jpg,40,/Users/cipherxishant/Downloads/archive/UTKFace/40_0_0_20170117171106050.jpg.chip.jpg,1,0,1,0,0,0,0,75.25082397460938,54.7191276550293,173.32955932617188,181.1627655029297
54_0_3_20170119210005473.jpg.chip.jpg,54,/Users/cipherxishant/Downloads/archive/UTKFace/54_0_3_20170119210005473.jpg.chip.jpg,1,0,0,0,0,1,0,91.04067993164062,81.13459777832031,175.40457153320312,204.4991455078125
47_0_2_20170116184935713.jpg.chip.jpg,47,/Users/cipherxishant/Downloads/archive/UTKFace/47_0_2_20170116184935713.jpg.chip.jpg,1,0,0,0,1,0,0,72.81996154785156,61.378910064697266,153.7739715576172,183.5366973876953
80_0_0_20170111210305500.jpg.chip.jpg,80,/Users/cipherxishant/Downloads/archive/UTKFace/80_0_0_20170111210305500.jpg.chip.jpg,1,0,1,0,0,0,0,76.19892883300781,58.102230072021484,157.60768127441406,192.2723388671875
16_1_0_20170109214444528.jpg.chip.jpg,16,/Users/cipherxishant/Downloads/archive/UTKFace/16_1_0_20170109214444528.jpg.chip.jpg,0,1,1,0,0,0,0,76.3243408203125,69.32768249511719,160.37208557128906,202.80514526367188
26_0_3_20170104214448709.jpg.chip.jpg,26,/Users/cipherxishant/Downloads/archive/UTKFace/26_0_3_20170104214448709.jpg.chip.jpg,1,0,0,0,0,1,0,84.00717163085938,70.61371612548828,171.31813049316406,210.0869140625
19_1_1_20170113012937783.jpg.chip.jpg,19,/Users/cipherxishant/Downloads/archive/UTKFace/19_1_1_20170113012937783.jpg.chip.jpg,0,1,0,1,0,0,0,73.32534790039062,59.0446662902832,158.50892639160156,186.7693328857422
17_0_0_20170110231605793.jpg.chip.jpg,17,/Users/cipherxishant/Downloads/archive/UTKFace/17_0_0_20170110231605793.jpg.chip.jpg,1,0,1,0,0,0,0,73.90654754638672,61.916847229003906,160.74839782714844,192.65350341796875
2_1_2_20161219161900526.jpg.chip.jpg,2,/Users/cipherxishant/Downloads/archive/UTKFace/2_1_2_20161219161900526.jpg.chip.jpg,0,1,0,0,1,0,0,83.27725982666016,65.05933380126953,191.66905212402344,189.80386352539062
20_1_0_20170114031424981.jpg.chip.jpg,20,/Users/cipherxishant/Downloads/archive/UTKFace/20_1_0_20170114031424981.jpg.chip.jpg,0,1,1,0,0,0,0,88.10643768310547,74.77413177490234,166.16348266601562,200.30276489257812
18_0_0_20170110231703804.jpg.chip.jpg,18,/Users/cipherxishant/Downloads/archive/UTKFace/18_0_0_20170110231703804.jpg.chip.jpg,1,0,1,0,0,0,0,78.3812484741211,68.3876953125,164.76889038085938,201.33909606933594
31_0_1_20170113142511604.jpg.chip.jpg,31,/Users/cipherxishant/Downloads/archive/UTKFace/31_0_1_20170113142511604.jpg.chip.jpg,1,0,0,1,0,0,0,81.93840789794922,67.17276000976562,164.83282470703125,189.4246368408203
12_0_0_20170110215739155.jpg.chip.jpg,12,/Users/cipherxishant/Downloads/archive/UTKFace/12_0_0_20170110215739155.jpg.chip.jpg,1,0,1,0,0,0,0,76.00083923339844,65.54576110839844,162.9954833984375,183.41558837890625
30_0_1_20170113155013364.jpg.chip.jpg,30,/Users/cipherxishant/Downloads/archive/UTKFace/30_0_1_20170113155013364.jpg.chip.jpg,1,0,0,1,0,0,0,81.10762786865234,68.49132537841797,165.20816040039062,194.96475219726562
35_0_0_20170117184839855.jpg.chip.jpg,35,/Users/cipherxishant/Downloads/archive/UTKFace/35_0_0_20170117184839855.jpg.chip.jpg,1,0,1,0,0,0,0,82.41095733642578,68.79156494140625,181.87644958496094,201.71925354003906
29_1_4_20170103181529824.jpg.chip.jpg,29,/Users/cipherxishant/Downloads/archive/UTKFace/29_1_4_20170103181529824.jpg.chip.jpg,0,1,0,0,0,0,1,85.72157287597656,74.61299896240234,171.67526245117188,208.38258361816406
64_0_0_20170111203901318.jpg.chip.jpg,64,/Users/cipherxishant/Downloads/archive/UTKFace/64_0_0_20170111203901318.jpg.chip.jpg,1,0,1,0,0,0,0,79.82880401611328,64.31361389160156,183.040771484375,199.54856872558594
50_0_0_20170104210147596.jpg.chip.jpg,50,/Users/cipherxishant/Downloads/archive/UTKFace/50_0_0_20170104210147596.jpg.chip.jpg,1,0,1,0,0,0,0,81.11233520507812,72.96643829345703,172.808349609375,193.1299591064453
67_0_1_20170117143308243.jpg.chip.jpg,67,/Users/cipherxishant/Downloads/archive/UTKFace/67_0_1_20170117143308243.jpg.chip.jpg,1,0,0,1,0,0,0,77.65047454833984,66.99127960205078,163.4977264404297,185.38619995117188
24_0_4_20161219192105922.jpg.chip.jpg,24,/Users/cipherxishant/Downloads/archive/UTKFace/24_0_4_20161219192105922.jpg.chip.jpg,1,0,0,0,0,0,1,76.34246063232422,67.1546859741211,163.79869079589844,196.95468139648438
40_0_4_20170103235124292.jpg.chip.jpg,40,/Users/cipherxishant/Downloads/archive/UTKFace/40_0_4_20170103235124292.jpg.chip.jpg,1,0,0,0,0,0,1,79.12318420410156,69.78897857666016,170.55494689941406,194.48439025878906
36_0_4_20170117140440824.jpg.chip.jpg,36,/Users/cipherxishant/Downloads/archive/UTKFace/36_0_4_20170117140440824.jpg.chip.jpg,1,0,0,0,0,0,1,77.73367309570312,62.11580276489258,159.4584197998047,200.97811889648438
28_1_0_20170116223114979.jpg.chip.jpg,28,/Users/cipherxishant/Downloads/archive/UTKFace/28_1_0_20170116223114979.jpg.chip.jpg,0,1,1,0,0,0,0,81.19178009033203,67.79068756103516,168.63778686523438,200.72503662109375
42_0_0_20170113184535624.jpg.chip.jpg,42,/Users/cipherxishant/Downloads/archive/UTKFace/42_0_0_20170113184535624.jpg.chip.jpg,1,0,1,0,0,0,0,79.96553039550781,68.76686096191406,175.06057739257812,189.36265563964844
26_1_1_20170116232808475.jpg.chip.jpg,26,/Users/cipherxishant/Downloads/archive/UTKFace/26_1_1_20170116232808475.jpg.chip.jpg,0,1,0,1,0,0,0,76.91126251220703,75.72237396240234,160.41070556640625,200.3084716796875
26_1_2_20170116184147278.jpg.chip.jpg,26,/Users/cipherxishant/Downloads/archive/UTKFace/26_1_2_20170116184147278.jpg.chip.jpg,0,1,0,0,1,0,0,76.40680694580078,66.18038940429688,158.60617065429688,205.43170166015625
21_1_1_20170113005832318.jpg.chip.jpg,21,/Users/cipherxishant/Downloads/archive/UTKFace/21_1_1_20170113005832318.jpg.chip.jpg,0,1,0,1,0,0,0,61.57915115356445,48.33237075805664,118.9721908569336,186.63169860839844
69_0_0_20170104184543900.jpg.chip.jpg,69,/Users/cipherxishant/Downloads/archive/UTKFace/69_0_0_20170104184543900.jpg.chip.jpg,1,0,1,0,0,0,0,77.17000579833984,62.69438171386719,164.67303466796875,195.82061767578125
35_1_0_20170117191606659.jpg.chip.jpg,35,/Users/cipherxishant/Downloads/archive/UTKFace/35_1_0_20170117191606659.jpg.chip.jpg,0,1,1,0,0,0,0,79.3310317993164,66.91374206542969,168.5152587890625,199.1591339111328
37_1_0_20170103175351545.jpg.chip.jpg,37,/Users/cipherxishant/Downloads/archive/UTKFace/37_1_0_20170103175351545.jpg.chip.jpg,0,1,1,0,0,0,0,77.91556549072266,63.62487030029297,168.60415649414062,195.71954345703125
30_0_0_20170104201747498.jpg.chip.jpg,30,/Users/cipherxishant/Downloads/archive/UTKFace/30_0_0_20170104201747498.jpg.chip.jpg,1,0,1,0,0,0,0,85.92993927001953,76.44348907470703,172.3965606689453,206.60638427734375
16_1_0_20170109214013596.jpg.chip.jpg,16,/Users/cipherxishant/Downloads/archive/UTKFace/16_1_0_20170109214013596.jpg.chip.jpg,0,1,1,0,0,0,0,74.05933380126953,63.30331802368164,161.09527587890625,186.8220672607422
8_0_0_20170110225358551.jpg.chip.jpg,8,/Users/cipherxishant/Downloads/archive/UTKFace/8_0_0_20170110225358551.jpg.chip.jpg,1,0,1,0,0,0,0,75.7889404296875,56.773216247558594,178.62460327148438,188.0559539794922
3_0_0_20161219161157166.jpg.chip.jpg,3,/Users/cipherxishant/Downloads/archive/UTKFace/3_0_0_20161219161157166.jpg.chip.jpg,1,0,1,0,0,0,0,70.84190368652344,54.1112060546875,157.8414306640625,193.9936065673828
35_1_1_20170113005402981.jpg.chip.jpg,35,/Users/cipherxishant/Downloads/archive/UTKFace/35_1_1_20170113005402981.jpg.chip.jpg,0,1,0,1,0,0,0,69.389404296875,51.748939514160156,156.6006317138672,178.60728454589844
53_0_0_20170104213317911.jpg.chip.jpg,53,/Users/cipherxishant/Downloads/archive/UTKFace/53_0_0_20170104213317911.jpg.chip.jpg,1,0,1,0,0,0,0,78.22220611572266,65.73223876953125,168.04978942871094,197.57684326171875
61_1_0_20170117204812272.jpg.chip.jpg,61,/Users/cipherxishant/Downloads/archive/UTKFace/61_1_0_20170117204812272.jpg.chip.jpg,0,1,1,0,0,0,0,83.21600341796875,73.51799774169922,172.75961303710938,203.03919982910156
36_0_1_20170117163449077.jpg.chip.jpg,36,/Users/cipherxishant/Downloads/archive/UTKFace/36_0_1_20170117163449077.jpg.chip.jpg,1,0,0,1,0,0,0,77.67357635498047,67.02220153808594,173.42242431640625,194.9437255859375
23_1_0_20170103180451856.jpg.chip.jpg,23,/Users/cipherxishant/Downloads/archive/UTKFace/23_1_0_20170103180451856.jpg.chip.jpg,0,1,1,0,0,0,0,80.29094696044922,61.104373931884766,181.84597778320312,194.25355529785156
42_0_2_20170104204819596.jpg.chip.jpg,42,/Users/cipherxishant/Downloads/archive/UTKFace/42_0_2_20170104204819596.jpg.chip.jpg,1,0,0,0,1,0,0,86.87440490722656,75.05830383300781,168.9022216796875,199.0230255126953
53_1_0_20170117163708786.jpg.chip.jpg,53,/Users/cipherxishant/Downloads/archive/UTKFace/53_1_0_20170117163708786.jpg.chip.jpg,0,1,1,0,0,0,0,84.52790832519531,74.60787963867188,159.94418334960938,199.8166046142578
2_0_4_20170103204813658.jpg.chip.jpg,2,/Users/cipherxishant/Downloads/archive/UTKFace/2_0_4_20170103204813658.jpg.chip.jpg,1,0,0,0,0,0,1,85.09260559082031,74.48018646240234,182.26962280273438,188.19601440429688
5_0_2_20161219192232922.jpg.chip.jpg,5,/Users/cipherxishant/Downloads/archive/UTKFace/5_0_2_20161219192232922.jpg.chip.jpg,1,0,0,0,1,0,0,69.287353515625,50.714168548583984,170.9596405029297,180.0309600830078
72_0_0_20170111210618013.jpg.chip.jpg,72,/Users/cipherxishant/Downloads/archive/UTKFace/72_0_0_20170111210618013.jpg.chip.jpg,1,0,1,0,0,0,0,69.99749755859375,55.63444137573242,158.68006896972656,188.65928649902344
45_0_0_20170117135550944.jpg.chip.jpg,45,/Users/cipherxishant/Downloads/archive/UTKFace/45_0_0_20170117135550944.jpg.chip.jpg,1,0,1,0,0,0,0,81.51367950439453,69.86505889892578,169.22364807128906,202.90110778808594
35_0_0_20170117190124521.jpg.chip.jpg,35,/Users/cipherxishant/Downloads/archive/UTKFace/35_0_0_20170117190124521.jpg.chip.jpg,1,0,1,0,0,0,0,80.50248718261719,61.78687286376953,186.5887451171875,201.12355041503906
35_1_1_20170117154240728.jpg.chip.jpg,35,/Users/cipherxishant/Downloads/archive/UTKFace/35_1_1_20170117154240728.jpg.chip.jpg,0,1,0,1,0,0,0,74.31202697753906,56.48756790161133,164.56141662597656,195.03756713867188
34_0_0_20170103182639105.jpg.chip.jpg,34,/Users/cipherxishant/Downloads/archive/UTKFace/34_0_0_20170103182639105.jpg.chip.jpg,1,0,1,0,0,0,0,82.51063537597656,72.171875,174.87619018554688,206.14093017578125
25_0_3_20170117135144679.jpg.chip.jpg,25,/Users/cipherxishant/Downloads/archive/UTKFace/25_0_3_20170117135144679.jpg.chip.jpg,1,0,0,0,0,1,0,80.14608001708984,66.91643524169922,173.16258239746094,200.31390380859375
71_1_3_20170109132543649.jpg.chip.jpg,71,/Users/cipherxishant/Downloads/archive/UTKFace/71_1_3_20170109132543649.jpg.chip.jpg,0,1,0,0,0,1,0,69.44327545166016,57.584468841552734,157.1007537841797,189.2476806640625
28_0_1_20170113134134481.jpg.chip.jpg,28,/Users/cipherxishant/Downloads/archive/UTKFace/28_0_1_20170113134134481.jpg.chip.jpg,1,0,0,1,0,0,0,77.4062728881836,64.78944396972656,161.59588623046875,182.5863037109375
29_1_1_20170116162458302.jpg.chip.jpg,29,/Users/cipherxishant/Downloads/archive/UTKFace/29_1_1_20170116162458302.jpg.chip.jpg,0,1,0,1,0,0,0,80.270751953125,72.17037200927734,163.96604919433594,203.80294799804688
30_1_2_20170116191305000.jpg.chip.jpg,30,/Users/cipherxishant/Downloads/archive/UTKFace/30_1_2_20170116191305000.jpg.chip.jpg,0,1,0,0,1,0,0,70.98697662353516,53.18358612060547,153.57693481445312,196.40081787109375
31_0_0_20170117012336960.jpg.chip.jpg,31,/Users/cipherxishant/Downloads/archive/UTKFace/31_0_0_20170117012336960.jpg.chip.jpg,1,0,1,0,0,0,0,85.15895080566406,74.37161254882812,171.9259490966797,203.3296356201172
26_0_0_20170116180418155.jpg.chip.jpg,26,/Users/cipherxishant/Downloads/archive/UTKFace/26_0_0_20170116180418155.jpg.chip.jpg,1,0,1,0,0,0,0,75.7605209350586,64.28106689453125,164.4772491455078,194.16452026367188
41_1_0_20170105001044524.jpg.chip.jpg,41,/Users/cipherxishant/Downloads/archive/UTKFace/41_1_0_20170105001044524.jpg.chip.jpg,0,1,1,0,0,0,0,77.50891876220703,65.0421371459961,167.65122985839844,196.62950134277344
54_0_0_20170104184945414.jpg.chip.jpg,54,/Users/cipherxishant/Downloads/archive/UTKFace/54_0_0_20170104184945414.jpg.chip.jpg,1,0,1,0,0,0,0,82.19442749023438,73.57003021240234,176.08885192871094,200.92697143554688
32_1_2_20170116192346285.jpg.chip.jpg,32,/Users/cipherxishant/Downloads/archive/UTKFace/32_1_2_20170116192346285.jpg.chip.jpg,0,1,0,0,1,0,0,72.88170623779297,52.82945251464844,169.92893981933594,180.2408447265625
60_1_0_20170110122544644.jpg.chip.jpg,60,/Users/cipherxishant/Downloads/archive/UTKFace/60_1_0_20170110122544644.jpg.chip.jpg,0,1,1,0,0,0,0,72.18428802490234,62.46281051635742,154.815673828125,196.9391632080078
26_0_0_20170117171702618.jpg.chip.jpg,26,/Users/cipherxishant/Downloads/archive/UTKFace/26_0_0_20170117171702618.jpg.chip.jpg,1,0,1,0,0,0,0,69.3171157836914,55.44340896606445,156.33718872070312,201.47816467285156
46_0_0_20170104205716579.jpg.chip.jpg,46,/Users/cipherxishant/Downloads/archive/UTKFace/46_0_0_20170104205716579.jpg.chip.jpg,1,0,1,0,0,0,0,82.22599029541016,71.3848876953125,178.1244659423828,202.9762725830078
68_1_0_20170110132430273.jpg.chip.jpg,68,/Users/cipherxishant/Downloads/archive/UTKFace/68_1_0_20170110132430273.jpg.chip.jpg,0,1,1,0,0,0,0,85.91604614257812,80.41625213623047,179.9785919189453,201.66220092773438
26_0_2_20170116182621915.jpg.chip.jpg,26,/Users/cipherxishant/Downloads/archive/UTKFace/26_0_2_20170116182621915.jpg.chip.jpg,1,0,0,0,1,0,0,84.300048828125,69.13945770263672,179.6579132080078,199.26536560058594
43_0_0_20170120222409079.jpg.chip.jpg,43,/Users/cipherxishant/Downloads/archive/UTKFace/43_0_0_20170120222409079.jpg.chip.jpg,1,0,1,0,0,0,0,69.20557403564453,56.59117126464844,147.1939239501953,182.8699493408203
25_0_4_20170117151632205.jpg.chip.jpg,25,/Users/cipherxishant/Downloads/archive/UTKFace/25_0_4_20170117151632205.jpg.chip.jpg,1,0,0,0,0,0,1,69.13983154296875,48.66929244995117,161.96429443359375,203.3356475830078
4_1_1_20170109194638149.jpg.chip.jpg,4,/Users/cipherxishant/Downloads/archive/UTKFace/4_1_1_20170109194638149.jpg.chip.jpg,0,1,0,1,0,0,0,79.06761932373047,64.85957336425781,163.86203002929688,188.5784912109375
2_0_4_20161221192937540.jpg.chip.jpg,2,/Users/cipherxishant/Downloads/archive/UTKFace/2_0_4_20161221192937540.jpg.chip.jpg,1,0,0,0,0,0,1,87.12297058105469,74.3574447631836,177.4024658203125,198.58383178710938
27_1_2_20170104021735596.jpg.chip.jpg,27,/Users/cipherxishant/Downloads/archive/UTKFace/27_1_2_20170104021735596.jpg.chip.jpg,0,1,0,0,1,0,0,71.79391479492188,58.054847717285156,150.82159423828125,185.02227783203125
26_1_2_20170116184448240.jpg.chip.jpg,26,/Users/cipherxishant/Downloads/archive/UTKFace/26_1_2_20170116184448240.jpg.chip.jpg,0,1,0,0,1,0,0,80.88330841064453,68.33123016357422,161.0347137451172,198.51727294921875
31_1_1_20170113002013869.jpg.chip.jpg,31,/Users/cipherxishant/Downloads/archive/UTKFace/31_1_1_20170113002013869.jpg.chip.jpg,0,1,0,1,0,0,0,75.02628326416016,63.57169723510742,158.6263885498047,192.85232543945312
29_0_1_20170116214326195.jpg.chip.jpg,29,/Users/cipherxishant/Downloads/archive/UTKFace/29_0_1_20170116214326195.jpg.chip.jpg,1,0,0,1,0,0,0,74.85398864746094,53.65101623535156,175.03480529785156,179.08468627929688
53_1_0_20170110160643313.jpg.chip.jpg,53,/Users/cipherxishant/Downloads/archive/UTKFace/53_1_0_20170110160643313.jpg.chip.jpg,0,1,1,0,0,0,0,74.27442932128906,59.8787956237793,158.9793701171875,189.21156311035156
40_0_3_20170117125801143.jpg.chip.jpg,40,/Users/cipherxishant/Downloads/archive/UTKFace/40_0_3_20170117125801143.jpg.chip.jpg,1,0,0,0,0,1,0,77.56529235839844,66.47402954101562,163.99232482910156,190.40672302246094
45_0_2_20170116163531048.jpg.chip.jpg,45,/Users/cipherxishant/Downloads/archive/UTKFace/45_0_2_20170116163531048.jpg.chip.jpg,1,0,0,0,1,0,0,78.3914794921875,65.4143295288086,165.08148193359375,199.38140869140625
74_1_2_20170105174904109.jpg.chip.jpg,74,/Users/cipherxishant/Downloads/archive/UTKFace/74_1_2_20170105174904109.jpg.chip.jpg,0,1,0,0,1,0,0,78.62580871582031,66.4014892578125,157.96087646484375,189.37982177734375
56_0_3_20170113182258142.jpg.chip.jpg,56,/Users/cipherxishant/Downloads/archive/UTKFace/56_0_3_20170113182258142.jpg.chip.jpg,1,0,0,0,0,1,0,88.85672760009766,78.29456329345703,193.56629943847656,204.4676971435547
54_0_0_20170117171442259.jpg.chip.jpg,54,/Users/cipherxishant/Downloads/archive/UTKFace/54_0_0_20170117171442259.jpg.chip.jpg,1,0,1,0,0,0,0,76.6649398803711,73.22016906738281,157.91806030273438,202.68885803222656
65_0_2_20170112205504482.jpg.chip.jpg,65,/Users/cipherxishant/Downloads/archive/UTKFace/65_0_2_20170112205504482.jpg.chip.jpg,1,0,0,0,1,0,0,69.53349304199219,59.08248519897461,149.628662109375,188.9573516845703
5_1_2_20161219151834275.jpg.chip.jpg,5,/Users/cipherxishant/Downloads/archive/UTKFace/5_1_2_20161219151834275.jpg.chip.jpg,0,1,0,0,1,0,0,73.97967529296875,50.663902282714844,175.39263916015625,178.2835235595703
75_0_0_20170111204138781.jpg.chip.jpg,75,/Users/cipherxishant/Downloads/archive/UTKFace/75_0_0_20170111204138781.jpg.chip.jpg,1,0,1,0,0,0,0,80.42787170410156,58.852577209472656,186.2085723876953,185.09275817871094
26_1_2_20170116184042449.jpg.chip.jpg,26,/Users/cipherxishant/Downloads/archive/UTKFace/26_1_2_20170116184042449.jpg.chip.jpg,0,1,0,0,1,0,0,72.50300598144531,53.381534576416016,161.80072021484375,189.5677032470703
1_1_0_20161219202919508.jpg.chip.jpg,1,/Users/cipherxishant/Downloads/archive/UTKFace/1_1_0_20161219202919508.jpg.chip.jpg,0,1,1,0,0,0,0,81.14812469482422,64.24248504638672,189.59938049316406,188.57908630371094
40_1_1_20170117171222293.jpg.chip.jpg,40,/Users/cipherxishant/Downloads/archive/UTKFace/40_1_1_20170117171222293.jpg.chip.jpg,0,1,0,1,0,0,0,83.5568618774414,70.8182373046875,183.0045166015625,202.9345703125
30_1_1_20170112215105568.jpg.chip.jpg,30,/Users/cipherxishant/Downloads/archive/UTKFace/30_1_1_20170112215105568.jpg.chip.jpg,0,1,0,1,0,0,0,80.58403778076172,67.26048278808594,163.18637084960938,188.90415954589844
18_1_4_20170109212430115.jpg.chip.jpg,18,/Users/cipherxishant/Downloads/archive/UTKFace/18_1_4_20170109212430115.jpg.chip.jpg,0,1,0,0,0,0,1,74.02327728271484,67.64916229248047,163.39682006835938,198.69129943847656
31_0_1_20170113134750410.jpg.chip.jpg,31,/Users/cipherxishant/Downloads/archive/UTKFace/31_0_1_20170113134750410.jpg.chip.jpg,1,0,0,1,0,0,0,72.9258041381836,54.70979309082031,164.1518096923828,208.9710235595703
22_0_1_20170113133303935.jpg.chip.jpg,22,/Users/cipherxishant/Downloads/archive/UTKFace/22_0_1_20170113133303935.jpg.chip.jpg,1,0,0,1,0,0,0,69.97476196289062,56.104331970214844,149.6002197265625,187.87152099609375
39_0_3_20170119203753135.jpg.chip.jpg,39,/Users/cipherxishant/Downloads/archive/UTKFace/39_0_3_20170119203753135.jpg.chip.jpg,1,0,0,0,0,1,0,84.07039642333984,71.84575653076172,189.7791748046875,192.86363220214844
35_0_0_20170117175724098.jpg.chip.jpg,35,/Users/cipherxishant/Downloads/archive/UTKFace/35_0_0_20170117175724098.jpg.chip.jpg,1,0,1,0,0,0,0,68.48392486572266,56.637611389160156,150.96697998046875,189.70681762695312
29_0_2_20170116192725270.jpg.chip.jpg,29,/Users/cipherxishant/Downloads/archive/UTKFace/29_0_2_20170116192725270.jpg.chip.jpg,1,0,0,0,1,0,0,69.57913970947266,55.72431182861328,160.96820068359375,192.47183227539062
37_0_0_20170105172702509.jpg.chip.jpg,37,/Users/cipherxishant/Downloads/archive/UTKFace/37_0_0_20170105172702509.jpg.chip.jpg,1,0,1,0,0,0,0,78.39662170410156,64.02297973632812,166.86770629882812,204.6668701171875
36_0_3_20170119201915606.jpg.chip.jpg,36,/Users/cipherxishant/Downloads/archive/UTKFace/36_0_3_20170119201915606.jpg.chip.jpg,1,0,0,0,0,1,0,79.29373931884766,67.26214599609375,176.76612854003906,194.9871368408203
10_0_0_20170110225013755.jpg.chip.jpg,10,/Users/cipherxishant/Downloads/archive/UTKFace/10_0_0_20170110225013755.jpg.chip.jpg,1,0,1,0,0,0,0,83.17053985595703,68.83737182617188,184.09217834472656,197.92376708984375
24_1_0_20170116000527997.jpg.chip.jpg,24,/Users/cipherxishant/Downloads/archive/UTKFace/24_1_0_20170116000527997.jpg.chip.jpg,0,1,1,0,0,0,0,77.0501937866211,64.80783081054688,148.33364868164062,202.44517517089844
52_0_0_20170109004806666.jpg.chip.jpg,52,/Users/cipherxishant/Downloads/archive/UTKFace/52_0_0_20170109004806666.jpg.chip.jpg,1,0,1,0,0,0,0,83.46089935302734,72.72267150878906,168.31759643554688,204.1961212158203
14_1_0_20170109203405475.jpg.chip.jpg,14,/Users/cipherxishant/Downloads/archive/UTKFace/14_1_0_20170109203405475.jpg.chip.jpg,0,1,1,0,0,0,0,78.79795837402344,65.92925262451172,163.34068298339844,183.4622344970703
2_0_4_20170103210801579.jpg.chip.jpg,2,/Users/cipherxishant/Downloads/archive/UTKFace/2_0_4_20170103210801579.jpg.chip.jpg,1,0,0,0,0,0,1,84.05265045166016,68.39674377441406,191.34217834472656,190.51393127441406
26_0_3_20170119184256959.jpg.chip.jpg,26,/Users/cipherxishant/Downloads/archive/UTKFace/26_0_3_20170119184256959.jpg.chip.jpg,1,0,0,0,0,1,0,80.37606048583984,69.72775268554688,172.1807861328125,197.62635803222656
26_1_1_20170116171052794.jpg.chip.jpg,26,/Users/cipherxishant/Downloads/archive/UTKFace/26_1_1_20170116171052794.jpg.chip.jpg,0,1,0,1,0,0,0,70.0933837890625,50.528987884521484,157.15396118164062,198.36607360839844
1_1_2_20161219221154447.jpg.chip.jpg,1,/Users/cipherxishant/Downloads/archive/UTKFace/1_1_2_20161219221154447.jpg.chip.jpg,0,1,0,0,1,0,0,83.62188720703125,60.894989013671875,193.92343139648438,187.31336975097656
1_1_0_20170109190938491.jpg.chip.jpg,1,/Users/cipherxishant/Downloads/archive/UTKFace/1_1_0_20170109190938491.jpg.chip.jpg,0,1,1,0,0,0,0,84.57481384277344,71.1333999633789,189.49134826660156,197.06163024902344
35_0_1_20170116201954407.jpg.chip.jpg,35,/Users/cipherxishant/Downloads/archive/UTKFace/35_0_1_20170116201954407.jpg.chip.jpg,1,0,0,1,0,0,0,83.15393829345703,78.39006805419922,176.10142517089844,201.54563903808594
58_0_0_20170104212025853.jpg.chip.jpg,58,/Users/cipherxishant/Downloads/archive/UTKFace/58_0_0_20170104212025853.jpg.chip.jpg,1,0,1,0,0,0,0,76.85316467285156,67.23114776611328,162.45249938964844,184.45166015625
28_1_0_20170105184006661.jpg.chip.jpg,28,/Users/cipherxishant/Downloads/archive/UTKFace/28_1_0_20170105184006661.jpg.chip.jpg,0,1,1,0,0,0,0,90.38937377929688,80.35554504394531,180.36387634277344,197.4935302734375
42_1_0_20170104174238714.jpg.chip.jpg,42,/Users/cipherxishant/Downloads/archive/UTKFace/42_1_0_20170104174238714.jpg.chip.jpg,0,1,1,0,0,0,0,81.44709014892578,71.43936157226562,172.91712951660156,198.49221801757812
25_1_2_20170104022753590.jpg.chip.jpg,25,/Users/cipherxishant/Downloads/archive/UTKFace/25_1_2_20170104022753590.jpg.chip.jpg,0,1,0,0,1,0,0,80.6849136352539,71.03437805175781,168.34405517578125,192.22915649414062
26_1_2_20170116182203278.jpg.chip.jpg,26,/Users/cipherxishant/Downloads/archive/UTKFace/26_1_2_20170116182203278.jpg.chip.jpg,0,1,0,0,1,0,0,68.31773376464844,53.778507232666016,158.34136962890625,175.77586364746094
2_0_0_20161219154439741.jpg.chip.jpg,2,/Users/cipherxishant/Downloads/archive/UTKFace/2_0_0_20161219154439741.jpg.chip.jpg,1,0,1,0,0,0,0,83.75540161132812,63.59965515136719,185.2833709716797,183.85958862304688
34_1_1_20170114033315738.jpg.chip.jpg,34,/Users/cipherxishant/Downloads/archive/UTKFace/34_1_1_20170114033315738.jpg.chip.jpg,0,1,0,1,0,0,0,73.65528869628906,62.62272644042969,158.89581298828125,189.3076171875
65_1_0_20170110182826116.jpg.chip.jpg,65,/Users/cipherxishant/Downloads/archive/UTKFace/65_1_0_20170110182826116.jpg.chip.jpg,0,1,1,0,0,0,0,76.0284423828125,55.684104919433594,173.09555053710938,191.0820770263672
38_0_0_20170116193939412.jpg.chip.jpg,38,/Users/cipherxishant/Downloads/archive/UTKFace/38_0_0_20170116193939412.jpg.chip.jpg,1,0,1,0,0,0,0,63.71894073486328,53.23411178588867,154.050537109375,197.6270294189453
1_0_2_20161219194811588.jpg.chip.jpg,1,/Users/cipherxishant/Downloads/archive/UTKFace/1_0_2_20161219194811588.jpg.chip.jpg,1,0,0,0,1,0,0,78.48506164550781,59.40840530395508,189.0615692138672,180.4491424560547
26_0_1_20170116210358725.jpg.chip.jpg,26,/Users/cipherxishant/Downloads/archive/UTKFace/26_0_1_20170116210358725.jpg.chip.jpg,1,0,0,1,0,0,0,73.00089263916016,59.4457893371582,154.87908935546875,187.60548400878906
8_1_2_20161219153017828.jpg.chip.jpg,8,/Users/cipherxishant/Downloads/archive/UTKFace/8_1_2_20161219153017828.jpg.chip.jpg,0,1,0,0,1,0,0,66.41215515136719,51.75282669067383,151.3084716796875,179.84866333007812
1_0_2_20161219200052700.jpg.chip.jpg,1,/Users/cipherxishant/Downloads/archive/UTKFace/1_0_2_20161219200052700.jpg.chip.jpg,1,0,0,0,1,0,0,76.83181762695312,55.72066116333008,180.2301483154297,181.6710968017578
47_0_0_20170105173009578.jpg.chip.jpg,47,/Users/cipherxishant/Downloads/archive/UTKFace/47_0_0_20170105173009578.jpg.chip.jpg,1,0,1,0,0,0,0,72.14569854736328,62.60736083984375,163.1770477294922,203.45440673828125
24_0_3_20170117145631891.jpg.chip.jpg,24,/Users/cipherxishant/Downloads/archive/UTKFace/24_0_3_20170117145631891.jpg.chip.jpg,1,0,0,0,0,1,0,83.07733917236328,71.61373901367188,180.96449279785156,200.54808044433594
54_0_0_20170104205516571.jpg.chip.jpg,54,/Users/cipherxishant/Downloads/archive/UTKFace/54_0_0_20170104205516571.jpg.chip.jpg,1,0,1,0,0,0,0,75.79545593261719,60.07344436645508,170.2382049560547,187.1275177001953
37_0_2_20170104023143430.jpg.chip.jpg,37,/Users/cipherxishant/Downloads/archive/UTKFace/37_0_2_20170104023143430.jpg.chip.jpg,1,0,0,0,1,0,0,75.94989013671875,64.06283569335938,161.83978271484375,194.21131896972656
62_0_1_20170113182552751.jpg.chip.jpg,62,/Users/cipherxishant/Downloads/archive/UTKFace/62_0_1_20170113182552751.jpg.chip.jpg,1,0,0,1,0,0,0,80.35586547851562,69.47377014160156,171.73428344726562,198.54290771484375
1_0_0_20161219192713491.jpg.chip.jpg,1,/Users/cipherxishant/Downloads/archive/UTKFace/1_0_0_20161219192713491.jpg.chip.jpg,1,0,1,0,0,0,0,87.23371887207031,74.9881820678711,191.9833221435547,191.13055419921875
69_1_0_20170110131527801.jpg.chip.jpg,69,/Users/cipherxishant/Downloads/archive/UTKFace/69_1_0_20170110131527801.jpg.chip.jpg,0,1,1,0,0,0,0,73.93321990966797,61.74447250366211,162.7383270263672,195.77294921875
65_0_3_20170119205206575.jpg.chip.jpg,65,/Users/cipherxishant/Downloads/archive/UTKFace/65_0_3_20170119205206575.jpg.chip.jpg,1,0,0,0,0,1,0,76.31729888916016,63.977745056152344,161.98410034179688,196.11766052246094
56_0_0_20170113185134655.jpg.chip.jpg,56,/Users/cipherxishant/Downloads/archive/UTKFace/56_0_0_20170113185134655.jpg.chip.jpg,1,0,1,0,0,0,0,80.62946319580078,65.15523529052734,175.43948364257812,196.3707733154297
47_1_0_20170109132641773.jpg.chip.jpg,47,/Users/cipherxishant/Downloads/archive/UTKFace/47_1_0_20170109132641773.jpg.chip.jpg,0,1,1,0,0,0,0,87.39083099365234,76.30288696289062,172.9237823486328,192.2690887451172
49_1_0_20170105173102837.jpg.chip.jpg,49,/Users/cipherxishant/Downloads/archive/UTKFace/49_1_0_20170105173102837.jpg.chip.jpg,0,1,1,0,0,0,0,83.05236053466797,78.30005645751953,164.34503173828125,194.39491271972656
26_0_3_20170119183930502.jpg.chip.jpg,26,/Users/cipherxishant/Downloads/archive/UTKFace/26_0_3_20170119183930502.jpg.chip.jpg,1,0,0,0,0,1,0,77.53144073486328,62.87759780883789,175.22076416015625,179.6287841796875
35_0_3_20170119201026253.jpg.chip.jpg,35,/Users/cipherxishant/Downloads/archive/UTKFace/35_0_3_20170119201026253.jpg.chip.jpg,1,0,0,0,0,1,0,82.59080505371094,68.54139709472656,184.05801391601562,196.9757843017578
38_0_1_20170116201824880.jpg.chip.jpg,38,/Users/cipherxishant/Downloads/archive/UTKFace/38_0_1_20170116201824880.jpg.chip.jpg,1,0,0,1,0,0,0,64.6069107055664,52.48827362060547,148.07235717773438,183.2659454345703
40_0_0_20170117192150908.jpg.chip.jpg,40,/Users/cipherxishant/Downloads/archive/UTKFace/40_0_0_20170117192150908.jpg.chip.jpg,1,0,1,0,0,0,0,76.68708038330078,62.51933288574219,165.66156005859375,188.80899047851562
43_0_0_20170117185831058.jpg.chip.jpg,43,/Users/cipherxishant/Downloads/archive/UTKFace/43_0_0_20170117185831058.jpg.chip.jpg,1,0,1,0,0,0,0,75.37620544433594,65.5659408569336,164.29437255859375,203.98666381835938
9_0_0_20170110224545102.jpg.chip.jpg,9,/Users/cipherxishant/Downloads/archive/UTKFace/9_0_0_20170110224545102.jpg.chip.jpg,1,0,1,0,0,0,0,76.61985778808594,64.84945678710938,168.37078857421875,189.18545532226562
32_1_1_20170116160935586.jpg.chip.jpg,32,/Users/cipherxishant/Downloads/archive/UTKFace/32_1_1_20170116160935586.jpg.chip.jpg,0,1,0,1,0,0,0,71.56888580322266,58.16263961791992,161.61119079589844,193.6051025390625
60_1_0_20170110160643704.jpg.chip.jpg,60,/Users/cipherxishant/Downloads/archive/UTKFace/60_1_0_20170110160643704.jpg.chip.jpg,0,1,1,0,0,0,0,74.04248809814453,63.8011589050293,159.9882354736328,192.12020874023438
26_1_1_20170116231446642.jpg.chip.jpg,26,/Users/cipherxishant/Downloads/archive/UTKFace/26_1_1_20170116231446642.jpg.chip.jpg,0,1,0,1,0,0,0,73.30410766601562,62.958038330078125,158.182861328125,186.93917846679688
70_1_0_20170110180456347.jpg.chip.jpg,70,/Users/cipherxishant/Downloads/archive/UTKFace/70_1_0_20170110180456347.jpg.chip.jpg,0,1,1,0,0,0,0,73.7873764038086,60.88702392578125,154.97137451171875,188.13719177246094
54_0_0_20170119210009054.jpg.chip.jpg,54,/Users/cipherxishant/Downloads/archive/UTKFace/54_0_0_20170119210009054.jpg.chip.jpg,1,0,1,0,0,0,0,71.20601654052734,60.06298065185547,156.61863708496094,196.74769592285156
28_0_1_20170117021549834.jpg.chip.jpg,28,/Users/cipherxishant/Downloads/archive/UTKFace/28_0_1_20170117021549834.jpg.chip.jpg,1,0,0,1,0,0,0,72.74685668945312,61.00290298461914,151.22019958496094,187.00408935546875
4_1_2_20161219142601553.jpg.chip.jpg,4,/Users/cipherxishant/Downloads/archive/UTKFace/4_1_2_20161219142601553.jpg.chip.jpg,0,1,0,0,1,0,0,82.35506439208984,64.08821105957031,174.72998046875,181.97610473632812
58_0_0_20170104212603957.jpg.chip.jpg,58,/Users/cipherxishant/Downloads/archive/UTKFace/58_0_0_20170104212603957.jpg.chip.jpg,1,0,1,0,0,0,0,81.80911254882812,67.05768585205078,168.55946350097656,197.76983642578125
23_1_2_20170116173105161.jpg.chip.jpg,23,/Users/cipherxishant/Downloads/archive/UTKFace/23_1_2_20170116173105161.jpg.chip.jpg,0,1,0,0,1,0,0,83.885498046875,68.06137084960938,165.86183166503906,196.99417114257812
35_0_2_20170117135233576.jpg.chip.jpg,35,/Users/cipherxishant/Downloads/archive/UTKFace/35_0_2_20170117135233576.jpg.chip.jpg,1,0,0,0,1,0,0,83.95063781738281,68.65284729003906,166.55532836914062,196.2654266357422
28_1_3_20170109134902771.jpg.chip.jpg,28,/Users/cipherxishant/Downloads/archive/UTKFace/28_1_3_20170109134902771.jpg.chip.jpg,0,1,0,0,0,1,0,82.25394439697266,71.42859649658203,169.68739318847656,204.4212646484375
35_0_1_20170117185851939.jpg.chip.jpg,35,/Users/cipherxishant/Downloads/archive/UTKFace/35_0_1_20170117185851939.jpg.chip.jpg,1,0,0,1,0,0,0,74.7076187133789,56.19492721557617,165.43695068359375,193.87120056152344
27_1_0_20170119194402442.jpg.chip.jpg,27,/Users/cipherxishant/Downloads/archive/UTKFace/27_1_0_20170119194402442.jpg.chip.jpg,0,1,1,0,0,0,0,77.10931396484375,67.32332611083984,167.04344177246094,191.97303771972656
45_1_3_20170119171411898.jpg.chip.jpg,45,/Users/cipherxishant/Downloads/archive/UTKFace/45_1_3_20170119171411898.jpg.chip.jpg,0,1,0,0,0,1,0,79.78484344482422,65.81919860839844,179.3735809326172,195.63783264160156
28_1_1_20170117022158414.jpg.chip.jpg,28,/Users/cipherxishant/Downloads/archive/UTKFace/28_1_1_20170117022158414.jpg.chip.jpg,0,1,0,1,0,0,0,63.8429069519043,44.3404655456543,154.9800567626953,193.16502380371094
28_1_0_20170103181535329.jpg.chip.jpg,28,/Users/cipherxishant/Downloads/archive/UTKFace/28_1_0_20170103181535329.jpg.chip.jpg,0,1,1,0,0,0,0,86.49837493896484,77.6556625366211,170.62725830078125,208.44886779785156
26_1_4_20170117201548014.jpg.chip.jpg,26,/Users/cipherxishant/Downloads/archive/UTKFace/26_1_4_20170117201548014.jpg.chip.jpg,0,1,0,0,0,0,1,80.59928131103516,67.34217834472656,159.87318420410156,194.70977783203125
1_0_4_20161221202331737.jpg.chip.jpg,1,/Users/cipherxishant/Downloads/archive/UTKFace/1_0_4_20161221202331737.jpg.chip.jpg,1,0,0,0,0,0,1,78.77784729003906,55.38556671142578,187.4365692138672,186.8085479736328
25_0_0_20170104011300160.jpg.chip.jpg,25,/Users/cipherxishant/Downloads/archive/UTKFace/25_0_0_20170104011300160.jpg.chip.jpg,1,0,1,0,0,0,0,73.62681579589844,61.94811248779297,170.29847717285156,197.97613525390625
26_0_3_20170119181013021.jpg.chip.jpg,26,/Users/cipherxishant/Downloads/archive/UTKFace/26_0_3_20170119181013021.jpg.chip.jpg,1,0,0,0,0,1,0,82.77674865722656,66.37232971191406,179.22933959960938,192.99647521972656
32_1_0_20170104164847153.jpg.chip.jpg,32,/Users/cipherxishant/Downloads/archive/UTKFace/32_1_0_20170104164847153.jpg.chip.jpg,0,1,1,0,0,0,0,83.56796264648438,71.74112701416016,167.7238006591797,200.60861206054688
4_1_0_20170109192031317.jpg.chip.jpg,4,/Users/cipherxishant/Downloads/archive/UTKFace/4_1_0_20170109192031317.jpg.chip.jpg,0,1,1,0,0,0,0,78.06790924072266,63.631439208984375,166.9049530029297,195.37986755371094
29_0_0_20170117180951076.jpg.chip.jpg,29,/Users/cipherxishant/Downloads/archive/UTKFace/29_0_0_20170117180951076.jpg.chip.jpg,1,0,1,0,0,0,0,75.0268325805664,60.42595291137695,166.79928588867188,189.8020782470703
32_1_1_20170116021012241.jpg.chip.jpg,32,/Users/cipherxishant/Downloads/archive/UTKFace/32_1_1_20170116021012241.jpg.chip.jpg,0,1,0,1,0,0,0,77.4431381225586,63.24015808105469,159.83975219726562,194.4803924560547
54_0_0_20170113161336995.jpg.chip.jpg,54,/Users/cipherxishant/Downloads/archive/UTKFace/54_0_0_20170113161336995.jpg.chip.jpg,1,0,1,0,0,0,0,76.77532196044922,64.66824340820312,163.11476135253906,199.01185607910156
12_0_0_20170110232735095.jpg.chip.jpg,12,/Users/cipherxishant/Downloads/archive/UTKFace/12_0_0_20170110232735095.jpg.chip.jpg,1,0,1,0,0,0,0,83.63676452636719,67.9415054321289,181.0911407470703,196.84170532226562
29_1_1_20170114024736192.jpg.chip.jpg,29,/Users/cipherxishant/Downloads/archive/UTKFace/29_1_1_20170114024736192.jpg.chip.jpg,0,1,0,1,0,0,0,72.94975280761719,58.0686149597168,161.8767547607422,179.68739318847656
47_0_3_20170119152344615.jpg.chip.jpg,47,/Users/cipherxishant/Downloads/archive/UTKFace/47_0_3_20170119152344615.jpg.chip.jpg,1,0,0,0,0,1,0,78.75021362304688,68.89892578125,164.5072021484375,201.5413818359375
16_0_3_20170116030352295.jpg.chip.jpg,16,/Users/cipherxishant/Downloads/archive/UTKFace/16_0_3_20170116030352295.jpg.chip.jpg,1,0,0,0,0,1,0,75.3096694946289,65.36714935302734,162.09071350097656,198.04139709472656
49_1_0_20170109220635624.jpg.chip.jpg,49,/Users/cipherxishant/Downloads/archive/UTKFace/49_1_0_20170109220635624.jpg.chip.jpg,0,1,1,0,0,0,0,74.64163208007812,65.6763916015625,162.1201934814453,194.5894317626953
46_1_0_20170110151342799.jpg.chip.jpg,46,/Users/cipherxishant/Downloads/archive/UTKFace/46_1_0_20170110151342799.jpg.chip.jpg,0,1,1,0,0,0,0,81.60334014892578,68.85132598876953,179.5701446533203,198.6103057861328
21_1_1_20170117132654031.jpg.chip.jpg,21,/Users/cipherxishant/Downloads/archive/UTKFace/21_1_1_20170117132654031.jpg.chip.jpg,0,1,0,1,0,0,0,84.99608612060547,77.6306381225586,171.0469512939453,189.7864227294922
27_1_0_20170117202238951.jpg.chip.jpg,27,/Users/cipherxishant/Downloads/archive/UTKFace/27_1_0_20170117202238951.jpg.chip.jpg,0,1,1,0,0,0,0,88.30931091308594,75.68232727050781,174.06448364257812,196.63330078125
79_0_0_20170111210813495.jpg.chip.jpg,79,/Users/cipherxishant/Downloads/archive/UTKFace/79_0_0_20170111210813495.jpg.chip.jpg,1,0,1,0,0,0,0,73.87834167480469,63.97890853881836,159.05897521972656,195.43519592285156
37_0_0_20170117135927074.jpg.chip.jpg,37,/Users/cipherxishant/Downloads/archive/UTKFace/37_0_0_20170117135927074.jpg.chip.jpg,1,0,1,0,0,0,0,82.08311462402344,70.88431549072266,165.95799255371094,206.9352569580078
54_0_0_20170120223525741.jpg.chip.jpg,54,/Users/cipherxishant/Downloads/archive/UTKFace/54_0_0_20170120223525741.jpg.chip.jpg,1,0,1,0,0,0,0,76.21177673339844,54.23128128051758,183.24961853027344,191.1881866455078
3_1_4_20170103210847515.jpg.chip.jpg,3,/Users/cipherxishant/Downloads/archive/UTKFace/3_1_4_20170103210847515.jpg.chip.jpg,0,1,0,0,0,0,1,74.5080795288086,56.86604309082031,160.30686950683594,172.48292541503906
28_0_0_20170117121833834.jpg.chip.jpg,28,/Users/cipherxishant/Downloads/archive/UTKFace/28_0_0_20170117121833834.jpg.chip.jpg,1,0,1,0,0,0,0,81.04666137695312,68.30201721191406,161.8658905029297,202.66529846191406
22_1_2_20170116220943302.jpg.chip.jpg,22,/Users/cipherxishant/Downloads/archive/UTKFace/22_1_2_20170116220943302.jpg.chip.jpg,0,1,0,0,1,0,0,73.23941802978516,62.73807907104492,163.9199981689453,181.28433227539062
5_1_2_20170104010050039.jpg.chip.jpg,5,/Users/cipherxishant/Downloads/archive/UTKFace/5_1_2_20170104010050039.jpg.chip.jpg,0,1,0,0,1,0,0,84.98306274414062,63.9139518737793,180.02825927734375,190.55499267578125
35_0_0_20170117151812445.jpg.chip.jpg,35,/Users/cipherxishant/Downloads/archive/UTKFace/35_0_0_20170117151812445.jpg.chip.jpg,1,0,1,0,0,0,0,74.37317657470703,60.17882537841797,166.33428955078125,189.7529754638672
46_0_2_20170112211842731.jpg.chip.jpg,46,/Users/cipherxishant/Downloads/archive/UTKFace/46_0_2_20170112211842731.jpg.chip.jpg,1,0,0,0,1,0,0,66.53533172607422,57.061519622802734,147.73873901367188,194.84254455566406
60_0_0_20170119145422774.jpg.chip.jpg,60,/Users/cipherxishant/Downloads/archive/UTKFace/60_0_0_20170119145422774.jpg.chip.jpg,1,0,1,0,0,0,0,79.77574157714844,65.75202941894531,178.40615844726562,197.08714294433594
9_0_1_20170110220431778.jpg.chip.jpg,9,/Users/cipherxishant/Downloads/archive/UTKFace/9_0_1_20170110220431778.jpg.chip.jpg,1,0,0,1,0,0,0,59.91049575805664,49.52129364013672,141.40347290039062,189.87582397460938
34_1_0_20170108224549572.jpg.chip.jpg,34,/Users/cipherxishant/Downloads/archive/UTKFace/34_1_0_20170108224549572.jpg.chip.jpg,0,1,1,0,0,0,0,83.18804931640625,70.08756256103516,165.36209106445312,203.9009552001953
39_0_3_20170104220730909.jpg.chip.jpg,39,/Users/cipherxishant/Downloads/archive/UTKFace/39_0_3_20170104220730909.jpg.chip.jpg,1,0,0,0,0,1,0,90.0493392944336,74.9314956665039,193.79110717773438,215.57859802246094
47_1_0_20170119192708105.jpg.chip.jpg,47,/Users/cipherxishant/Downloads/archive/UTKFace/47_1_0_20170119192708105.jpg.chip.jpg,0,1,1,0,0,0,0,75.32890319824219,63.001625061035156,168.69760131835938,185.9586639404297
34_1_1_20170116164411145.jpg.chip.jpg,34,/Users/cipherxishant/Downloads/archive/UTKFace/34_1_1_20170116164411145.jpg.chip.jpg,0,1,0,1,0,0,0,80.6412124633789,64.64749908447266,187.1493377685547,211.60731506347656
34_0_1_20170116201940268.jpg.chip.jpg,34,/Users/cipherxishant/Downloads/archive/UTKFace/34_0_1_20170116201940268.jpg.chip.jpg,1,0,0,1,0,0,0,84.625732421875,75.22217559814453,181.39015197753906,188.50653076171875
28_1_3_20170119195104970.jpg.chip.jpg,28,/Users/cipherxishant/Downloads/archive/UTKFace/28_1_3_20170119195104970.jpg.chip.jpg,0,1,0,0,0,1,0,76.59194946289062,66.07084655761719,153.43606567382812,195.04859924316406
2_1_0_20161219190909739.jpg.chip.jpg,2,/Users/cipherxishant/Downloads/archive/UTKFace/2_1_0_20161219190909739.jpg.chip.jpg,0,1,1,0,0,0,0,81.28446197509766,57.097625732421875,193.55538940429688,189.78466796875
3_1_3_20161220220632050.jpg.chip.jpg,3,/Users/cipherxishant/Downloads/archive/UTKFace/3_1_3_20161220220632050.jpg.chip.jpg,0,1,0,0,0,1,0,79.49771118164062,58.68801498413086,178.7205810546875,193.9732208251953
1_1_2_20161219155353413.jpg.chip.jpg,1,/Users/cipherxishant/Downloads/archive/UTKFace/1_1_2_20161219155353413.jpg.chip.jpg,0,1,0,0,1,0,0,79.1936264038086,58.56614685058594,191.60928344726562,180.66098022460938
1_1_0_20170109191415528.jpg.chip.jpg,1,/Users/cipherxishant/Downloads/archive/UTKFace/1_1_0_20170109191415528.jpg.chip.jpg,0,1,1,0,0,0,0,77.05740356445312,54.6434326171875,188.43504333496094,185.46702575683594
23_1_0_20170105002627948.jpg.chip.jpg,23,/Users/cipherxishant/Downloads/archive/UTKFace/23_1_0_20170105002627948.jpg.chip.jpg,0,1,1,0,0,0,0,74.02094268798828,60.22477722167969,162.0676727294922,188.77700805664062
34_1_2_20170104201443273.jpg.chip.jpg,34,/Users/cipherxishant/Downloads/archive/UTKFace/34_1_2_20170104201443273.jpg.chip.jpg,0,1,0,0,1,0,0,81.66663360595703,72.15603637695312,170.6879425048828,195.39520263671875
26_0_3_20170119175440075.jpg.chip.jpg,26,/Users/cipherxishant/Downloads/archive/UTKFace/26_0_3_20170119175440075.jpg.chip.jpg,1,0,0,0,0,1,0,82.40625762939453,69.12494659423828,168.78988647460938,198.45907592773438
11_0_0_20170110220710576.jpg.chip.jpg,11,/Users/cipherxishant/Downloads/archive/UTKFace/11_0_0_20170110220710576.jpg.chip.jpg,1,0,1,0,0,0,0,84.18574523925781,71.58448028564453,185.49632263183594,197.84927368164062
26_1_0_20170117201947511.jpg.chip.jpg,26,/Users/cipherxishant/Downloads/archive/UTKFace/26_1_0_20170117201947511.jpg.chip.jpg,0,1,1,0,0,0,0,81.04657745361328,72.20913696289062,164.82342529296875,202.5712890625
25_0_1_20170116003017226.jpg.chip.jpg,25,/Users/cipherxishant/Downloads/archive/UTKFace/25_0_1_20170116003017226.jpg.chip.jpg,1,0,0,1,0,0,0,76.64292907714844,59.20926284790039,172.533203125,194.68064880371094
26_0_0_20170105163435235.jpg.chip.jpg,26,/Users/cipherxishant/Downloads/archive/UTKFace/26_0_0_20170105163435235.jpg.chip.jpg,1,0,1,0,0,0,0,81.12549591064453,68.06651306152344,166.4215850830078,195.39706420898438
26_1_3_20170117153630883.jpg.chip.jpg,26,/Users/cipherxishant/Downloads/archive/UTKFace/26_1_3_20170117153630883.jpg.chip.jpg,0,1,0,0,0,1,0,70.5816650390625,56.27678680419922,157.50189208984375,197.29722595214844
54_0_3_20170119201443709.jpg.chip.jpg,54,/Users/cipherxishant/Downloads/archive/UTKFace/54_0_3_20170119201443709.jpg.chip.jpg,1,0,0,0,0,1,0,86.27081298828125,72.47151947021484,191.06565856933594,205.46815490722656
58_0_0_20170104184709517.jpg.chip.jpg,58,/Users/cipherxishant/Downloads/archive/UTKFace/58_0_0_20170104184709517.jpg.chip.jpg,1,0,1,0,0,0,0,83.75891876220703,73.20674896240234,164.20901489257812,195.97598266601562
65_0_0_20170116233734186.jpg.chip.jpg,65,/Users/cipherxishant/Downloads/archive/UTKFace/65_0_0_20170116233734186.jpg.chip.jpg,1,0,1,0,0,0,0,75.60577392578125,56.789913177490234,171.0807342529297,196.87901306152344
6_1_2_20161219153247548.jpg.chip.jpg,6,/Users/cipherxishant/Downloads/archive/UTKFace/6_1_2_20161219153247548.jpg.chip.jpg,0,1,0,0,1,0,0,72.32257080078125,64.97394561767578,146.9933624267578,198.5388641357422
16_1_0_20170109214652137.jpg.chip.jpg,16,/Users/cipherxishant/Downloads/archive/UTKFace/16_1_0_20170109214652137.jpg.chip.jpg,0,1,1,0,0,0,0,75.44729614257812,63.0666618347168,160.09445190429688,195.13348388671875
39_1_0_20170117171010820.jpg.chip.jpg,39,/Users/cipherxishant/Downloads/archive/UTKFace/39_1_0_20170117171010820.jpg.chip.jpg,0,1,1,0,0,0,0,85.71260070800781,70.84696197509766,193.3235626220703,192.7801055908203
58_0_1_20170117193628506.jpg.chip.jpg,58,/Users/cipherxishant/Downloads/archive/UTKFace/58_0_1_20170117193628506.jpg.chip.jpg,1,0,0,1,0,0,0,77.4296875,69.92635345458984,158.3459930419922,193.2327880859375
1_0_2_20161219162518471.jpg.chip.jpg,1,/Users/cipherxishant/Downloads/archive/UTKFace/1_0_2_20161219162518471.jpg.chip.jpg,1,0,0,0,1,0,0,86.3135986328125,69.16685485839844,187.04566955566406,193.664794921875
35_1_0_20170117183059886.jpg.chip.jpg,35,/Users/cipherxishant/Downloads/archive/UTKFace/35_1_0_20170117183059886.jpg.chip.jpg,0,1,1,0,0,0,0,78.13111877441406,64.30532836914062,158.77603149414062,196.7618865966797
35_0_0_20170117180552033.jpg.chip.jpg,35,/Users/cipherxishant/Downloads/archive/UTKFace/35_0_0_20170117180552033.jpg.chip.jpg,1,0,1,0,0,0,0,83.62859344482422,73.2427978515625,167.0010528564453,203.65603637695312
9_1_4_20170103200637399.jpg.chip.jpg,9,/Users/cipherxishant/Downloads/archive/UTKFace/9_1_4_20170103200637399.jpg.chip.jpg,0,1,0,0,0,0,1,79.13115692138672,60.09419250488281,181.7008819580078,189.36781311035156
18_0_1_20170113132623905.jpg.chip.jpg,18,/Users/cipherxishant/Downloads/archive/UTKFace/18_0_1_20170113132623905.jpg.chip.jpg,1,0,0,1,0,0,0,84.8313217163086,74.1913070678711,174.53871154785156,198.61305236816406
32_1_0_20170117182528940.jpg.chip.jpg,32,/Users/cipherxishant/Downloads/archive/UTKFace/32_1_0_20170117182528940.jpg.chip.jpg,0,1,1,0,0,0,0,71.94010162353516,53.02301025390625,165.03598022460938,197.8426055908203
26_0_1_20170117200006115.jpg.chip.jpg,26,/Users/cipherxishant/Downloads/archive/UTKFace/26_0_1_20170117200006115.jpg.chip.jpg,1,0,0,1,0,0,0,73.07400512695312,61.02249526977539,163.36349487304688,191.48326110839844
21_0_2_20170116170741864.jpg.chip.jpg,21,/Users/cipherxishant/Downloads/archive/UTKFace/21_0_2_20170116170741864.jpg.chip.jpg,1,0,0,0,1,0,0,77.40894317626953,66.86251068115234,160.5243682861328,193.1954345703125
24_0_3_20170119164606886.jpg.chip.jpg,24,/Users/cipherxishant/Downloads/archive/UTKFace/24_0_3_20170119164606886.jpg.chip.jpg,1,0,0,0,0,1,0,86.37181091308594,75.76625061035156,173.95089721679688,206.57688903808594
16_0_0_20170110232605131.jpg.chip.jpg,16,/Users/cipherxishant/Downloads/archive/UTKFace/16_0_0_20170110232605131.jpg.chip.jpg,1,0,1,0,0,0,0,76.67970275878906,58.31736373901367,174.28355407714844,182.50503540039062
55_1_0_20170110160643376.jpg.chip.jpg,55,/Users/cipherxishant/Downloads/archive/UTKFace/55_1_0_20170110160643376.jpg.chip.jpg,0,1,1,0,0,0,0,79.12670135498047,66.73483276367188,166.3383026123047,197.41366577148438
27_1_3_20170119194359132.jpg.chip.jpg,27,/Users/cipherxishant/Downloads/archive/UTKFace/27_1_3_20170119194359132.jpg.chip.jpg,0,1,0,0,0,1,0,81.54532623291016,67.53642272949219,168.18214416503906,203.4126739501953
45_0_0_20170117145901316.jpg.chip.jpg,45,/Users/cipherxishant/Downloads/archive/UTKFace/45_0_0_20170117145901316.jpg.chip.jpg,1,0,1,0,0,0,0,73.70089721679688,63.11913299560547,160.21060180664062,192.78274536132812
26_0_1_20170120134513055.jpg.chip.jpg,26,/Users/cipherxishant/Downloads/archive/UTKFace/26_0_1_20170120134513055.jpg.chip.jpg,1,0,0,1,0,0,0,70.15894317626953,56.10359191894531,152.27003479003906,181.48133850097656
45_1_0_20170117181433644.jpg.chip.jpg,45,/Users/cipherxishant/Downloads/archive/UTKFace/45_1_0_20170117181433644.jpg.chip.jpg,0,1,1,0,0,0,0,81.20378112792969,71.76778411865234,177.65350341796875,199.61695861816406
27_0_3_20170119194354476.jpg.chip.jpg,27,/Users/cipherxishant/Downloads/archive/UTKFace/27_0_3_20170119194354476.jpg.chip.jpg,1,0,0,0,0,1,0,83.49462890625,70.8111572265625,165.39431762695312,199.98956298828125
24_0_0_20170117194602044.jpg.chip.jpg,24,/Users/cipherxishant/Downloads/archive/UTKFace/24_0_0_20170117194602044.jpg.chip.jpg,1,0,1,0,0,0,0,69.83036041259766,64.8299331665039,135.1430206298828,195.69424438476562
56_1_1_20170105163352795.jpg.chip.jpg,56,/Users/cipherxishant/Downloads/archive/UTKFace/56_1_1_20170105163352795.jpg.chip.jpg,0,1,0,1,0,0,0,71.17951965332031,57.761573791503906,150.236572265625,183.79718017578125
26_0_1_20170120134608943.jpg.chip.jpg,26,/Users/cipherxishant/Downloads/archive/UTKFace/26_0_1_20170120134608943.jpg.chip.jpg,1,0,0,1,0,0,0,78.4212875366211,57.45595932006836,182.36746215820312,186.0000762939453
22_1_4_20170103224503415.jpg.chip.jpg,22,/Users/cipherxishant/Downloads/archive/UTKFace/22_1_4_20170103224503415.jpg.chip.jpg,0,1,0,0,0,0,1,79.04336547851562,66.27291107177734,173.98513793945312,192.3191680908203
26_0_0_20170112205800959.jpg.chip.jpg,26,/Users/cipherxishant/Downloads/archive/UTKFace/26_0_0_20170112205800959.jpg.chip.jpg,1,0,1,0,0,0,0,77.30228424072266,58.99940872192383,174.97891235351562,194.5665283203125
14_1_0_20170117135203837.jpg.chip.jpg,14,/Users/cipherxishant/Downloads/archive/UTKFace/14_1_0_20170117135203837.jpg.chip.jpg,0,1,1,0,0,0,0,77.21265411376953,68.92044830322266,164.6470947265625,199.11268615722656
52_1_0_20170110143721250.jpg.chip.jpg,52,/Users/cipherxishant/Downloads/archive/UTKFace/52_1_0_20170110143721250.jpg.chip.jpg,0,1,1,0,0,0,0,75.33243560791016,61.36924743652344,161.62721252441406,194.33314514160156
52_0_0_20170111200615194.jpg.chip.jpg,52,/Users/cipherxishant/Downloads/archive/UTKFace/52_0_0_20170111200615194.jpg.chip.jpg,1,0,1,0,0,0,0,75.28112030029297,59.85559844970703,162.92056274414062,201.34471130371094
26_1_4_20170103235712113.jpg.chip.jpg,26,/Users/cipherxishant/Downloads/archive/UTKFace/26_1_4_20170103235712113.jpg.chip.jpg,0,1,0,0,0,0,1,75.68578338623047,67.6788330078125,163.49806213378906,194.4573516845703
29_0_2_20170116163447230.jpg.chip.jpg,29,/Users/cipherxishant/Downloads/archive/UTKFace/29_0_2_20170116163447230.jpg.chip.jpg,1,0,0,0,1,0,0,68.79276275634766,52.575496673583984,157.62615966796875,182.78253173828125
18_0_1_20170113184819320.jpg.chip.jpg,18,/Users/cipherxishant/Downloads/archive/UTKFace/18_0_1_20170113184819320.jpg.chip.jpg,1,0,0,1,0,0,0,78.10662841796875,64.7271728515625,169.7855987548828,199.35952758789062
26_0_0_20170116224830372.jpg.chip.jpg,26,/Users/cipherxishant/Downloads/archive/UTKFace/26_0_0_20170116224830372.jpg.chip.jpg,1,0,1,0,0,0,0,75.44613647460938,66.26005554199219,158.1294708251953,196.10276794433594
2_0_0_20170110213103595.jpg.chip.jpg,2,/Users/cipherxishant/Downloads/archive/UTKFace/2_0_0_20170110213103595.jpg.chip.jpg,1,0,1,0,0,0,0,85.83619689941406,68.6649398803711,195.8448028564453,195.23452758789062
18_1_0_20170116211949605.jpg.chip.jpg,18,/Users/cipherxishant/Downloads/archive/UTKFace/18_1_0_20170116211949605.jpg.chip.jpg,0,1,1,0,0,0,0,84.60587310791016,71.54813385009766,169.80630493164062,194.76153564453125
26_1_0_20170117174641318.jpg.chip.jpg,26,/Users/cipherxishant/Downloads/archive/UTKFace/26_1_0_20170117174641318.jpg.chip.jpg,0,1,1,0,0,0,0,84.91029357910156,70.83794403076172,167.5977325439453,198.24403381347656
26_0_1_20170114031951577.jpg.chip.jpg,26,/Users/cipherxishant/Downloads/archive/UTKFace/26_0_1_20170114031951577.jpg.chip.jpg,1,0,0,1,0,0,0,82.22781372070312,74.38130950927734,176.5349578857422,198.5986785888672
46_1_0_20170105172747597.jpg.chip.jpg,46,/Users/cipherxishant/Downloads/archive/UTKFace/46_1_0_20170105172747597.jpg.chip.jpg,0,1,1,0,0,0,0,83.29875946044922,72.7168960571289,178.6482391357422,202.8408966064453
26_0_2_20170116182459791.jpg.chip.jpg,26,/Users/cipherxishant/Downloads/archive/UTKFace/26_0_2_20170116182459791.jpg.chip.jpg,1,0,0,0,1,0,0,81.77861785888672,73.89260864257812,165.301513671875,191.88580322265625
45_0_3_20170119180924508.jpg.chip.jpg,45,/Users/cipherxishant/Downloads/archive/UTKFace/45_0_3_20170119180924508.jpg.chip.jpg,1,0,0,0,0,1,0,75.20225524902344,58.544029235839844,161.6824493408203,199.68226623535156
80_1_0_20170110183817822.jpg.chip.jpg,80,/Users/cipherxishant/Downloads/archive/UTKFace/80_1_0_20170110183817822.jpg.chip.jpg,0,1,1,0,0,0,0,93.10567474365234,80.42631530761719,179.3214569091797,203.9964141845703
85_1_0_20170110155147409.jpg.chip.jpg,85,/Users/cipherxishant/Downloads/archive/UTKFace/85_1_0_20170110155147409.jpg.chip.jpg,0,1,1,0,0,0,0,73.66030883789062,58.26551818847656,163.00486755371094,179.37722778320312
26_0_1_20170117091513245.jpg.chip.jpg,26,/Users/cipherxishant/Downloads/archive/UTKFace/26_0_1_20170117091513245.jpg.chip.jpg,1,0,0,1,0,0,0,76.09142303466797,60.27194595336914,168.14346313476562,195.156982421875
71_0_0_20170111195259809.jpg.chip.jpg,71,/Users/cipherxishant/Downloads/archive/UTKFace/71_0_0_20170111195259809.jpg.chip.jpg,1,0,1,0,0,0,0,81.49193572998047,69.58699035644531,163.04750061035156,195.57015991210938
9_0_1_20170110223920908.jpg.chip.jpg,9,/Users/cipherxishant/Downloads/archive/UTKFace/9_0_1_20170110223920908.jpg.chip.jpg,1,0,0,1,0,0,0,74.90303802490234,59.495872497558594,156.0750274658203,190.6280975341797
24_1_2_20170116171543349.jpg.chip.jpg,24,/Users/cipherxishant/Downloads/archive/UTKFace/24_1_2_20170116171543349.jpg.chip.jpg,0,1,0,0,1,0,0,76.96160125732422,64.79163360595703,167.38986206054688,199.1497802734375
26_1_3_20170119192843266.jpg.chip.jpg,26,/Users/cipherxishant/Downloads/archive/UTKFace/26_1_3_20170119192843266.jpg.chip.jpg,0,1,0,0,0,1,0,70.12786102294922,63.80641174316406,148.2353515625,190.5892333984375
26_1_2_20170104020934116.jpg.chip.jpg,26,/Users/cipherxishant/Downloads/archive/UTKFace/26_1_2_20170104020934116.jpg.chip.jpg,0,1,0,0,1,0,0,81.09431457519531,64.59193420410156,168.1241455078125,190.24424743652344
24_1_0_20170116222759439.jpg.chip.jpg,24,/Users/cipherxishant/Downloads/archive/UTKFace/24_1_0_20170116222759439.jpg.chip.jpg,0,1,1,0,0,0,0,71.67070770263672,54.788333892822266,154.55718994140625,194.00363159179688
26_0_3_20170117153930604.jpg.chip.jpg,26,/Users/cipherxishant/Downloads/archive/UTKFace/26_0_3_20170117153930604.jpg.chip.jpg,1,0,0,0,0,1,0,87.23719787597656,74.35765075683594,172.1286163330078,207.99606323242188
25_1_1_20170117164610754.jpg.chip.jpg,25,/Users/cipherxishant/Downloads/archive/UTKFace/25_1_1_20170117164610754.jpg.chip.jpg,0,1,0,1,0,0,0,76.7562026977539,67.47594451904297,165.42684936523438,186.30987548828125
23_0_1_20170117144346825.jpg.chip.jpg,23,/Users/cipherxishant/Downloads/archive/UTKFace/23_0_1_20170117144346825.jpg.chip.jpg,1,0,0,1,0,0,0,66.02740478515625,55.369754791259766,152.00572204589844,186.2305145263672
60_1_0_20170110140651218.jpg.chip.jpg,60,/Users/cipherxishant/Downloads/archive/UTKFace/60_1_0_20170110140651218.jpg.chip.jpg,0,1,1,0,0,0,0,76.04793548583984,61.425804138183594,169.15992736816406,193.62960815429688
35_0_3_20170119150724127.jpg.chip.jpg,35,/Users/cipherxishant/Downloads/archive/UTKFace/35_0_3_20170119150724127.jpg.chip.jpg,1,0,0,0,0,1,0,81.35004425048828,61.956016540527344,183.04832458496094,187.4342041015625
73_0_0_20170120224040208.jpg.chip.jpg,73,/Users/cipherxishant/Downloads/archive/UTKFace/73_0_0_20170120224040208.jpg.chip.jpg,1,0,1,0,0,0,0,77.0126953125,65.58037567138672,157.155517578125,204.14202880859375
35_0_3_20170117181837205.jpg.chip.jpg,35,/Users/cipherxishant/Downloads/archive/UTKFace/35_0_3_20170117181837205.jpg.chip.jpg,1,0,0,0,0,1,0,85.8034439086914,75.44910430908203,171.10781860351562,207.4871826171875
44_0_3_20170119195144674.jpg.chip.jpg,44,/Users/cipherxishant/Downloads/archive/UTKFace/44_0_3_20170119195144674.jpg.chip.jpg,1,0,0,0,0,1,0,78.15971374511719,60.07445526123047,172.68801879882812,197.77200317382812
34_0_3_20170119164730142.jpg.chip.jpg,34,/Users/cipherxishant/Downloads/archive/UTKFace/34_0_3_20170119164730142.jpg.chip.jpg,1,0,0,0,0,1,0,82.09281158447266,73.41514587402344,176.1034393310547,200.7467498779297
54_0_0_20170119201455775.jpg.chip.jpg,54,/Users/cipherxishant/Downloads/archive/UTKFace/54_0_0_20170119201455775.jpg.chip.jpg,1,0,1,0,0,0,0,79.51618194580078,64.34170532226562,171.54318237304688,200.42706298828125
2_0_4_20170103211006898.jpg.chip.jpg,2,/Users/cipherxishant/Downloads/archive/UTKFace/2_0_4_20170103211006898.jpg.chip.jpg,1,0,0,0,0,0,1,73.6999740600586,51.07467269897461,185.64573669433594,178.9420928955078
57_0_0_20170117191706202.jpg.chip.jpg,57,/Users/cipherxishant/Downloads/archive/UTKFace/57_0_0_20170117191706202.jpg.chip.jpg,1,0,1,0,0,0,0,80.90705871582031,65.99568939208984,182.38275146484375,193.60853576660156
26_1_3_20170119180600308.jpg.chip.jpg,26,/Users/cipherxishant/Downloads/archive/UTKFace/26_1_3_20170119180600308.jpg.chip.jpg,0,1,0,0,0,1,0,70.64857482910156,64.74925231933594,152.0148162841797,187.87474060058594
1_1_0_20170109192728714.jpg.chip.jpg,1,/Users/cipherxishant/Downloads/archive/UTKFace/1_1_0_20170109192728714.jpg.chip.jpg,0,1,1,0,0,0,0,80.80072021484375,69.9343490600586,178.30320739746094,198.64227294921875
44_1_1_20170116164354400.jpg.chip.jpg,44,/Users/cipherxishant/Downloads/archive/UTKFace/44_1_1_20170116164354400.jpg.chip.jpg,0,1,0,1,0,0,0,71.42887878417969,68.87969207763672,152.217041015625,194.2135467529297
30_0_1_20170113012632385.jpg.chip.jpg,30,/Users/cipherxishant/Downloads/archive/UTKFace/30_0_1_20170113012632385.jpg.chip.jpg,1,0,0,1,0,0,0,78.92699432373047,62.76687240600586,167.67880249023438,198.46347045898438
1_1_0_20170109193401456.jpg.chip.jpg,1,/Users/cipherxishant/Downloads/archive/UTKFace/1_1_0_20170109193401456.jpg.chip.jpg,0,1,1,0,0,0,0,77.94174194335938,55.070518493652344,184.74949645996094,181.7945556640625
49_1_3_20170109012415373.jpg.chip.jpg,49,/Users/cipherxishant/Downloads/archive/UTKFace/49_1_3_20170109012415373.jpg.chip.jpg,0,1,0,0,0,1,0,78.78575897216797,70.92591857910156,174.92730712890625,202.28817749023438
36_0_1_20170119183437846.jpg.chip.jpg,36,/Users/cipherxishant/Downloads/archive/UTKFace/36_0_1_20170119183437846.jpg.chip.jpg,1,0,0,1,0,0,0,80.89379119873047,69.95166778564453,174.02951049804688,202.54214477539062
36_1_1_20170113011437606.jpg.chip.jpg,36,/Users/cipherxishant/Downloads/archive/UTKFace/36_1_1_20170113011437606.jpg.chip.jpg,0,1,0,1,0,0,0,76.95880889892578,62.76312255859375,152.3931884765625,175.98486328125
60_0_0_20170104205856564.jpg.chip.jpg,60,/Users/cipherxishant/Downloads/archive/UTKFace/60_0_0_20170104205856564.jpg.chip.jpg,1,0,1,0,0,0,0,88.7742919921875,74.18717956542969,177.60728454589844,196.86752319335938
34_0_3_20170119200600229.jpg.chip.jpg,34,/Users/cipherxishant/Downloads/archive/UTKFace/34_0_3_20170119200600229.jpg.chip.jpg,1,0,0,0,0,1,0,77.66463470458984,68.08219146728516,167.5325927734375,193.01412963867188
31_1_0_20170112233727598.jpg.chip.jpg,31,/Users/cipherxishant/Downloads/archive/UTKFace/31_1_0_20170112233727598.jpg.chip.jpg,0,1,1,0,0,0,0,67.16311645507812,52.33564758300781,141.61419677734375,185.94740295410156
49_0_0_20170104212309140.jpg.chip.jpg,49,/Users/cipherxishant/Downloads/archive/UTKFace/49_0_0_20170104212309140.jpg.chip.jpg,1,0,1,0,0,0,0,73.64692687988281,63.03655242919922,158.80032348632812,196.40835571289062
6_0_2_20161219195226635.jpg.chip.jpg,6,/Users/cipherxishant/Downloads/archive/UTKFace/6_0_2_20161219195226635.jpg.chip.jpg,1,0,0,0,1,0,0,77.33973693847656,56.229854583740234,185.3201446533203,191.9759521484375
26_0_1_20170116200944233.jpg.chip.jpg,26,/Users/cipherxishant/Downloads/archive/UTKFace/26_0_1_20170116200944233.jpg.chip.jpg,1,0,0,1,0,0,0,72.8118667602539,60.999263763427734,154.3258514404297,197.48956298828125
82_0_2_20170112222041385.jpg.chip.jpg,82,/Users/cipherxishant/Downloads/archive/UTKFace/82_0_2_20170112222041385.jpg.chip.jpg,1,0,0,0,1,0,0,65.96260070800781,52.021644592285156,154.25958251953125,195.81558227539062
36_0_4_20170117203459599.jpg.chip.jpg,36,/Users/cipherxishant/Downloads/archive/UTKFace/36_0_4_20170117203459599.jpg.chip.jpg,1,0,0,0,0,0,1,79.48442840576172,65.17919158935547,179.07196044921875,189.09837341308594
43_0_0_20170117185909851.jpg.chip.jpg,43,/Users/cipherxishant/Downloads/archive/UTKFace/43_0_0_20170117185909851.jpg.chip.jpg,1,0,1,0,0,0,0,73.46241760253906,62.44755172729492,155.6949005126953,191.23838806152344
26_0_4_20170117153404221.jpg.chip.jpg,26,/Users/cipherxishant/Downloads/archive/UTKFace/26_0_4_20170117153404221.jpg.chip.jpg,1,0,0,0,0,0,1,81.24366760253906,68.26219177246094,160.07662963867188,199.12417602539062
10_1_3_20170109203848078.jpg.chip.jpg,10,/Users/cipherxishant/Downloads/archive/UTKFace/10_1_3_20170109203848078.jpg.chip.jpg,0,1,0,0,0,1,0,78.34823608398438,61.504878997802734,176.6579132080078,193.5621337890625
44_0_3_20170119200652604.jpg.chip.jpg,44,/Users/cipherxishant/Downloads/archive/UTKFace/44_0_3_20170119200652604.jpg.chip.jpg,1,0,0,0,0,1,0,74.22348022460938,59.88388442993164,152.87118530273438,185.5828094482422
26_0_1_20170117200051836.jpg.chip.jpg,26,/Users/cipherxishant/Downloads/archive/UTKFace/26_0_1_20170117200051836.jpg.chip.jpg,1,0,0,1,0,0,0,80.28305053710938,60.2690315246582,179.08013916015625,180.8845977783203
70_0_0_20170117171634067.jpg.chip.jpg,70,/Users/cipherxishant/Downloads/archive/UTKFace/70_0_0_20170117171634067.jpg.chip.jpg,1,0,1,0,0,0,0,80.67288970947266,65.09751892089844,175.04054260253906,198.1350555419922
7_1_2_20161219190156114.jpg.chip.jpg,7,/Users/cipherxishant/Downloads/archive/UTKFace/7_1_2_20161219190156114.jpg.chip.jpg,0,1,0,0,1,0,0,91.82878112792969,78.92626953125,180.41195678710938,205.798583984375
85_1_0_20170110181324285.jpg.chip.jpg,85,/Users/cipherxishant/Downloads/archive/UTKFace/85_1_0_20170110181324285.jpg.chip.jpg,0,1,1,0,0,0,0,74.03099822998047,64.37971496582031,159.3023223876953,201.00225830078125
42_1_3_20170104220806510.jpg.chip.jpg,42,/Users/cipherxishant/Downloads/archive/UTKFace/42_1_3_20170104220806510.jpg.chip.jpg,0,1,0,0,0,1,0,74.9029541015625,65.25590515136719,161.52020263671875,199.37210083007812
31_0_0_20170109134322184.jpg.chip.jpg,31,/Users/cipherxishant/Downloads/archive/UTKFace/31_0_0_20170109134322184.jpg.chip.jpg,1,0,1,0,0,0,0,79.957763671875,70.06404113769531,166.12648010253906,203.49111938476562
26_0_1_20170117173502013.jpg.chip.jpg,26,/Users/cipherxishant/Downloads/archive/UTKFace/26_0_1_20170117173502013.jpg.chip.jpg,1,0,0,1,0,0,0,74.7308120727539,64.72863006591797,161.6144256591797,192.04940795898438
66_0_0_20170116233247357.jpg.chip.jpg,66,/Users/cipherxishant/Downloads/archive/UTKFace/66_0_0_20170116233247357.jpg.chip.jpg,1,0,1,0,0,0,0,80.09820556640625,68.3517837524414,174.55856323242188,198.21502685546875
52_1_0_20170109142345793.jpg.chip.jpg,52,/Users/cipherxishant/Downloads/archive/UTKFace/52_1_0_20170109142345793.jpg.chip.jpg,0,1,1,0,0,0,0,83.99342346191406,73.5595932006836,185.51939392089844,191.09317016601562
1_1_3_20161219224458872.jpg.chip.jpg,1,/Users/cipherxishant/Downloads/archive/UTKFace/1_1_3_20161219224458872.jpg.chip.jpg,0,1,0,0,0,1,0,88.7591552734375,71.5794677734375,198.7330780029297,200.70742797851562
36_1_0_20170117091726944.jpg.chip.jpg,36,/Users/cipherxishant/Downloads/archive/UTKFace/36_1_0_20170117091726944.jpg.chip.jpg,0,1,1,0,0,0,0,80.25212097167969,69.63272094726562,163.96665954589844,199.004150390625
26_1_2_20170116182804381.jpg.chip.jpg,26,/Users/cipherxishant/Downloads/archive/UTKFace/26_1_2_20170116182804381.jpg.chip.jpg,0,1,0,0,1,0,0,83.9668197631836,67.23226165771484,170.0733642578125,194.52955627441406
25_0_0_20170119145504925.jpg.chip.jpg,25,/Users/cipherxishant/Downloads/archive/UTKFace/25_0_0_20170119145504925.jpg.chip.jpg,1,0,1,0,0,0,0,71.60147094726562,54.26551818847656,160.69068908691406,191.3081512451172
45_0_0_20170116203604318.jpg.chip.jpg,45,/Users/cipherxishant/Downloads/archive/UTKFace/45_0_0_20170116203604318.jpg.chip.jpg,1,0,1,0,0,0,0,73.88050842285156,59.01541519165039,160.62847900390625,183.81277465820312
4_0_0_20170110213408453.jpg.chip.jpg,4,/Users/cipherxishant/Downloads/archive/UTKFace/4_0_0_20170110213408453.jpg.chip.jpg,1,0,1,0,0,0,0,82.75882720947266,69.69823455810547,168.70480346679688,195.93417358398438
29_1_1_20170105183913087.jpg.chip.jpg,29,/Users/cipherxishant/Downloads/archive/UTKFace/29_1_1_20170105183913087.jpg.chip.jpg,0,1,0,1,0,0,0,67.29197692871094,54.207435607910156,139.1361541748047,197.19313049316406
37_0_3_20170119192309233.jpg.chip.jpg,37,/Users/cipherxishant/Downloads/archive/UTKFace/37_0_3_20170119192309233.jpg.chip.jpg,1,0,0,0,0,1,0,69.34532165527344,57.8158073425293,152.18789672851562,178.33099365234375
21_0_4_20161223214830361.jpg.chip.jpg,21,/Users/cipherxishant/Downloads/archive/UTKFace/21_0_4_20161223214830361.jpg.chip.jpg,1,0,0,0,0,0,1,72.75005340576172,63.55288314819336,159.75816345214844,192.50698852539062
5_1_2_20161219142421601.jpg.chip.jpg,5,/Users/cipherxishant/Downloads/archive/UTKFace/5_1_2_20161219142421601.jpg.chip.jpg,0,1,0,0,1,0,0,77.53887176513672,61.700870513916016,178.06259155273438,205.5187530517578
1_1_2_20161219205649948.jpg.chip.jpg,1,/Users/cipherxishant/Downloads/archive/UTKFace/1_1_2_20161219205649948.jpg.chip.jpg,0,1,0,0,1,0,0,80.38196563720703,67.82122039794922,166.3722381591797,189.6493682861328
48_0_3_20170109141132255.jpg.chip.jpg,48,/Users/cipherxishant/Downloads/archive/UTKFace/48_0_3_20170109141132255.jpg.chip.jpg,1,0,0,0,0,1,0,76.91608428955078,68.50668334960938,160.85458374023438,202.56356811523438
22_0_0_20170119150313790.jpg.chip.jpg,22,/Users/cipherxishant/Downloads/archive/UTKFace/22_0_0_20170119150313790.jpg.chip.jpg,1,0,1,0,0,0,0,72.07059478759766,60.49944305419922,159.20748901367188,180.37393188476562
51_0_1_20170117173642448.jpg.chip.jpg,51,/Users/cipherxishant/Downloads/archive/UTKFace/51_0_1_20170117173642448.jpg.chip.jpg,1,0,0,1,0,0,0,77.4286880493164,65.2545394897461,169.1826171875,186.78187561035156
29_1_0_20170117130626511.jpg.chip.jpg,29,/Users/cipherxishant/Downloads/archive/UTKFace/29_1_0_20170117130626511.jpg.chip.jpg,0,1,1,0,0,0,0,83.94960021972656,74.58240509033203,177.71249389648438,201.6228485107422
35_0_3_20170117154016470.jpg.chip.jpg,35,/Users/cipherxishant/Downloads/archive/UTKFace/35_0_3_20170117154016470.jpg.chip.jpg,1,0,0,0,0,1,0,69.92082214355469,59.60907745361328,159.54348754882812,187.30076599121094
53_1_0_20170109012819625.jpg.chip.jpg,53,/Users/cipherxishant/Downloads/archive/UTKFace/53_1_0_20170109012819625.jpg.chip.jpg,0,1,1,0,0,0,0,84.34942626953125,69.30998229980469,162.5192108154297,197.69650268554688
42_0_3_20170113183757104.jpg.chip.jpg,42,/Users/cipherxishant/Downloads/archive/UTKFace/42_0_3_20170113183757104.jpg.chip.jpg,1,0,0,0,0,1,0,84.93195343017578,72.7121353149414,170.55657958984375,200.2891845703125
33_0_1_20170117190145954.jpg.chip.jpg,33,/Users/cipherxishant/Downloads/archive/UTKFace/33_0_1_20170117190145954.jpg.chip.jpg,1,0,0,1,0,0,0,70.11534881591797,62.05458450317383,159.86422729492188,189.55210876464844
36_0_0_20170117135444550.jpg.chip.jpg,36,/Users/cipherxishant/Downloads/archive/UTKFace/36_0_0_20170117135444550.jpg.chip.jpg,1,0,1,0,0,0,0,78.36386108398438,67.8724136352539,170.4644775390625,202.04148864746094
3_0_2_20161219204644036.jpg.chip.jpg,3,/Users/cipherxishant/Downloads/archive/UTKFace/3_0_2_20161219204644036.jpg.chip.jpg,1,0,0,0,1,0,0,82.98841857910156,66.95543670654297,179.68850708007812,194.89454650878906
26_0_0_20170114034218562.jpg.chip.jpg,26,/Users/cipherxishant/Downloads/archive/UTKFace/26_0_0_20170114034218562.jpg.chip.jpg,1,0,1,0,0,0,0,82.00811004638672,68.25628662109375,163.17970275878906,201.8012237548828
26_0_3_20170119183721996.jpg.chip.jpg,26,/Users/cipherxishant/Downloads/archive/UTKFace/26_0_3_20170119183721996.jpg.chip.jpg,1,0,0,0,0,1,0,81.8957748413086,65.08185577392578,184.7454376220703,198.95411682128906
27_1_1_20170117165225648.jpg.chip.jpg,27,/Users/cipherxishant/Downloads/archive/UTKFace/27_1_1_20170117165225648.jpg.chip.jpg,0,1,0,1,0,0,0,90.07429504394531,77.5184326171875,170.97894287109375,204.86090087890625
30_0_0_20170117130636837.jpg.chip.jpg,30,/Users/cipherxishant/Downloads/archive/UTKFace/30_0_0_20170117130636837.jpg.chip.jpg,1,0,1,0,0,0,0,84.4429702758789,74.62318420410156,168.65457153320312,201.77755737304688
65_0_1_20170117172856561.jpg.chip.jpg,65,/Users/cipherxishant/Downloads/archive/UTKFace/65_0_1_20170117172856561.jpg.chip.jpg,1,0,0,1,0,0,0,74.12362670898438,61.133277893066406,159.6456756591797,189.8823699951172
49_1_3_20170119201515853.jpg.chip.jpg,49,/Users/cipherxishant/Downloads/archive/UTKFace/49_1_3_20170119201515853.jpg.chip.jpg,0,1,0,0,0,1,0,73.86981964111328,64.20983123779297,149.58663940429688,194.0228271484375
8_1_0_20170117175945147.jpg.chip.jpg,8,/Users/cipherxishant/Downloads/archive/UTKFace/8_1_0_20170117175945147.jpg.chip.jpg,0,1,1,0,0,0,0,82.67719268798828,70.83223724365234,178.8905029296875,182.58126831054688
37_1_1_20170116224921695.jpg.chip.jpg,37,/Users/cipherxishant/Downloads/archive/UTKFace/37_1_1_20170116224921695.jpg.chip.jpg,0,1,0,1,0,0,0,86.14718627929688,73.60820770263672,168.94183349609375,202.46014404296875
27_1_1_20170117013845090.jpg.chip.jpg,27,/Users/cipherxishant/Downloads/archive/UTKFace/27_1_1_20170117013845090.jpg.chip.jpg,0,1,0,1,0,0,0,79.5148696899414,63.019100189208984,180.0613250732422,185.3972930908203
25_0_3_20170119171838017.jpg.chip.jpg,25,/Users/cipherxishant/Downloads/archive/UTKFace/25_0_3_20170119171838017.jpg.chip.jpg,1,0,0,0,0,1,0,81.89070129394531,70.81202697753906,168.75057983398438,196.52923583984375
10_1_0_20170109203512075.jpg.chip.jpg,10,/Users/cipherxishant/Downloads/archive/UTKFace/10_1_0_20170109203512075.jpg.chip.jpg,0,1,1,0,0,0,0,73.42855072021484,58.686973571777344,155.2897491455078,171.61793518066406
36_0_3_20170116024311670.jpg.chip.jpg,36,/Users/cipherxishant/Downloads/archive/UTKFace/36_0_3_20170116024311670.jpg.chip.jpg,1,0,0,0,0,1,0,79.6234130859375,64.78305053710938,174.4438934326172,198.47833251953125
50_0_0_20170111171747294.jpg.chip.jpg,50,/Users/cipherxishant/Downloads/archive/UTKFace/50_0_0_20170111171747294.jpg.chip.jpg,1,0,1,0,0,0,0,79.6203842163086,66.46734619140625,165.79222106933594,201.40182495117188
26_1_1_20170103181834825.jpg.chip.jpg,26,/Users/cipherxishant/Downloads/archive/UTKFace/26_1_1_20170103181834825.jpg.chip.jpg,0,1,0,1,0,0,0,82.26390075683594,71.71199798583984,168.7147979736328,191.11764526367188
1_0_4_20161221201753176.jpg.chip.jpg,1,/Users/cipherxishant/Downloads/archive/UTKFace/1_0_4_20161221201753176.jpg.chip.jpg,1,0,0,0,0,0,1,88.04178619384766,71.80017852783203,177.55734252929688,192.1328887939453
26_0_3_20170119184335552.jpg.chip.jpg,26,/Users/cipherxishant/Downloads/archive/UTKFace/26_0_3_20170119184335552.jpg.chip.jpg,1,0,0,0,0,1,0,75.62518310546875,62.39182662963867,160.97119140625,190.402587890625
29_0_0_20170105163720435.jpg.chip.jpg,29,/Users/cipherxishant/Downloads/archive/UTKFace/29_0_0_20170105163720435.jpg.chip.jpg,1,0,1,0,0,0,0,83.8098373413086,70.17610168457031,166.15325927734375,201.17648315429688
21_1_0_20170117193630115.jpg.chip.jpg,21,/Users/cipherxishant/Downloads/archive/UTKFace/21_1_0_20170117193630115.jpg.chip.jpg,0,1,1,0,0,0,0,83.38522338867188,73.51165771484375,177.7246551513672,200.92498779296875
26_1_2_20170104021834541.jpg.chip.jpg,26,/Users/cipherxishant/Downloads/archive/UTKFace/26_1_2_20170104021834541.jpg.chip.jpg,0,1,0,0,1,0,0,77.3346176147461,61.889686584472656,171.43858337402344,192.2125701904297
22_1_0_20170117133125316.jpg.chip.jpg,22,/Users/cipherxishant/Downloads/archive/UTKFace/22_1_0_20170117133125316.jpg.chip.jpg,0,1,1,0,0,0,0,85.7489242553711,74.20191192626953,169.84674072265625,201.13331604003906
22_1_3_20170119144107741.jpg.chip.jpg,22,/Users/cipherxishant/Downloads/archive/UTKFace/22_1_3_20170119144107741.jpg.chip.jpg,0,1,0,0,0,1,0,87.30713653564453,81.36697387695312,180.3967742919922,202.7696533203125
1_0_2_20161219141912009.jpg.chip.jpg,1,/Users/cipherxishant/Downloads/archive/UTKFace/1_0_2_20161219141912009.jpg.chip.jpg,1,0,0,0,1,0,0,81.02376556396484,64.3796615600586,176.92391967773438,199.00856018066406
28_1_0_20170117140041948.jpg.chip.jpg,28,/Users/cipherxishant/Downloads/archive/UTKFace/28_1_0_20170117140041948.jpg.chip.jpg,0,1,1,0,0,0,0,63.35951232910156,46.499515533447266,146.27340698242188,178.11972045898438
26_0_0_20170117171708077.jpg.chip.jpg,26,/Users/cipherxishant/Downloads/archive/UTKFace/26_0_0_20170117171708077.jpg.chip.jpg,1,0,1,0,0,0,0,72.83556365966797,57.73257827758789,158.8237762451172,193.8641815185547
27_0_2_20170116185014529.jpg.chip.jpg,27,/Users/cipherxishant/Downloads/archive/UTKFace/27_0_2_20170116185014529.jpg.chip.jpg,1,0,0,0,1,0,0,80.46116638183594,64.3858642578125,171.14059448242188,191.5647735595703
24_1_0_20170116220453857.jpg.chip.jpg,24,/Users/cipherxishant/Downloads/archive/UTKFace/24_1_0_20170116220453857.jpg.chip.jpg,0,1,1,0,0,0,0,72.60222625732422,55.35608673095703,163.498046875,191.8622283935547
26_1_2_20170116175912015.jpg.chip.jpg,26,/Users/cipherxishant/Downloads/archive/UTKFace/26_1_2_20170116175912015.jpg.chip.jpg,0,1,0,0,1,0,0,78.64045715332031,67.26355743408203,169.7330322265625,190.3738555908203
37_0_1_20170117135940308.jpg.chip.jpg,37,/Users/cipherxishant/Downloads/archive/UTKFace/37_0_1_20170117135940308.jpg.chip.jpg,1,0,0,1,0,0,0,77.71997833251953,67.06021118164062,161.7998504638672,197.52784729003906
64_1_0_20170110132148994.jpg.chip.jpg,64,/Users/cipherxishant/Downloads/archive/UTKFace/64_1_0_20170110132148994.jpg.chip.jpg,0,1,1,0,0,0,0,79.66594696044922,69.4878158569336,170.96310424804688,185.49388122558594
60_0_0_20170111195408393.jpg.chip.jpg,60,/Users/cipherxishant/Downloads/archive/UTKFace/60_0_0_20170111195408393.jpg.chip.jpg,1,0,1,0,0,0,0,74.65817260742188,60.41969680786133,171.13497924804688,186.65377807617188
42_0_3_20170119204446511.jpg.chip.jpg,42,/Users/cipherxishant/Downloads/archive/UTKFace/42_0_3_20170119204446511.jpg.chip.jpg,1,0,0,0,0,1,0,77.11421966552734,68.76924896240234,160.17892456054688,196.93075561523438
26_1_3_20170104232131633.jpg.chip.jpg,26,/Users/cipherxishant/Downloads/archive/UTKFace/26_1_3_20170104232131633.jpg.chip.jpg,0,1,0,0,0,1,0,70.39380645751953,62.60750198364258,157.63902282714844,191.42564392089844
23_1_2_20170102235032243.jpg.chip.jpg,23,/Users/cipherxishant/Downloads/archive/UTKFace/23_1_2_20170102235032243.jpg.chip.jpg,0,1,0,0,1,0,0,87.88668823242188,76.03429412841797,170.19198608398438,201.5316925048828
68_0_3_20170119184302094.jpg.chip.jpg,68,/Users/cipherxishant/Downloads/archive/UTKFace/68_0_3_20170119184302094.jpg.chip.jpg,1,0,0,0,0,1,0,71.52783203125,57.243343353271484,161.19915771484375,191.37355041503906
30_0_0_20170117171629282.jpg.chip.jpg,30,/Users/cipherxishant/Downloads/archive/UTKFace/30_0_0_20170117171629282.jpg.chip.jpg,1,0,1,0,0,0,0,83.61437225341797,71.71534729003906,183.83644104003906,196.50592041015625
27_1_1_20170117193211345.jpg.chip.jpg,27,/Users/cipherxishant/Downloads/archive/UTKFace/27_1_1_20170117193211345.jpg.chip.jpg,0,1,0,1,0,0,0,75.42562103271484,67.3248062133789,163.85130310058594,189.4261016845703
28_1_3_20170104235045746.jpg.chip.jpg,28,/Users/cipherxishant/Downloads/archive/UTKFace/28_1_3_20170104235045746.jpg.chip.jpg,0,1,0,0,0,1,0,73.047607421875,61.38612747192383,164.67933654785156,194.87789916992188
53_0_0_20170104184614982.jpg.chip.jpg,53,/Users/cipherxishant/Downloads/archive/UTKFace/53_0_0_20170104184614982.jpg.chip.jpg,1,0,1,0,0,0,0,81.97721862792969,69.52061462402344,167.6287078857422,197.2189178466797
51_0_0_20170104174529739.jpg.chip.jpg,51,/Users/cipherxishant/Downloads/archive/UTKFace/51_0_0_20170104174529739.jpg.chip.jpg,1,0,1,0,0,0,0,76.03667449951172,64.44131469726562,164.11395263671875,191.9733123779297
26_0_0_20170117172928270.jpg.chip.jpg,26,/Users/cipherxishant/Downloads/archive/UTKFace/26_0_0_20170117172928270.jpg.chip.jpg,1,0,1,0,0,0,0,76.89055633544922,62.539588928222656,167.96141052246094,204.41122436523438
45_1_3_20170119204024497.jpg.chip.jpg,45,/Users/cipherxishant/Downloads/archive/UTKFace/45_1_3_20170119204024497.jpg.chip.jpg,0,1,0,0,0,1,0,79.99579620361328,67.44304656982422,181.75782775878906,192.60557556152344
29_0_0_20170114032035047.jpg.chip.jpg,29,/Users/cipherxishant/Downloads/archive/UTKFace/29_0_0_20170114032035047.jpg.chip.jpg,1,0,1,0,0,0,0,73.65973663330078,58.95685577392578,164.00198364257812,191.6076202392578
28_0_0_20170117180613031.jpg.chip.jpg,28,/Users/cipherxishant/Downloads/archive/UTKFace/28_0_0_20170117180613031.jpg.chip.jpg,1,0,1,0,0,0,0,74.40038299560547,62.52775192260742,157.3722686767578,192.92518615722656
12_1_4_20170117201252893.jpg.chip.jpg,12,/Users/cipherxishant/Downloads/archive/UTKFace/12_1_4_20170117201252893.jpg.chip.jpg,0,1,0,0,0,0,1,86.10746002197266,73.13899993896484,187.48196411132812,188.73043823242188
26_1_0_20170117201443317.jpg.chip.jpg,26,/Users/cipherxishant/Downloads/archive/UTKFace/26_1_0_20170117201443317.jpg.chip.jpg,0,1,1,0,0,0,0,77.74224853515625,64.58526611328125,165.3771514892578,195.99717712402344
1_0_2_20161219163930672.jpg.chip.jpg,1,/Users/cipherxishant/Downloads/archive/UTKFace/1_0_2_20161219163930672.jpg.chip.jpg,1,0,0,0,1,0,0,79.67206573486328,62.817787170410156,182.1718292236328,197.09703063964844
76_1_0_20170110175728311.jpg.chip.jpg,76,/Users/cipherxishant/Downloads/archive/UTKFace/76_1_0_20170110175728311.jpg.chip.jpg,0,1,1,0,0,0,0,80.07719421386719,68.19852447509766,166.80479431152344,195.852783203125
5_0_2_20161219194354209.jpg.chip.jpg,5,/Users/cipherxishant/Downloads/archive/UTKFace/5_0_2_20161219194354209.jpg.chip.jpg,1,0,0,0,1,0,0,78.82169342041016,63.30764389038086,183.25912475585938,189.39923095703125
96_1_2_20170110182526540.jpg.chip.jpg,96,/Users/cipherxishant/Downloads/archive/UTKFace/96_1_2_20170110182526540.jpg.chip.jpg,0,1,0,0,1,0,0,73.86923217773438,62.76504898071289,159.51231384277344,189.713623046875
16_0_0_20170110231841292.jpg.chip.jpg,16,/Users/cipherxishant/Downloads/archive/UTKFace/16_0_0_20170110231841292.jpg.chip.jpg,1,0,1,0,0,0,0,66.78282928466797,54.289642333984375,155.20753479003906,187.43775939941406
30_1_0_20170117131108776.jpg.chip.jpg,30,/Users/cipherxishant/Downloads/archive/UTKFace/30_1_0_20170117131108776.jpg.chip.jpg,0,1,1,0,0,0,0,79.99811553955078,72.4574966430664,175.96707153320312,191.84579467773438
42_0_0_20170105172350421.jpg.chip.jpg,42,/Users/cipherxishant/Downloads/archive/UTKFace/42_0_0_20170105172350421.jpg.chip.jpg,1,0,1,0,0,0,0,83.6811752319336,73.44457244873047,171.75733947753906,198.13897705078125
28_0_2_20170117135248701.jpg.chip.jpg,28,/Users/cipherxishant/Downloads/archive/UTKFace/28_0_2_20170117135248701.jpg.chip.jpg,1,0,0,0,1,0,0,83.09844970703125,71.90972900390625,176.798095703125,205.68682861328125
68_0_1_20170117170414776.jpg.chip.jpg,68,/Users/cipherxishant/Downloads/archive/UTKFace/68_0_1_20170117170414776.jpg.chip.jpg,1,0,0,1,0,0,0,81.8565444946289,67.47395324707031,172.4936981201172,194.468017578125
34_0_3_20170119200817972.jpg.chip.jpg,34,/Users/cipherxishant/Downloads/archive/UTKFace/34_0_3_20170119200817972.jpg.chip.jpg,1,0,0,0,0,1,0,79.04813385009766,63.768768310546875,167.65394592285156,201.47637939453125
38_1_3_20170105001035965.jpg.chip.jpg,38,/Users/cipherxishant/Downloads/archive/UTKFace/38_1_3_20170105001035965.jpg.chip.jpg,0,1,0,0,0,1,0,89.10467529296875,78.96005249023438,171.1400146484375,204.7447509765625
74_1_1_20170120223559844.jpg.chip.jpg,74,/Users/cipherxishant/Downloads/archive/UTKFace/74_1_1_20170120223559844.jpg.chip.jpg,0,1,0,1,0,0,0,82.31079864501953,70.23682403564453,177.41061401367188,195.93536376953125
32_0_3_20170104232607114.jpg.chip.jpg,32,/Users/cipherxishant/Downloads/archive/UTKFace/32_0_3_20170104232607114.jpg.chip.jpg,1,0,0,0,0,1,0,75.87985229492188,59.66059494018555,159.40211486816406,194.3384246826172
50_1_3_20170117143102562.jpg.chip.jpg,50,/Users/cipherxishant/Downloads/archive/UTKFace/50_1_3_20170117143102562.jpg.chip.jpg,0,1,0,0,0,1,0,71.66224670410156,60.03682327270508,158.5298309326172,203.7995147705078
1_1_0_20170109191447766.jpg.chip.jpg,1,/Users/cipherxishant/Downloads/archive/UTKFace/1_1_0_20170109191447766.jpg.chip.jpg,0,1,1,0,0,0,0,82.90991973876953,60.42864990234375,199.1085968017578,192.0699005126953
75_0_0_20170117173746334.jpg.chip.jpg,75,/Users/cipherxishant/Downloads/archive/UTKFace/75_0_0_20170117173746334.jpg.chip.jpg,1,0,1,0,0,0,0,75.86133575439453,63.45076370239258,160.56845092773438,199.13490295410156
62_0_0_20170120224623104.jpg.chip.jpg,62,/Users/cipherxishant/Downloads/archive/UTKFace/62_0_0_20170120224623104.jpg.chip.jpg,1,0,1,0,0,0,0,72.860107421875,59.522735595703125,160.2810516357422,191.20689392089844
31_0_3_20170119195952148.jpg.chip.jpg,31,/Users/cipherxishant/Downloads/archive/UTKFace/31_0_3_20170119195952148.jpg.chip.jpg,1,0,0,0,0,1,0,76.32382202148438,55.429256439208984,174.05621337890625,193.4568634033203
18_1_0_20170109214608184.jpg.chip.jpg,18,/Users/cipherxishant/Downloads/archive/UTKFace/18_1_0_20170109214608184.jpg.chip.jpg,0,1,1,0,0,0,0,66.79422760009766,52.70301055908203,152.1923065185547,180.7665252685547
20_0_0_20170116205821909.jpg.chip.jpg,20,/Users/cipherxishant/Downloads/archive/UTKFace/20_0_0_20170116205821909.jpg.chip.jpg,1,0,1,0,0,0,0,77.07711029052734,65.16483306884766,161.24684143066406,195.73533630371094
75_0_0_20170111205059862.jpg.chip.jpg,75,/Users/cipherxishant/Downloads/archive/UTKFace/75_0_0_20170111205059862.jpg.chip.jpg,1,0,1,0,0,0,0,96.00372314453125,81.50104522705078,181.59518432617188,199.66241455078125
38_0_1_20170113154658138.jpg.chip.jpg,38,/Users/cipherxishant/Downloads/archive/UTKFace/38_0_1_20170113154658138.jpg.chip.jpg,1,0,0,1,0,0,0,72.37274169921875,57.166656494140625,162.12869262695312,176.56610107421875
35_0_1_20170117170546969.jpg.chip.jpg,35,/Users/cipherxishant/Downloads/archive/UTKFace/35_0_1_20170117170546969.jpg.chip.jpg,1,0,0,1,0,0,0,80.69805145263672,69.7828369140625,167.30039978027344,199.49542236328125
52_0_3_20170104220841902.jpg.chip.jpg,52,/Users/cipherxishant/Downloads/archive/UTKFace/52_0_3_20170104220841902.jpg.chip.jpg,1,0,0,0,0,1,0,81.62774658203125,66.07862854003906,177.63914489746094,199.29833984375
60_0_0_20170117160451902.jpg.chip.jpg,60,/Users/cipherxishant/Downloads/archive/UTKFace/60_0_0_20170117160451902.jpg.chip.jpg,1,0,1,0,0,0,0,86.90126037597656,77.87562561035156,173.78939819335938,206.04566955566406
58_0_0_20170117191847355.jpg.chip.jpg,58,/Users/cipherxishant/Downloads/archive/UTKFace/58_0_0_20170117191847355.jpg.chip.jpg,1,0,1,0,0,0,0,77.48290252685547,68.45233154296875,156.907958984375,195.09486389160156
28_0_0_20170117202525511.jpg.chip.jpg,28,/Users/cipherxishant/Downloads/archive/UTKFace/28_0_0_20170117202525511.jpg.chip.jpg,1,0,1,0,0,0,0,75.64839172363281,61.443641662597656,164.2926025390625,188.88316345214844
35_1_0_20170103182149977.jpg.chip.jpg,35,/Users/cipherxishant/Downloads/archive/UTKFace/35_1_0_20170103182149977.jpg.chip.jpg,0,1,1,0,0,0,0,76.27687072753906,67.14610290527344,167.13426208496094,200.23565673828125
40_0_1_20170117170632910.jpg.chip.jpg,40,/Users/cipherxishant/Downloads/archive/UTKFace/40_0_1_20170117170632910.jpg.chip.jpg,1,0,0,1,0,0,0,76.84556579589844,65.78863525390625,174.3685302734375,191.7396240234375
68_0_0_20170117171825450.jpg.chip.jpg,68,/Users/cipherxishant/Downloads/archive/UTKFace/68_0_0_20170117171825450.jpg.chip.jpg,1,0,1,0,0,0,0,91.32861328125,80.96096801757812,176.1881866455078,203.8740692138672
51_0_3_20170119211842089.jpg.chip.jpg,51,/Users/cipherxishant/Downloads/archive/UTKFace/51_0_3_20170119211842089.jpg.chip.jpg,1,0,0,0,0,1,0,80.15738677978516,70.14445495605469,163.1451416015625,196.71292114257812
50_0_2_20170116175220841.jpg.chip.jpg,50,/Users/cipherxishant/Downloads/archive/UTKFace/50_0_2_20170116175220841.jpg.chip.jpg,1,0,0,0,1,0,0,79.885009765625,66.97370147705078,167.28103637695312,193.5329132080078
63_1_0_20170117175354308.jpg.chip.jpg,63,/Users/cipherxishant/Downloads/archive/UTKFace/63_1_0_20170117175354308.jpg.chip.jpg,0,1,1,0,0,0,0,78.84654998779297,71.56935119628906,175.5691375732422,196.4698486328125
52_0_0_20170120222918436.jpg.chip.jpg,52,/Users/cipherxishant/Downloads/archive/UTKFace/52_0_0_20170120222918436.jpg.chip.jpg,1,0,1,0,0,0,0,76.17579650878906,65.04965209960938,158.738525390625,191.975830078125
47_1_0_20170111182452927.jpg.chip.jpg,47,/Users/cipherxishant/Downloads/archive/UTKFace/47_1_0_20170111182452927.jpg.chip.jpg,0,1,1,0,0,0,0,84.36485290527344,73.32137298583984,173.0064697265625,198.5237579345703
26_1_2_20170116180131010.jpg.chip.jpg,26,/Users/cipherxishant/Downloads/archive/UTKFace/26_1_2_20170116180131010.jpg.chip.jpg,0,1,0,0,1,0,0,59.551334381103516,51.357566833496094,142.60768127441406,200.7283172607422
29_1_1_20170117123810096.jpg.chip.jpg,29,/Users/cipherxishant/Downloads/archive/UTKFace/29_1_1_20170117123810096.jpg.chip.jpg,0,1,0,1,0,0,0,77.04108428955078,63.664913177490234,162.00735473632812,189.74169921875
28_0_4_20170117202304407.jpg.chip.jpg,28,/Users/cipherxishant/Downloads/archive/UTKFace/28_0_4_20170117202304407.jpg.chip.jpg,1,0,0,0,0,0,1,72.00047302246094,60.570064544677734,157.7029266357422,190.95062255859375
45_1_0_20170119204732262.jpg.chip.jpg,45,/Users/cipherxishant/Downloads/archive/UTKFace/45_1_0_20170119204732262.jpg.chip.jpg,0,1,1,0,0,0,0,79.22821807861328,68.78536224365234,177.90252685546875,193.1014404296875
27_1_1_20170117013846300.jpg.chip.jpg,27,/Users/cipherxishant/Downloads/archive/UTKFace/27_1_1_20170117013846300.jpg.chip.jpg,0,1,0,1,0,0,0,72.76042938232422,62.35853576660156,142.08360290527344,187.39553833007812
20_1_4_20170103233719339.jpg.chip.jpg,20,/Users/cipherxishant/Downloads/archive/UTKFace/20_1_4_20170103233719339.jpg.chip.jpg,0,1,0,0,0,0,1,80.79063415527344,62.96974563598633,185.69619750976562,195.4272918701172
2_1_2_20161219195008500.jpg.chip.jpg,2,/Users/cipherxishant/Downloads/archive/UTKFace/2_1_2_20161219195008500.jpg.chip.jpg,0,1,0,0,1,0,0,82.6658935546875,64.29708099365234,194.57054138183594,181.78892517089844
41_1_0_20170104210211937.jpg.chip.jpg,41,/Users/cipherxishant/Downloads/archive/UTKFace/41_1_0_20170104210211937.jpg.chip.jpg,0,1,1,0,0,0,0,82.20121002197266,68.512451171875,163.7451171875,197.1668243408203
60_0_0_20170104212943692.jpg.chip.jpg,60,/Users/cipherxishant/Downloads/archive/UTKFace/60_0_0_20170104212943692.jpg.chip.jpg,1,0,1,0,0,0,0,82.07720184326172,64.41735076904297,184.73231506347656,195.818115234375
29_0_0_20170116224736533.jpg.chip.jpg,29,/Users/cipherxishant/Downloads/archive/UTKFace/29_0_0_20170116224736533.jpg.chip.jpg,1,0,1,0,0,0,0,79.22249603271484,58.31977844238281,180.3700714111328,194.24478149414062
32_1_3_20170109142352309.jpg.chip.jpg,32,/Users/cipherxishant/Downloads/archive/UTKFace/32_1_3_20170109142352309.jpg.chip.jpg,0,1,0,0,0,1,0,78.19853973388672,69.68562316894531,163.31512451171875,197.27049255371094
60_1_0_20170110183850108.jpg.chip.jpg,60,/Users/cipherxishant/Downloads/archive/UTKFace/60_1_0_20170110183850108.jpg.chip.jpg,0,1,1,0,0,0,0,89.27510833740234,77.25450134277344,172.05235290527344,204.55308532714844
60_1_3_20170119204012575.jpg.chip.jpg,60,/Users/cipherxishant/Downloads/archive/UTKFace/60_1_3_20170119204012575.jpg.chip.jpg,0,1,0,0,0,1,0,76.18072509765625,64.96929931640625,162.91282653808594,196.16236877441406
39_1_0_20170104183645789.jpg.chip.jpg,39,/Users/cipherxishant/Downloads/archive/UTKFace/39_1_0_20170104183645789.jpg.chip.jpg,0,1,1,0,0,0,0,83.16893005371094,76.31507873535156,173.6230010986328,199.2367706298828
4_1_4_20161221195434215.jpg.chip.jpg,4,/Users/cipherxishant/Downloads/archive/UTKFace/4_1_4_20161221195434215.jpg.chip.jpg,0,1,0,0,0,0,1,84.99205780029297,65.56090545654297,183.3895263671875,188.70953369140625
3_0_0_20170110213730328.jpg.chip.jpg,3,/Users/cipherxishant/Downloads/archive/UTKFace/3_0_0_20170110213730328.jpg.chip.jpg,1,0,1,0,0,0,0,78.59501647949219,58.84452438354492,181.88079833984375,194.35325622558594
9_0_0_20170110224738342.jpg.chip.jpg,9,/Users/cipherxishant/Downloads/archive/UTKFace/9_0_0_20170110224738342.jpg.chip.jpg,1,0,1,0,0,0,0,90.55994415283203,77.1171646118164,199.4315185546875,195.5436553955078
23_1_2_20170116173150921.jpg.chip.jpg,23,/Users/cipherxishant/Downloads/archive/UTKFace/23_1_2_20170116173150921.jpg.chip.jpg,0,1,0,0,1,0,0,71.65422821044922,53.89069366455078,156.97296142578125,183.17230224609375
16_0_0_20170110231527285.jpg.chip.jpg,16,/Users/cipherxishant/Downloads/archive/UTKFace/16_0_0_20170110231527285.jpg.chip.jpg,1,0,1,0,0,0,0,77.000244140625,64.13868713378906,161.2633514404297,191.4296112060547
14_0_0_20170110225712028.jpg.chip.jpg,14,/Users/cipherxishant/Downloads/archive/UTKFace/14_0_0_20170110225712028.jpg.chip.jpg,1,0,1,0,0,0,0,78.74887084960938,66.58772277832031,169.98060607910156,194.14503479003906
20_0_0_20170117114905086.jpg.chip.jpg,20,/Users/cipherxishant/Downloads/archive/UTKFace/20_0_0_20170117114905086.jpg.chip.jpg,1,0,1,0,0,0,0,83.22892761230469,72.13032531738281,179.8079376220703,209.38296508789062
2_0_2_20161219202530668.jpg.chip.jpg,2,/Users/cipherxishant/Downloads/archive/UTKFace/2_0_2_20161219202530668.jpg.chip.jpg,1,0,0,0,1,0,0,82.0932846069336,64.29686737060547,188.84722900390625,195.6271514892578
12_1_0_20170109212505669.jpg.chip.jpg,12,/Users/cipherxishant/Downloads/archive/UTKFace/12_1_0_20170109212505669.jpg.chip.jpg,0,1,1,0,0,0,0,79.32713317871094,71.76728057861328,168.71485900878906,194.6863555908203
54_0_3_20170119210220552.jpg.chip.jpg,54,/Users/cipherxishant/Downloads/archive/UTKFace/54_0_3_20170119210220552.jpg.chip.jpg,1,0,0,0,0,1,0,78.92204284667969,65.2425537109375,185.21243286132812,184.11888122558594
35_1_2_20170116164727094.jpg.chip.jpg,35,/Users/cipherxishant/Downloads/archive/UTKFace/35_1_2_20170116164727094.jpg.chip.jpg,0,1,0,0,1,0,0,73.22119140625,58.79935836791992,172.64523315429688,202.2965850830078
15_1_0_20170117134420894.jpg.chip.jpg,15,/Users/cipherxishant/Downloads/archive/UTKFace/15_1_0_20170117134420894.jpg.chip.jpg,0,1,1,0,0,0,0,79.70147705078125,70.45919799804688,170.74974060058594,195.93594360351562
31_0_1_20170117135112522.jpg.chip.jpg,31,/Users/cipherxishant/Downloads/archive/UTKFace/31_0_1_20170117135112522.jpg.chip.jpg,1,0,0,1,0,0,0,80.7095947265625,63.45098876953125,187.62713623046875,190.55047607421875
67_0_1_20170113161329852.jpg.chip.jpg,67,/Users/cipherxishant/Downloads/archive/UTKFace/67_0_1_20170113161329852.jpg.chip.jpg,1,0,0,1,0,0,0,72.7943344116211,62.06953430175781,153.80418395996094,188.25225830078125
35_0_0_20170117135128959.jpg.chip.jpg,35,/Users/cipherxishant/Downloads/archive/UTKFace/35_0_0_20170117135128959.jpg.chip.jpg,1,0,1,0,0,0,0,74.22218322753906,58.533329010009766,171.24642944335938,190.78370666503906
51_0_3_20170119205612416.jpg.chip.jpg,51,/Users/cipherxishant/Downloads/archive/UTKFace/51_0_3_20170119205612416.jpg.chip.jpg,1,0,0,0,0,1,0,85.6781234741211,73.4117202758789,167.07594299316406,200.95751953125
26_1_1_20170116231226803.jpg.chip.jpg,26,/Users/cipherxishant/Downloads/archive/UTKFace/26_1_1_20170116231226803.jpg.chip.jpg,0,1,0,1,0,0,0,78.03772735595703,60.13114929199219,174.96340942382812,194.4424285888672
26_1_1_20170112213221119.jpg.chip.jpg,26,/Users/cipherxishant/Downloads/archive/UTKFace/26_1_1_20170112213221119.jpg.chip.jpg,0,1,0,1,0,0,0,63.03183364868164,50.15776062011719,137.95541381835938,194.191162109375
26_0_1_20170116210505191.jpg.chip.jpg,26,/Users/cipherxishant/Downloads/archive/UTKFace/26_0_1_20170116210505191.jpg.chip.jpg,1,0,0,1,0,0,0,73.26331329345703,60.62065887451172,155.22116088867188,189.04656982421875
36_1_3_20170119202142021.jpg.chip.jpg,36,/Users/cipherxishant/Downloads/archive/UTKFace/36_1_3_20170119202142021.jpg.chip.jpg,0,1,0,0,0,1,0,87.1733627319336,76.29879760742188,188.310791015625,202.1808319091797
29_1_0_20170104023227077.jpg.chip.jpg,29,/Users/cipherxishant/Downloads/archive/UTKFace/29_1_0_20170104023227077.jpg.chip.jpg,0,1,1,0,0,0,0,78.16943359375,58.97471237182617,178.2490997314453,194.21475219726562
25_1_3_20170119171211913.jpg.chip.jpg,25,/Users/cipherxishant/Downloads/archive/UTKFace/25_1_3_20170119171211913.jpg.chip.jpg,0,1,0,0,0,1,0,78.679931640625,64.96015930175781,174.0540771484375,203.618408203125
1_1_0_20170109190811756.jpg.chip.jpg,1,/Users/cipherxishant/Downloads/archive/UTKFace/1_1_0_20170109190811756.jpg.chip.jpg,0,1,1,0,0,0,0,81.00872039794922,59.94668197631836,191.78753662109375,187.04464721679688
72_1_0_20170110173128700.jpg.chip.jpg,72,/Users/cipherxishant/Downloads/archive/UTKFace/72_1_0_20170110173128700.jpg.chip.jpg,0,1,1,0,0,0,0,78.06776428222656,66.75862121582031,162.06956481933594,195.3232879638672
21_1_2_20170116220123101.jpg.chip.jpg,21,/Users/cipherxishant/Downloads/archive/UTKFace/21_1_2_20170116220123101.jpg.chip.jpg,0,1,0,0,1,0,0,77.38117980957031,70.2567367553711,160.18321228027344,200.2312469482422
10_0_3_20170104225238736.jpg.chip.jpg,10,/Users/cipherxishant/Downloads/archive/UTKFace/10_0_3_20170104225238736.jpg.chip.jpg,1,0,0,0,0,1,0,80.9406967163086,69.38787078857422,166.0868682861328,201.9680938720703
34_0_0_20170119151435927.jpg.chip.jpg,34,/Users/cipherxishant/Downloads/archive/UTKFace/34_0_0_20170119151435927.jpg.chip.jpg,1,0,1,0,0,0,0,79.00739288330078,64.82943725585938,167.09573364257812,197.6807861328125
3_1_2_20161219205437357.jpg.chip.jpg,3,/Users/cipherxishant/Downloads/archive/UTKFace/3_1_2_20161219205437357.jpg.chip.jpg,0,1,0,0,1,0,0,77.10387420654297,53.40313720703125,181.8773956298828,185.7495574951172
36_0_0_20170105172557165.jpg.chip.jpg,36,/Users/cipherxishant/Downloads/archive/UTKFace/36_0_0_20170105172557165.jpg.chip.jpg,1,0,1,0,0,0,0,86.80672454833984,77.15746307373047,169.8807373046875,202.70530700683594
35_0_4_20170104201734834.jpg.chip.jpg,35,/Users/cipherxishant/Downloads/archive/UTKFace/35_0_4_20170104201734834.jpg.chip.jpg,1,0,0,0,0,0,1,87.69384002685547,77.911376953125,173.710205078125,201.25424194335938
27_0_3_20170119193303226.jpg.chip.jpg,27,/Users/cipherxishant/Downloads/archive/UTKFace/27_0_3_20170119193303226.jpg.chip.jpg,1,0,0,0,0,1,0,76.30321502685547,56.589324951171875,175.7852325439453,190.7289276123047
1_0_4_20161221195115664.jpg.chip.jpg,1,/Users/cipherxishant/Downloads/archive/UTKFace/1_0_4_20161221195115664.jpg.chip.jpg,1,0,0,0,0,0,1,77.40319061279297,60.412174224853516,174.29725646972656,182.94126892089844
26_0_3_20170119180508068.jpg.chip.jpg,26,/Users/cipherxishant/Downloads/archive/UTKFace/26_0_3_20170119180508068.jpg.chip.jpg,1,0,0,0,0,1,0,50.300193786621094,42.449405670166016,138.22451782226562,162.5262451171875
45_0_3_20170119201748948.jpg.chip.jpg,45,/Users/cipherxishant/Downloads/archive/UTKFace/45_0_3_20170119201748948.jpg.chip.jpg,1,0,0,0,0,1,0,74.66786193847656,61.93488311767578,157.347412109375,190.883544921875
41_0_4_20170104185252334.jpg.chip.jpg,41,/Users/cipherxishant/Downloads/archive/UTKFace/41_0_4_20170104185252334.jpg.chip.jpg,1,0,0,0,0,0,1,75.19866180419922,61.657562255859375,166.6151123046875,188.87686157226562
5_1_2_20161219205338333.jpg.chip.jpg,5,/Users/cipherxishant/Downloads/archive/UTKFace/5_1_2_20161219205338333.jpg.chip.jpg,0,1,0,0,1,0,0,84.11276245117188,70.91536712646484,179.1551513671875,192.18301391601562
19_1_1_20170112191242381.jpg.chip.jpg,19,/Users/cipherxishant/Downloads/archive/UTKFace/19_1_1_20170112191242381.jpg.chip.jpg,0,1,0,1,0,0,0,73.6905746459961,61.304595947265625,167.49034118652344,191.5053253173828
14_0_0_20170110220621497.jpg.chip.jpg,14,/Users/cipherxishant/Downloads/archive/UTKFace/14_0_0_20170110220621497.jpg.chip.jpg,1,0,1,0,0,0,0,82.87953186035156,71.23931884765625,178.50930786132812,187.68167114257812
28_1_2_20170116164200987.jpg.chip.jpg,28,/Users/cipherxishant/Downloads/archive/UTKFace/28_1_2_20170116164200987.jpg.chip.jpg,0,1,0,0,1,0,0,72.78105163574219,57.0777587890625,165.49942016601562,182.74876403808594
48_1_1_20170109221012363.jpg.chip.jpg,48,/Users/cipherxishant/Downloads/archive/UTKFace/48_1_1_20170109221012363.jpg.chip.jpg,0,1,0,1,0,0,0,80.27418518066406,71.95166778564453,167.88922119140625,198.0226287841797
26_1_0_20170117152703723.jpg.chip.jpg,26,/Users/cipherxishant/Downloads/archive/UTKFace/26_1_0_20170117152703723.jpg.chip.jpg,0,1,1,0,0,0,0,82.02384948730469,73.00750732421875,170.56155395507812,201.00083923339844
65_1_3_20170109135755974.jpg.chip.jpg,65,/Users/cipherxishant/Downloads/archive/UTKFace/65_1_3_20170109135755974.jpg.chip.jpg,0,1,0,0,0,1,0,72.23518371582031,62.048370361328125,155.75418090820312,191.47959899902344
34_0_2_20170119200711947.jpg.chip.jpg,34,/Users/cipherxishant/Downloads/archive/UTKFace/34_0_2_20170119200711947.jpg.chip.jpg,1,0,0,0,1,0,0,90.62200164794922,74.47481536865234,177.9238739013672,196.07003784179688
8_0_0_20170110220157082.jpg.chip.jpg,8,/Users/cipherxishant/Downloads/archive/UTKFace/8_0_0_20170110220157082.jpg.chip.jpg,1,0,1,0,0,0,0,73.19589233398438,58.182186126708984,156.83302307128906,187.6337127685547
30_1_1_20170114024643760.jpg.chip.jpg,30,/Users/cipherxishant/Downloads/archive/UTKFace/30_1_1_20170114024643760.jpg.chip.jpg,0,1,0,1,0,0,0,73.0760269165039,64.03512573242188,163.2006378173828,191.07936096191406
62_0_0_20170111171747588.jpg.chip.jpg,62,/Users/cipherxishant/Downloads/archive/UTKFace/62_0_0_20170111171747588.jpg.chip.jpg,1,0,1,0,0,0,0,79.67405700683594,69.19636535644531,162.382080078125,199.23020935058594
40_0_3_20170116233105322.jpg.chip.jpg,40,/Users/cipherxishant/Downloads/archive/UTKFace/40_0_3_20170116233105322.jpg.chip.jpg,1,0,0,0,0,1,0,81.44204711914062,66.73389434814453,179.42803955078125,198.72853088378906
29_1_0_20170104192921991.jpg.chip.jpg,29,/Users/cipherxishant/Downloads/archive/UTKFace/29_1_0_20170104192921991.jpg.chip.jpg,0,1,1,0,0,0,0,80.28643798828125,69.06558227539062,173.4628448486328,200.69403076171875
20_0_1_20170113132355967.jpg.chip.jpg,20,/Users/cipherxishant/Downloads/archive/UTKFace/20_0_1_20170113132355967.jpg.chip.jpg,1,0,0,1,0,0,0,67.01873779296875,50.835269927978516,150.48292541503906,180.93966674804688
85_1_0_20170110183112103.jpg.chip.jpg,85,/Users/cipherxishant/Downloads/archive/UTKFace/85_1_0_20170110183112103.jpg.chip.jpg,0,1,1,0,0,0,0,81.65272521972656,71.00360107421875,176.00608825683594,186.44732666015625
26_1_3_20170119153452146.jpg.chip.jpg,26,/Users/cipherxishant/Downloads/archive/UTKFace/26_1_3_20170119153452146.jpg.chip.jpg,0,1,0,0,0,1,0,79.21367645263672,74.93470001220703,165.7961883544922,194.040283203125
18_1_0_20170109214239711.jpg.chip.jpg,18,/Users/cipherxishant/Downloads/archive/UTKFace/18_1_0_20170109214239711.jpg.chip.jpg,0,1,1,0,0,0,0,83.39646911621094,73.67145538330078,182.99620056152344,196.11282348632812
28_1_1_20170109132457432.jpg.chip.jpg,28,/Users/cipherxishant/Downloads/archive/UTKFace/28_1_1_20170109132457432.jpg.chip.jpg,0,1,0,1,0,0,0,74.08551025390625,63.02780532836914,164.5332489013672,187.20346069335938
54_0_0_20170104184603397.jpg.chip.jpg,54,/Users/cipherxishant/Downloads/archive/UTKFace/54_0_0_20170104184603397.jpg.chip.jpg,1,0,1,0,0,0,0,81.1095962524414,68.25423431396484,164.3666229248047,194.94711303710938
53_1_0_20170104212419940.jpg.chip.jpg,53,/Users/cipherxishant/Downloads/archive/UTKFace/53_1_0_20170104212419940.jpg.chip.jpg,0,1,1,0,0,0,0,76.46685791015625,69.8408203125,163.1372833251953,199.1425018310547
26_0_1_20170113155124217.jpg.chip.jpg,26,/Users/cipherxishant/Downloads/archive/UTKFace/26_0_1_20170113155124217.jpg.chip.jpg,1,0,0,1,0,0,0,81.53182983398438,68.0743637084961,173.00254821777344,203.74920654296875
37_1_0_20170104172432171.jpg.chip.jpg,37,/Users/cipherxishant/Downloads/archive/UTKFace/37_1_0_20170104172432171.jpg.chip.jpg,0,1,1,0,0,0,0,79.139892578125,69.37299346923828,170.33775329589844,193.88858032226562
32_0_2_20170116191450850.jpg.chip.jpg,32,/Users/cipherxishant/Downloads/archive/UTKFace/32_0_2_20170116191450850.jpg.chip.jpg,1,0,0,0,1,0,0,66.34117126464844,51.05058288574219,152.88734436035156,181.1949920654297
60_0_3_20170104220126534.jpg.chip.jpg,60,/Users/cipherxishant/Downloads/archive/UTKFace/60_0_3_20170104220126534.jpg.chip.jpg,1,0,0,0,0,1,0,74.85792541503906,61.845436096191406,163.772216796875,186.1082000732422
1_1_4_20161221201729160.jpg.chip.jpg,1,/Users/cipherxishant/Downloads/archive/UTKFace/1_1_4_20161221201729160.jpg.chip.jpg,0,1,0,0,0,0,1,74.29461669921875,67.75450897216797,156.952392578125,187.0373077392578
47_0_0_20170104210614252.jpg.chip.jpg,47,/Users/cipherxishant/Downloads/archive/UTKFace/47_0_0_20170104210614252.jpg.chip.jpg,1,0,1,0,0,0,0,75.69084167480469,64.75299835205078,162.2338104248047,198.65760803222656
16_0_0_20170110231700274.jpg.chip.jpg,16,/Users/cipherxishant/Downloads/archive/UTKFace/16_0_0_20170110231700274.jpg.chip.jpg,1,0,1,0,0,0,0,70.65904235839844,64.74774169921875,153.3707733154297,190.86685180664062
20_1_0_20170120140127200.jpg.chip.jpg,20,/Users/cipherxishant/Downloads/archive/UTKFace/20_1_0_20170120140127200.jpg.chip.jpg,0,1,1,0,0,0,0,85.0010757446289,74.35169982910156,184.4869842529297,195.17214965820312
58_0_2_20170116193610463.jpg.chip.jpg,58,/Users/cipherxishant/Downloads/archive/UTKFace/58_0_2_20170116193610463.jpg.chip.jpg,1,0,0,0,1,0,0,68.40763854980469,54.03505325317383,158.4436798095703,193.16189575195312
72_1_3_20170109142938059.jpg.chip.jpg,72,/Users/cipherxishant/Downloads/archive/UTKFace/72_1_3_20170109142938059.jpg.chip.jpg,0,1,0,0,0,1,0,85.70935821533203,72.23776245117188,192.40504455566406,200.49838256835938
45_0_0_20170117154220587.jpg.chip.jpg,45,/Users/cipherxishant/Downloads/archive/UTKFace/45_0_0_20170117154220587.jpg.chip.jpg,1,0,1,0,0,0,0,74.0257797241211,55.25857925415039,164.89202880859375,183.5413055419922
26_1_1_20170116232550099.jpg.chip.jpg,26,/Users/cipherxishant/Downloads/archive/UTKFace/26_1_1_20170116232550099.jpg.chip.jpg,0,1,0,1,0,0,0,81.84671783447266,63.44524002075195,187.3331756591797,202.92019653320312
28_0_2_20170116170900610.jpg.chip.jpg,28,/Users/cipherxishant/Downloads/archive/UTKFace/28_0_2_20170116170900610.jpg.chip.jpg,1,0,0,0,1,0,0,72.46300506591797,58.500030517578125,155.24632263183594,192.863525390625
31_1_1_20170116175710225.jpg.chip.jpg,31,/Users/cipherxishant/Downloads/archive/UTKFace/31_1_1_20170116175710225.jpg.chip.jpg,0,1,0,1,0,0,0,77.02788543701172,64.1032943725586,174.76144409179688,194.53001403808594
31_0_0_20170120134310511.jpg.chip.jpg,31,/Users/cipherxishant/Downloads/archive/UTKFace/31_0_0_20170120134310511.jpg.chip.jpg,1,0,1,0,0,0,0,81.20588684082031,68.942138671875,169.56776428222656,196.97360229492188
25_1_3_20170109213212198.jpg.chip.jpg,25,/Users/cipherxishant/Downloads/archive/UTKFace/25_1_3_20170109213212198.jpg.chip.jpg,0,1,0,0,0,1,0,61.370323181152344,48.7217903137207,138.7972412109375,147.05404663085938
38_1_0_20170117184900263.jpg.chip.jpg,38,/Users/cipherxishant/Downloads/archive/UTKFace/38_1_0_20170117184900263.jpg.chip.jpg,0,1,1,0,0,0,0,79.99832916259766,73.16850280761719,161.83396911621094,197.4545440673828
65_1_1_20170113012956231.jpg.chip.jpg,65,/Users/cipherxishant/Downloads/archive/UTKFace/65_1_1_20170113012956231.jpg.chip.jpg,0,1,0,1,0,0,0,75.72298431396484,60.652339935302734,159.79820251464844,183.27369689941406
58_1_0_20170117173717097.jpg.chip.jpg,58,/Users/cipherxishant/Downloads/archive/UTKFace/58_1_0_20170117173717097.jpg.chip.jpg,0,1,1,0,0,0,0,80.88541412353516,73.43248748779297,170.6630401611328,198.09246826171875
22_1_2_20170116170405273.jpg.chip.jpg,22,/Users/cipherxishant/Downloads/archive/UTKFace/22_1_2_20170116170405273.jpg.chip.jpg,0,1,0,0,1,0,0,64.02801513671875,46.197113037109375,150.11016845703125,193.36679077148438
16_1_0_20170104013530988.jpg.chip.jpg,16,/Users/cipherxishant/Downloads/archive/UTKFace/16_1_0_20170104013530988.jpg.chip.jpg,0,1,1,0,0,0,0,84.11891174316406,71.62525177001953,167.4721221923828,193.24078369140625
82_1_0_20170110141214048.jpg.chip.jpg,82,/Users/cipherxishant/Downloads/archive/UTKFace/82_1_0_20170110141214048.jpg.chip.jpg,0,1,1,0,0,0,0,83.09416961669922,67.45117950439453,183.0970916748047,197.46475219726562
88_1_1_20170110183118502.jpg.chip.jpg,88,/Users/cipherxishant/Downloads/archive/UTKFace/88_1_1_20170110183118502.jpg.chip.jpg,0,1,0,1,0,0,0,81.84516143798828,74.96845245361328,170.36473083496094,186.29730224609375
69_0_0_20170117185705145.jpg.chip.jpg,69,/Users/cipherxishant/Downloads/archive/UTKFace/69_0_0_20170117185705145.jpg.chip.jpg,1,0,1,0,0,0,0,89.68211364746094,75.2892837524414,195.57032775878906,193.4765167236328
4_1_3_20161220220859874.jpg.chip.jpg,4,/Users/cipherxishant/Downloads/archive/UTKFace/4_1_3_20161220220859874.jpg.chip.jpg,0,1,0,0,0,1,0,76.11530303955078,55.10355758666992,180.74050903320312,185.21490478515625
76_0_0_20170111201015692.jpg.chip.jpg,76,/Users/cipherxishant/Downloads/archive/UTKFace/76_0_0_20170111201015692.jpg.chip.jpg,1,0,1,0,0,0,0,76.05491638183594,64.965087890625,158.34686279296875,198.911865234375
35_0_1_20170113184041966.jpg.chip.jpg,35,/Users/cipherxishant/Downloads/archive/UTKFace/35_0_1_20170113184041966.jpg.chip.jpg,1,0,0,1,0,0,0,78.3890151977539,65.48371887207031,163.65274047851562,193.22279357910156
56_0_3_20170105180725694.jpg.chip.jpg,56,/Users/cipherxishant/Downloads/archive/UTKFace/56_0_3_20170105180725694.jpg.chip.jpg,1,0,0,0,0,1,0,96.04156494140625,83.79967498779297,184.00344848632812,204.1079559326172
27_0_1_20170117005928329.jpg.chip.jpg,27,/Users/cipherxishant/Downloads/archive/UTKFace/27_0_1_20170117005928329.jpg.chip.jpg,1,0,0,1,0,0,0,77.84664916992188,61.82841873168945,156.71702575683594,189.69996643066406
35_0_2_20170117140448176.jpg.chip.jpg,35,/Users/cipherxishant/Downloads/archive/UTKFace/35_0_2_20170117140448176.jpg.chip.jpg,1,0,0,0,1,0,0,62.86190414428711,50.46013641357422,140.78329467773438,190.29879760742188
26_1_1_20170117134025403.jpg.chip.jpg,26,/Users/cipherxishant/Downloads/archive/UTKFace/26_1_1_20170117134025403.jpg.chip.jpg,0,1,0,1,0,0,0,80.4761962890625,67.497802734375,166.66659545898438,198.17889404296875
22_1_0_20170111182452750.jpg.chip.jpg,22,/Users/cipherxishant/Downloads/archive/UTKFace/22_1_0_20170111182452750.jpg.chip.jpg,0,1,1,0,0,0,0,83.54022216796875,67.86827087402344,183.7221221923828,202.3018798828125
53_0_0_20170120223144035.jpg.chip.jpg,53,/Users/cipherxishant/Downloads/archive/UTKFace/53_0_0_20170120223144035.jpg.chip.jpg,1,0,1,0,0,0,0,76.0002212524414,54.11366271972656,175.8648681640625,181.86056518554688
23_1_2_20170116173241444.jpg.chip.jpg,23,/Users/cipherxishant/Downloads/archive/UTKFace/23_1_2_20170116173241444.jpg.chip.jpg,0,1,0,0,1,0,0,76.36285400390625,64.70659637451172,165.94241333007812,197.08375549316406
63_0_0_20170109012637610.jpg.chip.jpg,63,/Users/cipherxishant/Downloads/archive/UTKFace/63_0_0_20170109012637610.jpg.chip.jpg,1,0,1,0,0,0,0,83.8584976196289,72.16486358642578,180.10804748535156,197.75592041015625
25_0_2_20170116175215147.jpg.chip.jpg,25,/Users/cipherxishant/Downloads/archive/UTKFace/25_0_2_20170116175215147.jpg.chip.jpg,1,0,0,0,1,0,0,79.57029724121094,64.5047607421875,163.724365234375,190.35043334960938
20_0_2_20170117135024223.jpg.chip.jpg,20,/Users/cipherxishant/Downloads/archive/UTKFace/20_0_2_20170117135024223.jpg.chip.jpg,1,0,0,0,1,0,0,80.16251373291016,70.73226165771484,170.779541015625,189.26588439941406
40_0_2_20170116191354067.jpg.chip.jpg,40,/Users/cipherxishant/Downloads/archive/UTKFace/40_0_2_20170116191354067.jpg.chip.jpg,1,0,0,0,1,0,0,76.0743179321289,66.46399688720703,163.4042205810547,185.3226318359375
1_0_0_20161219193326339.jpg.chip.jpg,1,/Users/cipherxishant/Downloads/archive/UTKFace/1_0_0_20161219193326339.jpg.chip.jpg,1,0,1,0,0,0,0,83.33596801757812,64.14008331298828,190.38870239257812,197.85330200195312
25_0_1_20170113133108944.jpg.chip.jpg,25,/Users/cipherxishant/Downloads/archive/UTKFace/25_0_1_20170113133108944.jpg.chip.jpg,1,0,0,1,0,0,0,71.10365295410156,61.616939544677734,154.68746948242188,194.5640411376953
27_1_1_20170112234549479.jpg.chip.jpg,27,/Users/cipherxishant/Downloads/archive/UTKFace/27_1_1_20170112234549479.jpg.chip.jpg,0,1,0,1,0,0,0,71.6216049194336,59.40267562866211,155.5009307861328,186.408447265625
22_1_1_20170112233701320.jpg.chip.jpg,22,/Users/cipherxishant/Downloads/archive/UTKFace/22_1_1_20170112233701320.jpg.chip.jpg,0,1,0,1,0,0,0,78.06317901611328,66.28585052490234,166.4541015625,196.59910583496094
53_0_0_20170120223117140.jpg.chip.jpg,53,/Users/cipherxishant/Downloads/archive/UTKFace/53_0_0_20170120223117140.jpg.chip.jpg,1,0,1,0,0,0,0,76.01495361328125,67.21673583984375,162.06979370117188,206.28199768066406
44_1_0_20170104171556786.jpg.chip.jpg,44,/Users/cipherxishant/Downloads/archive/UTKFace/44_1_0_20170104171556786.jpg.chip.jpg,0,1,1,0,0,0,0,79.06375885009766,71.37629699707031,160.1437530517578,190.587890625
30_0_1_20170113141818644.jpg.chip.jpg,30,/Users/cipherxishant/Downloads/archive/UTKFace/30_0_1_20170113141818644.jpg.chip.jpg,1,0,0,1,0,0,0,69.82616424560547,55.61760711669922,149.55975341796875,192.097900390625
27_1_0_20170117120620652.jpg.chip.jpg,27,/Users/cipherxishant/Downloads/archive/UTKFace/27_1_0_20170117120620652.jpg.chip.jpg,0,1,1,0,0,0,0,81.7191162109375,73.35879516601562,174.07289123535156,199.27377319335938
26_0_3_20170113182519667.jpg.chip.jpg,26,/Users/cipherxishant/Downloads/archive/UTKFace/26_0_3_20170113182519667.jpg.chip.jpg,1,0,0,0,0,1,0,75.09762573242188,63.996395111083984,163.64308166503906,198.03875732421875
26_1_0_20170117103606667.jpg.chip.jpg,26,/Users/cipherxishant/Downloads/archive/UTKFace/26_1_0_20170117103606667.jpg.chip.jpg,0,1,1,0,0,0,0,80.84819030761719,65.0103988647461,180.74208068847656,190.8040771484375
26_1_1_20170112212048675.jpg.chip.jpg,26,/Users/cipherxishant/Downloads/archive/UTKFace/26_1_1_20170112212048675.jpg.chip.jpg,0,1,0,1,0,0,0,81.48796081542969,68.8157730102539,169.6761016845703,197.18624877929688
31_0_1_20170116160725854.jpg.chip.jpg,31,/Users/cipherxishant/Downloads/archive/UTKFace/31_0_1_20170116160725854.jpg.chip.jpg,1,0,0,1,0,0,0,80.72566223144531,69.3400650024414,180.65452575683594,189.5322723388672
2_1_2_20161219142446329.jpg.chip.jpg,2,/Users/cipherxishant/Downloads/archive/UTKFace/2_1_2_20161219142446329.jpg.chip.jpg,0,1,0,0,1,0,0,89.66956329345703,76.48605346679688,188.54367065429688,218.34103393554688
18_1_3_20170104222052685.jpg.chip.jpg,18,/Users/cipherxishant/Downloads/archive/UTKFace/18_1_3_20170104222052685.jpg.chip.jpg,0,1,0,0,0,1,0,76.56378173828125,63.43313217163086,167.6743927001953,194.85366821289062
34_1_1_20170114033426045.jpg.chip.jpg,34,/Users/cipherxishant/Downloads/archive/UTKFace/34_1_1_20170114033426045.jpg.chip.jpg,0,1,0,1,0,0,0,79.22867584228516,62.2700080871582,181.26283264160156,198.97506713867188
28_0_1_20170117021617321.jpg.chip.jpg,28,/Users/cipherxishant/Downloads/archive/UTKFace/28_0_1_20170117021617321.jpg.chip.jpg,1,0,0,1,0,0,0,80.74537658691406,70.77803802490234,176.88931274414062,196.84461975097656
75_0_2_20170112205315834.jpg.chip.jpg,75,/Users/cipherxishant/Downloads/archive/UTKFace/75_0_2_20170112205315834.jpg.chip.jpg,1,0,0,0,1,0,0,78.21210479736328,60.86525344848633,166.44174194335938,188.71693420410156
16_0_0_20170110231726179.jpg.chip.jpg,16,/Users/cipherxishant/Downloads/archive/UTKFace/16_0_0_20170110231726179.jpg.chip.jpg,1,0,1,0,0,0,0,79.47531127929688,69.41043090820312,163.60182189941406,185.63734436035156
56_1_3_20170119183420176.jpg.chip.jpg,56,/Users/cipherxishant/Downloads/archive/UTKFace/56_1_3_20170119183420176.jpg.chip.jpg,0,1,0,0,0,1,0,79.25752258300781,63.22893142700195,179.5836639404297,202.73170471191406
58_0_3_20170119211539872.jpg.chip.jpg,58,/Users/cipherxishant/Downloads/archive/UTKFace/58_0_3_20170119211539872.jpg.chip.jpg,1,0,0,0,0,1,0,73.03802490234375,61.06622314453125,161.8419647216797,196.0162811279297
50_0_3_20170119204134671.jpg.chip.jpg,50,/Users/cipherxishant/Downloads/archive/UTKFace/50_0_3_20170119204134671.jpg.chip.jpg,1,0,0,0,0,1,0,89.45344543457031,76.03085327148438,174.7489776611328,196.6804962158203
1_0_4_20170110212923157.jpg.chip.jpg,1,/Users/cipherxishant/Downloads/archive/UTKFace/1_0_4_20170110212923157.jpg.chip.jpg,1,0,0,0,0,0,1,85.85099029541016,68.97563171386719,196.4314422607422,186.1465606689453
25_0_0_20170117151831828.jpg.chip.jpg,25,/Users/cipherxishant/Downloads/archive/UTKFace/25_0_0_20170117151831828.jpg.chip.jpg,1,0,1,0,0,0,0,75.30657958984375,58.290706634521484,170.2758331298828,191.10018920898438
29_1_1_20170113012048486.jpg.chip.jpg,29,/Users/cipherxishant/Downloads/archive/UTKFace/29_1_1_20170113012048486.jpg.chip.jpg,0,1,0,1,0,0,0,84.16940307617188,77.09443664550781,178.16412353515625,202.54542541503906
38_1_0_20170104201618841.jpg.chip.jpg,38,/Users/cipherxishant/Downloads/archive/UTKFace/38_1_0_20170104201618841.jpg.chip.jpg,0,1,1,0,0,0,0,88.42576599121094,75.64581298828125,175.91526794433594,203.31678771972656
25_0_3_20170117151130075.jpg.chip.jpg,25,/Users/cipherxishant/Downloads/archive/UTKFace/25_0_3_20170117151130075.jpg.chip.jpg,1,0,0,0,0,1,0,67.72891998291016,59.43305587768555,156.78915405273438,193.27667236328125
3_0_2_20161219160753533.jpg.chip.jpg,3,/Users/cipherxishant/Downloads/archive/UTKFace/3_0_2_20161219160753533.jpg.chip.jpg,1,0,0,0,1,0,0,81.01322174072266,61.70792007446289,188.94737243652344,175.26162719726562
16_0_0_20170110231759619.jpg.chip.jpg,16,/Users/cipherxishant/Downloads/archive/UTKFace/16_0_0_20170110231759619.jpg.chip.jpg,1,0,1,0,0,0,0,71.69134521484375,61.96542739868164,160.5601348876953,193.28741455078125
43_0_0_20170112220315153.jpg.chip.jpg,43,/Users/cipherxishant/Downloads/archive/UTKFace/43_0_0_20170112220315153.jpg.chip.jpg,1,0,1,0,0,0,0,80.0690689086914,60.60795593261719,171.72158813476562,207.77401733398438
54_0_3_20170119210114392.jpg.chip.jpg,54,/Users/cipherxishant/Downloads/archive/UTKFace/54_0_3_20170119210114392.jpg.chip.jpg,1,0,0,0,0,1,0,86.51615905761719,76.3533706665039,177.32923889160156,192.56512451171875
38_1_1_20170112231328158.jpg.chip.jpg,38,/Users/cipherxishant/Downloads/archive/UTKFace/38_1_1_20170112231328158.jpg.chip.jpg,0,1,0,1,0,0,0,77.04737091064453,65.46341705322266,163.86907958984375,185.45587158203125
48_0_0_20170111201841425.jpg.chip.jpg,48,/Users/cipherxishant/Downloads/archive/UTKFace/48_0_0_20170111201841425.jpg.chip.jpg,1,0,1,0,0,0,0,83.32891082763672,70.180908203125,163.81307983398438,199.80908203125
30_1_1_20170117133829099.jpg.chip.jpg,30,/Users/cipherxishant/Downloads/archive/UTKFace/30_1_1_20170117133829099.jpg.chip.jpg,0,1,0,1,0,0,0,74.42806243896484,55.49770736694336,167.80218505859375,196.19830322265625
18_0_2_20161219205328564.jpg.chip.jpg,18,/Users/cipherxishant/Downloads/archive/UTKFace/18_0_2_20161219205328564.jpg.chip.jpg,1,0,0,0,1,0,0,80.48297882080078,60.659549713134766,181.57472229003906,194.6994171142578
37_0_4_20170104205837940.jpg.chip.jpg,37,/Users/cipherxishant/Downloads/archive/UTKFace/37_0_4_20170104205837940.jpg.chip.jpg,1,0,0,0,0,0,1,84.06893157958984,69.06739044189453,178.534912109375,200.22406005859375
25_0_0_20170116200929068.jpg.chip.jpg,25,/Users/cipherxishant/Downloads/archive/UTKFace/25_0_0_20170116200929068.jpg.chip.jpg,1,0,1,0,0,0,0,76.42625427246094,64.64952850341797,165.51344299316406,195.0902557373047
32_0_3_20170119171305632.jpg.chip.jpg,32,/Users/cipherxishant/Downloads/archive/UTKFace/32_0_3_20170119171305632.jpg.chip.jpg,1,0,0,0,0,1,0,80.22173309326172,60.82481002807617,178.8945770263672,188.56674194335938
30_1_1_20170117125922762.jpg.chip.jpg,30,/Users/cipherxishant/Downloads/archive/UTKFace/30_1_1_20170117125922762.jpg.chip.jpg,0,1,0,1,0,0,0,83.27513122558594,70.20121002197266,167.6298370361328,192.90037536621094
21_1_3_20170117193843284.jpg.chip.jpg,21,/Users/cipherxishant/Downloads/archive/UTKFace/21_1_3_20170117193843284.jpg.chip.jpg,0,1,0,0,0,1,0,77.57447052001953,62.1571159362793,167.1323699951172,186.71127319335938
85_1_0_20170110184114479.jpg.chip.jpg,85,/Users/cipherxishant/Downloads/archive/UTKFace/85_1_0_20170110184114479.jpg.chip.jpg,0,1,1,0,0,0,0,75.47449493408203,62.470436096191406,165.88845825195312,194.09832763671875
55_1_0_20170110160643422.jpg.chip.jpg,55,/Users/cipherxishant/Downloads/archive/UTKFace/55_1_0_20170110160643422.jpg.chip.jpg,0,1,1,0,0,0,0,83.13023376464844,70.5551986694336,177.81532287597656,205.9674530029297
3_0_4_20170103210604324.jpg.chip.jpg,3,/Users/cipherxishant/Downloads/archive/UTKFace/3_0_4_20170103210604324.jpg.chip.jpg,1,0,0,0,0,0,1,79.31803131103516,62.69881057739258,185.17129516601562,183.19912719726562
4_0_0_20170110213510791.jpg.chip.jpg,4,/Users/cipherxishant/Downloads/archive/UTKFace/4_0_0_20170110213510791.jpg.chip.jpg,1,0,1,0,0,0,0,80.84972381591797,63.145111083984375,187.12728881835938,187.92495727539062
63_1_3_20170117143046787.jpg.chip.jpg,63,/Users/cipherxishant/Downloads/archive/UTKFace/63_1_3_20170117143046787.jpg.chip.jpg,0,1,0,0,0,1,0,77.48036193847656,63.401248931884766,173.91705322265625,189.83056640625
26_1_3_20170104235435739.jpg.chip.jpg,26,/Users/cipherxishant/Downloads/archive/UTKFace/26_1_3_20170104235435739.jpg.chip.jpg,0,1,0,0,0,1,0,70.1153793334961,63.17856216430664,159.54815673828125,200.49403381347656
48_0_2_20170104204459299.jpg.chip.jpg,48,/Users/cipherxishant/Downloads/archive/UTKFace/48_0_2_20170104204459299.jpg.chip.jpg,1,0,0,0,1,0,0,88.73336791992188,77.11376190185547,169.36868286132812,204.20223999023438
24_1_2_20170116174528024.jpg.chip.jpg,24,/Users/cipherxishant/Downloads/archive/UTKFace/24_1_2_20170116174528024.jpg.chip.jpg,0,1,0,0,1,0,0,71.18800354003906,57.981956481933594,153.13658142089844,180.9381103515625
19_1_0_20170119145731470.jpg.chip.jpg,19,/Users/cipherxishant/Downloads/archive/UTKFace/19_1_0_20170119145731470.jpg.chip.jpg,0,1,1,0,0,0,0,86.74308013916016,72.99165344238281,178.2158203125,194.09805297851562
52_0_0_20170111203528972.jpg.chip.jpg,52,/Users/cipherxishant/Downloads/archive/UTKFace/52_0_0_20170111203528972.jpg.chip.jpg,1,0,1,0,0,0,0,64.48397827148438,55.21134567260742,150.7820281982422,177.41355895996094
26_1_1_20170116023808283.jpg.chip.jpg,26,/Users/cipherxishant/Downloads/archive/UTKFace/26_1_1_20170116023808283.jpg.chip.jpg,0,1,0,1,0,0,0,67.51313018798828,50.009544372558594,149.86306762695312,191.70364379882812
25_1_1_20170116001314901.jpg.chip.jpg,25,/Users/cipherxishant/Downloads/archive/UTKFace/25_1_1_20170116001314901.jpg.chip.jpg,0,1,0,1,0,0,0,75.65585327148438,61.53831481933594,167.78907775878906,182.88475036621094
27_0_2_20161219194038690.jpg.chip.jpg,27,/Users/cipherxishant/Downloads/archive/UTKFace/27_0_2_20161219194038690.jpg.chip.jpg,1,0,0,0,1,0,0,80.8447036743164,70.7739028930664,175.3069610595703,197.2292022705078
24_1_3_20170119164644510.jpg.chip.jpg,24,/Users/cipherxishant/Downloads/archive/UTKFace/24_1_3_20170119164644510.jpg.chip.jpg,0,1,0,0,0,1,0,79.10282135009766,70.95455169677734,169.8076629638672,188.18545532226562
43_1_1_20170113013016785.jpg.chip.jpg,43,/Users/cipherxishant/Downloads/archive/UTKFace/43_1_1_20170113013016785.jpg.chip.jpg,0,1,0,1,0,0,0,78.5352783203125,66.47125244140625,173.8443603515625,181.24403381347656
32_0_3_20170119200235517.jpg.chip.jpg,32,/Users/cipherxishant/Downloads/archive/UTKFace/32_0_3_20170119200235517.jpg.chip.jpg,1,0,0,0,0,1,0,74.46699523925781,57.32491683959961,167.271484375,190.62582397460938
27_0_1_20170113135622875.jpg.chip.jpg,27,/Users/cipherxishant/Downloads/archive/UTKFace/27_0_1_20170113135622875.jpg.chip.jpg,1,0,0,1,0,0,0,74.19357299804688,62.25929641723633,160.73817443847656,188.9553680419922
57_1_1_20170113013059467.jpg.chip.jpg,57,/Users/cipherxishant/Downloads/archive/UTKFace/57_1_1_20170113013059467.jpg.chip.jpg,0,1,0,1,0,0,0,81.9002914428711,73.3662338256836,179.75140380859375,201.63507080078125
11_0_4_20170103200621488.jpg.chip.jpg,11,/Users/cipherxishant/Downloads/archive/UTKFace/11_0_4_20170103200621488.jpg.chip.jpg,1,0,0,0,0,0,1,77.82295989990234,65.14434051513672,169.04153442382812,182.26683044433594
28_0_1_20170113133358713.jpg.chip.jpg,28,/Users/cipherxishant/Downloads/archive/UTKFace/28_0_1_20170113133358713.jpg.chip.jpg,1,0,0,1,0,0,0,71.83080291748047,62.828346252441406,160.71517944335938,190.14932250976562
45_0_0_20170120222004116.jpg.chip.jpg,45,/Users/cipherxishant/Downloads/archive/UTKFace/45_0_0_20170120222004116.jpg.chip.jpg,1,0,1,0,0,0,0,75.49736785888672,65.79420471191406,155.155029296875,203.30813598632812
26_0_3_20170119183458846.jpg.chip.jpg,26,/Users/cipherxishant/Downloads/archive/UTKFace/26_0_3_20170119183458846.jpg.chip.jpg,1,0,0,0,0,1,0,80.17281341552734,70.45323181152344,172.00308227539062,194.7821807861328
45_0_0_20170117182743885.jpg.chip.jpg,45,/Users/cipherxishant/Downloads/archive/UTKFace/45_0_0_20170117182743885.jpg.chip.jpg,1,0,1,0,0,0,0,70.61651611328125,63.8686637878418,156.8784637451172,190.1825714111328
32_1_0_20170117134816396.jpg.chip.jpg,32,/Users/cipherxishant/Downloads/archive/UTKFace/32_1_0_20170117134816396.jpg.chip.jpg,0,1,1,0,0,0,0,75.94612121582031,68.9784164428711,160.1186065673828,191.45672607421875
37_0_0_20170104170051521.jpg.chip.jpg,37,/Users/cipherxishant/Downloads/archive/UTKFace/37_0_0_20170104170051521.jpg.chip.jpg,1,0,1,0,0,0,0,74.28411865234375,63.743255615234375,164.39451599121094,185.60305786132812
24_1_0_20170104022714148.jpg.chip.jpg,24,/Users/cipherxishant/Downloads/archive/UTKFace/24_1_0_20170104022714148.jpg.chip.jpg,0,1,1,0,0,0,0,77.90009307861328,68.49266815185547,161.39669799804688,200.025634765625
23_0_2_20170116172933284.jpg.chip.jpg,23,/Users/cipherxishant/Downloads/archive/UTKFace/23_0_2_20170116172933284.jpg.chip.jpg,1,0,0,0,1,0,0,77.73668670654297,62.286285400390625,156.8693389892578,195.13626098632812
32_1_0_20170108224936101.jpg.chip.jpg,32,/Users/cipherxishant/Downloads/archive/UTKFace/32_1_0_20170108224936101.jpg.chip.jpg,0,1,1,0,0,0,0,77.7981948852539,66.3141860961914,163.87310791015625,195.3428955078125
25_0_0_20170117140947335.jpg.chip.jpg,25,/Users/cipherxishant/Downloads/archive/UTKFace/25_0_0_20170117140947335.jpg.chip.jpg,1,0,1,0,0,0,0,79.36771392822266,73.02942657470703,165.83258056640625,199.06436157226562
1_1_4_20161221202053505.jpg.chip.jpg,1,/Users/cipherxishant/Downloads/archive/UTKFace/1_1_4_20161221202053505.jpg.chip.jpg,0,1,0,0,0,0,1,81.12397003173828,60.79458236694336,193.38047790527344,190.94178771972656
5_0_0_20170110212804775.jpg.chip.jpg,5,/Users/cipherxishant/Downloads/archive/UTKFace/5_0_0_20170110212804775.jpg.chip.jpg,1,0,1,0,0,0,0,81.18096160888672,66.9524154663086,179.91444396972656,189.51255798339844
61_0_3_20170119211849977.jpg.chip.jpg,61,/Users/cipherxishant/Downloads/archive/UTKFace/61_0_3_20170119211849977.jpg.chip.jpg,1,0,0,0,0,1,0,79.53656005859375,65.03687286376953,177.23583984375,195.8963165283203
1_1_4_20170103202738552.jpg.chip.jpg,1,/Users/cipherxishant/Downloads/archive/UTKFace/1_1_4_20170103202738552.jpg.chip.jpg,0,1,0,0,0,0,1,79.57707977294922,59.61422348022461,180.92337036132812,202.14207458496094
29_0_0_20170117122015236.jpg.chip.jpg,29,/Users/cipherxishant/Downloads/archive/UTKFace/29_0_0_20170117122015236.jpg.chip.jpg,1,0,1,0,0,0,0,84.93924713134766,74.22113037109375,168.03883361816406,205.26632690429688
51_1_1_20170112213122309.jpg.chip.jpg,51,/Users/cipherxishant/Downloads/archive/UTKFace/51_1_1_20170112213122309.jpg.chip.jpg,0,1,0,1,0,0,0,70.40066528320312,55.0701904296875,157.1616668701172,190.14566040039062
26_1_0_20170116184526152.jpg.chip.jpg,26,/Users/cipherxishant/Downloads/archive/UTKFace/26_1_0_20170116184526152.jpg.chip.jpg,0,1,1,0,0,0,0,76.77467346191406,59.79387283325195,159.81137084960938,190.14129638671875
49_1_3_20170104231642491.jpg.chip.jpg,49,/Users/cipherxishant/Downloads/archive/UTKFace/49_1_3_20170104231642491.jpg.chip.jpg,0,1,0,0,0,1,0,86.25011444091797,73.29967498779297,188.22500610351562,195.19825744628906
26_1_2_20170116180509103.jpg.chip.jpg,26,/Users/cipherxishant/Downloads/archive/UTKFace/26_1_2_20170116180509103.jpg.chip.jpg,0,1,0,0,1,0,0,78.67001342773438,65.4016342163086,172.60435485839844,187.0870819091797
22_0_1_20170114033114683.jpg.chip.jpg,22,/Users/cipherxishant/Downloads/archive/UTKFace/22_0_1_20170114033114683.jpg.chip.jpg,1,0,0,1,0,0,0,79.93962860107422,61.119300842285156,178.12847900390625,192.25125122070312
29_1_0_20170116220908902.jpg.chip.jpg,29,/Users/cipherxishant/Downloads/archive/UTKFace/29_1_0_20170116220908902.jpg.chip.jpg,0,1,1,0,0,0,0,73.08305358886719,57.30544662475586,172.84922790527344,186.08078002929688
67_0_0_20170104184245598.jpg.chip.jpg,67,/Users/cipherxishant/Downloads/archive/UTKFace/67_0_0_20170104184245598.jpg.chip.jpg,1,0,1,0,0,0,0,77.31278228759766,60.17348861694336,173.1791534423828,192.86489868164062
55_1_0_20170117190736258.jpg.chip.jpg,55,/Users/cipherxishant/Downloads/archive/UTKFace/55_1_0_20170117190736258.jpg.chip.jpg,0,1,1,0,0,0,0,92.90074157714844,80.25108337402344,177.2445068359375,198.87515258789062
40_1_0_20170117185239576.jpg.chip.jpg,40,/Users/cipherxishant/Downloads/archive/UTKFace/40_1_0_20170117185239576.jpg.chip.jpg,0,1,1,0,0,0,0,81.32662963867188,73.44161224365234,174.51220703125,198.45518493652344
35_1_1_20170112234952297.jpg.chip.jpg,35,/Users/cipherxishant/Downloads/archive/UTKFace/35_1_1_20170112234952297.jpg.chip.jpg,0,1,0,1,0,0,0,84.51497650146484,70.71045684814453,169.5224609375,199.6519775390625
45_0_3_20170119144853174.jpg.chip.jpg,45,/Users/cipherxishant/Downloads/archive/UTKFace/45_0_3_20170119144853174.jpg.chip.jpg,1,0,0,0,0,1,0,83.13411712646484,71.56013488769531,174.84979248046875,196.56787109375
2_1_4_20170103210830609.jpg.chip.jpg,2,/Users/cipherxishant/Downloads/archive/UTKFace/2_1_4_20170103210830609.jpg.chip.jpg,0,1,0,0,0,0,1,75.56523895263672,58.26639175415039,163.75338745117188,181.7247772216797
22_1_0_20170116220646631.jpg.chip.jpg,22,/Users/cipherxishant/Downloads/archive/UTKFace/22_1_0_20170116220646631.jpg.chip.jpg,0,1,1,0,0,0,0,78.07929229736328,66.83779907226562,164.84829711914062,194.4772186279297
17_1_3_20170104221822223.jpg.chip.jpg,17,/Users/cipherxishant/Downloads/archive/UTKFace/17_1_3_20170104221822223.jpg.chip.jpg,0,1,0,0,0,1,0,74.44023132324219,57.79526138305664,176.4573974609375,181.82000732421875
25_1_0_20170117195134252.jpg.chip.jpg,25,/Users/cipherxishant/Downloads/archive/UTKFace/25_1_0_20170117195134252.jpg.chip.jpg,0,1,1,0,0,0,0,81.54840850830078,68.57881164550781,168.38092041015625,195.2330322265625
31_1_2_20161219203219180.jpg.chip.jpg,31,/Users/cipherxishant/Downloads/archive/UTKFace/31_1_2_20161219203219180.jpg.chip.jpg,0,1,0,0,1,0,0,75.41165924072266,63.925575256347656,163.5049591064453,188.2803497314453
80_1_0_20170110153259184.jpg.chip.jpg,80,/Users/cipherxishant/Downloads/archive/UTKFace/80_1_0_20170110153259184.jpg.chip.jpg,0,1,1,0,0,0,0,74.49382019042969,64.08757781982422,150.5298614501953,196.41265869140625
43_1_1_20170110120856819.jpg.chip.jpg,43,/Users/cipherxishant/Downloads/archive/UTKFace/43_1_1_20170110120856819.jpg.chip.jpg,0,1,0,1,0,0,0,77.50041961669922,69.81861114501953,165.9887237548828,185.74143981933594
1_0_2_20161219141824081.jpg.chip.jpg,1,/Users/cipherxishant/Downloads/archive/UTKFace/1_0_2_20161219141824081.jpg.chip.jpg,1,0,0,0,1,0,0,86.64395904541016,68.55398559570312,191.33766174316406,196.6659393310547
37_1_3_20170119202521964.jpg.chip.jpg,37,/Users/cipherxishant/Downloads/archive/UTKFace/37_1_3_20170119202521964.jpg.chip.jpg,0,1,0,0,0,1,0,87.50440216064453,77.13816833496094,189.12025451660156,203.4557647705078
52_0_0_20170113184840654.jpg.chip.jpg,52,/Users/cipherxishant/Downloads/archive/UTKFace/52_0_0_20170113184840654.jpg.chip.jpg,1,0,1,0,0,0,0,83.41207122802734,71.7082748413086,168.98526000976562,197.00413513183594
8_0_3_20170104230740713.jpg.chip.jpg,8,/Users/cipherxishant/Downloads/archive/UTKFace/8_0_3_20170104230740713.jpg.chip.jpg,1,0,0,0,0,1,0,80.02405548095703,62.93547821044922,184.66696166992188,189.70216369628906
23_1_2_20170116173155636.jpg.chip.jpg,23,/Users/cipherxishant/Downloads/archive/UTKFace/23_1_2_20170116173155636.jpg.chip.jpg,0,1,0,0,1,0,0,62.102970123291016,48.17921447753906,134.19252014160156,175.5538330078125
9_1_0_20170103212649164.jpg.chip.jpg,9,/Users/cipherxishant/Downloads/archive/UTKFace/9_1_0_20170103212649164.jpg.chip.jpg,0,1,1,0,0,0,0,80.44403076171875,65.41603088378906,163.5420379638672,189.73956298828125
74_0_2_20170105174346668.jpg.chip.jpg,74,/Users/cipherxishant/Downloads/archive/UTKFace/74_0_2_20170105174346668.jpg.chip.jpg,1,0,0,0,1,0,0,77.0472412109375,68.30653381347656,167.64041137695312,188.4556427001953
45_0_0_20170117174733520.jpg.chip.jpg,45,/Users/cipherxishant/Downloads/archive/UTKFace/45_0_0_20170117174733520.jpg.chip.jpg,1,0,1,0,0,0,0,73.9605712890625,64.87528228759766,158.7097625732422,202.31005859375
26_1_3_20170117174123429.jpg.chip.jpg,26,/Users/cipherxishant/Downloads/archive/UTKFace/26_1_3_20170117174123429.jpg.chip.jpg,0,1,0,0,0,1,0,82.58906555175781,70.77999877929688,169.23004150390625,196.86160278320312
1_0_0_20170109191808532.jpg.chip.jpg,1,/Users/cipherxishant/Downloads/archive/UTKFace/1_0_0_20170109191808532.jpg.chip.jpg,1,0,1,0,0,0,0,78.50089263916016,67.86941528320312,174.15664672851562,164.54483032226562
18_0_1_20170114030419966.jpg.chip.jpg,18,/Users/cipherxishant/Downloads/archive/UTKFace/18_0_1_20170114030419966.jpg.chip.jpg,1,0,0,1,0,0,0,80.33528137207031,62.61543655395508,174.70571899414062,196.8490753173828
57_1_3_20170104234912850.jpg.chip.jpg,57,/Users/cipherxishant/Downloads/archive/UTKFace/57_1_3_20170104234912850.jpg.chip.jpg,0,1,0,0,0,1,0,67.0841293334961,57.14180374145508,148.87713623046875,181.74049377441406
55_1_1_20170112220123609.jpg.chip.jpg,55,/Users/cipherxishant/Downloads/archive/UTKFace/55_1_1_20170112220123609.jpg.chip.jpg,0,1,0,1,0,0,0,75.5193099975586,65.7589340209961,160.57254028320312,201.45152282714844
25_0_1_20170116002814761.jpg.chip.jpg,25,/Users/cipherxishant/Downloads/archive/UTKFace/25_0_1_20170116002814761.jpg.chip.jpg,1,0,0,1,0,0,0,78.81258392333984,66.7492446899414,166.15866088867188,204.62977600097656
26_0_0_20170117091143436.jpg.chip.jpg,26,/Users/cipherxishant/Downloads/archive/UTKFace/26_0_0_20170117091143436.jpg.chip.jpg,1,0,1,0,0,0,0,85.39472198486328,73.25115966796875,191.25592041015625,196.16551208496094
16_1_0_20170109204155179.jpg.chip.jpg,16,/Users/cipherxishant/Downloads/archive/UTKFace/16_1_0_20170109204155179.jpg.chip.jpg,0,1,1,0,0,0,0,82.56373596191406,69.16590118408203,166.34420776367188,197.0831298828125
50_0_0_20170117160626703.jpg.chip.jpg,50,/Users/cipherxishant/Downloads/archive/UTKFace/50_0_0_20170117160626703.jpg.chip.jpg,1,0,1,0,0,0,0,82.22249603271484,67.02198791503906,177.47540283203125,193.72518920898438
11_0_0_20170110224755272.jpg.chip.jpg,11,/Users/cipherxishant/Downloads/archive/UTKFace/11_0_0_20170110224755272.jpg.chip.jpg,1,0,1,0,0,0,0,75.70034790039062,65.08878326416016,167.9138946533203,182.07766723632812
14_1_2_20170104012048369.jpg.chip.jpg,14,/Users/cipherxishant/Downloads/archive/UTKFace/14_1_2_20170104012048369.jpg.chip.jpg,0,1,0,0,1,0,0,84.0858383178711,70.9875717163086,172.62417602539062,202.04684448242188
29_1_0_20170114030939325.jpg.chip.jpg,29,/Users/cipherxishant/Downloads/archive/UTKFace/29_1_0_20170114030939325.jpg.chip.jpg,0,1,1,0,0,0,0,83.73136138916016,74.67586517333984,182.06472778320312,202.5316925048828
23_0_1_20170114033438130.jpg.chip.jpg,23,/Users/cipherxishant/Downloads/archive/UTKFace/23_0_1_20170114033438130.jpg.chip.jpg,1,0,0,1,0,0,0,83.2925796508789,69.5268325805664,167.5952911376953,191.17710876464844
24_0_1_20170113180916549.jpg.chip.jpg,24,/Users/cipherxishant/Downloads/archive/UTKFace/24_0_1_20170113180916549.jpg.chip.jpg,1,0,0,1,0,0,0,74.68672180175781,60.415401458740234,169.23471069335938,191.02561950683594
56_0_0_20170111211431463.jpg.chip.jpg,56,/Users/cipherxishant/Downloads/archive/UTKFace/56_0_0_20170111211431463.jpg.chip.jpg,1,0,1,0,0,0,0,76.01990509033203,59.71232223510742,165.83938598632812,197.11244201660156
20_1_0_20170119153738075.jpg.chip.jpg,20,/Users/cipherxishant/Downloads/archive/UTKFace/20_1_0_20170119153738075.jpg.chip.jpg,0,1,1,0,0,0,0,87.35554504394531,76.49424743652344,168.4600067138672,204.71139526367188
58_0_3_20170119211657945.jpg.chip.jpg,58,/Users/cipherxishant/Downloads/archive/UTKFace/58_0_3_20170119211657945.jpg.chip.jpg,1,0,0,0,0,1,0,73.85428619384766,65.63399505615234,155.7431182861328,194.22341918945312
50_0_3_20170119194914299.jpg.chip.jpg,50,/Users/cipherxishant/Downloads/archive/UTKFace/50_0_3_20170119194914299.jpg.chip.jpg,1,0,0,0,0,1,0,73.30573272705078,66.40364837646484,159.37179565429688,197.9293212890625
31_0_2_20170116183822859.jpg.chip.jpg,31,/Users/cipherxishant/Downloads/archive/UTKFace/31_0_2_20170116183822859.jpg.chip.jpg,1,0,0,0,1,0,0,76.9963150024414,62.283164978027344,164.89666748046875,194.5167999267578
7_1_0_20170114025204820.jpg.chip.jpg,7,/Users/cipherxishant/Downloads/archive/UTKFace/7_1_0_20170114025204820.jpg.chip.jpg,0,1,1,0,0,0,0,74.14971160888672,56.761680603027344,167.79612731933594,188.5926513671875
6_1_0_20170104010034799.jpg.chip.jpg,6,/Users/cipherxishant/Downloads/archive/UTKFace/6_1_0_20170104010034799.jpg.chip.jpg,0,1,1,0,0,0,0,86.3809585571289,72.87326049804688,185.0509796142578,191.23472595214844
4_1_3_20170119212114153.jpg.chip.jpg,4,/Users/cipherxishant/Downloads/archive/UTKFace/4_1_3_20170119212114153.jpg.chip.jpg,0,1,0,0,0,1,0,75.54906463623047,60.04807662963867,152.5382843017578,192.82687377929688
35_0_0_20170117143217969.jpg.chip.jpg,35,/Users/cipherxishant/Downloads/archive/UTKFace/35_0_0_20170117143217969.jpg.chip.jpg,1,0,1,0,0,0,0,73.11222839355469,57.38529968261719,154.96701049804688,191.92819213867188
25_1_3_20170119171920688.jpg.chip.jpg,25,/Users/cipherxishant/Downloads/archive/UTKFace/25_1_3_20170119171920688.jpg.chip.jpg,0,1,0,0,0,1,0,76.09624481201172,63.01667785644531,162.797119140625,186.3554229736328
1_0_2_20161219161616326.jpg.chip.jpg,1,/Users/cipherxishant/Downloads/archive/UTKFace/1_0_2_20161219161616326.jpg.chip.jpg,1,0,0,0,1,0,0,81.38982391357422,65.91039276123047,187.28021240234375,186.4532928466797
23_1_2_20170116173159941.jpg.chip.jpg,23,/Users/cipherxishant/Downloads/archive/UTKFace/23_1_2_20170116173159941.jpg.chip.jpg,0,1,0,0,1,0,0,64.50817108154297,51.1561164855957,149.08270263671875,179.2694549560547
32_1_3_20170104235157578.jpg.chip.jpg,32,/Users/cipherxishant/Downloads/archive/UTKFace/32_1_3_20170104235157578.jpg.chip.jpg,0,1,0,0,0,1,0,80.3804702758789,69.2551498413086,174.2939453125,191.28652954101562
1_0_2_20161219162514182.jpg.chip.jpg,1,/Users/cipherxishant/Downloads/archive/UTKFace/1_0_2_20161219162514182.jpg.chip.jpg,1,0,0,0,1,0,0,78.94475555419922,65.60828399658203,171.56298828125,192.66351318359375
40_0_3_20170117194103620.jpg.chip.jpg,40,/Users/cipherxishant/Downloads/archive/UTKFace/40_0_3_20170117194103620.jpg.chip.jpg,1,0,0,0,0,1,0,81.60100555419922,70.2281265258789,174.6741943359375,206.6905975341797
51_0_0_20170117160756480.jpg.chip.jpg,51,/Users/cipherxishant/Downloads/archive/UTKFace/51_0_0_20170117160756480.jpg.chip.jpg,1,0,1,0,0,0,0,76.78630065917969,62.717803955078125,164.21986389160156,195.1866455078125
26_0_1_20170113133114391.jpg.chip.jpg,26,/Users/cipherxishant/Downloads/archive/UTKFace/26_0_1_20170113133114391.jpg.chip.jpg,1,0,0,1,0,0,0,81.95634460449219,71.03071594238281,165.90077209472656,184.01638793945312
45_0_1_20170113181946668.jpg.chip.jpg,45,/Users/cipherxishant/Downloads/archive/UTKFace/45_0_1_20170113181946668.jpg.chip.jpg,1,0,0,1,0,0,0,79.55929565429688,70.35832214355469,168.59210205078125,195.02935791015625
1_0_0_20161219154909149.jpg.chip.jpg,1,/Users/cipherxishant/Downloads/archive/UTKFace/1_0_0_20161219154909149.jpg.chip.jpg,1,0,1,0,0,0,0,85.24235534667969,68.00454711914062,193.85890197753906,186.89675903320312
38_1_0_20170103163147600.jpg.chip.jpg,38,/Users/cipherxishant/Downloads/archive/UTKFace/38_1_0_20170103163147600.jpg.chip.jpg,0,1,1,0,0,0,0,83.60382843017578,68.27149963378906,192.1611785888672,196.08009338378906
65_1_0_20170110140924521.jpg.chip.jpg,65,/Users/cipherxishant/Downloads/archive/UTKFace/65_1_0_20170110140924521.jpg.chip.jpg,0,1,1,0,0,0,0,76.35836791992188,67.12962341308594,159.0019073486328,196.3396759033203
31_0_2_20161219192759515.jpg.chip.jpg,31,/Users/cipherxishant/Downloads/archive/UTKFace/31_0_2_20161219192759515.jpg.chip.jpg,1,0,0,0,1,0,0,75.89237976074219,64.78475189208984,165.37913513183594,190.6763153076172
26_1_0_20170116153823864.jpg.chip.jpg,26,/Users/cipherxishant/Downloads/archive/UTKFace/26_1_0_20170116153823864.jpg.chip.jpg,0,1,1,0,0,0,0,74.23104858398438,62.1324348449707,164.1339874267578,189.0904998779297
35_1_0_20170104201705201.jpg.chip.jpg,35,/Users/cipherxishant/Downloads/archive/UTKFace/35_1_0_20170104201705201.jpg.chip.jpg,0,1,1,0,0,0,0,80.038330078125,73.42610931396484,169.20986938476562,194.3730926513672
2_1_2_20161219140840080.jpg.chip.jpg,2,/Users/cipherxishant/Downloads/archive/UTKFace/2_1_2_20161219140840080.jpg.chip.jpg,0,1,0,0,1,0,0,78.92800903320312,61.095184326171875,186.7708740234375,186.2375030517578
42_0_0_20170104204536019.jpg.chip.jpg,42,/Users/cipherxishant/Downloads/archive/UTKFace/42_0_0_20170104204536019.jpg.chip.jpg,1,0,1,0,0,0,0,79.89924621582031,64.0003662109375,175.39796447753906,192.68429565429688
32_1_0_20170112224814924.jpg.chip.jpg,32,/Users/cipherxishant/Downloads/archive/UTKFace/32_1_0_20170112224814924.jpg.chip.jpg,0,1,1,0,0,0,0,83.78822326660156,74.15499877929688,171.69207763671875,199.42140197753906
27_1_2_20170116184848621.jpg.chip.jpg,27,/Users/cipherxishant/Downloads/archive/UTKFace/27_1_2_20170116184848621.jpg.chip.jpg,0,1,0,0,1,0,0,82.18939208984375,71.67560577392578,176.6932830810547,181.69654846191406
20_1_1_20170116214348718.jpg.chip.jpg,20,/Users/cipherxishant/Downloads/archive/UTKFace/20_1_1_20170116214348718.jpg.chip.jpg,0,1,0,1,0,0,0,76.1395263671875,61.81313705444336,168.19088745117188,187.9006805419922
42_0_1_20170117171124190.jpg.chip.jpg,42,/Users/cipherxishant/Downloads/archive/UTKFace/42_0_1_20170117171124190.jpg.chip.jpg,1,0,0,1,0,0,0,78.90650177001953,66.33480834960938,183.80226135253906,192.47134399414062
31_1_0_20170109132941538.jpg.chip.jpg,31,/Users/cipherxishant/Downloads/archive/UTKFace/31_1_0_20170109132941538.jpg.chip.jpg,0,1,1,0,0,0,0,83.88228607177734,76.16426849365234,175.5709991455078,201.2455291748047
28_1_0_20170103180926608.jpg.chip.jpg,28,/Users/cipherxishant/Downloads/archive/UTKFace/28_1_0_20170103180926608.jpg.chip.jpg,0,1,1,0,0,0,0,77.36048889160156,67.46443176269531,160.3342742919922,203.5675811767578
50_0_1_20170104210950012.jpg.chip.jpg,50,/Users/cipherxishant/Downloads/archive/UTKFace/50_0_1_20170104210950012.jpg.chip.jpg,1,0,0,1,0,0,0,76.57366180419922,68.73248291015625,161.29776000976562,198.66453552246094
24_1_0_20170117150538420.jpg.chip.jpg,24,/Users/cipherxishant/Downloads/archive/UTKFace/24_1_0_20170117150538420.jpg.chip.jpg,0,1,1,0,0,0,0,74.28980255126953,55.461246490478516,170.23143005371094,188.94415283203125
1_0_2_20161219194543059.jpg.chip.jpg,1,/Users/cipherxishant/Downloads/archive/UTKFace/1_0_2_20161219194543059.jpg.chip.jpg,1,0,0,0,1,0,0,73.17158508300781,62.27278137207031,165.60443115234375,190.14332580566406
24_1_2_20170116174805466.jpg.chip.jpg,24,/Users/cipherxishant/Downloads/archive/UTKFace/24_1_2_20170116174805466.jpg.chip.jpg,0,1,0,0,1,0,0,75.41349792480469,61.7751350402832,161.3435821533203,180.66619873046875
55_0_0_20170117182554324.jpg.chip.jpg,55,/Users/cipherxishant/Downloads/archive/UTKFace/55_0_0_20170117182554324.jpg.chip.jpg,1,0,1,0,0,0,0,76.19774627685547,64.6943359375,160.23031616210938,198.4615020751953
42_0_0_20170117154809285.jpg.chip.jpg,42,/Users/cipherxishant/Downloads/archive/UTKFace/42_0_0_20170117154809285.jpg.chip.jpg,1,0,1,0,0,0,0,86.95154571533203,72.75965881347656,177.5605010986328,202.32510375976562
35_1_0_20170104171631209.jpg.chip.jpg,35,/Users/cipherxishant/Downloads/archive/UTKFace/35_1_0_20170104171631209.jpg.chip.jpg,0,1,1,0,0,0,0,79.91754150390625,69.4852523803711,152.8149871826172,194.51083374023438
46_0_3_20170119204816695.jpg.chip.jpg,46,/Users/cipherxishant/Downloads/archive/UTKFace/46_0_3_20170119204816695.jpg.chip.jpg,1,0,0,0,0,1,0,66.71052551269531,46.58277130126953,169.69895935058594,193.67843627929688
15_0_0_20170103201110847.jpg.chip.jpg,15,/Users/cipherxishant/Downloads/archive/UTKFace/15_0_0_20170103201110847.jpg.chip.jpg,1,0,1,0,0,0,0,76.81678771972656,67.65108489990234,163.3456573486328,196.91677856445312
24_1_0_20170111182452767.jpg.chip.jpg,24,/Users/cipherxishant/Downloads/archive/UTKFace/24_1_0_20170111182452767.jpg.chip.jpg,0,1,1,0,0,0,0,75.89447784423828,66.81490325927734,168.2377166748047,190.14895629882812
23_0_3_20170119151313942.jpg.chip.jpg,23,/Users/cipherxishant/Downloads/archive/UTKFace/23_0_3_20170119151313942.jpg.chip.jpg,1,0,0,0,0,1,0,78.00028991699219,67.19686126708984,164.5762939453125,188.64015197753906
30_0_3_20170119150736157.jpg.chip.jpg,30,/Users/cipherxishant/Downloads/archive/UTKFace/30_0_3_20170119150736157.jpg.chip.jpg,1,0,0,0,0,1,0,77.00177764892578,62.15571975708008,167.08790588378906,198.9198455810547
30_0_1_20170117202825454.jpg.chip.jpg,30,/Users/cipherxishant/Downloads/archive/UTKFace/30_0_1_20170117202825454.jpg.chip.jpg,1,0,0,1,0,0,0,76.79109954833984,65.75218200683594,157.85281372070312,200.3225860595703
75_1_1_20170110182126367.jpg.chip.jpg,75,/Users/cipherxishant/Downloads/archive/UTKFace/75_1_1_20170110182126367.jpg.chip.jpg,0,1,0,1,0,0,0,79.58016204833984,66.58970642089844,179.25120544433594,196.69203186035156
69_1_0_20170110143314986.jpg.chip.jpg,69,/Users/cipherxishant/Downloads/archive/UTKFace/69_1_0_20170110143314986.jpg.chip.jpg,0,1,1,0,0,0,0,83.63346862792969,73.02983856201172,187.80245971679688,202.37059020996094
22_1_0_20170117193908380.jpg.chip.jpg,22,/Users/cipherxishant/Downloads/archive/UTKFace/22_1_0_20170117193908380.jpg.chip.jpg,0,1,1,0,0,0,0,70.72957611083984,56.70220947265625,157.41688537597656,193.2071990966797
78_0_2_20170112224456107.jpg.chip.jpg,78,/Users/cipherxishant/Downloads/archive/UTKFace/78_0_2_20170112224456107.jpg.chip.jpg,1,0,0,0,1,0,0,87.09432983398438,74.67467498779297,169.1744842529297,204.09622192382812
36_0_1_20170113182511607.jpg.chip.jpg,36,/Users/cipherxishant/Downloads/archive/UTKFace/36_0_1_20170113182511607.jpg.chip.jpg,1,0,0,1,0,0,0,81.02474212646484,68.43179321289062,181.9202117919922,199.86172485351562
26_0_0_20170119180056835.jpg.chip.jpg,26,/Users/cipherxishant/Downloads/archive/UTKFace/26_0_0_20170119180056835.jpg.chip.jpg,1,0,1,0,0,0,0,74.7278060913086,60.15502166748047,160.44898986816406,186.32830810546875
22_1_1_20170103180755073.jpg.chip.jpg,22,/Users/cipherxishant/Downloads/archive/UTKFace/22_1_1_20170103180755073.jpg.chip.jpg,0,1,0,1,0,0,0,81.74540710449219,69.7437973022461,180.26075744628906,193.71920776367188
22_0_2_20170116171724301.jpg.chip.jpg,22,/Users/cipherxishant/Downloads/archive/UTKFace/22_0_2_20170116171724301.jpg.chip.jpg,1,0,0,0,1,0,0,80.24602508544922,60.00794219970703,178.197021484375,182.81785583496094
54_0_0_20170117191405698.jpg.chip.jpg,54,/Users/cipherxishant/Downloads/archive/UTKFace/54_0_0_20170117191405698.jpg.chip.jpg,1,0,1,0,0,0,0,61.021697998046875,43.359676361083984,163.88519287109375,199.0775604248047
27_0_0_20170104231544105.jpg.chip.jpg,27,/Users/cipherxishant/Downloads/archive/UTKFace/27_0_0_20170104231544105.jpg.chip.jpg,1,0,1,0,0,0,0,79.52342224121094,70.59098052978516,165.9053192138672,193.46841430664062
8_1_0_20170109202859958.jpg.chip.jpg,8,/Users/cipherxishant/Downloads/archive/UTKFace/8_1_0_20170109202859958.jpg.chip.jpg,0,1,1,0,0,0,0,68.57533264160156,51.7681770324707,145.8352508544922,189.43260192871094
15_1_0_20170109214328421.jpg.chip.jpg,15,/Users/cipherxishant/Downloads/archive/UTKFace/15_1_0_20170109214328421.jpg.chip.jpg,0,1,1,0,0,0,0,83.05338287353516,74.90628814697266,184.05982971191406,194.2344970703125
40_0_0_20170120221014042.jpg.chip.jpg,40,/Users/cipherxishant/Downloads/archive/UTKFace/40_0_0_20170120221014042.jpg.chip.jpg,1,0,1,0,0,0,0,73.65933990478516,58.49361038208008,165.9185028076172,196.93345642089844
28_0_1_20170116152956497.jpg.chip.jpg,28,/Users/cipherxishant/Downloads/archive/UTKFace/28_0_1_20170116152956497.jpg.chip.jpg,1,0,0,1,0,0,0,86.54765319824219,74.01595306396484,168.52883911132812,202.98443603515625
80_1_0_20170110140819226.jpg.chip.jpg,80,/Users/cipherxishant/Downloads/archive/UTKFace/80_1_0_20170110140819226.jpg.chip.jpg,0,1,1,0,0,0,0,74.57679748535156,65.85662078857422,170.2578125,198.15576171875
50_0_3_20170119195739498.jpg.chip.jpg,50,/Users/cipherxishant/Downloads/archive/UTKFace/50_0_3_20170119195739498.jpg.chip.jpg,1,0,0,0,0,1,0,78.85063171386719,67.84117126464844,170.14346313476562,189.98541259765625
10_0_0_20170110220541850.jpg.chip.jpg,10,/Users/cipherxishant/Downloads/archive/UTKFace/10_0_0_20170110220541850.jpg.chip.jpg,1,0,1,0,0,0,0,76.04315185546875,58.56184005737305,179.2481689453125,181.76280212402344
56_1_0_20170110152858178.jpg.chip.jpg,56,/Users/cipherxishant/Downloads/archive/UTKFace/56_1_0_20170110152858178.jpg.chip.jpg,0,1,1,0,0,0,0,88.5397720336914,76.32046508789062,174.1317901611328,195.1652069091797
80_0_0_20170117171459531.jpg.chip.jpg,80,/Users/cipherxishant/Downloads/archive/UTKFace/80_0_0_20170117171459531.jpg.chip.jpg,1,0,1,0,0,0,0,82.54472351074219,68.72489929199219,187.96658325195312,195.92454528808594
8_0_3_20170104225230063.jpg.chip.jpg,8,/Users/cipherxishant/Downloads/archive/UTKFace/8_0_3_20170104225230063.jpg.chip.jpg,1,0,0,0,0,1,0,79.05651092529297,66.807373046875,165.39602661132812,191.51162719726562
2_1_2_20161219222249678.jpg.chip.jpg,2,/Users/cipherxishant/Downloads/archive/UTKFace/2_1_2_20161219222249678.jpg.chip.jpg,0,1,0,0,1,0,0,75.5506591796875,59.0389289855957,172.1971893310547,187.91749572753906
31_1_1_20170116170826913.jpg.chip.jpg,31,/Users/cipherxishant/Downloads/archive/UTKFace/31_1_1_20170116170826913.jpg.chip.jpg,0,1,0,1,0,0,0,78.21726989746094,65.03981018066406,165.09226989746094,201.97122192382812
56_1_0_20170110122335365.jpg.chip.jpg,56,/Users/cipherxishant/Downloads/archive/UTKFace/56_1_0_20170110122335365.jpg.chip.jpg,0,1,1,0,0,0,0,83.68560028076172,75.41436767578125,182.79571533203125,200.11610412597656
1_0_2_20161219203943516.jpg.chip.jpg,1,/Users/cipherxishant/Downloads/archive/UTKFace/1_0_2_20161219203943516.jpg.chip.jpg,1,0,0,0,1,0,0,80.83552551269531,65.35400390625,181.8642120361328,187.65646362304688
22_1_1_20170113010348670.jpg.chip.jpg,22,/Users/cipherxishant/Downloads/archive/UTKFace/22_1_1_20170113010348670.jpg.chip.jpg,0,1,0,1,0,0,0,72.95085144042969,61.99401092529297,155.8479766845703,189.89422607421875
62_1_0_20170110173800240.jpg.chip.jpg,62,/Users/cipherxishant/Downloads/archive/UTKFace/62_1_0_20170110173800240.jpg.chip.jpg,0,1,1,0,0,0,0,88.86625671386719,76.87686157226562,172.93211364746094,202.0786590576172
25_0_3_20170104230516489.jpg.chip.jpg,25,/Users/cipherxishant/Downloads/archive/UTKFace/25_0_3_20170104230516489.jpg.chip.jpg,1,0,0,0,0,1,0,67.09738159179688,54.173919677734375,159.87045288085938,196.47821044921875
1_0_2_20161219155855829.jpg.chip.jpg,1,/Users/cipherxishant/Downloads/archive/UTKFace/1_0_2_20161219155855829.jpg.chip.jpg,1,0,0,0,1,0,0,77.69769287109375,56.291786193847656,179.42340087890625,186.3980255126953
2_0_0_20170110212802305.jpg.chip.jpg,2,/Users/cipherxishant/Downloads/archive/UTKFace/2_0_0_20170110212802305.jpg.chip.jpg,1,0,1,0,0,0,0,76.46881103515625,62.890106201171875,177.51084899902344,179.6844940185547
25_1_2_20170116174852261.jpg.chip.jpg,25,/Users/cipherxishant/Downloads/archive/UTKFace/25_1_2_20170116174852261.jpg.chip.jpg,0,1,0,0,1,0,0,83.68075561523438,68.92559051513672,177.1102294921875,194.78367614746094
28_1_1_20170112234500344.jpg.chip.jpg,28,/Users/cipherxishant/Downloads/archive/UTKFace/28_1_1_20170112234500344.jpg.chip.jpg,0,1,0,1,0,0,0,81.32508850097656,71.82516479492188,178.16473388671875,197.77438354492188
70_1_0_20170120220622170.jpg.chip.jpg,70,/Users/cipherxishant/Downloads/archive/UTKFace/70_1_0_20170120220622170.jpg.chip.jpg,0,1,1,0,0,0,0,70.3562240600586,63.53214645385742,160.6669158935547,190.48312377929688
46_0_1_20170117182528088.jpg.chip.jpg,46,/Users/cipherxishant/Downloads/archive/UTKFace/46_0_1_20170117182528088.jpg.chip.jpg,1,0,0,1,0,0,0,72.24099731445312,55.76545715332031,167.66473388671875,184.89779663085938
12_1_0_20170103200944175.jpg.chip.jpg,12,/Users/cipherxishant/Downloads/archive/UTKFace/12_1_0_20170103200944175.jpg.chip.jpg,0,1,1,0,0,0,0,84.95304107666016,73.5148696899414,188.74713134765625,197.1580352783203
1_0_2_20161219202914180.jpg.chip.jpg,1,/Users/cipherxishant/Downloads/archive/UTKFace/1_0_2_20161219202914180.jpg.chip.jpg,1,0,0,0,1,0,0,77.19265747070312,58.29741287231445,182.98297119140625,181.94296264648438
26_1_0_20170117174534054.jpg.chip.jpg,26,/Users/cipherxishant/Downloads/archive/UTKFace/26_1_0_20170117174534054.jpg.chip.jpg,0,1,1,0,0,0,0,84.99423217773438,73.94193267822266,170.0801544189453,200.30699157714844
26_1_1_20170113011757664.jpg.chip.jpg,26,/Users/cipherxishant/Downloads/archive/UTKFace/26_1_1_20170113011757664.jpg.chip.jpg,0,1,0,1,0,0,0,75.27275848388672,63.45519256591797,160.63888549804688,197.90078735351562
8_0_0_20170103210941483.jpg.chip.jpg,8,/Users/cipherxishant/Downloads/archive/UTKFace/8_0_0_20170103210941483.jpg.chip.jpg,1,0,1,0,0,0,0,78.60366821289062,58.3525390625,182.0528106689453,192.341064453125
13_0_0_20170110225717809.jpg.chip.jpg,13,/Users/cipherxishant/Downloads/archive/UTKFace/13_0_0_20170110225717809.jpg.chip.jpg,1,0,1,0,0,0,0,80.80894470214844,70.58985900878906,177.07106018066406,200.90023803710938
21_0_1_20170117195323136.jpg.chip.jpg,21,/Users/cipherxishant/Downloads/archive/UTKFace/21_0_1_20170117195323136.jpg.chip.jpg,1,0,0,1,0,0,0,79.79053497314453,61.7249870300293,184.63043212890625,191.81698608398438
7_1_1_20170112210604630.jpg.chip.jpg,7,/Users/cipherxishant/Downloads/archive/UTKFace/7_1_1_20170112210604630.jpg.chip.jpg,0,1,0,1,0,0,0,77.29938507080078,66.74588775634766,172.953125,184.5687255859375
46_1_1_20170116161237892.jpg.chip.jpg,46,/Users/cipherxishant/Downloads/archive/UTKFace/46_1_1_20170116161237892.jpg.chip.jpg,0,1,0,1,0,0,0,80.45850372314453,73.30603790283203,170.841064453125,202.43064880371094
2_0_0_20170110213146269.jpg.chip.jpg,2,/Users/cipherxishant/Downloads/archive/UTKFace/2_0_0_20170110213146269.jpg.chip.jpg,1,0,1,0,0,0,0,74.67212677001953,59.547882080078125,168.14212036132812,185.08355712890625
100_1_2_20170112222336458.jpg.chip.jpg,100,/Users/cipherxishant/Downloads/archive/UTKFace/100_1_2_20170112222336458.jpg.chip.jpg,0,1,0,0,1,0,0,82.54092407226562,70.25814056396484,166.4781951904297,182.2228240966797
73_1_0_20170120230411820.jpg.chip.jpg,73,/Users/cipherxishant/Downloads/archive/UTKFace/73_1_0_20170120230411820.jpg.chip.jpg,0,1,1,0,0,0,0,81.26914978027344,66.51679229736328,182.05091857910156,190.97010803222656
89_1_0_20170110182442099.jpg.chip.jpg,89,/Users/cipherxishant/Downloads/archive/UTKFace/89_1_0_20170110182442099.jpg.chip.jpg,0,1,1,0,0,0,0,85.81082916259766,69.57630157470703,188.4370574951172,189.93572998046875
29_1_2_20170116165527351.jpg.chip.jpg,29,/Users/cipherxishant/Downloads/archive/UTKFace/29_1_2_20170116165527351.jpg.chip.jpg,0,1,0,0,1,0,0,75.00414276123047,65.93370819091797,161.35020446777344,196.4072723388672
25_1_0_20170117195321747.jpg.chip.jpg,25,/Users/cipherxishant/Downloads/archive/UTKFace/25_1_0_20170117195321747.jpg.chip.jpg,0,1,1,0,0,0,0,85.84806060791016,76.23418426513672,169.52500915527344,202.20384216308594
18_1_1_20170116211857195.jpg.chip.jpg,18,/Users/cipherxishant/Downloads/archive/UTKFace/18_1_1_20170116211857195.jpg.chip.jpg,0,1,0,1,0,0,0,87.88056182861328,73.0960464477539,162.7950897216797,204.59930419921875
26_1_3_20170119180945883.jpg.chip.jpg,26,/Users/cipherxishant/Downloads/archive/UTKFace/26_1_3_20170119180945883.jpg.chip.jpg,0,1,0,0,0,1,0,73.69005584716797,60.791595458984375,155.39724731445312,186.61239624023438
22_1_0_20170114025444380.jpg.chip.jpg,22,/Users/cipherxishant/Downloads/archive/UTKFace/22_1_0_20170114025444380.jpg.chip.jpg,0,1,1,0,0,0,0,74.75176239013672,66.13763427734375,162.97486877441406,192.2238006591797
49_1_0_20170109132443455.jpg.chip.jpg,49,/Users/cipherxishant/Downloads/archive/UTKFace/49_1_0_20170109132443455.jpg.chip.jpg,0,1,1,0,0,0,0,77.3891830444336,69.11813354492188,161.73875427246094,198.25680541992188
58_0_3_20170119211701065.jpg.chip.jpg,58,/Users/cipherxishant/Downloads/archive/UTKFace/58_0_3_20170119211701065.jpg.chip.jpg,1,0,0,0,0,1,0,81.45862579345703,71.03184509277344,170.37353515625,190.95872497558594
62_0_2_20170112221952114.jpg.chip.jpg,62,/Users/cipherxishant/Downloads/archive/UTKFace/62_0_2_20170112221952114.jpg.chip.jpg,1,0,0,0,1,0,0,88.4095230102539,78.662109375,170.50022888183594,197.84059143066406
1_1_2_20161219212720270.jpg.chip.jpg,1,/Users/cipherxishant/Downloads/archive/UTKFace/1_1_2_20161219212720270.jpg.chip.jpg,0,1,0,0,1,0,0,78.82833099365234,54.29502487182617,187.42457580566406,184.7598419189453
32_1_0_20170120220532409.jpg.chip.jpg,32,/Users/cipherxishant/Downloads/archive/UTKFace/32_1_0_20170120220532409.jpg.chip.jpg,0,1,1,0,0,0,0,81.01864624023438,67.33566284179688,166.41085815429688,192.91445922851562
37_0_0_20170119202220220.jpg.chip.jpg,37,/Users/cipherxishant/Downloads/archive/UTKFace/37_0_0_20170119202220220.jpg.chip.jpg,1,0,1,0,0,0,0,84.31708526611328,76.52449035644531,169.18492126464844,200.8526153564453
65_1_0_20170110150303627.jpg.chip.jpg,65,/Users/cipherxishant/Downloads/archive/UTKFace/65_1_0_20170110150303627.jpg.chip.jpg,0,1,1,0,0,0,0,85.89730834960938,74.70552825927734,166.321044921875,204.54971313476562
1_0_0_20161219205230805.jpg.chip.jpg,1,/Users/cipherxishant/Downloads/archive/UTKFace/1_0_0_20161219205230805.jpg.chip.jpg,1,0,1,0,0,0,0,82.59927368164062,71.27442932128906,185.6952667236328,184.4645233154297
60_0_0_20170104212114820.jpg.chip.jpg,60,/Users/cipherxishant/Downloads/archive/UTKFace/60_0_0_20170104212114820.jpg.chip.jpg,1,0,1,0,0,0,0,80.83436584472656,71.58639526367188,171.84056091308594,200.04806518554688
1_0_2_20161219160949398.jpg.chip.jpg,1,/Users/cipherxishant/Downloads/archive/UTKFace/1_0_2_20161219160949398.jpg.chip.jpg,1,0,0,0,1,0,0,82.55787658691406,65.91820526123047,192.1023406982422,190.14952087402344
30_0_0_20170109015231305.jpg.chip.jpg,30,/Users/cipherxishant/Downloads/archive/UTKFace/30_0_0_20170109015231305.jpg.chip.jpg,1,0,1,0,0,0,0,80.07786560058594,65.40859985351562,183.6204071044922,189.91419982910156
13_1_0_20170109201615837.jpg.chip.jpg,13,/Users/cipherxishant/Downloads/archive/UTKFace/13_1_0_20170109201615837.jpg.chip.jpg,0,1,1,0,0,0,0,77.8981704711914,66.41996765136719,157.0985870361328,194.76246643066406
25_0_0_20170117195255340.jpg.chip.jpg,25,/Users/cipherxishant/Downloads/archive/UTKFace/25_0_0_20170117195255340.jpg.chip.jpg,1,0,1,0,0,0,0,77.46257781982422,65.95769500732422,160.79571533203125,196.3138885498047
24_0_3_20170119165712654.jpg.chip.jpg,24,/Users/cipherxishant/Downloads/archive/UTKFace/24_0_3_20170119165712654.jpg.chip.jpg,1,0,0,0,0,1,0,78.8885498046875,69.8818130493164,168.09393310546875,193.83023071289062
70_0_0_20170111201407590.jpg.chip.jpg,70,/Users/cipherxishant/Downloads/archive/UTKFace/70_0_0_20170111201407590.jpg.chip.jpg,1,0,1,0,0,0,0,76.09043884277344,57.5085334777832,175.91493225097656,195.08169555664062
2_0_0_20170110224730142.jpg.chip.jpg,2,/Users/cipherxishant/Downloads/archive/UTKFace/2_0_0_20170110224730142.jpg.chip.jpg,1,0,1,0,0,0,0,75.59091186523438,54.397911071777344,178.0759735107422,184.03775024414062
30_1_0_20170116191315733.jpg.chip.jpg,30,/Users/cipherxishant/Downloads/archive/UTKFace/30_1_0_20170116191315733.jpg.chip.jpg,0,1,1,0,0,0,0,71.75149536132812,61.29672622680664,160.50685119628906,190.36346435546875
9_0_1_20170110225612237.jpg.chip.jpg,9,/Users/cipherxishant/Downloads/archive/UTKFace/9_0_1_20170110225612237.jpg.chip.jpg,1,0,0,1,0,0,0,77.98768615722656,65.48021697998047,167.99942016601562,202.98138427734375
55_0_3_20170119181035677.jpg.chip.jpg,55,/Users/cipherxishant/Downloads/archive/UTKFace/55_0_3_20170119181035677.jpg.chip.jpg,1,0,0,0,0,1,0,77.44989776611328,63.623992919921875,173.35366821289062,194.1542205810547
51_1_0_20170117160813103.jpg.chip.jpg,51,/Users/cipherxishant/Downloads/archive/UTKFace/51_1_0_20170117160813103.jpg.chip.jpg,0,1,1,0,0,0,0,77.0194320678711,64.8846664428711,164.98655700683594,191.78492736816406
55_0_0_20170120221314028.jpg.chip.jpg,55,/Users/cipherxishant/Downloads/archive/UTKFace/55_0_0_20170120221314028.jpg.chip.jpg,1,0,1,0,0,0,0,84.78779602050781,70.0044937133789,168.58001708984375,195.11871337890625
18_1_0_20170109212826322.jpg.chip.jpg,18,/Users/cipherxishant/Downloads/archive/UTKFace/18_1_0_20170109212826322.jpg.chip.jpg,0,1,1,0,0,0,0,83.10305786132812,71.20278930664062,181.81298828125,192.8863067626953
8_0_0_20170110215511548.jpg.chip.jpg,8,/Users/cipherxishant/Downloads/archive/UTKFace/8_0_0_20170110215511548.jpg.chip.jpg,1,0,1,0,0,0,0,75.19183349609375,63.952491760253906,166.27032470703125,189.78062438964844
4_0_3_20170119150403983.jpg.chip.jpg,4,/Users/cipherxishant/Downloads/archive/UTKFace/4_0_3_20170119150403983.jpg.chip.jpg,1,0,0,0,0,1,0,81.2867660522461,63.1756706237793,186.53494262695312,187.81736755371094
36_0_0_20170116215747049.jpg.chip.jpg,36,/Users/cipherxishant/Downloads/archive/UTKFace/36_0_0_20170116215747049.jpg.chip.jpg,1,0,1,0,0,0,0,73.18006134033203,61.77862548828125,160.04872131347656,186.30918884277344
1_0_3_20161220221616882.jpg.chip.jpg,1,/Users/cipherxishant/Downloads/archive/UTKFace/1_0_3_20161220221616882.jpg.chip.jpg,1,0,0,0,0,1,0,67.02896881103516,52.83476257324219,151.70152282714844,168.49221801757812
34_0_3_20170119171715544.jpg.chip.jpg,34,/Users/cipherxishant/Downloads/archive/UTKFace/34_0_3_20170119171715544.jpg.chip.jpg,1,0,0,0,0,1,0,80.93977355957031,64.73617553710938,177.88941955566406,197.57485961914062
8_0_1_20170110215727788.jpg.chip.jpg,8,/Users/cipherxishant/Downloads/archive/UTKFace/8_0_1_20170110215727788.jpg.chip.jpg,1,0,0,1,0,0,0,76.05097198486328,60.01580047607422,162.7829132080078,186.72979736328125
58_0_0_20170120224627678.jpg.chip.jpg,58,/Users/cipherxishant/Downloads/archive/UTKFace/58_0_0_20170120224627678.jpg.chip.jpg,1,0,1,0,0,0,0,82.64543914794922,72.65106201171875,171.06271362304688,199.66433715820312
45_1_3_20170119144758533.jpg.chip.jpg,45,/Users/cipherxishant/Downloads/archive/UTKFace/45_1_3_20170119144758533.jpg.chip.jpg,0,1,0,0,0,1,0,81.71759033203125,74.91618347167969,164.61309814453125,197.75050354003906
36_0_1_20170117163535860.jpg.chip.jpg,36,/Users/cipherxishant/Downloads/archive/UTKFace/36_0_1_20170117163535860.jpg.chip.jpg,1,0,0,1,0,0,0,76.648193359375,64.8903579711914,173.14794921875,205.24220275878906
47_1_4_20170104181336102.jpg.chip.jpg,47,/Users/cipherxishant/Downloads/archive/UTKFace/47_1_4_20170104181336102.jpg.chip.jpg,0,1,0,0,0,0,1,83.05561065673828,72.89602661132812,180.87869262695312,193.77955627441406
48_0_0_20170116233057278.jpg.chip.jpg,48,/Users/cipherxishant/Downloads/archive/UTKFace/48_0_0_20170116233057278.jpg.chip.jpg,1,0,1,0,0,0,0,74.11205291748047,65.66291046142578,163.21116638183594,195.59068298339844
2_1_2_20161219161804134.jpg.chip.jpg,2,/Users/cipherxishant/Downloads/archive/UTKFace/2_1_2_20161219161804134.jpg.chip.jpg,0,1,0,0,1,0,0,89.741943359375,75.68636322021484,191.54698181152344,203.34371948242188
29_1_2_20170116163011756.jpg.chip.jpg,29,/Users/cipherxishant/Downloads/archive/UTKFace/29_1_2_20170116163011756.jpg.chip.jpg,0,1,0,0,1,0,0,81.83624267578125,66.82237243652344,168.45436096191406,187.7415771484375
32_1_2_20170116164214489.jpg.chip.jpg,32,/Users/cipherxishant/Downloads/archive/UTKFace/32_1_2_20170116164214489.jpg.chip.jpg,0,1,0,0,1,0,0,76.72417449951172,60.26765823364258,167.26983642578125,194.6707763671875
12_1_0_20170109204241570.jpg.chip.jpg,12,/Users/cipherxishant/Downloads/archive/UTKFace/12_1_0_20170109204241570.jpg.chip.jpg,0,1,1,0,0,0,0,73.95648956298828,63.10146713256836,162.62652587890625,178.7368927001953
28_1_2_20170116191639838.jpg.chip.jpg,28,/Users/cipherxishant/Downloads/archive/UTKFace/28_1_2_20170116191639838.jpg.chip.jpg,0,1,0,0,1,0,0,75.49324035644531,60.194976806640625,162.92916870117188,185.86940002441406
57_0_0_20170105173458901.jpg.chip.jpg,57,/Users/cipherxishant/Downloads/archive/UTKFace/57_0_0_20170105173458901.jpg.chip.jpg,1,0,1,0,0,0,0,80.61945343017578,62.83895492553711,182.0966796875,189.35995483398438
32_0_3_20170117182131397.jpg.chip.jpg,32,/Users/cipherxishant/Downloads/archive/UTKFace/32_0_3_20170117182131397.jpg.chip.jpg,1,0,0,0,0,1,0,79.6296157836914,68.88988494873047,160.57302856445312,196.94053649902344
32_0_1_20170117140225687.jpg.chip.jpg,32,/Users/cipherxishant/Downloads/archive/UTKFace/32_0_1_20170117140225687.jpg.chip.jpg,1,0,0,1,0,0,0,83.54785919189453,74.1510238647461,183.89324951171875,205.6516876220703
11_1_0_20170109203919852.jpg.chip.jpg,11,/Users/cipherxishant/Downloads/archive/UTKFace/11_1_0_20170109203919852.jpg.chip.jpg,0,1,1,0,0,0,0,74.85531616210938,66.48723602294922,154.49826049804688,196.36940002441406
42_0_0_20170117135530023.jpg.chip.jpg,42,/Users/cipherxishant/Downloads/archive/UTKFace/42_0_0_20170117135530023.jpg.chip.jpg,1,0,1,0,0,0,0,83.76793670654297,72.85039520263672,170.82766723632812,197.63304138183594
30_1_1_20170112211330988.jpg.chip.jpg,30,/Users/cipherxishant/Downloads/archive/UTKFace/30_1_1_20170112211330988.jpg.chip.jpg,0,1,0,1,0,0,0,91.91722869873047,77.88487243652344,174.6465606689453,197.21878051757812
28_1_1_20170117131034507.jpg.chip.jpg,28,/Users/cipherxishant/Downloads/archive/UTKFace/28_1_1_20170117131034507.jpg.chip.jpg,0,1,0,1,0,0,0,73.01231384277344,61.351375579833984,156.17498779296875,192.34408569335938
3_1_0_20170109192003664.jpg.chip.jpg,3,/Users/cipherxishant/Downloads/archive/UTKFace/3_1_0_20170109192003664.jpg.chip.jpg,0,1,1,0,0,0,0,90.40943908691406,78.25108337402344,175.12423706054688,193.70777893066406
96_1_2_20170110175716420.jpg.chip.jpg,96,/Users/cipherxishant/Downloads/archive/UTKFace/96_1_2_20170110175716420.jpg.chip.jpg,0,1,0,0,1,0,0,71.2386703491211,52.144287109375,167.3741455078125,172.72337341308594
35_0_3_20170117134205757.jpg.chip.jpg,35,/Users/cipherxishant/Downloads/archive/UTKFace/35_0_3_20170117134205757.jpg.chip.jpg,1,0,0,0,0,1,0,75.14869689941406,59.398780822753906,167.83673095703125,186.94309997558594
59_1_1_20170113173539306.jpg.chip.jpg,59,/Users/cipherxishant/Downloads/archive/UTKFace/59_1_1_20170113173539306.jpg.chip.jpg,0,1,0,1,0,0,0,75.49797058105469,58.16910171508789,186.81373596191406,195.7335662841797
56_1_3_20170109142228705.jpg.chip.jpg,56,/Users/cipherxishant/Downloads/archive/UTKFace/56_1_3_20170109142228705.jpg.chip.jpg,0,1,0,0,0,1,0,81.26326751708984,66.91574096679688,178.25669860839844,198.16162109375
1_1_2_20161219203303165.jpg.chip.jpg,1,/Users/cipherxishant/Downloads/archive/UTKFace/1_1_2_20161219203303165.jpg.chip.jpg,0,1,0,0,1,0,0,82.90655517578125,55.53842544555664,194.2461700439453,193.1907958984375
15_1_4_20170103222927064.jpg.chip.jpg,15,/Users/cipherxishant/Downloads/archive/UTKFace/15_1_4_20170103222927064.jpg.chip.jpg,0,1,0,0,0,0,1,77.22863006591797,65.2757339477539,176.7873992919922,203.3932647705078
28_0_2_20170116164346840.jpg.chip.jpg,28,/Users/cipherxishant/Downloads/archive/UTKFace/28_0_2_20170116164346840.jpg.chip.jpg,1,0,0,0,1,0,0,65.0055923461914,49.478904724121094,151.3255157470703,182.2786407470703
40_0_2_20170116193717434.jpg.chip.jpg,40,/Users/cipherxishant/Downloads/archive/UTKFace/40_0_2_20170116193717434.jpg.chip.jpg,1,0,0,0,1,0,0,79.04244232177734,71.774658203125,166.86476135253906,198.09910583496094
5_1_2_20161219203429011.jpg.chip.jpg,5,/Users/cipherxishant/Downloads/archive/UTKFace/5_1_2_20161219203429011.jpg.chip.jpg,0,1,0,0,1,0,0,85.53567504882812,73.7066650390625,189.66969299316406,192.1864471435547
32_0_0_20170116224633761.jpg.chip.jpg,32,/Users/cipherxishant/Downloads/archive/UTKFace/32_0_0_20170116224633761.jpg.chip.jpg,1,0,1,0,0,0,0,88.15601348876953,77.04107666015625,173.9669189453125,197.1043243408203
25_1_3_20170117152000516.jpg.chip.jpg,25,/Users/cipherxishant/Downloads/archive/UTKFace/25_1_3_20170117152000516.jpg.chip.jpg,0,1,0,0,0,1,0,84.10547637939453,71.54805755615234,168.9730987548828,192.331787109375
35_0_1_20170113145434605.jpg.chip.jpg,35,/Users/cipherxishant/Downloads/archive/UTKFace/35_0_1_20170113145434605.jpg.chip.jpg,1,0,0,1,0,0,0,69.35433959960938,61.75922775268555,155.80804443359375,200.17755126953125
58_1_0_20170109015222209.jpg.chip.jpg,58,/Users/cipherxishant/Downloads/archive/UTKFace/58_1_0_20170109015222209.jpg.chip.jpg,0,1,1,0,0,0,0,84.5924072265625,71.44113159179688,183.70843505859375,198.0375518798828
13_0_0_20170110225059227.jpg.chip.jpg,13,/Users/cipherxishant/Downloads/archive/UTKFace/13_0_0_20170110225059227.jpg.chip.jpg,1,0,1,0,0,0,0,68.79486846923828,55.25431823730469,159.53683471679688,178.18711853027344
28_1_1_20170116152550099.jpg.chip.jpg,28,/Users/cipherxishant/Downloads/archive/UTKFace/28_1_1_20170116152550099.jpg.chip.jpg,0,1,0,1,0,0,0,67.8582763671875,56.73500442504883,161.43276977539062,178.021728515625
45_0_0_20170120221555460.jpg.chip.jpg,45,/Users/cipherxishant/Downloads/archive/UTKFace/45_0_0_20170120221555460.jpg.chip.jpg,1,0,1,0,0,0,0,75.90836334228516,66.6220703125,157.89686584472656,198.4144744873047
26_0_0_20170119184315753.jpg.chip.jpg,26,/Users/cipherxishant/Downloads/archive/UTKFace/26_0_0_20170119184315753.jpg.chip.jpg,1,0,1,0,0,0,0,82.36885070800781,67.7228012084961,168.86306762695312,200.11654663085938
26_1_2_20170116184133814.jpg.chip.jpg,26,/Users/cipherxishant/Downloads/archive/UTKFace/26_1_2_20170116184133814.jpg.chip.jpg,0,1,0,0,1,0,0,72.42361450195312,57.1734504699707,156.9920654296875,198.5994873046875
26_1_1_20170112213308487.jpg.chip.jpg,26,/Users/cipherxishant/Downloads/archive/UTKFace/26_1_1_20170112213308487.jpg.chip.jpg,0,1,0,1,0,0,0,73.04586791992188,58.37195587158203,154.34487915039062,181.71607971191406
37_1_4_20170104170314561.jpg.chip.jpg,37,/Users/cipherxishant/Downloads/archive/UTKFace/37_1_4_20170104170314561.jpg.chip.jpg,0,1,0,0,0,0,1,83.34329223632812,75.31317138671875,176.64724731445312,195.2871551513672
32_1_0_20170103182609772.jpg.chip.jpg,32,/Users/cipherxishant/Downloads/archive/UTKFace/32_1_0_20170103182609772.jpg.chip.jpg,0,1,1,0,0,0,0,84.43656158447266,71.90080261230469,189.3347625732422,202.61903381347656
35_1_0_20170116222748208.jpg.chip.jpg,35,/Users/cipherxishant/Downloads/archive/UTKFace/35_1_0_20170116222748208.jpg.chip.jpg,0,1,1,0,0,0,0,84.21302795410156,76.3099365234375,169.08155822753906,199.65460205078125
57_0_3_20170119201739436.jpg.chip.jpg,57,/Users/cipherxishant/Downloads/archive/UTKFace/57_0_3_20170119201739436.jpg.chip.jpg,1,0,0,0,0,1,0,76.54639434814453,65.76446533203125,171.1442413330078,201.97991943359375
56_0_3_20170104232205049.jpg.chip.jpg,56,/Users/cipherxishant/Downloads/archive/UTKFace/56_0_3_20170104232205049.jpg.chip.jpg,1,0,0,0,0,1,0,76.27619934082031,54.219970703125,172.26499938964844,190.10752868652344
27_0_3_20170119193230098.jpg.chip.jpg,27,/Users/cipherxishant/Downloads/archive/UTKFace/27_0_3_20170119193230098.jpg.chip.jpg,1,0,0,0,0,1,0,82.74948120117188,72.34989929199219,176.3551483154297,203.40084838867188
36_0_3_20170119201824085.jpg.chip.jpg,36,/Users/cipherxishant/Downloads/archive/UTKFace/36_0_3_20170119201824085.jpg.chip.jpg,1,0,0,0,0,1,0,77.9737777709961,69.74586486816406,167.37051391601562,203.11851501464844
8_0_0_20170110222913531.jpg.chip.jpg,8,/Users/cipherxishant/Downloads/archive/UTKFace/8_0_0_20170110222913531.jpg.chip.jpg,1,0,1,0,0,0,0,76.3368148803711,63.050453186035156,168.81044006347656,187.29757690429688
1_1_2_20161219200100707.jpg.chip.jpg,1,/Users/cipherxishant/Downloads/archive/UTKFace/1_1_2_20161219200100707.jpg.chip.jpg,0,1,0,0,1,0,0,75.87138366699219,57.77028274536133,179.25640869140625,179.35462951660156
40_0_0_20170117141444172.jpg.chip.jpg,40,/Users/cipherxishant/Downloads/archive/UTKFace/40_0_0_20170117141444172.jpg.chip.jpg,1,0,1,0,0,0,0,81.43521881103516,64.94242858886719,178.7696533203125,200.78836059570312
82_0_0_20170111223748572.jpg.chip.jpg,82,/Users/cipherxishant/Downloads/archive/UTKFace/82_0_0_20170111223748572.jpg.chip.jpg,1,0,1,0,0,0,0,75.94291687011719,62.31367492675781,160.49313354492188,197.50039672851562
4_1_2_20161219163346526.jpg.chip.jpg,4,/Users/cipherxishant/Downloads/archive/UTKFace/4_1_2_20161219163346526.jpg.chip.jpg,0,1,0,0,1,0,0,83.80220794677734,64.45184326171875,190.1815948486328,208.79833984375
12_1_0_20170109204750280.jpg.chip.jpg,12,/Users/cipherxishant/Downloads/archive/UTKFace/12_1_0_20170109204750280.jpg.chip.jpg,0,1,1,0,0,0,0,70.06982421875,55.008323669433594,165.8977813720703,193.740478515625
28_0_1_20170117022047979.jpg.chip.jpg,28,/Users/cipherxishant/Downloads/archive/UTKFace/28_0_1_20170117022047979.jpg.chip.jpg,1,0,0,1,0,0,0,76.00147247314453,64.49824523925781,161.07151794433594,201.44796752929688
75_0_0_20170111203916648.jpg.chip.jpg,75,/Users/cipherxishant/Downloads/archive/UTKFace/75_0_0_20170111203916648.jpg.chip.jpg,1,0,1,0,0,0,0,82.239013671875,67.57986450195312,161.47930908203125,188.1874542236328
39_1_0_20170105164709185.jpg.chip.jpg,39,/Users/cipherxishant/Downloads/archive/UTKFace/39_1_0_20170105164709185.jpg.chip.jpg,0,1,1,0,0,0,0,78.92517852783203,70.51866149902344,168.55807495117188,207.7628173828125
85_1_3_20170110183946188.jpg.chip.jpg,85,/Users/cipherxishant/Downloads/archive/UTKFace/85_1_3_20170110183946188.jpg.chip.jpg,0,1,0,0,0,1,0,78.78307342529297,62.60978317260742,179.263671875,195.16038513183594
31_0_1_20170117134920188.jpg.chip.jpg,31,/Users/cipherxishant/Downloads/archive/UTKFace/31_0_1_20170117134920188.jpg.chip.jpg,1,0,0,1,0,0,0,72.14122009277344,60.88375473022461,153.3002166748047,194.17178344726562
29_1_2_20170104023153742.jpg.chip.jpg,29,/Users/cipherxishant/Downloads/archive/UTKFace/29_1_2_20170104023153742.jpg.chip.jpg,0,1,0,0,1,0,0,80.35327911376953,69.61833190917969,175.37445068359375,193.20199584960938
25_1_3_20170104222459455.jpg.chip.jpg,25,/Users/cipherxishant/Downloads/archive/UTKFace/25_1_3_20170104222459455.jpg.chip.jpg,0,1,0,0,0,1,0,77.95343780517578,65.5891342163086,159.32717895507812,198.2710723876953
27_1_4_20170103181806561.jpg.chip.jpg,27,/Users/cipherxishant/Downloads/archive/UTKFace/27_1_4_20170103181806561.jpg.chip.jpg,0,1,0,0,0,0,1,89.03421020507812,79.07620239257812,172.07467651367188,200.34683227539062
38_0_1_20170116232535514.jpg.chip.jpg,38,/Users/cipherxishant/Downloads/archive/UTKFace/38_0_1_20170116232535514.jpg.chip.jpg,1,0,0,1,0,0,0,73.45818328857422,61.80731201171875,157.97210693359375,197.3761749267578
26_1_3_20170119193141890.jpg.chip.jpg,26,/Users/cipherxishant/Downloads/archive/UTKFace/26_1_3_20170119193141890.jpg.chip.jpg,0,1,0,0,0,1,0,78.02049255371094,68.56967163085938,169.55780029296875,192.58883666992188
31_1_4_20170103230411344.jpg.chip.jpg,31,/Users/cipherxishant/Downloads/archive/UTKFace/31_1_4_20170103230411344.jpg.chip.jpg,0,1,0,0,0,0,1,79.44677734375,67.41169738769531,174.70587158203125,187.32870483398438
52_0_0_20170104212257109.jpg.chip.jpg,52,/Users/cipherxishant/Downloads/archive/UTKFace/52_0_0_20170104212257109.jpg.chip.jpg,1,0,1,0,0,0,0,84.6201400756836,73.57213592529297,171.98062133789062,199.95223999023438
28_0_0_20170117180522441.jpg.chip.jpg,28,/Users/cipherxishant/Downloads/archive/UTKFace/28_0_0_20170117180522441.jpg.chip.jpg,1,0,1,0,0,0,0,83.78433227539062,72.33878326416016,164.14923095703125,200.94281005859375
55_0_0_20170104204634819.jpg.chip.jpg,55,/Users/cipherxishant/Downloads/archive/UTKFace/55_0_0_20170104204634819.jpg.chip.jpg,1,0,1,0,0,0,0,73.34773254394531,61.93004608154297,154.11349487304688,190.74337768554688
26_1_0_20170109002353702.jpg.chip.jpg,26,/Users/cipherxishant/Downloads/archive/UTKFace/26_1_0_20170109002353702.jpg.chip.jpg,0,1,1,0,0,0,0,72.54991912841797,53.97397232055664,162.21530151367188,182.72003173828125
31_1_2_20170104023111549.jpg.chip.jpg,31,/Users/cipherxishant/Downloads/archive/UTKFace/31_1_2_20170104023111549.jpg.chip.jpg,0,1,0,0,1,0,0,82.29924011230469,67.64652252197266,182.3212890625,195.7017822265625
33_1_4_20170117201624958.jpg.chip.jpg,33,/Users/cipherxishant/Downloads/archive/UTKFace/33_1_4_20170117201624958.jpg.chip.jpg,0,1,0,0,0,0,1,85.61569213867188,72.85855102539062,185.86343383789062,202.4783172607422
7_0_0_20170110220101562.jpg.chip.jpg,7,/Users/cipherxishant/Downloads/archive/UTKFace/7_0_0_20170110220101562.jpg.chip.jpg,1,0,1,0,0,0,0,92.95488739013672,81.37909698486328,178.66488647460938,199.1026611328125
85_0_0_20170110181953748.jpg.chip.jpg,85,/Users/cipherxishant/Downloads/archive/UTKFace/85_0_0_20170110181953748.jpg.chip.jpg,1,0,1,0,0,0,0,79.1681137084961,59.520347595214844,184.4160614013672,193.19454956054688
40_0_2_20170116173629300.jpg.chip.jpg,40,/Users/cipherxishant/Downloads/archive/UTKFace/40_0_2_20170116173629300.jpg.chip.jpg,1,0,0,0,1,0,0,80.18689727783203,76.1233139038086,162.4688262939453,192.9468994140625
3_0_2_20161219190552779.jpg.chip.jpg,3,/Users/cipherxishant/Downloads/archive/UTKFace/3_0_2_20161219190552779.jpg.chip.jpg,1,0,0,0,1,0,0,88.88229370117188,74.69236755371094,183.9471435546875,191.77716064453125
2_0_2_20161219211219902.jpg.chip.jpg,2,/Users/cipherxishant/Downloads/archive/UTKFace/2_0_2_20161219211219902.jpg.chip.jpg,1,0,0,0,1,0,0,75.84210205078125,66.77574920654297,163.09619140625,195.9442596435547
26_0_1_20170113152741498.jpg.chip.jpg,26,/Users/cipherxishant/Downloads/archive/UTKFace/26_0_1_20170113152741498.jpg.chip.jpg,1,0,0,1,0,0,0,75.46217346191406,60.68476486206055,171.70535278320312,187.4365234375
66_0_1_20170111171747645.jpg.chip.jpg,66,/Users/cipherxishant/Downloads/archive/UTKFace/66_0_1_20170111171747645.jpg.chip.jpg,1,0,0,1,0,0,0,77.30281066894531,63.81624221801758,164.65560913085938,197.35276794433594
8_1_0_20170109205040140.jpg.chip.jpg,8,/Users/cipherxishant/Downloads/archive/UTKFace/8_1_0_20170109205040140.jpg.chip.jpg,0,1,1,0,0,0,0,82.43019104003906,72.5010986328125,172.56776428222656,199.4378204345703
63_1_0_20170110141744495.jpg.chip.jpg,63,/Users/cipherxishant/Downloads/archive/UTKFace/63_1_0_20170110141744495.jpg.chip.jpg,0,1,1,0,0,0,0,78.29032897949219,69.7105484008789,159.80477905273438,196.81838989257812
61_0_3_20170109131758363.jpg.chip.jpg,61,/Users/cipherxishant/Downloads/archive/UTKFace/61_0_3_20170109131758363.jpg.chip.jpg,1,0,0,0,0,1,0,80.73533630371094,59.40395736694336,179.02781677246094,207.05885314941406
36_1_3_20170119154411650.jpg.chip.jpg,36,/Users/cipherxishant/Downloads/archive/UTKFace/36_1_3_20170119154411650.jpg.chip.jpg,0,1,0,0,0,1,0,77.49410247802734,65.45394134521484,172.77914428710938,187.24317932128906
63_0_3_20170119212005016.jpg.chip.jpg,63,/Users/cipherxishant/Downloads/archive/UTKFace/63_0_3_20170119212005016.jpg.chip.jpg,1,0,0,0,0,1,0,83.37552642822266,71.43281555175781,166.4104766845703,204.06253051757812
28_0_1_20170113180639429.jpg.chip.jpg,28,/Users/cipherxishant/Downloads/archive/UTKFace/28_0_1_20170113180639429.jpg.chip.jpg,1,0,0,1,0,0,0,79.77763366699219,68.32601165771484,161.40757751464844,197.0803985595703
1_0_2_20161219142409225.jpg.chip.jpg,1,/Users/cipherxishant/Downloads/archive/UTKFace/1_0_2_20161219142409225.jpg.chip.jpg,1,0,0,0,1,0,0,85.12824249267578,66.15521240234375,194.6148223876953,195.55535888671875
7_0_0_20170110215645684.jpg.chip.jpg,7,/Users/cipherxishant/Downloads/archive/UTKFace/7_0_0_20170110215645684.jpg.chip.jpg,1,0,1,0,0,0,0,79.19783020019531,68.04931640625,170.26524353027344,193.47547912597656
16_0_0_20170110231230149.jpg.chip.jpg,16,/Users/cipherxishant/Downloads/archive/UTKFace/16_0_0_20170110231230149.jpg.chip.jpg,1,0,1,0,0,0,0,75.82766723632812,66.72174835205078,159.9788360595703,193.95506286621094
26_0_0_20170117172056035.jpg.chip.jpg,26,/Users/cipherxishant/Downloads/archive/UTKFace/26_0_0_20170117172056035.jpg.chip.jpg,1,0,1,0,0,0,0,80.14474487304688,67.26592254638672,158.90087890625,199.6446533203125
56_0_0_20170111200016066.jpg.chip.jpg,56,/Users/cipherxishant/Downloads/archive/UTKFace/56_0_0_20170111200016066.jpg.chip.jpg,1,0,1,0,0,0,0,78.9714584350586,70.11298370361328,165.65208435058594,205.4197998046875
26_0_1_20170105183720623.jpg.chip.jpg,26,/Users/cipherxishant/Downloads/archive/UTKFace/26_0_1_20170105183720623.jpg.chip.jpg,1,0,0,1,0,0,0,72.73717498779297,58.00679016113281,159.3138427734375,187.1504669189453
65_1_0_20170110125535454.jpg.chip.jpg,65,/Users/cipherxishant/Downloads/archive/UTKFace/65_1_0_20170110125535454.jpg.chip.jpg,0,1,1,0,0,0,0,80.72163391113281,65.57815551757812,173.3711395263672,195.55148315429688
28_1_2_20170104022917342.jpg.chip.jpg,28,/Users/cipherxishant/Downloads/archive/UTKFace/28_1_2_20170104022917342.jpg.chip.jpg,0,1,0,0,1,0,0,72.71923828125,61.2484245300293,157.10166931152344,189.76695251464844
5_1_2_20161219192202650.jpg.chip.jpg,5,/Users/cipherxishant/Downloads/archive/UTKFace/5_1_2_20161219192202650.jpg.chip.jpg,0,1,0,0,1,0,0,80.04853820800781,64.42675018310547,170.13218688964844,194.31544494628906
35_0_0_20170116182645394.jpg.chip.jpg,35,/Users/cipherxishant/Downloads/archive/UTKFace/35_0_0_20170116182645394.jpg.chip.jpg,1,0,1,0,0,0,0,73.15839385986328,57.5014762878418,163.1248321533203,203.44056701660156
34_1_3_20170119200614779.jpg.chip.jpg,34,/Users/cipherxishant/Downloads/archive/UTKFace/34_1_3_20170119200614779.jpg.chip.jpg,0,1,0,0,0,1,0,71.57935333251953,59.976558685302734,151.9896240234375,187.15866088867188
51_0_3_20170104220403390.jpg.chip.jpg,51,/Users/cipherxishant/Downloads/archive/UTKFace/51_0_3_20170104220403390.jpg.chip.jpg,1,0,0,0,0,1,0,75.48661804199219,63.197898864746094,158.17884826660156,194.6244659423828
30_1_1_20170110120856819.jpg.chip.jpg,30,/Users/cipherxishant/Downloads/archive/UTKFace/30_1_1_20170110120856819.jpg.chip.jpg,0,1,0,1,0,0,0,77.91666412353516,70.43092346191406,169.99803161621094,205.22813415527344
30_0_1_20170117202813031.jpg.chip.jpg,30,/Users/cipherxishant/Downloads/archive/UTKFace/30_0_1_20170117202813031.jpg.chip.jpg,1,0,0,1,0,0,0,72.5705795288086,64.10297393798828,161.78286743164062,185.5753173828125
19_0_0_20170117140608208.jpg.chip.jpg,19,/Users/cipherxishant/Downloads/archive/UTKFace/19_0_0_20170117140608208.jpg.chip.jpg,1,0,1,0,0,0,0,73.92247009277344,59.01837158203125,166.81349182128906,189.19302368164062
35_0_1_20170116222350690.jpg.chip.jpg,35,/Users/cipherxishant/Downloads/archive/UTKFace/35_0_1_20170116222350690.jpg.chip.jpg,1,0,0,1,0,0,0,79.58550262451172,67.5625228881836,161.4993133544922,193.94149780273438
28_1_1_20170113012508729.jpg.chip.jpg,28,/Users/cipherxishant/Downloads/archive/UTKFace/28_1_1_20170113012508729.jpg.chip.jpg,0,1,0,1,0,0,0,78.18596649169922,70.01898193359375,167.59837341308594,194.82052612304688
45_1_1_20170112203850233.jpg.chip.jpg,45,/Users/cipherxishant/Downloads/archive/UTKFace/45_1_1_20170112203850233.jpg.chip.jpg,0,1,0,1,0,0,0,71.69601440429688,55.85617446899414,157.4615020751953,187.48129272460938
50_0_3_20170119153117800.jpg.chip.jpg,50,/Users/cipherxishant/Downloads/archive/UTKFace/50_0_3_20170119153117800.jpg.chip.jpg,1,0,0,0,0,1,0,70.84443664550781,57.9421501159668,147.3109588623047,193.99423217773438
23_0_0_20170113210126449.jpg.chip.jpg,23,/Users/cipherxishant/Downloads/archive/UTKFace/23_0_0_20170113210126449.jpg.chip.jpg,1,0,1,0,0,0,0,71.76931762695312,59.3584098815918,161.2207489013672,193.54627990722656
35_1_0_20170117175131343.jpg.chip.jpg,35,/Users/cipherxishant/Downloads/archive/UTKFace/35_1_0_20170117175131343.jpg.chip.jpg,0,1,1,0,0,0,0,60.31474685668945,54.15215301513672,141.6210174560547,194.53196716308594
1_0_0_20161219163425847.jpg.chip.jpg,1,/Users/cipherxishant/Downloads/archive/UTKFace/1_0_0_20161219163425847.jpg.chip.jpg,1,0,1,0,0,0,0,77.95462036132812,57.095157623291016,182.14878845214844,194.81382751464844
32_1_0_20170103182614674.jpg.chip.jpg,32,/Users/cipherxishant/Downloads/archive/UTKFace/32_1_0_20170103182614674.jpg.chip.jpg,0,1,1,0,0,0,0,68.5035400390625,65.13105773925781,150.67483520507812,196.8787384033203
25_0_2_20170119145148646.jpg.chip.jpg,25,/Users/cipherxishant/Downloads/archive/UTKFace/25_0_2_20170119145148646.jpg.chip.jpg,1,0,0,0,1,0,0,81.96642303466797,69.76007843017578,168.0711669921875,201.4437713623047
4_1_0_20170109192825550.jpg.chip.jpg,4,/Users/cipherxishant/Downloads/archive/UTKFace/4_1_0_20170109192825550.jpg.chip.jpg,0,1,1,0,0,0,0,86.50126647949219,72.86441040039062,193.3795623779297,197.75125122070312
1_1_1_20170103210044250.jpg.chip.jpg,1,/Users/cipherxishant/Downloads/archive/UTKFace/1_1_1_20170103210044250.jpg.chip.jpg,0,1,0,1,0,0,0,80.40279388427734,62.95058822631836,181.3879852294922,190.4523468017578
7_1_2_20161219160327198.jpg.chip.jpg,7,/Users/cipherxishant/Downloads/archive/UTKFace/7_1_2_20161219160327198.jpg.chip.jpg,0,1,0,0,1,0,0,78.58956909179688,62.124061584472656,176.28907775878906,186.8655242919922
37_1_1_20170112220140249.jpg.chip.jpg,37,/Users/cipherxishant/Downloads/archive/UTKFace/37_1_1_20170112220140249.jpg.chip.jpg,0,1,0,1,0,0,0,86.06019592285156,71.2040023803711,171.94488525390625,205.0070037841797
29_1_3_20170104222730103.jpg.chip.jpg,29,/Users/cipherxishant/Downloads/archive/UTKFace/29_1_3_20170104222730103.jpg.chip.jpg,0,1,0,0,0,1,0,77.9957046508789,70.14454650878906,168.0242156982422,200.0872802734375
39_1_1_20170112204540442.jpg.chip.jpg,39,/Users/cipherxishant/Downloads/archive/UTKFace/39_1_1_20170112204540442.jpg.chip.jpg,0,1,0,1,0,0,0,82.5261001586914,68.03771209716797,170.9366912841797,206.8939971923828
30_1_0_20170116214239576.jpg.chip.jpg,30,/Users/cipherxishant/Downloads/archive/UTKFace/30_1_0_20170116214239576.jpg.chip.jpg,0,1,1,0,0,0,0,77.26715087890625,66.65287780761719,164.74932861328125,190.86582946777344
25_1_1_20170112205151018.jpg.chip.jpg,25,/Users/cipherxishant/Downloads/archive/UTKFace/25_1_1_20170112205151018.jpg.chip.jpg,0,1,0,1,0,0,0,63.2897834777832,49.35342788696289,149.01756286621094,183.34136962890625
8_1_3_20170104222709156.jpg.chip.jpg,8,/Users/cipherxishant/Downloads/archive/UTKFace/8_1_3_20170104222709156.jpg.chip.jpg,0,1,0,0,0,1,0,76.3146743774414,63.186798095703125,167.06161499023438,182.2260284423828
30_1_0_20170117135257534.jpg.chip.jpg,30,/Users/cipherxishant/Downloads/archive/UTKFace/30_1_0_20170117135257534.jpg.chip.jpg,0,1,1,0,0,0,0,79.08853149414062,57.59041213989258,179.67144775390625,195.17727661132812
67_1_0_20170110180054361.jpg.chip.jpg,67,/Users/cipherxishant/Downloads/archive/UTKFace/67_1_0_20170110180054361.jpg.chip.jpg,0,1,1,0,0,0,0,81.81063842773438,69.55916595458984,168.81544494628906,200.7294158935547
23_1_0_20170103180703224.jpg.chip.jpg,23,/Users/cipherxishant/Downloads/archive/UTKFace/23_1_0_20170103180703224.jpg.chip.jpg,0,1,1,0,0,0,0,72.74620819091797,62.075439453125,167.16726684570312,186.2900848388672
12_1_0_20170109200904988.jpg.chip.jpg,12,/Users/cipherxishant/Downloads/archive/UTKFace/12_1_0_20170109200904988.jpg.chip.jpg,0,1,1,0,0,0,0,83.58644104003906,72.04206848144531,182.13633728027344,198.1551055908203
25_1_1_20170117171908418.jpg.chip.jpg,25,/Users/cipherxishant/Downloads/archive/UTKFace/25_1_1_20170117171908418.jpg.chip.jpg,0,1,0,1,0,0,0,72.79006958007812,61.3278694152832,155.751220703125,183.5569305419922
40_1_0_20170105163942716.jpg.chip.jpg,40,/Users/cipherxishant/Downloads/archive/UTKFace/40_1_0_20170105163942716.jpg.chip.jpg,0,1,1,0,0,0,0,81.65699768066406,71.96077728271484,167.76950073242188,199.71401977539062
35_0_0_20170116174756926.jpg.chip.jpg,35,/Users/cipherxishant/Downloads/archive/UTKFace/35_0_0_20170116174756926.jpg.chip.jpg,1,0,1,0,0,0,0,75.5866928100586,61.617496490478516,171.24440002441406,189.1748046875
29_1_4_20170117202752934.jpg.chip.jpg,29,/Users/cipherxishant/Downloads/archive/UTKFace/29_1_4_20170117202752934.jpg.chip.jpg,0,1,0,0,0,0,1,75.83708953857422,65.63880920410156,159.14898681640625,194.1048583984375
26_1_0_20170116235548284.jpg.chip.jpg,26,/Users/cipherxishant/Downloads/archive/UTKFace/26_1_0_20170116235548284.jpg.chip.jpg,0,1,1,0,0,0,0,67.4170913696289,51.75474166870117,136.15118408203125,192.7942352294922
26_1_1_20170116231829268.jpg.chip.jpg,26,/Users/cipherxishant/Downloads/archive/UTKFace/26_1_1_20170116231829268.jpg.chip.jpg,0,1,0,1,0,0,0,66.65717315673828,48.261131286621094,149.53646850585938,185.62745666503906
7_1_0_20170109205404516.jpg.chip.jpg,7,/Users/cipherxishant/Downloads/archive/UTKFace/7_1_0_20170109205404516.jpg.chip.jpg,0,1,1,0,0,0,0,82.1343994140625,68.64418029785156,166.23126220703125,198.7989044189453
17_0_1_20170113132556480.jpg.chip.jpg,17,/Users/cipherxishant/Downloads/archive/UTKFace/17_0_1_20170113132556480.jpg.chip.jpg,1,0,0,1,0,0,0,81.59101104736328,70.3203125,179.09507751464844,203.4844207763672
27_0_2_20170116161902902.jpg.chip.jpg,27,/Users/cipherxishant/Downloads/archive/UTKFace/27_0_2_20170116161902902.jpg.chip.jpg,1,0,0,0,1,0,0,68.45588684082031,56.98031234741211,149.09283447265625,189.71292114257812
25_0_2_20170116174816852.jpg.chip.jpg,25,/Users/cipherxishant/Downloads/archive/UTKFace/25_0_2_20170116174816852.jpg.chip.jpg,1,0,0,0,1,0,0,74.90960693359375,56.39004135131836,162.83482360839844,191.8246307373047
46_0_3_20170119200749075.jpg.chip.jpg,46,/Users/cipherxishant/Downloads/archive/UTKFace/46_0_3_20170119200749075.jpg.chip.jpg,1,0,0,0,0,1,0,75.70361328125,67.89244079589844,161.04981994628906,191.02821350097656
65_0_1_20170117193640771.jpg.chip.jpg,65,/Users/cipherxishant/Downloads/archive/UTKFace/65_0_1_20170117193640771.jpg.chip.jpg,1,0,0,1,0,0,0,75.40839385986328,65.24577331542969,155.58140563964844,196.26266479492188
58_0_0_20170104185324437.jpg.chip.jpg,58,/Users/cipherxishant/Downloads/archive/UTKFace/58_0_0_20170104185324437.jpg.chip.jpg,1,0,1,0,0,0,0,81.2199478149414,70.79935455322266,167.69644165039062,200.8531494140625
38_0_1_20170117012906285.jpg.chip.jpg,38,/Users/cipherxishant/Downloads/archive/UTKFace/38_0_1_20170117012906285.jpg.chip.jpg,1,0,0,1,0,0,0,86.88287353515625,80.3113021850586,183.51284790039062,213.373779296875
27_1_0_20170103183523123.jpg.chip.jpg,27,/Users/cipherxishant/Downloads/archive/UTKFace/27_1_0_20170103183523123.jpg.chip.jpg,0,1,1,0,0,0,0,88.4168701171875,74.71182250976562,174.7724609375,199.2655792236328
3_1_0_20170109191344231.jpg.chip.jpg,3,/Users/cipherxishant/Downloads/archive/UTKFace/3_1_0_20170109191344231.jpg.chip.jpg,0,1,1,0,0,0,0,77.46644592285156,56.84191131591797,177.62673950195312,186.85980224609375
26_0_0_20170119180114276.jpg.chip.jpg,26,/Users/cipherxishant/Downloads/archive/UTKFace/26_0_0_20170119180114276.jpg.chip.jpg,1,0,1,0,0,0,0,61.408203125,38.31938552856445,165.88458251953125,188.16592407226562
85_1_2_20170110183509553.jpg.chip.jpg,85,/Users/cipherxishant/Downloads/archive/UTKFace/85_1_2_20170110183509553.jpg.chip.jpg,0,1,0,0,1,0,0,78.83631134033203,64.02812957763672,164.5775604248047,188.84303283691406
24_1_3_20170117150541539.jpg.chip.jpg,24,/Users/cipherxishant/Downloads/archive/UTKFace/24_1_3_20170117150541539.jpg.chip.jpg,0,1,0,0,0,1,0,77.55696105957031,58.08528518676758,173.16448974609375,193.4104461669922
32_0_2_20170116201214616.jpg.chip.jpg,32,/Users/cipherxishant/Downloads/archive/UTKFace/32_0_2_20170116201214616.jpg.chip.jpg,1,0,0,0,1,0,0,80.54376983642578,62.81991195678711,177.6399688720703,192.4489288330078
26_0_0_20170116215521714.jpg.chip.jpg,26,/Users/cipherxishant/Downloads/archive/UTKFace/26_0_0_20170116215521714.jpg.chip.jpg,1,0,1,0,0,0,0,79.62785339355469,67.22888946533203,178.0555877685547,203.1689453125
22_1_2_20170116165605354.jpg.chip.jpg,22,/Users/cipherxishant/Downloads/archive/UTKFace/22_1_2_20170116165605354.jpg.chip.jpg,0,1,0,0,1,0,0,68.60542297363281,50.378841400146484,155.63528442382812,178.8577117919922
26_0_1_20170116205647025.jpg.chip.jpg,26,/Users/cipherxishant/Downloads/archive/UTKFace/26_0_1_20170116205647025.jpg.chip.jpg,1,0,0,1,0,0,0,67.43204498291016,57.65771484375,150.77174377441406,185.96653747558594
42_0_1_20170116194444692.jpg.chip.jpg,42,/Users/cipherxishant/Downloads/archive/UTKFace/42_0_1_20170116194444692.jpg.chip.jpg,1,0,0,1,0,0,0,77.54409790039062,65.92913818359375,173.5807647705078,208.95486450195312
3_1_3_20161219225041456.jpg.chip.jpg,3,/Users/cipherxishant/Downloads/archive/UTKFace/3_1_3_20161219225041456.jpg.chip.jpg,0,1,0,0,0,1,0,80.36648559570312,67.66471862792969,181.8646240234375,190.39877319335938
1_0_2_20161219195643627.jpg.chip.jpg,1,/Users/cipherxishant/Downloads/archive/UTKFace/1_0_2_20161219195643627.jpg.chip.jpg,1,0,0,0,1,0,0,82.37152099609375,64.47357177734375,194.23939514160156,187.1759796142578
58_0_0_20170120224625496.jpg.chip.jpg,58,/Users/cipherxishant/Downloads/archive/UTKFace/58_0_0_20170120224625496.jpg.chip.jpg,1,0,1,0,0,0,0,80.9630355834961,71.18335723876953,165.70030212402344,201.2479248046875
31_0_1_20170116203947826.jpg.chip.jpg,31,/Users/cipherxishant/Downloads/archive/UTKFace/31_0_1_20170116203947826.jpg.chip.jpg,1,0,0,1,0,0,0,79.1835708618164,63.957298278808594,168.8319091796875,199.8740234375
35_1_2_20170116164633129.jpg.chip.jpg,35,/Users/cipherxishant/Downloads/archive/UTKFace/35_1_2_20170116164633129.jpg.chip.jpg,0,1,0,0,1,0,0,81.49505615234375,66.08690643310547,157.69874572753906,193.46051025390625
8_1_0_20170109202316791.jpg.chip.jpg,8,/Users/cipherxishant/Downloads/archive/UTKFace/8_1_0_20170109202316791.jpg.chip.jpg,0,1,1,0,0,0,0,80.85221862792969,70.75054168701172,175.42007446289062,194.38525390625
9_1_0_20170110224621441.jpg.chip.jpg,9,/Users/cipherxishant/Downloads/archive/UTKFace/9_1_0_20170110224621441.jpg.chip.jpg,0,1,1,0,0,0,0,84.15135192871094,71.22111511230469,172.0557098388672,198.8573455810547
1_0_0_20170109191453449.jpg.chip.jpg,1,/Users/cipherxishant/Downloads/archive/UTKFace/1_0_0_20170109191453449.jpg.chip.jpg,1,0,1,0,0,0,0,75.18006134033203,53.50273513793945,179.77796936035156,187.6798095703125
27_0_3_20170119193304964.jpg.chip.jpg,27,/Users/cipherxishant/Downloads/archive/UTKFace/27_0_3_20170119193304964.jpg.chip.jpg,1,0,0,0,0,1,0,77.63186645507812,61.17829132080078,164.33566284179688,205.95407104492188
18_0_3_20170104230248073.jpg.chip.jpg,18,/Users/cipherxishant/Downloads/archive/UTKFace/18_0_3_20170104230248073.jpg.chip.jpg,1,0,0,0,0,1,0,79.39305877685547,68.94747161865234,165.01364135742188,196.2887420654297
26_0_2_20170116181321059.jpg.chip.jpg,26,/Users/cipherxishant/Downloads/archive/UTKFace/26_0_2_20170116181321059.jpg.chip.jpg,1,0,0,0,1,0,0,81.26351928710938,69.78890228271484,168.03330993652344,199.48194885253906
49_1_1_20170104005312671.jpg.chip.jpg,49,/Users/cipherxishant/Downloads/archive/UTKFace/49_1_1_20170104005312671.jpg.chip.jpg,0,1,0,1,0,0,0,74.05619812011719,63.89239501953125,165.76571655273438,191.749267578125
24_1_3_20170117145444188.jpg.chip.jpg,24,/Users/cipherxishant/Downloads/archive/UTKFace/24_1_3_20170117145444188.jpg.chip.jpg,0,1,0,0,0,1,0,81.70672607421875,69.2496109008789,169.15106201171875,198.05381774902344
61_0_0_20170117192036844.jpg.chip.jpg,61,/Users/cipherxishant/Downloads/archive/UTKFace/61_0_0_20170117192036844.jpg.chip.jpg,1,0,1,0,0,0,0,83.08271026611328,69.6658935546875,170.0706024169922,186.93675231933594
26_0_0_20170113210127300.jpg.chip.jpg,26,/Users/cipherxishant/Downloads/archive/UTKFace/26_0_0_20170113210127300.jpg.chip.jpg,1,0,1,0,0,0,0,89.50773620605469,73.28890991210938,198.68304443359375,194.28610229492188
56_0_0_20170120222521496.jpg.chip.jpg,56,/Users/cipherxishant/Downloads/archive/UTKFace/56_0_0_20170120222521496.jpg.chip.jpg,1,0,1,0,0,0,0,70.11570739746094,56.00080871582031,151.86045837402344,187.4967498779297
45_1_0_20170117175326912.jpg.chip.jpg,45,/Users/cipherxishant/Downloads/archive/UTKFace/45_1_0_20170117175326912.jpg.chip.jpg,0,1,1,0,0,0,0,79.24445343017578,69.45525360107422,166.19833374023438,196.85626220703125
24_0_4_20170103224944762.jpg.chip.jpg,24,/Users/cipherxishant/Downloads/archive/UTKFace/24_0_4_20170103224944762.jpg.chip.jpg,1,0,0,0,0,0,1,87.18549346923828,78.24951171875,170.90374755859375,204.77667236328125
57_0_0_20170117172537601.jpg.chip.jpg,57,/Users/cipherxishant/Downloads/archive/UTKFace/57_0_0_20170117172537601.jpg.chip.jpg,1,0,1,0,0,0,0,77.37654113769531,61.24433135986328,169.95599365234375,199.52906799316406
55_0_3_20170119201651189.jpg.chip.jpg,55,/Users/cipherxishant/Downloads/archive/UTKFace/55_0_3_20170119201651189.jpg.chip.jpg,1,0,0,0,0,1,0,76.95588684082031,62.73262023925781,175.56829833984375,189.94921875
23_0_0_20170117144706803.jpg.chip.jpg,23,/Users/cipherxishant/Downloads/archive/UTKFace/23_0_0_20170117144706803.jpg.chip.jpg,1,0,1,0,0,0,0,80.03160858154297,67.695556640625,166.30029296875,197.56993103027344
24_1_2_20170116171546278.jpg.chip.jpg,24,/Users/cipherxishant/Downloads/archive/UTKFace/24_1_2_20170116171546278.jpg.chip.jpg,0,1,0,0,1,0,0,78.15203857421875,65.41842651367188,156.95249938964844,200.16368103027344
73_1_0_20170110125254674.jpg.chip.jpg,73,/Users/cipherxishant/Downloads/archive/UTKFace/73_1_0_20170110125254674.jpg.chip.jpg,0,1,1,0,0,0,0,78.32171630859375,66.23322296142578,163.8369598388672,198.03228759765625
26_1_1_20170117022253411.jpg.chip.jpg,26,/Users/cipherxishant/Downloads/archive/UTKFace/26_1_1_20170117022253411.jpg.chip.jpg,0,1,0,1,0,0,0,82.6450424194336,75.26115417480469,167.19351196289062,195.84437561035156
69_1_0_20170110141818223.jpg.chip.jpg,69,/Users/cipherxishant/Downloads/archive/UTKFace/69_1_0_20170110141818223.jpg.chip.jpg,0,1,1,0,0,0,0,73.49185180664062,63.525177001953125,156.32431030273438,185.86672973632812
60_1_0_20170110152954671.jpg.chip.jpg,60,/Users/cipherxishant/Downloads/archive/UTKFace/60_1_0_20170110152954671.jpg.chip.jpg,0,1,1,0,0,0,0,87.22787475585938,75.77241516113281,172.09854125976562,192.9586639404297
47_0_4_20170104002129509.jpg.chip.jpg,47,/Users/cipherxishant/Downloads/archive/UTKFace/47_0_4_20170104002129509.jpg.chip.jpg,1,0,0,0,0,0,1,68.97422790527344,56.3752326965332,146.93154907226562,188.38555908203125
52_0_0_20170111204000411.jpg.chip.jpg,52,/Users/cipherxishant/Downloads/archive/UTKFace/52_0_0_20170111204000411.jpg.chip.jpg,1,0,1,0,0,0,0,80.3484115600586,72.69535064697266,168.85182189941406,207.1129608154297
35_0_1_20170113142101291.jpg.chip.jpg,35,/Users/cipherxishant/Downloads/archive/UTKFace/35_0_1_20170113142101291.jpg.chip.jpg,1,0,0,1,0,0,0,72.95499420166016,60.782135009765625,160.77000427246094,182.5354766845703
92_1_0_20170110182402526.jpg.chip.jpg,92,/Users/cipherxishant/Downloads/archive/UTKFace/92_1_0_20170110182402526.jpg.chip.jpg,0,1,1,0,0,0,0,77.80378723144531,65.93353271484375,167.6096649169922,196.6793212890625
27_0_0_20170117175604992.jpg.chip.jpg,27,/Users/cipherxishant/Downloads/archive/UTKFace/27_0_0_20170117175604992.jpg.chip.jpg,1,0,1,0,0,0,0,63.68539047241211,49.49504852294922,145.68106079101562,198.6725616455078
85_1_0_20170110181617775.jpg.chip.jpg,85,/Users/cipherxishant/Downloads/archive/UTKFace/85_1_0_20170110181617775.jpg.chip.jpg,0,1,1,0,0,0,0,86.248291015625,70.45738220214844,170.17837524414062,186.7130584716797
38_1_1_20170116020420048.jpg.chip.jpg,38,/Users/cipherxishant/Downloads/archive/UTKFace/38_1_1_20170116020420048.jpg.chip.jpg,0,1,0,1,0,0,0,77.21702575683594,62.873348236083984,161.95115661621094,193.8502197265625
68_1_1_20170116161411128.jpg.chip.jpg,68,/Users/cipherxishant/Downloads/archive/UTKFace/68_1_1_20170116161411128.jpg.chip.jpg,0,1,0,1,0,0,0,71.0932846069336,60.97886276245117,160.6966094970703,191.76483154296875
1_0_2_20161219211107805.jpg.chip.jpg,1,/Users/cipherxishant/Downloads/archive/UTKFace/1_0_2_20161219211107805.jpg.chip.jpg,1,0,0,0,1,0,0,77.64422607421875,60.455482482910156,189.4398956298828,181.282470703125
29_0_2_20170105163533012.jpg.chip.jpg,29,/Users/cipherxishant/Downloads/archive/UTKFace/29_0_2_20170105163533012.jpg.chip.jpg,1,0,0,0,1,0,0,80.71495056152344,68.75484466552734,165.59986877441406,191.27822875976562
60_1_0_20170110140637026.jpg.chip.jpg,60,/Users/cipherxishant/Downloads/archive/UTKFace/60_1_0_20170110140637026.jpg.chip.jpg,0,1,1,0,0,0,0,81.94892883300781,74.28941345214844,172.58746337890625,201.10931396484375
89_1_1_20170117014047653.jpg.chip.jpg,89,/Users/cipherxishant/Downloads/archive/UTKFace/89_1_1_20170117014047653.jpg.chip.jpg,0,1,0,1,0,0,0,82.03963470458984,65.72594451904297,175.706298828125,203.2327880859375
8_1_0_20170109202422175.jpg.chip.jpg,8,/Users/cipherxishant/Downloads/archive/UTKFace/8_1_0_20170109202422175.jpg.chip.jpg,0,1,1,0,0,0,0,78.39338684082031,65.37918090820312,162.5359344482422,192.97183227539062
32_1_2_20170116191621268.jpg.chip.jpg,32,/Users/cipherxishant/Downloads/archive/UTKFace/32_1_2_20170116191621268.jpg.chip.jpg,0,1,0,0,1,0,0,81.86372375488281,70.71153259277344,163.41905212402344,202.6522674560547
16_1_0_20170109212357604.jpg.chip.jpg,16,/Users/cipherxishant/Downloads/archive/UTKFace/16_1_0_20170109212357604.jpg.chip.jpg,0,1,1,0,0,0,0,83.4786605834961,68.77762603759766,179.78009033203125,198.1667938232422
61_0_2_20170112224245939.jpg.chip.jpg,61,/Users/cipherxishant/Downloads/archive/UTKFace/61_0_2_20170112224245939.jpg.chip.jpg,1,0,0,0,1,0,0,86.75009155273438,74.90038299560547,176.90145874023438,194.5747833251953
33_1_0_20170116205749382.jpg.chip.jpg,33,/Users/cipherxishant/Downloads/archive/UTKFace/33_1_0_20170116205749382.jpg.chip.jpg,0,1,1,0,0,0,0,85.02198791503906,73.82206726074219,183.83644104003906,199.24337768554688
35_1_2_20170116191905052.jpg.chip.jpg,35,/Users/cipherxishant/Downloads/archive/UTKFace/35_1_2_20170116191905052.jpg.chip.jpg,0,1,0,0,1,0,0,77.62018585205078,66.08051300048828,167.5741424560547,182.5632781982422
26_1_3_20170117153624660.jpg.chip.jpg,26,/Users/cipherxishant/Downloads/archive/UTKFace/26_1_3_20170117153624660.jpg.chip.jpg,0,1,0,0,0,1,0,72.18490600585938,59.05369186401367,157.7864227294922,184.24978637695312
32_0_1_20170113141038018.jpg.chip.jpg,32,/Users/cipherxishant/Downloads/archive/UTKFace/32_0_1_20170113141038018.jpg.chip.jpg,1,0,0,1,0,0,0,69.8882827758789,57.567806243896484,152.30453491210938,190.77992248535156
2_0_2_20161219160057853.jpg.chip.jpg,2,/Users/cipherxishant/Downloads/archive/UTKFace/2_0_2_20161219160057853.jpg.chip.jpg,1,0,0,0,1,0,0,85.81303405761719,65.81339263916016,196.6240692138672,190.1040496826172
35_0_1_20170117183513718.jpg.chip.jpg,35,/Users/cipherxishant/Downloads/archive/UTKFace/35_0_1_20170117183513718.jpg.chip.jpg,1,0,0,1,0,0,0,75.83971405029297,63.78620529174805,166.80502319335938,199.60629272460938
1_0_2_20161219205717701.jpg.chip.jpg,1,/Users/cipherxishant/Downloads/archive/UTKFace/1_0_2_20161219205717701.jpg.chip.jpg,1,0,0,0,1,0,0,71.37948608398438,60.9422607421875,157.26315307617188,189.5218048095703
32_0_3_20170104220341542.jpg.chip.jpg,32,/Users/cipherxishant/Downloads/archive/UTKFace/32_0_3_20170104220341542.jpg.chip.jpg,1,0,0,0,0,1,0,78.25173950195312,60.754878997802734,171.1918487548828,194.7134246826172
26_0_3_20170119180327397.jpg.chip.jpg,26,/Users/cipherxishant/Downloads/archive/UTKFace/26_0_3_20170119180327397.jpg.chip.jpg,1,0,0,0,0,1,0,79.39118194580078,61.871063232421875,179.68124389648438,191.93240356445312
67_0_3_20170119212012082.jpg.chip.jpg,67,/Users/cipherxishant/Downloads/archive/UTKFace/67_0_3_20170119212012082.jpg.chip.jpg,1,0,0,0,0,1,0,85.1634750366211,71.61283874511719,172.42611694335938,192.39210510253906
30_1_3_20170119204403583.jpg.chip.jpg,30,/Users/cipherxishant/Downloads/archive/UTKFace/30_1_3_20170119204403583.jpg.chip.jpg,0,1,0,0,0,1,0,85.1336669921875,74.6618423461914,178.11888122558594,201.93350219726562
1_0_1_20170110213700642.jpg.chip.jpg,1,/Users/cipherxishant/Downloads/archive/UTKFace/1_0_1_20170110213700642.jpg.chip.jpg,1,0,0,1,0,0,0,76.19728088378906,57.372467041015625,177.03219604492188,179.97122192382812
1_1_3_20161219230723008.jpg.chip.jpg,1,/Users/cipherxishant/Downloads/archive/UTKFace/1_1_3_20161219230723008.jpg.chip.jpg,0,1,0,0,0,1,0,87.78852081298828,73.6878433227539,176.2929229736328,193.9278564453125
33_0_0_20170105165028532.jpg.chip.jpg,33,/Users/cipherxishant/Downloads/archive/UTKFace/33_0_0_20170105165028532.jpg.chip.jpg,1,0,1,0,0,0,0,85.5505599975586,75.88209533691406,171.7205047607422,206.2191925048828
40_0_3_20170104165011263.jpg.chip.jpg,40,/Users/cipherxishant/Downloads/archive/UTKFace/40_0_3_20170104165011263.jpg.chip.jpg,1,0,0,0,0,1,0,80.17533874511719,65.63408660888672,170.6552734375,205.82736206054688
28_1_0_20170117180720738.jpg.chip.jpg,28,/Users/cipherxishant/Downloads/archive/UTKFace/28_1_0_20170117180720738.jpg.chip.jpg,0,1,1,0,0,0,0,81.47724914550781,70.75993347167969,160.95904541015625,187.70480346679688
1_1_0_20170109190724839.jpg.chip.jpg,1,/Users/cipherxishant/Downloads/archive/UTKFace/1_1_0_20170109190724839.jpg.chip.jpg,0,1,1,0,0,0,0,81.60913848876953,59.315185546875,185.02325439453125,201.82321166992188
85_1_0_20170110183802977.jpg.chip.jpg,85,/Users/cipherxishant/Downloads/archive/UTKFace/85_1_0_20170110183802977.jpg.chip.jpg,0,1,1,0,0,0,0,74.41783142089844,59.729732513427734,165.7574920654297,202.51206970214844
37_1_0_20170117184728225.jpg.chip.jpg,37,/Users/cipherxishant/Downloads/archive/UTKFace/37_1_0_20170117184728225.jpg.chip.jpg,0,1,1,0,0,0,0,75.7638931274414,61.96842956542969,170.26658630371094,194.8026885986328
40_0_1_20170120220605251.jpg.chip.jpg,40,/Users/cipherxishant/Downloads/archive/UTKFace/40_0_1_20170120220605251.jpg.chip.jpg,1,0,0,1,0,0,0,76.3679428100586,64.63092041015625,167.75604248046875,193.0720672607422
30_1_3_20170104231521681.jpg.chip.jpg,30,/Users/cipherxishant/Downloads/archive/UTKFace/30_1_3_20170104231521681.jpg.chip.jpg,0,1,0,0,0,1,0,79.8960189819336,65.93087768554688,164.20236206054688,191.7442169189453
15_1_0_20170103201844088.jpg.chip.jpg,15,/Users/cipherxishant/Downloads/archive/UTKFace/15_1_0_20170103201844088.jpg.chip.jpg,0,1,1,0,0,0,0,77.18478393554688,63.32914733886719,180.24346923828125,186.77093505859375
17_0_0_20170104011408904.jpg.chip.jpg,17,/Users/cipherxishant/Downloads/archive/UTKFace/17_0_0_20170104011408904.jpg.chip.jpg,1,0,1,0,0,0,0,71.43231964111328,55.72383499145508,160.41551208496094,183.13758850097656
1_0_0_20170110213517302.jpg.chip.jpg,1,/Users/cipherxishant/Downloads/archive/UTKFace/1_0_0_20170110213517302.jpg.chip.jpg,1,0,1,0,0,0,0,83.0363998413086,67.34426879882812,185.87648010253906,189.41258239746094
41_1_0_20170104234815241.jpg.chip.jpg,41,/Users/cipherxishant/Downloads/archive/UTKFace/41_1_0_20170104234815241.jpg.chip.jpg,0,1,1,0,0,0,0,83.35479736328125,70.47443389892578,179.41465759277344,202.9883575439453
73_0_1_20170117194721939.jpg.chip.jpg,73,/Users/cipherxishant/Downloads/archive/UTKFace/73_0_1_20170117194721939.jpg.chip.jpg,1,0,0,1,0,0,0,72.65422821044922,57.842185974121094,167.2028350830078,178.40855407714844
32_1_0_20170117134801098.jpg.chip.jpg,32,/Users/cipherxishant/Downloads/archive/UTKFace/32_1_0_20170117134801098.jpg.chip.jpg,0,1,1,0,0,0,0,80.51917266845703,67.51028442382812,176.5800323486328,202.38485717773438
36_0_3_20170117183132325.jpg.chip.jpg,36,/Users/cipherxishant/Downloads/archive/UTKFace/36_0_3_20170117183132325.jpg.chip.jpg,1,0,0,0,0,1,0,79.28956604003906,63.4311408996582,167.64230346679688,191.4760284423828
26_1_0_20170117173532444.jpg.chip.jpg,26,/Users/cipherxishant/Downloads/archive/UTKFace/26_1_0_20170117173532444.jpg.chip.jpg,0,1,1,0,0,0,0,88.95233917236328,81.73307800292969,180.19940185546875,207.29823303222656
35_0_4_20170117204532088.jpg.chip.jpg,35,/Users/cipherxishant/Downloads/archive/UTKFace/35_0_4_20170117204532088.jpg.chip.jpg,1,0,0,0,0,0,1,84.07304382324219,74.2277603149414,182.35682678222656,199.32794189453125
5_1_4_20161223232140509.jpg.chip.jpg,5,/Users/cipherxishant/Downloads/archive/UTKFace/5_1_4_20161223232140509.jpg.chip.jpg,0,1,0,0,0,0,1,81.0035171508789,65.15995788574219,178.85345458984375,179.79200744628906
54_0_0_20170117191341090.jpg.chip.jpg,54,/Users/cipherxishant/Downloads/archive/UTKFace/54_0_0_20170117191341090.jpg.chip.jpg,1,0,1,0,0,0,0,78.2608871459961,62.92377853393555,166.2086181640625,194.6400146484375
32_0_1_20170114031959964.jpg.chip.jpg,32,/Users/cipherxishant/Downloads/archive/UTKFace/32_0_1_20170114031959964.jpg.chip.jpg,1,0,0,1,0,0,0,92.68287658691406,88.26828002929688,184.49725341796875,202.17572021484375
28_0_4_20170117202327093.jpg.chip.jpg,28,/Users/cipherxishant/Downloads/archive/UTKFace/28_0_4_20170117202327093.jpg.chip.jpg,1,0,0,0,0,0,1,77.45877838134766,66.39279174804688,163.88087463378906,200.49794006347656
37_1_0_20170105184000017.jpg.chip.jpg,37,/Users/cipherxishant/Downloads/archive/UTKFace/37_1_0_20170105184000017.jpg.chip.jpg,0,1,1,0,0,0,0,80.24388122558594,66.56497955322266,167.05435180664062,191.50303649902344
5_1_0_20170109194051532.jpg.chip.jpg,5,/Users/cipherxishant/Downloads/archive/UTKFace/5_1_0_20170109194051532.jpg.chip.jpg,0,1,1,0,0,0,0,79.75466918945312,69.80728149414062,178.5575408935547,179.4666748046875
21_0_1_20170116204921756.jpg.chip.jpg,21,/Users/cipherxishant/Downloads/archive/UTKFace/21_0_1_20170116204921756.jpg.chip.jpg,1,0,0,1,0,0,0,63.42577362060547,50.82007598876953,133.3352813720703,168.82533264160156
37_0_0_20170117120612576.jpg.chip.jpg,37,/Users/cipherxishant/Downloads/archive/UTKFace/37_0_0_20170117120612576.jpg.chip.jpg,1,0,1,0,0,0,0,83.8010482788086,73.3199462890625,189.3516845703125,195.77197265625
37_1_2_20170109013335990.jpg.chip.jpg,37,/Users/cipherxishant/Downloads/archive/UTKFace/37_1_2_20170109013335990.jpg.chip.jpg,0,1,0,0,1,0,0,90.39044189453125,77.68524169921875,187.04957580566406,193.85252380371094
26_0_0_20170113210319790.jpg.chip.jpg,26,/Users/cipherxishant/Downloads/archive/UTKFace/26_0_0_20170113210319790.jpg.chip.jpg,1,0,1,0,0,0,0,77.44200897216797,58.45912170410156,160.92095947265625,182.5582733154297
56_0_0_20170116183723573.jpg.chip.jpg,56,/Users/cipherxishant/Downloads/archive/UTKFace/56_0_0_20170116183723573.jpg.chip.jpg,1,0,1,0,0,0,0,83.62374877929688,69.32962036132812,185.81459045410156,196.7257537841797
25_1_1_20170116162433766.jpg.chip.jpg,25,/Users/cipherxishant/Downloads/archive/UTKFace/25_1_1_20170116162433766.jpg.chip.jpg,0,1,0,1,0,0,0,89.39894104003906,75.4782485961914,174.89987182617188,199.98275756835938
39_0_0_20170104183807637.jpg.chip.jpg,39,/Users/cipherxishant/Downloads/archive/UTKFace/39_0_0_20170104183807637.jpg.chip.jpg,1,0,1,0,0,0,0,79.94046020507812,72.34563446044922,163.60032653808594,204.63514709472656
26_1_2_20170116184709433.jpg.chip.jpg,26,/Users/cipherxishant/Downloads/archive/UTKFace/26_1_2_20170116184709433.jpg.chip.jpg,0,1,0,0,1,0,0,73.33252716064453,59.00786590576172,160.9664306640625,190.27394104003906
27_0_4_20170117012822305.jpg.chip.jpg,27,/Users/cipherxishant/Downloads/archive/UTKFace/27_0_4_20170117012822305.jpg.chip.jpg,1,0,0,0,0,0,1,84.41874694824219,67.09536743164062,190.1176300048828,210.81605529785156
45_0_0_20170116224726258.jpg.chip.jpg,45,/Users/cipherxishant/Downloads/archive/UTKFace/45_0_0_20170116224726258.jpg.chip.jpg,1,0,1,0,0,0,0,85.92281341552734,75.24000549316406,186.29461669921875,200.77685546875
41_1_0_20170103181204176.jpg.chip.jpg,41,/Users/cipherxishant/Downloads/archive/UTKFace/41_1_0_20170103181204176.jpg.chip.jpg,0,1,1,0,0,0,0,75.52012634277344,67.07141876220703,158.54959106445312,193.79319763183594
34_0_3_20170119200729796.jpg.chip.jpg,34,/Users/cipherxishant/Downloads/archive/UTKFace/34_0_3_20170119200729796.jpg.chip.jpg,1,0,0,0,0,1,0,75.5303955078125,65.8437271118164,157.9779052734375,201.11178588867188
2_0_0_20170110211457583.jpg.chip.jpg,2,/Users/cipherxishant/Downloads/archive/UTKFace/2_0_0_20170110211457583.jpg.chip.jpg,1,0,1,0,0,0,0,77.1551284790039,56.8017692565918,186.95016479492188,190.20030212402344
28_0_0_20170117180444192.jpg.chip.jpg,28,/Users/cipherxishant/Downloads/archive/UTKFace/28_0_0_20170117180444192.jpg.chip.jpg,1,0,1,0,0,0,0,82.775390625,71.94084930419922,161.75982666015625,198.99569702148438
38_1_0_20170117154130828.jpg.chip.jpg,38,/Users/cipherxishant/Downloads/archive/UTKFace/38_1_0_20170117154130828.jpg.chip.jpg,0,1,1,0,0,0,0,81.6148681640625,69.0576400756836,157.48587036132812,196.8130340576172
26_0_2_20170116181245176.jpg.chip.jpg,26,/Users/cipherxishant/Downloads/archive/UTKFace/26_0_2_20170116181245176.jpg.chip.jpg,1,0,0,0,1,0,0,76.24559020996094,59.20131301879883,163.98110961914062,193.76727294921875
18_1_0_20170109213414723.jpg.chip.jpg,18,/Users/cipherxishant/Downloads/archive/UTKFace/18_1_0_20170109213414723.jpg.chip.jpg,0,1,1,0,0,0,0,69.67919158935547,54.71963882446289,149.93743896484375,197.46221923828125
26_1_0_20170117003247198.jpg.chip.jpg,26,/Users/cipherxishant/Downloads/archive/UTKFace/26_1_0_20170117003247198.jpg.chip.jpg,0,1,1,0,0,0,0,78.71492004394531,65.30645751953125,163.57215881347656,191.08502197265625
56_1_0_20170110141434080.jpg.chip.jpg,56,/Users/cipherxishant/Downloads/archive/UTKFace/56_1_0_20170110141434080.jpg.chip.jpg,0,1,1,0,0,0,0,81.60258483886719,70.44821166992188,163.20164489746094,201.03114318847656
52_1_0_20170110153711933.jpg.chip.jpg,52,/Users/cipherxishant/Downloads/archive/UTKFace/52_1_0_20170110153711933.jpg.chip.jpg,0,1,1,0,0,0,0,65.91252136230469,52.34967041015625,153.43377685546875,181.66830444335938
28_1_2_20170116161415319.jpg.chip.jpg,28,/Users/cipherxishant/Downloads/archive/UTKFace/28_1_2_20170116161415319.jpg.chip.jpg,0,1,0,0,1,0,0,85.07498931884766,72.88263702392578,176.66497802734375,193.68695068359375
75_1_0_20170110180500719.jpg.chip.jpg,75,/Users/cipherxishant/Downloads/archive/UTKFace/75_1_0_20170110180500719.jpg.chip.jpg,0,1,1,0,0,0,0,86.19894409179688,74.81822204589844,170.88890075683594,203.3479461669922
53_0_4_20170104212427149.jpg.chip.jpg,53,/Users/cipherxishant/Downloads/archive/UTKFace/53_0_4_20170104212427149.jpg.chip.jpg,1,0,0,0,0,0,1,84.89990234375,76.24922943115234,182.4267578125,196.14576721191406
37_1_1_20170112220107657.jpg.chip.jpg,37,/Users/cipherxishant/Downloads/archive/UTKFace/37_1_1_20170112220107657.jpg.chip.jpg,0,1,0,1,0,0,0,82.85610961914062,74.29231262207031,182.82693481445312,188.0985870361328
18_0_0_20170110231228322.jpg.chip.jpg,18,/Users/cipherxishant/Downloads/archive/UTKFace/18_0_0_20170110231228322.jpg.chip.jpg,1,0,1,0,0,0,0,71.0466537475586,61.06312561035156,147.41612243652344,187.58660888671875
87_1_1_20170116161703647.jpg.chip.jpg,87,/Users/cipherxishant/Downloads/archive/UTKFace/87_1_1_20170116161703647.jpg.chip.jpg,0,1,0,1,0,0,0,72.38284301757812,58.44758224487305,158.64303588867188,197.7421112060547
55_0_0_20170120223727206.jpg.chip.jpg,55,/Users/cipherxishant/Downloads/archive/UTKFace/55_0_0_20170120223727206.jpg.chip.jpg,1,0,1,0,0,0,0,84.66480255126953,72.86930847167969,190.96011352539062,210.2862548828125
22_1_0_20170117143705482.jpg.chip.jpg,22,/Users/cipherxishant/Downloads/archive/UTKFace/22_1_0_20170117143705482.jpg.chip.jpg,0,1,1,0,0,0,0,72.97827911376953,59.86898422241211,162.5815887451172,194.86083984375
30_1_2_20170116192643744.jpg.chip.jpg,30,/Users/cipherxishant/Downloads/archive/UTKFace/30_1_2_20170116192643744.jpg.chip.jpg,0,1,0,0,1,0,0,80.01834869384766,64.610107421875,163.4322967529297,189.10757446289062
25_1_1_20170116001332046.jpg.chip.jpg,25,/Users/cipherxishant/Downloads/archive/UTKFace/25_1_1_20170116001332046.jpg.chip.jpg,0,1,0,1,0,0,0,69.38404083251953,53.66597366333008,155.34559631347656,176.89395141601562
1_0_4_20161221201548713.jpg.chip.jpg,1,/Users/cipherxishant/Downloads/archive/UTKFace/1_0_4_20161221201548713.jpg.chip.jpg,1,0,0,0,0,0,1,78.0705337524414,59.96719741821289,189.4801788330078,183.69972229003906
41_0_2_20170116192329504.jpg.chip.jpg,41,/Users/cipherxishant/Downloads/archive/UTKFace/41_0_2_20170116192329504.jpg.chip.jpg,1,0,0,0,1,0,0,88.19819641113281,72.9026870727539,172.55831909179688,192.43374633789062
32_1_3_20170109141339133.jpg.chip.jpg,32,/Users/cipherxishant/Downloads/archive/UTKFace/32_1_3_20170109141339133.jpg.chip.jpg,0,1,0,0,0,1,0,78.54330444335938,67.37081146240234,173.1372528076172,202.82427978515625
24_0_0_20170119152257171.jpg.chip.jpg,24,/Users/cipherxishant/Downloads/archive/UTKFace/24_0_0_20170119152257171.jpg.chip.jpg,1,0,1,0,0,0,0,77.65328979492188,61.35478591918945,177.9100799560547,186.30828857421875
26_0_2_20170119184053318.jpg.chip.jpg,26,/Users/cipherxishant/Downloads/archive/UTKFace/26_0_2_20170119184053318.jpg.chip.jpg,1,0,0,0,1,0,0,75.0296401977539,59.16964340209961,166.05023193359375,184.87400817871094
16_0_4_20170103233832570.jpg.chip.jpg,16,/Users/cipherxishant/Downloads/archive/UTKFace/16_0_4_20170103233832570.jpg.chip.jpg,1,0,0,0,0,0,1,79.27175903320312,66.30128479003906,176.15643310546875,187.0321044921875
1_0_2_20161219155411381.jpg.chip.jpg,1,/Users/cipherxishant/Downloads/archive/UTKFace/1_0_2_20161219155411381.jpg.chip.jpg,1,0,0,0,1,0,0,69.91242218017578,57.735862731933594,141.98519897460938,142.95127868652344
57_1_0_20170117135732680.jpg.chip.jpg,57,/Users/cipherxishant/Downloads/archive/UTKFace/57_1_0_20170117135732680.jpg.chip.jpg,0,1,1,0,0,0,0,77.58403015136719,70.94468688964844,162.8247528076172,196.90594482421875
53_0_0_20170109012709495.jpg.chip.jpg,53,/Users/cipherxishant/Downloads/archive/UTKFace/53_0_0_20170109012709495.jpg.chip.jpg,1,0,1,0,0,0,0,74.28375244140625,66.5632095336914,156.00387573242188,191.74229431152344
55_0_3_20170119203918423.jpg.chip.jpg,55,/Users/cipherxishant/Downloads/archive/UTKFace/55_0_3_20170119203918423.jpg.chip.jpg,1,0,0,0,0,1,0,75.80152130126953,63.29622268676758,154.10475158691406,196.51156616210938
28_0_1_20170117020124788.jpg.chip.jpg,28,/Users/cipherxishant/Downloads/archive/UTKFace/28_0_1_20170117020124788.jpg.chip.jpg,1,0,0,1,0,0,0,76.75474548339844,64.56348419189453,158.42576599121094,200.64852905273438
23_1_3_20170119164552438.jpg.chip.jpg,23,/Users/cipherxishant/Downloads/archive/UTKFace/23_1_3_20170119164552438.jpg.chip.jpg,0,1,0,0,0,1,0,81.42948913574219,68.40579223632812,167.7895965576172,197.22157287597656
39_0_3_20170119160257563.jpg.chip.jpg,39,/Users/cipherxishant/Downloads/archive/UTKFace/39_0_3_20170119160257563.jpg.chip.jpg,1,0,0,0,0,1,0,87.05674743652344,73.32337951660156,170.5457000732422,199.50607299804688
5_0_1_20170112191417872.jpg.chip.jpg,5,/Users/cipherxishant/Downloads/archive/UTKFace/5_0_1_20170112191417872.jpg.chip.jpg,1,0,0,1,0,0,0,75.95355224609375,58.137577056884766,172.73870849609375,186.7028045654297
23_0_0_20170117144642723.jpg.chip.jpg,23,/Users/cipherxishant/Downloads/archive/UTKFace/23_0_0_20170117144642723.jpg.chip.jpg,1,0,1,0,0,0,0,74.04508972167969,57.91288375854492,157.14927673339844,198.0641326904297
65_1_4_20170117185548913.jpg.chip.jpg,65,/Users/cipherxishant/Downloads/archive/UTKFace/65_1_4_20170117185548913.jpg.chip.jpg,0,1,0,0,0,0,1,75.69380187988281,54.82145309448242,175.0967559814453,192.79005432128906
67_0_0_20170104213345869.jpg.chip.jpg,67,/Users/cipherxishant/Downloads/archive/UTKFace/67_0_0_20170104213345869.jpg.chip.jpg,1,0,1,0,0,0,0,74.09835815429688,67.45697784423828,157.9846954345703,201.95138549804688
24_1_3_20170104222905601.jpg.chip.jpg,24,/Users/cipherxishant/Downloads/archive/UTKFace/24_1_3_20170104222905601.jpg.chip.jpg,0,1,0,0,0,1,0,76.50650787353516,62.966583251953125,169.73440551757812,196.38475036621094
26_1_2_20170116180302912.jpg.chip.jpg,26,/Users/cipherxishant/Downloads/archive/UTKFace/26_1_2_20170116180302912.jpg.chip.jpg,0,1,0,0,1,0,0,79.20115661621094,63.8917236328125,165.0219268798828,189.8829803466797
20_1_2_20170116170350603.jpg.chip.jpg,20,/Users/cipherxishant/Downloads/archive/UTKFace/20_1_2_20170116170350603.jpg.chip.jpg,0,1,0,0,1,0,0,66.71134948730469,55.693634033203125,153.966064453125,194.5016326904297
3_0_0_20170110212855714.jpg.chip.jpg,3,/Users/cipherxishant/Downloads/archive/UTKFace/3_0_0_20170110212855714.jpg.chip.jpg,1,0,1,0,0,0,0,79.53155517578125,61.647193908691406,186.42930603027344,185.09320068359375
8_0_0_20170110220143955.jpg.chip.jpg,8,/Users/cipherxishant/Downloads/archive/UTKFace/8_0_0_20170110220143955.jpg.chip.jpg,1,0,1,0,0,0,0,74.94136047363281,61.26513671875,159.2945098876953,195.75372314453125
74_0_0_20170120225103496.jpg.chip.jpg,74,/Users/cipherxishant/Downloads/archive/UTKFace/74_0_0_20170120225103496.jpg.chip.jpg,1,0,1,0,0,0,0,77.65164947509766,66.46554565429688,169.00502014160156,191.48153686523438
26_0_3_20170119180820501.jpg.chip.jpg,26,/Users/cipherxishant/Downloads/archive/UTKFace/26_0_3_20170119180820501.jpg.chip.jpg,1,0,0,0,0,1,0,76.55254364013672,64.44434356689453,171.8253173828125,209.33245849609375
24_0_2_20170116173456155.jpg.chip.jpg,24,/Users/cipherxishant/Downloads/archive/UTKFace/24_0_2_20170116173456155.jpg.chip.jpg,1,0,0,0,1,0,0,84.77047729492188,71.88037109375,166.73492431640625,191.4627685546875
45_0_4_20170117201123717.jpg.chip.jpg,45,/Users/cipherxishant/Downloads/archive/UTKFace/45_0_4_20170117201123717.jpg.chip.jpg,1,0,0,0,0,0,1,76.71292114257812,67.59120178222656,165.76666259765625,189.95169067382812
43_0_0_20170119204527446.jpg.chip.jpg,43,/Users/cipherxishant/Downloads/archive/UTKFace/43_0_0_20170119204527446.jpg.chip.jpg,1,0,1,0,0,0,0,77.70591735839844,67.67578887939453,161.5077667236328,200.31637573242188
9_0_0_20170110220712974.jpg.chip.jpg,9,/Users/cipherxishant/Downloads/archive/UTKFace/9_0_0_20170110220712974.jpg.chip.jpg,1,0,1,0,0,0,0,75.4494857788086,56.9403076171875,174.8418426513672,188.29917907714844
12_1_0_20170117181943783.jpg.chip.jpg,12,/Users/cipherxishant/Downloads/archive/UTKFace/12_1_0_20170117181943783.jpg.chip.jpg,0,1,1,0,0,0,0,80.84619140625,68.87129974365234,180.16436767578125,190.9925537109375
30_1_2_20170116191316723.jpg.chip.jpg,30,/Users/cipherxishant/Downloads/archive/UTKFace/30_1_2_20170116191316723.jpg.chip.jpg,0,1,0,0,1,0,0,68.12542724609375,56.34259796142578,151.85006713867188,181.4023895263672
8_1_0_20170109203557851.jpg.chip.jpg,8,/Users/cipherxishant/Downloads/archive/UTKFace/8_1_0_20170109203557851.jpg.chip.jpg,0,1,1,0,0,0,0,89.04678344726562,75.2539291381836,170.7564697265625,199.21466064453125
26_1_1_20170116231923179.jpg.chip.jpg,26,/Users/cipherxishant/Downloads/archive/UTKFace/26_1_1_20170116231923179.jpg.chip.jpg,0,1,0,1,0,0,0,62.20365524291992,49.02833557128906,138.30751037597656,170.3273162841797
39_0_1_20170117185039604.jpg.chip.jpg,39,/Users/cipherxishant/Downloads/archive/UTKFace/39_0_1_20170117185039604.jpg.chip.jpg,1,0,0,1,0,0,0,83.13199615478516,73.85377502441406,175.90231323242188,214.55418395996094
74_1_0_20170110173749526.jpg.chip.jpg,74,/Users/cipherxishant/Downloads/archive/UTKFace/74_1_0_20170110173749526.jpg.chip.jpg,0,1,1,0,0,0,0,82.69756317138672,70.69461059570312,181.05433654785156,198.4866180419922
42_0_3_20170113190642809.jpg.chip.jpg,42,/Users/cipherxishant/Downloads/archive/UTKFace/42_0_3_20170113190642809.jpg.chip.jpg,1,0,0,0,0,1,0,75.56082153320312,60.57746887207031,164.63522338867188,197.7329864501953
38_1_1_20170113183305653.jpg.chip.jpg,38,/Users/cipherxishant/Downloads/archive/UTKFace/38_1_1_20170113183305653.jpg.chip.jpg,0,1,0,1,0,0,0,80.51145935058594,73.39108276367188,177.7784423828125,203.54759216308594
25_0_3_20170119153018897.jpg.chip.jpg,25,/Users/cipherxishant/Downloads/archive/UTKFace/25_0_3_20170119153018897.jpg.chip.jpg,1,0,0,0,0,1,0,69.59001922607422,55.310543060302734,155.01683044433594,186.35496520996094
40_1_0_20170105172808981.jpg.chip.jpg,40,/Users/cipherxishant/Downloads/archive/UTKFace/40_1_0_20170105172808981.jpg.chip.jpg,0,1,1,0,0,0,0,79.57305145263672,70.00790405273438,173.942626953125,203.65069580078125
14_0_2_20170110232701995.jpg.chip.jpg,14,/Users/cipherxishant/Downloads/archive/UTKFace/14_0_2_20170110232701995.jpg.chip.jpg,1,0,0,0,1,0,0,84.20543670654297,65.88328552246094,181.65663146972656,200.52952575683594
8_1_0_20170109203407112.jpg.chip.jpg,8,/Users/cipherxishant/Downloads/archive/UTKFace/8_1_0_20170109203407112.jpg.chip.jpg,0,1,1,0,0,0,0,71.54878234863281,57.7373046875,151.39488220214844,182.66758728027344
35_1_0_20170116235700676.jpg.chip.jpg,35,/Users/cipherxishant/Downloads/archive/UTKFace/35_1_0_20170116235700676.jpg.chip.jpg,0,1,1,0,0,0,0,83.89849853515625,70.69074249267578,166.37594604492188,196.67657470703125
28_0_0_20170117020857776.jpg.chip.jpg,28,/Users/cipherxishant/Downloads/archive/UTKFace/28_0_0_20170117020857776.jpg.chip.jpg,1,0,1,0,0,0,0,80.15339660644531,64.8624496459961,166.80508422851562,196.68649291992188
