gender_0,gender_1,race_0,race_1,race_2,race_3,race_4,eye_distance,mouth_width,face_width,face_height,face_aspect_ratio,eye_to_face_ratio,mouth_to_face_ratio
1,0,1,0,0,0,0,72.34671020507812,63.034366607666016,157.85829162597656,200.63348388671875,1.2709720966833475,0.4583016163414062,0.3993098237564692
0,1,1,0,0,0,0,84.51697540283203,73.24970245361328,170.77947998046875,196.70767211914065,1.1518226436901975,0.4948895231001865,0.4289139565361746
0,1,0,0,1,0,0,80.9675521850586,67.39966583251953,164.07383728027344,187.23190307617188,1.1411441713058703,0.4934824072332055,0.4107886238888067
1,0,0,0,0,1,0,82.89400482177734,72.79639434814453,171.99156188964844,207.56082153320312,1.206808166940052,0.4819655331403001,0.4232556152658899
0,1,1,0,0,0,0,75.60872650146484,62.86529541015625,173.00717163085938,209.1237030029297,1.2087574233577505,0.4370265451353028,0.3633681472135166
0,1,0,0,1,0,0,89.86690521240234,77.5646743774414,173.66436767578125,201.26300048828125,1.1589193752400877,0.5174746346364921,0.4466355154803489
1,0,0,1,0,0,0,76.68824005126953,63.64310836791992,156.80294799804688,200.657958984375,1.2796823117565008,0.4890739685087091,0.4058795397693202
0,1,0,0,1,0,0,74.9314956665039,64.19143676757812,163.10862731933594,195.3943634033203,1.197940088238098,0.4593962741149318,0.3935502236917449
0,1,0,0,0,0,1,77.60419464111328,63.47039413452149,168.10182189941406,199.48648071289065,1.186700289496303,0.4616499319534369,0.3775711257460364
1,0,0,1,0,0,0,82.52930450439453,70.51538848876953,170.08448791503906,191.25564575195312,1.1244743603396068,0.4852253460387271,0.4145903565526417
0,1,1,0,0,0,0,74.18724822998047,63.42649459838867,153.214111328125,197.947509765625,1.291966569200003,0.4842063670695465,0.4139729300948905
0,1,0,0,1,0,0,71.67830657958984,61.66385269165039,159.0009002685547,200.14161682128903,1.2587451799533658,0.4508044071355835,0.3878207770364778
0,1,0,1,0,0,0,77.59735870361328,69.06896209716797,168.0261688232422,189.93597412109375,1.130395196482162,0.4618171041276497,0.4110607447690256
0,1,1,0,0,0,0,78.69933319091797,64.20653533935547,161.241943359375,191.3866424560547,1.1869532112342096,0.4880822666315389,0.398199959648541
0,1,1,0,0,0,0,87.63668823242188,71.17916870117188,196.55809020996097,199.08221435546875,1.012841619201792,0.4458564292052768,0.3621279013503802
0,1,0,1,0,0,0,78.3415298461914,62.80534744262695,172.57989501953125,196.5264892578125,1.1387565697358384,0.453943547927905,0.363920417471103
1,0,1,0,0,0,0,82.9481430053711,64.92642211914062,188.53306579589844,183.53756713867188,0.973503328786715,0.4399660221680628,0.3443768436324505
1,0,0,1,0,0,0,78.24312591552734,67.93415832519531,164.69015502929688,190.90667724609375,1.1591869423653964,0.4750929155516831,0.412496778044264
0,1,1,0,0,0,0,83.98793029785156,76.0320816040039,169.21470642089844,207.25759887695312,1.224820249142106,0.4963394262490582,0.4493231304310188
1,0,0,0,0,1,0,85.89810943603516,73.04073333740234,187.13023376464844,200.04718017578125,1.0690265071082972,0.459028494262815,0.3903203232742435
0,1,0,0,1,0,0,76.23265838623047,57.19316482543945,173.2998046875,190.42677307128903,1.098828549834046,0.4398888880671028,0.3300244044046794
0,1,0,0,0,1,0,78.48353576660156,71.74028778076172,168.3944854736328,201.32846069335935,1.195576328566195,0.4660695125844278,0.4260251609723574
0,1,1,0,0,0,0,78.4474868774414,67.2981185913086,163.901123046875,195.34617614746097,1.1918537989004068,0.4786269027272362,0.4106019369498867
1,0,1,0,0,0,0,72.5333480834961,67.36700439453125,159.51907348632812,197.97735595703125,1.2410889283029798,0.4547001590359205,0.4223131624464021
1,0,1,0,0,0,0,76.79720306396484,66.86582946777344,153.91148376464844,182.82882690429688,1.1878829469532437,0.4989699350920312,0.4344434075498899
0,1,0,0,0,1,0,82.29186248779297,74.82421875,167.98374938964844,206.28314208984375,1.2279946294766737,0.4898799008046429,0.4454253403788524
1,0,1,0,0,0,0,77.65797424316406,64.52355194091797,166.26083374023438,203.67771911621097,1.2250493067684038,0.4670851967727814,0.3880863008405783
1,0,1,0,0,0,0,84.80133819580078,68.87519836425781,185.12750244140625,198.7749481201172,1.0737191692143655,0.4580699089949686,0.372041957331851
0,1,0,0,0,1,0,70.77611541748047,62.79270935058594,157.31727600097656,194.5552978515625,1.2367065003741533,0.4498941070975645,0.3991469401631143
0,1,0,1,0,0,0,77.32294464111328,68.39945983886719,164.97293090820312,189.51974487304688,1.1487929797313383,0.4687007996732418,0.4146101997601479
0,1,1,0,0,0,0,76.62891387939453,60.323883056640625,176.1663055419922,187.2305908203125,1.0628059108368084,0.4349805352597846,0.3424257713247067
0,1,0,1,0,0,0,70.31898498535156,57.367408752441406,155.26336669921875,188.33543395996097,1.2130062484398558,0.4529013281128689,0.369484508625756
1,0,0,0,0,1,0,84.11568450927734,65.3188705444336,190.55613708496097,195.04263305664065,1.0235442218776682,0.4414220701366007,0.3427801987574436
1,0,1,0,0,0,0,79.3741455078125,66.09823608398438,175.2293701171875,187.35447692871097,1.0691956308660735,0.4529728404246945,0.377209802442251
1,0,1,0,0,0,0,84.9460220336914,74.19511413574219,167.50897216796875,202.63133239746097,1.2096745014605752,0.5071132664375269,0.442932179545245
1,0,0,0,0,1,0,82.60748291015625,67.08670806884766,167.68226623535156,195.66488647460935,1.1668788290348044,0.4926429297789425,0.4000823078970537
1,0,1,0,0,0,0,85.650146484375,73.8662109375,185.811767578125,199.09768676757812,1.0715020332814338,0.4609511421194742,0.3975324700920397
1,0,0,0,1,0,0,84.28449249267578,69.10406494140625,190.6448211669922,211.8283538818359,1.1111151752519328,0.4421021876007225,0.3624754374044899
0,1,0,0,1,0,0,86.34687042236328,71.49304962158203,192.9248046875,200.8078765869141,1.040860852041204,0.4475674891169547,0.3705746896433904
1,0,0,0,1,0,0,80.09553527832031,57.35735702514648,200.55419921875,191.2175750732422,0.9534458805555892,0.3993710208528613,0.2859942960485471
1,0,1,0,0,0,0,79.73601531982422,65.80016326904297,163.7353057861328,195.775146484375,1.1956807088392525,0.4869811977141541,0.4018691201211642
0,1,0,0,0,1,0,75.31841278076172,70.45658874511719,155.10874938964844,202.44615173339844,1.305188472797455,0.4855845532707794,0.4542399382521182
0,1,0,0,1,0,0,78.9688720703125,68.09473419189453,168.2919464111328,198.53216552734375,1.1796890449073236,0.4692373803639635,0.4046226551182721
0,1,0,0,0,0,1,77.97431182861328,66.9947738647461,161.09536743164062,198.14260864257812,1.2299708663357942,0.4840257859165378,0.4158702694736068
0,1,0,0,1,0,0,74.08025360107422,55.25636672973633,168.78330993652344,189.21673583984375,1.1210630714079786,0.4389074584977303,0.3273805138109764
1,0,0,0,0,1,0,82.33302307128906,66.76960754394531,171.66372680664062,194.44386291503903,1.132702094566883,0.4796180567839338,0.3889558311823998
1,0,0,1,0,0,0,78.70858764648438,65.66242980957031,177.8693084716797,196.9236602783203,1.1071255742227977,0.4425079757872693,0.3691611013376434
1,0,0,0,1,0,0,82.60497283935547,66.20584106445312,192.83448791503903,195.6898498535156,1.0148073198386307,0.4283724023254097,0.343329877244898
1,0,1,0,0,0,0,75.33670806884766,56.014671325683594,170.310546875,195.80311584472656,1.149682855451324,0.4423490467923944,0.3288972547706969
1,0,1,0,0,0,0,76.28553009033203,64.58119201660156,160.79193115234375,195.8822784423828,1.218234503675389,0.4744363074914165,0.4016444827409501
1,0,0,0,1,0,0,81.37348175048828,68.63676452636719,162.6205291748047,201.0781707763672,1.236487003189022,0.5003887403601914,0.4220670346767098
1,0,0,1,0,0,0,82.14535522460938,68.37015533447266,184.64642333984375,197.60916137695312,1.0702030280502717,0.4448792115156217,0.3702760882004015
0,1,0,1,0,0,0,75.76565551757812,60.40080642700195,159.5462646484375,185.28135681152344,1.1613017529416536,0.4748820392914171,0.3785786308447647
1,0,1,0,0,0,0,84.63719177246094,67.69832611083984,183.8964080810547,199.8928985595703,1.0869864215698273,0.4602438549814198,0.3681329440703428
1,0,0,0,0,1,0,79.82626342773438,69.71318054199219,175.30108642578125,199.0870056152344,1.1356860911385374,0.4553666212532637,0.3976768311216785
1,0,1,0,0,0,0,76.04136657714844,65.44872283935547,159.66717529296875,195.2741851806641,1.2230077022554011,0.4762492130121442,0.4099071879944357
1,0,0,1,0,0,0,66.03247833251953,57.091495513916016,154.55799865722656,188.77098083496097,1.2213601526609488,0.4272342997851835,0.369385576999684
0,1,1,0,0,0,0,74.73535919189453,58.13841247558594,161.94744873046875,192.4172515869141,1.188146235678937,0.4614790771806326,0.3589955441184285
0,1,0,0,0,1,0,83.89862823486328,66.6487808227539,161.02999877929688,198.4069061279297,1.2321114552069303,0.5210124130339984,0.4138904634415406
1,0,0,0,0,1,0,78.88520050048828,70.6933364868164,162.63299560546875,182.41893005371097,1.1216600258427318,0.4850504057113713,0.4346801596049507
0,1,1,0,0,0,0,78.64378356933594,65.48258972167969,175.38095092773438,197.57814025878903,1.1265655660642473,0.4484169070433485,0.3733734443523558
1,0,0,0,1,0,0,83.8108139038086,62.38725662231445,197.1842041015625,198.430419921875,1.0063200590837926,0.4250381732435355,0.3163907418779905
1,0,0,1,0,0,0,79.56909942626953,63.010948181152344,179.37156677246094,201.57533264160156,1.1237864298599056,0.4435992886609821,0.3512872709702309
0,1,1,0,0,0,0,82.38582611083984,72.88362121582031,166.78988647460938,195.67335510253903,1.1731727818660431,0.4939497702900681,0.4369786607350169
0,1,0,0,1,0,0,78.40899658203125,64.37177276611328,162.14849853515625,198.2362365722656,1.2225598039027477,0.483562890130808,0.3969927156134382
1,0,0,0,0,1,0,79.52545928955078,64.62982940673828,181.1833648681641,191.235595703125,1.055480981061784,0.4389225211012972,0.3567095105765664
0,1,1,0,0,0,0,64.93534088134766,52.07196807861328,138.64599609375,183.59442138671875,1.3241956245355648,0.4683535241611991,0.3755749862650424
0,1,0,0,0,0,1,76.10868072509766,64.38313293457031,154.2237548828125,190.69920349121097,1.2365099244024662,0.4934951868013402,0.4174657333657326
0,1,0,1,0,0,0,77.62130737304688,60.92548370361328,180.0624237060547,178.53662109375,0.9915262575005904,0.431079987570093,0.3383575676126181
0,1,1,0,0,0,0,71.51115417480469,57.12720489501953,152.5959930419922,197.69412231445312,1.295539406857496,0.4686306157143056,0.3743689710076395
0,1,0,0,1,0,0,87.43328094482422,73.02977752685547,172.39352416992188,198.4068603515625,1.1508950890521863,0.5071726526029162,0.4236225106395107
1,0,0,1,0,0,0,70.05177307128906,55.697757720947266,153.93405151367188,178.14768981933594,1.1572987787144255,0.4550765238909294,0.3618286998442342
1,0,0,0,0,1,0,74.60478210449219,60.85541534423828,169.16891479492188,189.31361389160156,1.1190803825933415,0.4410076295336717,0.3597316647565622
1,0,0,0,0,0,1,75.87757873535156,67.76101684570312,164.4859161376953,194.7953338623047,1.1842675557659088,0.4613013716738673,0.4119563451802078
1,0,0,0,0,0,1,73.15242767333984,62.59137725830078,162.26812744140625,179.73556518554688,1.107645524845586,0.4508120530308986,0.3857281047438107
0,1,0,0,1,0,0,90.7357177734375,77.9253921508789,178.9005584716797,185.2904815673828,1.0357177369947377,0.5071852125481271,0.4355793677592943
0,1,0,0,1,0,0,74.4375,54.99886703491211,168.8896026611328,184.48939514160156,1.092366801950318,0.4407464925437389,0.325649810102663
0,1,0,0,1,0,0,77.22466278076172,59.9242057800293,183.07693481445312,187.21160888671875,1.0225843527283,0.4218153578932717,0.327317069409983
1,0,1,0,0,0,0,64.80450439453125,56.29084777832031,144.56544494628906,191.20460510253903,1.3226162391267011,0.4482710541139918,0.3893796875126989
1,0,0,1,0,0,0,74.02758026123047,54.30075454711914,170.53451538085938,195.7595062255859,1.147917216572791,0.4340914805187833,0.3184150400629912
1,0,0,1,0,0,0,84.90103912353516,74.85689544677734,178.63943481445312,208.55780029296875,1.1674790647965878,0.4752648216320156,0.419039029789412
1,0,1,0,0,0,0,77.45152282714844,66.60306549072266,164.6309356689453,196.7648468017578,1.195187563031472,0.4704554615597576,0.4045598430215697
0,1,1,0,0,0,0,80.15158081054688,70.99784088134766,168.821044921875,206.89210510253903,1.2255113407115923,0.4747724482314303,0.4205508911178887
0,1,1,0,0,0,0,79.4513168334961,66.48587799072266,172.0752410888672,200.6198883056641,1.1658846853049312,0.4617242802087021,0.3863767824470833
0,1,1,0,0,0,0,77.74455261230469,65.05974578857422,163.1442108154297,190.51644897460935,1.167779402176561,0.4765388377786791,0.3987867265616823
0,1,0,1,0,0,0,79.05924224853516,66.59163665771484,155.04241943359375,191.2718505859375,1.2336743149694025,0.5099200756628868,0.4295059178061699
1,0,0,0,1,0,0,78.1273422241211,71.00167083740234,165.2232208251953,200.378173828125,1.212772471250414,0.4728593343836283,0.4297317924368601
1,0,0,1,0,0,0,81.79463195800781,68.60124969482422,165.48751831054688,193.5845489501953,1.169783382616946,0.4942646599154111,0.4145403254285922
1,0,0,1,0,0,0,81.04317474365234,62.87934494018555,192.3786773681641,194.29855346679688,1.0099796719932668,0.4212690088754287,0.3268519453424165
1,0,1,0,0,0,0,69.24659729003906,54.6501350402832,154.6750946044922,183.20420837402344,1.1844454263466324,0.4476906735832567,0.3533221374780786
0,1,0,0,0,1,0,76.81474304199219,66.20903778076172,163.66746520996094,190.1040954589844,1.1615264842961257,0.4693342256107549,0.4045338986329714
1,0,1,0,0,0,0,71.59415435791016,57.1612663269043,158.45285034179688,192.09877014160156,1.2123402622750392,0.4518325432674465,0.3607462169572991
1,0,0,0,1,0,0,82.3821792602539,62.33591842651367,191.3827667236328,196.7716522216797,1.02815763190334,0.430457666960256,0.3257133309005306
0,1,0,1,0,0,0,74.65337371826172,60.36458206176758,153.2630157470703,183.5074920654297,1.1973370820803355,0.4870932061095682,0.3938626795742238
0,1,0,0,0,1,0,76.8050765991211,62.548133850097656,156.60995483398438,189.6532287597656,1.2109908911014564,0.490422698100762,0.399387982177776
1,0,0,0,1,0,0,79.56181335449219,65.04412078857422,171.82403564453125,190.03868103027344,1.106007551955214,0.4630423971596691,0.3785507687826468
0,1,0,0,1,0,0,76.65586853027344,59.88248443603515,153.6351776123047,188.49285888671875,1.2268860674758792,0.4989473746937892,0.3897706590813948
1,0,1,0,0,0,0,81.5592041015625,64.80563354492188,190.8116149902344,185.65870666503903,0.972994786897752,0.4274331209121449,0.3396314922875034
0,1,0,0,0,1,0,79.79780578613281,66.21073913574219,161.5135498046875,191.6842498779297,1.186799807878203,0.494062608880985,0.4099392231537753
0,1,0,0,0,0,1,90.47179412841795,79.44709014892578,170.52545166015625,207.64353942871097,1.217668901663595,0.5305471602486712,0.4658957907776579
0,1,0,0,0,0,1,79.25320434570312,67.24887084960938,162.599609375,198.5947723388672,1.2213729977717986,0.4874132517927713,0.413585685156935
1,0,1,0,0,0,0,60.847862243652344,49.23031234741211,143.90093994140625,187.86746215820312,1.3055332524909096,0.422845481540485,0.3421125141187942
0,1,0,0,0,1,0,85.2968978881836,70.81399536132812,174.3778533935547,197.0499725341797,1.1300171936940646,0.4891498331251755,0.4060951203562959
1,0,1,0,0,0,0,68.58406066894531,51.964332580566406,146.7281951904297,183.93955993652344,1.2536074590013144,0.4674225058103808,0.3541536956351506
1,0,1,0,0,0,0,74.27188873291016,62.24016952514648,153.90562438964844,174.64527893066406,1.134755663565019,0.4825807310645992,0.4044047757966972
1,0,1,0,0,0,0,72.95636749267578,59.822471618652344,159.5273895263672,201.9362640380859,1.2658407100976805,0.4573281598180814,0.3749981228694568
0,1,1,0,0,0,0,71.5389633178711,61.758583068847656,157.4755401611328,194.05780029296875,1.2323043953010355,0.4542861910152566,0.3921788933421328
0,1,1,0,0,0,0,77.39222717285156,63.06092834472656,163.04684448242188,192.6107177734375,1.1813213459289176,0.4746625267022278,0.3867657086213967
0,1,1,0,0,0,0,77.20700073242188,58.349735260009766,174.47938537597656,196.22984313964844,1.1246591837586024,0.4424992704212737,0.334421944083967
1,0,0,1,0,0,0,75.80583953857422,62.22994613647461,167.86276245117188,191.7834930419922,1.1425017093816647,0.4515941381616707,0.3707191829073832
0,1,0,0,1,0,0,85.4894790649414,72.48303985595703,178.94021606445312,199.18524169921875,1.1131384888206095,0.4777544195774785,0.4050684717506382
0,1,0,0,0,1,0,76.78839874267578,63.445030212402344,164.22877502441406,195.33364868164065,1.1893996569882628,0.4675696980097459,0.3863210341973913
1,0,1,0,0,0,0,60.66130828857422,51.86908721923828,149.57662963867188,188.67442321777344,1.261389721599885,0.4055533838080993,0.3467726699320408
1,0,1,0,0,0,0,89.97897338867188,78.58257293701172,173.6746368408203,200.21226501464844,1.152800827205131,0.5180893135889564,0.452470057611439
1,0,0,0,1,0,0,90.45281982421876,76.0589828491211,197.7272796630859,202.23974609375,1.022821668503977,0.4574625209953039,0.3846661066632815
0,1,1,0,0,0,0,70.86347198486328,56.54602813720703,160.76806640625,176.50433349609375,1.0978817960656395,0.4407807692716543,0.3517242534616237
1,0,1,0,0,0,0,78.60346221923828,59.61688995361328,183.68890380859375,191.54177856445312,1.042750947896353,0.4279162246030066,0.3245535724669295
0,1,0,1,0,0,0,73.99224853515625,52.43751907348633,151.50271606445312,191.7404937744141,1.265591131005485,0.488388924352208,0.3461160330035144
0,1,0,0,1,0,0,63.52938461303711,54.77829360961914,147.1944122314453,192.6654815673828,1.308918447695146,0.4316018770681653,0.3721492737338897
1,0,1,0,0,0,0,74.38831329345703,61.709495544433594,163.85374450683594,196.89996337890625,1.201681194235336,0.4539921471880282,0.37661327624929
0,1,0,0,1,0,0,75.73204040527344,56.52387237548828,170.821533203125,190.3453063964844,1.1142933963140558,0.4433401280576259,0.3308943042226144
0,1,1,0,0,0,0,72.15158081054688,65.52167510986328,147.59706115722656,191.18084716796875,1.295288982511074,0.4888415815656925,0.4439226268879896
0,1,0,1,0,0,0,69.68958282470703,57.94498443603515,160.8473358154297,183.2477264404297,1.1392649154643393,0.4332653846668307,0.3602483320117051
1,0,0,0,1,0,0,75.73650360107422,66.71022033691406,162.7068634033203,201.84312438964844,1.2405323301532558,0.4654782350105133,0.4100024973842174
1,0,0,1,0,0,0,71.35343170166016,59.57609558105469,158.3951416015625,183.4067840576172,1.1579066264479918,0.4504774008861159,0.3761232508691225
0,1,0,1,0,0,0,85.27790832519531,71.3000717163086,164.37063598632812,190.23252868652344,1.157338885653192,0.5188147372763617,0.4337762112342203
0,1,1,0,0,0,0,86.63910675048828,74.41834259033203,164.78799438476562,200.47850036621097,1.21658438234348,0.5257610366213543,0.4516005117252151
0,1,1,0,0,0,0,78.64785766601562,66.93250274658203,180.28384399414065,189.19293212890625,1.0494170078548757,0.4362446236090447,0.3712617906502891
1,0,0,0,0,1,0,74.19393157958984,65.01866149902344,156.05435180664062,195.1705017089844,1.2506572194206458,0.475436479153878,0.4166411301338453
1,0,0,0,0,1,0,85.30164337158203,74.79098510742188,172.19065856933594,201.21429443359375,1.168555228868997,0.4953906563824056,0.4343498406291641
1,0,1,0,0,0,0,81.5466079711914,71.97240447998047,167.91323852539062,201.28094482421875,1.198719925789428,0.48564728241401,0.4286285293050156
1,0,0,0,1,0,0,80.81683349609375,62.89970779418945,197.98472595214844,205.0778350830078,1.0358265472083623,0.408197314754607,0.317699799778453
1,0,0,0,1,0,0,81.49040985107422,70.94422149658203,165.3907470703125,206.5808258056641,1.2490470565311642,0.4927144431872615,0.4289491567894155
0,1,0,0,0,1,0,82.10176086425781,69.07683563232422,165.06692504882812,191.85496520996097,1.1622859343457734,0.4973846870896241,0.4184777514446988
1,0,0,0,0,1,0,71.23688507080078,61.416141510009766,151.3424530029297,190.9549865722656,1.2617410566787173,0.4706999500624043,0.4058090792860406
1,0,0,0,1,0,0,75.311279296875,60.100494384765625,153.53273010253906,197.8853454589844,1.288880522914064,0.4905226347930976,0.3914506981320962
0,1,1,0,0,0,0,83.30610656738281,71.079345703125,175.80801391601562,199.77162170410156,1.1363055486169902,0.47384703752571,0.4043009423738781
1,0,0,1,0,0,0,81.78583526611328,63.992393493652344,182.04896545410156,195.76870727539065,1.0753629211078826,0.4492518540938,0.3515119865363156
1,0,1,0,0,0,0,74.46411895751953,58.3341064453125,174.3135223388672,191.33351135253903,1.097640095761388,0.4271849823145708,0.3346504944803446
0,1,1,0,0,0,0,77.33204650878906,65.46424865722656,160.4434814453125,190.49021911621097,1.1872730347174618,0.4819893323939611,0.4080206192704699
1,0,0,0,0,0,1,73.91357421875,57.36346435546875,157.01220703125,182.70933532714844,1.1636632512960217,0.4707504952404054,0.3653439782809482
0,1,1,0,0,0,0,82.79767608642578,70.38287353515625,165.69674682617188,193.4091796875,1.167247899504029,0.4996940354736515,0.4247691936220877
1,0,0,0,1,0,0,79.6855239868164,68.42741394042969,162.15640258789062,191.79188537597656,1.1827586349667765,0.4914115182323803,0.4219840403979192
0,1,0,1,0,0,0,70.54422760009766,56.69244766235352,155.6863555908203,198.6861267089844,1.2761948595622432,0.45311759872846,0.3641452550366993
0,1,0,0,0,1,0,81.80620574951172,73.33793640136719,175.349365234375,196.43212890625,1.120232905569378,0.4665326597570976,0.41823896142049
0,1,1,0,0,0,0,82.10491943359375,62.52317810058594,188.58038330078125,194.1289978027344,1.0294230736242764,0.4353842006071137,0.3315465638908101
1,0,1,0,0,0,0,82.85075378417969,73.05323028564453,161.96182250976562,199.19532775878903,1.2298906289893,0.5115449585607381,0.4510521625010716
1,0,0,0,0,1,0,73.87356567382812,57.97487258911133,171.21141052246094,191.52322387695312,1.1186358624843378,0.4314757144304746,0.3386157056483435
1,0,1,0,0,0,0,73.0540542602539,62.0993766784668,158.72885131835938,196.5020751953125,1.2379732705378943,0.4602443327314882,0.3912292955104632
1,0,1,0,0,0,0,78.65969848632812,65.90339660644531,164.52655029296875,193.06546020507812,1.173460817486848,0.4780972940006373,0.4005638998027528
0,1,0,1,0,0,0,81.21076965332031,67.7109146118164,170.632080078125,198.48912048339844,1.1632579312900535,0.4759408055984399,0.3968240589976664
1,0,1,0,0,0,0,73.80231475830078,58.50300216674805,166.16403198242188,191.71617126464844,1.1537765963992117,0.4441533698827684,0.352079818169897
1,0,1,0,0,0,0,74.68865966796875,60.02632141113281,163.879150390625,196.2177734375,1.1973321375525328,0.4557544964685236,0.3662840652276577
0,1,1,0,0,0,0,78.30692291259766,66.97396087646484,173.4708709716797,205.29335021972656,1.183445664795458,0.4514125194274363,0.3860818851102604
0,1,0,1,0,0,0,76.9222640991211,69.48512268066406,152.96743774414062,189.594970703125,1.239446600525852,0.5028669188261119,0.4542478040122998
1,0,0,0,0,1,0,67.26862335205078,58.954959869384766,147.16046142578125,191.97418212890625,1.304522833571885,0.4571107123497093,0.4006168457083701
0,1,1,0,0,0,0,78.87783813476562,65.2935791015625,172.41651916503906,195.6120758056641,1.134532101407418,0.4574842278265857,0.3786967711548726
0,1,1,0,0,0,0,81.02947235107422,72.31526947021484,168.32147216796875,198.1786193847656,1.1773816901209269,0.4813971224670287,0.4296259326798848
0,1,1,0,0,0,0,77.36441040039062,63.345306396484375,172.58944702148438,197.1739959716797,1.1424452617148426,0.4482568994543456,0.3670288507767163
1,0,1,0,0,0,0,79.13311767578125,65.86450958251953,180.8641662597656,194.0505523681641,1.0729076764131351,0.4375278935138901,0.3641656108259821
0,1,0,0,1,0,0,85.70560455322266,71.86972045898438,176.61558532714844,208.12258911132812,1.178393111376998,0.4852663732618416,0.4069273972954239
0,1,0,0,1,0,0,69.86276245117188,57.33676528930664,161.01942443847656,195.41941833496097,1.213638783124754,0.4338778547669292,0.3560860156422573
0,1,0,1,0,0,0,83.2476806640625,71.32262420654297,164.8072509765625,189.9367218017578,1.15247794424269,0.5051214686901202,0.4327638728509941
1,0,1,0,0,0,0,72.66049194335938,61.44815826416016,156.86239624023438,193.5894012451172,1.234135177615389,0.4632116663070734,0.3917328801356092
1,0,0,0,0,1,0,74.27307891845703,60.64781951904297,163.84336853027344,201.39773559570312,1.229208953662905,0.4533175775419531,0.3701573036679665
0,1,1,0,0,0,0,86.88378143310547,76.82256317138672,172.09584045410156,199.7351531982422,1.1606041881733458,0.5048569518231768,0.4463940730274391
1,0,0,0,0,1,0,83.79751586914062,71.1931381225586,175.15089416503906,205.7691650390625,1.1748108168101776,0.4784304200592942,0.4064674546021762
0,1,0,1,0,0,0,77.11817169189453,61.60141372680664,163.1847381591797,179.97267150878906,1.1028768593128695,0.4725820108046444,0.3774949448196382
0,1,0,0,0,0,1,78.79556274414062,68.98600769042969,165.7795867919922,200.5366973876953,1.209658566945964,0.4753031677115192,0.4161308941913829
1,0,0,0,1,0,0,70.36991119384766,62.18074035644531,156.8473358154297,197.52198791503903,1.2593263818486105,0.4486522568458258,0.3964411638436536
0,1,0,0,1,0,0,75.264892578125,57.73065185546875,170.3544158935547,194.67779541015625,1.142781033230157,0.441813569571064,0.3388855613319794
1,0,1,0,0,0,0,81.45864868164062,71.3213119506836,169.3240509033203,203.01983642578125,1.1990017681640537,0.4810813835782338,0.4212119398880093
0,1,0,0,0,0,1,68.9465560913086,55.02141189575195,160.15988159179688,187.4129943847656,1.170161918965633,0.4304858083439037,0.343540538048013
1,0,0,0,0,1,0,85.74435424804688,73.039794921875,175.1422882080078,199.8150329589844,1.1408725728287503,0.4895696814592976,0.4170311788728559
0,1,1,0,0,0,0,82.06134033203125,70.05693817138672,177.45716857910156,197.2074279785156,1.1112959231658786,0.4624289961859297,0.3947822380596523
1,0,0,1,0,0,0,68.78553009033203,59.506080627441406,146.5896759033203,191.8024444580078,1.308430783246335,0.4692385713145165,0.4059363680337707
0,1,1,0,0,0,0,88.19295501708984,80.62359619140625,182.38133239746097,201.5002899169922,1.104829574760785,0.4835634977426978,0.4420605723819608
1,0,1,0,0,0,0,79.15656280517578,60.225460052490234,179.41802978515625,186.780029296875,1.041032662773827,0.4411851077618099,0.3356711704203144
1,0,0,0,1,0,0,78.8832778930664,67.49855041503906,168.64761352539062,201.7982177734375,1.1965672893619448,0.4677402558156578,0.4002342458577207
0,1,0,0,0,1,0,66.03673553466797,54.18050003051758,153.69989013671875,184.5004425048828,1.2003941078992733,0.4296472526813593,0.3525083848942447
0,1,1,0,0,0,0,87.044189453125,74.14035034179688,165.8052520751953,200.05010986328125,1.2065366287224446,0.5249784814635973,0.44715320783791
0,1,0,0,1,0,0,78.35198211669922,62.084983825683594,173.80633544921875,192.14349365234375,1.1055033935082452,0.4508004953570373,0.3572078294224381
0,1,0,0,1,0,0,83.1504898071289,64.22499084472656,188.85174560546875,190.42605590820312,1.0083362231981867,0.4402950554708616,0.3400815313558147
1,0,0,1,0,0,0,81.78479766845703,69.75431060791016,174.27037048339844,191.44873046875,1.0985730387655774,0.4692983519894916,0.4002648896334054
1,0,0,1,0,0,0,74.66816711425781,64.44445037841797,159.01780700683594,197.44613647460935,1.2416605422443123,0.4695585263042141,0.4052656214511095
0,1,0,0,0,0,1,78.82183837890625,69.1832275390625,167.2247314453125,203.00900268554688,1.2139891087338173,0.4713527580379661,0.4137140896631518
1,0,0,0,0,0,1,87.68545532226562,69.76031494140625,186.6949005126953,188.8731231689453,1.0116672852352595,0.4696724714037006,0.3736594558814022
0,1,0,0,1,0,0,74.81597900390625,55.08067321777344,161.32162475585938,207.7899932861328,1.288047982411519,0.4637690645450114,0.3414339106807988
1,0,1,0,0,0,0,80.17494201660156,69.49410247802734,164.14004516601562,200.39842224121097,1.220899031912186,0.4884544897956527,0.4233829862038794
0,1,0,0,0,1,0,82.80601501464844,68.54922485351562,172.00582885742188,192.7315673828125,1.1204943963996157,0.4814140053549438,0.3985284993471766
1,0,1,0,0,0,0,80.67705535888672,69.23668670654297,167.54928588867188,193.42465209960935,1.154434356874134,0.4815123796617825,0.4132317624591207
1,0,0,1,0,0,0,68.40316009521484,59.6722526550293,145.68150329589844,188.7659149169922,1.2957438703359865,0.4695390873080089,0.4096076118450469
0,1,0,0,1,0,0,77.599365234375,61.51765441894531,178.82374572753906,200.5267333984375,1.1213652447699296,0.4339432938207636,0.34401278291461
0,1,0,0,0,1,0,67.68629455566406,62.42512130737305,146.2151336669922,192.9425811767578,1.3195801032209722,0.4629226322756775,0.4269402198102658
0,1,1,0,0,0,0,84.61946868896484,74.95347595214844,187.0969085693359,205.22610473632812,1.0968973581959198,0.4522761457472498,0.4006131182246208
1,0,0,1,0,0,0,89.43193054199219,75.9554443359375,169.11279296875,197.82925415039065,1.169806557372316,0.528830072356017,0.4491407362065929
0,1,1,0,0,0,0,79.90618896484375,67.86431121826172,162.3763885498047,197.6781463623047,1.2174069649398078,0.4921047307338937,0.417944455005822
0,1,0,0,1,0,0,75.09233093261719,66.19157409667969,153.97105407714844,191.68104553222656,1.244916108947226,0.4877042076687451,0.4298962197369504
0,1,0,0,0,0,1,78.30381774902344,65.67092895507812,153.8438262939453,187.44271850585935,1.2183961035116062,0.5089825158106144,0.4268674963245026
1,0,0,0,0,1,0,74.28998565673828,61.77459716796875,163.18768310546875,199.1473846435547,1.2203579391150805,0.4552426031364414,0.3785493855442731
0,1,0,0,0,1,0,88.03944396972656,74.52029418945312,168.6783905029297,198.5970916748047,1.177371274901721,0.5219367087107548,0.4417892177371637
1,0,1,0,0,0,0,74.15939331054688,62.1904296875,160.02432250976562,195.79835510253903,1.2235537200327171,0.4634257602060538,0.3886311075224504
0,1,1,0,0,0,0,78.10546875,69.82543182373047,160.7985382080078,202.6573486328125,1.2603183517169567,0.4857349427453335,0.4342417076789889
1,0,0,0,0,1,0,68.69171905517578,56.03165054321289,151.9689178466797,181.2012939453125,1.1923575985987156,0.4520116351981814,0.3687046755162316
1,0,1,0,0,0,0,77.69188690185547,65.48350524902344,167.0495147705078,191.95767211914065,1.1491064334000107,0.4650829845784849,0.392000571441255
0,1,1,0,0,0,0,82.07563018798828,59.35087203979492,186.4341583251953,209.62648010253903,1.1243995305671912,0.440239229362811,0.3183476277789704
1,0,0,0,1,0,0,68.58151245117188,55.74805450439453,146.06719970703125,183.19813537597656,1.2542044739915552,0.4695202796296954,0.3816603222092918
0,1,0,0,1,0,0,82.26480865478516,69.42706298828125,165.49420166015625,196.94400024414065,1.1900356524186075,0.4970857457816959,0.4195135677976822
1,0,1,0,0,0,0,67.05201721191406,47.515838623046875,151.70431518554688,188.4850616455078,1.2424502323152449,0.4419914959564856,0.3132134940586963
1,0,0,0,0,1,0,81.66683959960938,69.51560974121094,180.3750457763672,193.35690307617188,1.0719714705763672,0.4527612965978767,0.3853948279929911
1,0,0,0,1,0,0,77.99860382080078,55.71651840209961,179.90025329589844,182.79722595214844,1.0161032161054553,0.4335658365778359,0.3097078374339893
1,0,0,0,0,1,0,89.52104187011719,77.64498138427734,197.88522338867188,201.35980224609375,1.017558556409224,0.4523887147161383,0.3923738218278819
0,1,0,0,0,0,1,74.23271179199219,63.515281677246094,157.92071533203125,194.1702117919922,1.229542377538917,0.4700631683178266,0.4021972769291478
0,1,1,0,0,0,0,67.0623550415039,61.06639862060547,151.96571350097656,182.0827484130859,1.1981830915558187,0.441299247682425,0.4018432659167756
0,1,0,0,0,0,1,69.53370666503906,62.20640563964844,153.59765625,194.2741241455078,1.2648247954337375,0.4527003104257267,0.4049957997952748
1,0,0,0,0,1,0,84.2521743774414,65.94280242919922,190.22361755371097,200.73353576660156,1.055250332992553,0.4429112192320295,0.3466593858177458
0,1,0,1,0,0,0,71.31485748291016,59.55601501464844,157.11102294921875,193.67758178710935,1.2327434329652962,0.4539137747576149,0.3790696152102457
0,1,0,0,0,1,0,73.02691650390625,62.91908645629883,157.3971405029297,188.35739135742188,1.196701482349458,0.4639659670472029,0.3997473286697206
1,0,1,0,0,0,0,84.64458465576172,70.6926498413086,183.32325744628903,192.15591430664065,1.0481807763149718,0.4617231105036485,0.385617465159981
1,0,0,0,1,0,0,73.00926208496094,67.68222045898438,155.13296508789062,191.3675079345703,1.2335708778991683,0.4706237777612096,0.4362852242309621
1,0,1,0,0,0,0,78.89736938476562,65.07098388671875,165.76541137695312,198.90379333496097,1.1999113185479366,0.4759579741599517,0.3925486224550568
1,0,0,0,1,0,0,84.0337905883789,66.99071502685547,187.63218688964844,203.54165649414065,1.084790727370507,0.4478644734754461,0.357032107003339
0,1,1,0,0,0,0,74.52752685546875,56.69044494628906,161.7950897216797,158.65638732910156,0.9806007561911964,0.4606291018081648,0.3503842115592513
0,1,0,1,0,0,0,70.93543243408203,64.0918960571289,158.10260009765625,188.4401092529297,1.1918849477272015,0.4486670832122108,0.4053816699886077
1,0,1,0,0,0,0,74.49959564208984,61.15972137451172,163.6329803466797,192.64923095703125,1.177325197823058,0.4552847200133609,0.3737615806112934
1,0,1,0,0,0,0,74.99636840820312,55.81877136230469,170.3638153076172,193.50405883789065,1.1358283945947696,0.4402130127972659,0.3276445251094876
1,0,1,0,0,0,0,81.74821472167969,72.26219940185547,166.5452880859375,206.6653289794922,1.2408956828178337,0.4908467580271472,0.4338891855323347
0,1,1,0,0,0,0,82.84528350830078,71.77360534667969,176.67652893066406,200.9246826171875,1.1372460384709024,0.4689093905666046,0.4062430124764729
1,0,1,0,0,0,0,66.31655883789062,47.67435073852539,151.3531494140625,193.3431854248047,1.277430870604935,0.4381577726966614,0.3149875038814083
0,1,0,1,0,0,0,82.28634643554688,63.74003601074219,191.2257080078125,192.7386474609375,1.0079117994588007,0.4303100628718032,0.3333235717874194
0,1,0,0,0,1,0,79.5003433227539,63.561065673828125,177.1109619140625,195.04281616210935,1.1012464392618888,0.4488730819571119,0.3588770846644101
1,0,1,0,0,0,0,72.85525512695312,61.3907585144043,154.9108428955078,188.9028778076172,1.219429668554822,0.4703044265022575,0.3962973628373727
0,1,1,0,0,0,0,64.79417419433594,58.03415298461914,144.65768432617188,190.67788696289065,1.318131752565271,0.4479138076636084,0.4011826489200853
0,1,0,1,0,0,0,85.70751953125,78.4750747680664,178.05760192871094,198.9944000244141,1.1175844101510792,0.4813471517243323,0.4407285839976972
1,0,1,0,0,0,0,78.30142211914062,67.50424194335938,164.57920837402344,198.1421661376953,1.203931943137049,0.4757674003461754,0.4101626360357071
1,0,0,0,0,0,1,87.15690612792969,75.02351379394531,166.38284301757812,199.82823181152344,1.201014649030921,0.5238334947715834,0.4509089545129312
1,0,1,0,0,0,0,77.54703521728516,57.97832107543945,175.97535705566406,189.04342651367188,1.07426079240103,0.440669855795523,0.3294684099268507
1,0,0,1,0,0,0,75.36568450927734,55.271724700927734,176.0321502685547,191.0886993408203,1.0855329498009048,0.4281359080957623,0.3139865338042237
0,1,1,0,0,0,0,89.46515655517578,74.22333526611328,191.8932342529297,181.3060760498047,0.944827871371586,0.4662236107670893,0.3867949568679495
0,1,1,0,0,0,0,83.72198486328125,71.61319732666016,183.1316375732422,188.26690673828125,1.028041409081952,0.4571683296928814,0.3910476544393864
1,0,1,0,0,0,0,81.2520751953125,70.66985321044922,168.64443969726562,204.82275390625,1.214524204141733,0.4817951623022286,0.4190464466976141
1,0,1,0,0,0,0,77.78361511230469,68.36197662353516,170.5994110107422,196.1871795654297,1.149987437841015,0.4559430460601465,0.4007163695262147
0,1,0,1,0,0,0,71.49559783935547,59.98782730102539,160.9409637451172,190.94317626953125,1.1864175025814352,0.4442349304716685,0.3727318757456202
1,0,1,0,0,0,0,79.81684112548828,72.30113983154297,168.25306701660156,194.89141845703125,1.1583231254726625,0.4743856533540202,0.4297166233790496
1,0,0,1,0,0,0,78.43946838378906,65.59822845458984,162.43905639648438,181.6046600341797,1.1179864255731429,0.4828855210309305,0.4038328583642866
0,1,0,0,0,1,0,81.03580474853516,67.58012390136719,177.14820861816406,199.03143310546875,1.1235305999310052,0.4574463686686475,0.3814891746776478
1,0,1,0,0,0,0,81.29866790771484,70.51052856445312,172.25128173828125,197.7617645263672,1.148100394555244,0.4719771434342074,0.4093469021123853
0,1,0,0,0,1,0,81.67863464355469,74.20828247070312,171.4400634765625,197.98269653320312,1.1548216473932258,0.4764267638918655,0.4328526306270769
1,0,1,0,0,0,0,72.15931701660156,61.26538848876953,157.42947387695312,192.10696411132812,1.2202731761746146,0.4583596402856639,0.3891608539367575
0,1,1,0,0,0,0,77.1419448852539,65.98287963867188,168.47207641601562,183.6584320068359,1.090141677563942,0.4578915777993016,0.391654694607891
1,0,1,0,0,0,0,78.79778289794922,68.1843490600586,162.64956665039062,193.83755493164065,1.1917495934574944,0.4844635280665838,0.4192101489370604
1,0,0,1,0,0,0,81.72665405273438,64.07186889648438,199.05923461914065,196.6501312255859,0.9878975552268948,0.4105644945792226,0.3218733811524638
1,0,1,0,0,0,0,81.08901977539062,65.33272552490234,186.75880432128903,192.7173767089844,1.03190517528397,0.4341911486854979,0.3498240726177905
1,0,0,1,0,0,0,79.8058853149414,66.8569107055664,164.02825927734375,191.90472412109375,1.1699491597762777,0.4865374153608696,0.4075938560838032
0,1,0,0,0,1,0,79.0825424194336,64.58588409423828,174.74679565429688,187.6096343994141,1.073608438409159,0.452555036121425,0.3695969580009301
1,0,1,0,0,0,0,74.5713119506836,57.846946716308594,164.6782684326172,183.1223602294922,1.1120007635034244,0.4528303136803784,0.3512724979858427
1,0,0,1,0,0,0,74.47523498535156,67.17375946044922,157.90786743164062,196.12750244140625,1.2420375604547451,0.4716372666966222,0.4253984336121136
1,0,0,0,1,0,0,80.30744934082031,64.22268676757812,178.5010528564453,191.09597778320312,1.0705593873269024,0.4498990233150357,0.3597888401208899
0,1,0,0,1,0,0,66.86243438720703,54.60668182373047,148.37841796875,189.65003967285156,1.2781511103103538,0.4506210222654411,0.3680230762079644
1,0,1,0,0,0,0,79.39461517333984,69.4750747680664,171.18751525878906,198.83644104003903,1.1615125129858466,0.4637874149485535,0.4058419485967709
1,0,0,0,0,1,0,69.49060821533203,57.07931137084961,159.13607788085938,190.43145751953125,1.196657980109965,0.4366741290894304,0.3586824064721719
0,1,0,0,1,0,0,74.45660400390625,52.931419372558594,181.32156372070312,185.9797515869141,1.0256902034740123,0.4106329246012611,0.2919201571308473
1,0,0,0,0,0,1,78.52803802490234,73.5530776977539,160.92288208007812,198.0168304443359,1.230507606406149,0.4879855307701075,0.4570703479021247
0,1,0,0,0,1,0,77.42118835449219,64.4657211303711,157.44619750976562,199.1456298828125,1.2648487739467984,0.4917310775300885,0.4094460339467556
0,1,1,0,0,0,0,77.64917755126953,66.23771667480469,163.81593322753906,191.2646942138672,1.167558554565031,0.4740025956047597,0.4043423333113819
0,1,1,0,0,0,0,73.08454895019531,59.74658966064453,147.1584014892578,187.29086303710935,1.2727160742554078,0.4966386438733523,0.4060018935786407
0,1,0,0,0,0,1,74.86280059814453,68.39420318603516,163.1838836669922,197.43316650390625,1.209881527925921,0.4587634447462737,0.4191235166678994
0,1,0,1,0,0,0,80.63569641113281,75.78160858154297,167.54229736328125,201.4441680908203,1.2023481309560282,0.481285607754863,0.4523132950554333
1,0,1,0,0,0,0,68.6489028930664,56.965606689453125,153.66078186035156,185.97418212890625,1.210290484516221,0.4467561733185453,0.370723134424918
0,1,0,0,0,1,0,85.59841918945312,79.66999816894531,174.12315368652344,204.24176025390625,1.1729730132364005,0.4915969954435655,0.4575497082506122
1,0,1,0,0,0,0,85.36485290527344,72.60466766357422,170.69203186035156,197.54153442382812,1.1572979258073568,0.5001103564993185,0.4253547565886048
1,0,1,0,0,0,0,84.92150115966797,69.81079864501953,167.24903869628906,198.8551788330078,1.1889765130077248,0.5077547938190464,0.4174062774243527
1,0,0,0,0,0,1,68.72325134277344,62.110836029052734,145.70835876464844,202.1631774902344,1.387450790086608,0.4716493406790536,0.4262681740131025
0,1,0,0,0,1,0,84.4974594116211,74.36060333251953,179.11766052246094,198.5091094970703,1.1082609549390454,0.4717427592854548,0.4151494783686887
1,0,0,0,0,0,1,74.97795867919922,63.61355972290039,156.98043823242188,192.52772521972656,1.2264440549890308,0.4776261266909476,0.4052323999039646
0,1,0,1,0,0,0,75.32389068603516,61.05613708496094,161.8705596923828,185.46499633789065,1.1457611358751492,0.4653340967571862,0.3771911161670869
1,0,1,0,0,0,0,76.7225112915039,63.07112884521485,163.70111083984375,195.24801635742188,1.1927103936908643,0.4686743473999088,0.3852822288232375
1,0,1,0,0,0,0,73.00037384033203,55.71532440185547,168.9010009765625,205.81072998046875,1.218528775972311,0.4322080592669898,0.3298697111308818
0,1,0,1,0,0,0,81.30232238769531,71.86575317382812,172.1883544921875,196.71487426757812,1.142440061337037,0.4721708539899203,0.41736709422523
1,0,0,0,0,1,0,76.67188262939453,60.67390060424805,169.300537109375,186.89759826660156,1.103939783403393,0.4528744204742918,0.3583798471061568
1,0,0,1,0,0,0,82.1471176147461,71.80985260009766,158.98947143554688,199.80555725097656,1.2567219416914424,0.5166827518389978,0.4516642011053469
1,0,0,1,0,0,0,81.20205688476562,68.86842346191406,163.0518035888672,194.24559020996097,1.1913121224942012,0.498013852637383,0.4223714300981596
1,0,0,0,0,1,0,81.3114242553711,68.1361312866211,176.7205352783203,197.60699462890625,1.1181892037486842,0.4601130487032098,0.3855586515699055
0,1,0,1,0,0,0,79.891845703125,65.42642211914062,159.40621948242188,188.75131225585935,1.184090011473319,0.5011839937144665,0.4104383275105233
0,1,1,0,0,0,0,72.9460220336914,63.0744514465332,166.7686767578125,177.5913848876953,1.064896528174772,0.4374084117704325,0.3782152180659933
0,1,1,0,0,0,0,75.94355773925781,62.03485870361328,173.8289031982422,182.39093017578125,1.0492554852501976,0.4368868257348918,0.3568730951081592
0,1,0,1,0,0,0,79.49505615234375,71.9951400756836,166.6003875732422,203.8409881591797,1.2235324967030192,0.4771600913436981,0.4321426926094786
0,1,1,0,0,0,0,76.53401184082031,61.104434967041016,171.7327880859375,192.37664794921875,1.120209192975722,0.4456575397967778,0.3558111159091151
1,0,1,0,0,0,0,85.04762268066406,65.97312927246094,194.02127075195312,198.8257598876953,1.0247626928589932,0.4383417465056878,0.3400303946921593
1,0,1,0,0,0,0,78.56974029541016,64.73193359375,180.8149871826172,191.4193878173828,1.0586477968447137,0.4345311277546772,0.3580009301351379
1,0,0,0,0,0,1,74.3446273803711,61.021087646484375,161.86196899414062,202.7447509765625,1.2525780591727624,0.459308803929491,0.3769945962333704
0,1,1,0,0,0,0,82.88118743896484,63.54308319091797,191.50360107421875,190.05450439453125,0.9924330578038274,0.4327917959456208,0.3318114272237175
1,0,0,0,0,1,0,68.89306640625,57.32070541381836,141.95066833496094,180.3733367919922,1.270676206795767,0.4853310464427195,0.403807224623689
0,1,0,1,0,0,0,77.41020202636719,63.733551025390625,170.22128295898438,190.3005523681641,1.1179598053788486,0.4547621817949729,0.3744158774831201
1,0,1,0,0,0,0,81.22673034667969,63.724578857421875,191.8191375732422,205.2370758056641,1.069950988218256,0.423454778153535,0.3322117889988425
1,0,0,1,0,0,0,80.5411148071289,67.94715881347656,157.6068115234375,191.75637817382812,1.2166757027840278,0.5110255960932992,0.4311181614341093
0,1,1,0,0,0,0,86.34786987304688,76.35902404785156,162.2819061279297,200.99838256835935,1.2385754355751082,0.5320856276175197,0.4705331966439708
1,0,1,0,0,0,0,82.40166473388672,70.24723052978516,170.0063018798828,200.57275390625,1.1797959939624107,0.4846977072185667,0.4132036857046512
0,1,1,0,0,0,0,84.83252716064453,72.01846313476562,173.0480499267578,197.9281311035156,1.1437755651525008,0.4902252709380412,0.4161761034882928
1,0,0,1,0,0,0,71.6686782836914,52.9708137512207,162.32601928710938,189.2152862548828,1.1656497651199949,0.441510723902676,0.3263236170261166
1,0,0,0,0,1,0,81.1439208984375,64.4943618774414,178.3778076171875,193.99557495117188,1.0875544303554918,0.4548991939209086,0.3615604583270317
0,1,0,1,0,0,0,83.72874450683594,74.15900421142578,170.11680603027344,204.510498046875,1.2021769207827766,0.4921838497951569,0.4359299115822141
0,1,0,0,0,1,0,84.11184692382812,71.5168685913086,188.5232086181641,199.6134796142578,1.0588270859454552,0.4461617619408797,0.3793531264161711
0,1,0,0,0,1,0,72.56703186035156,64.33951568603516,159.19618225097656,197.63833618164065,1.241476606958194,0.4558339957295453,0.404152378381803
1,0,1,0,0,0,0,79.74410247802734,58.69330978393555,180.27088928222656,200.6159820556641,1.1128584479415635,0.4423570704928538,0.32558395877244
0,1,0,0,1,0,0,77.43566131591797,68.39457702636719,167.90699768066406,190.1923065185547,1.132724121958718,0.4611818589192447,0.4073360727731207
1,0,1,0,0,0,0,76.69297790527344,65.26837158203125,161.80409240722656,187.062255859375,1.1561033659678952,0.4739866388067212,0.4033789912912994
1,0,0,1,0,0,0,79.90841674804688,68.53699493408203,168.76483154296875,187.8307342529297,1.1129731978851685,0.4734897431974837,0.4061094619505013
1,0,1,0,0,0,0,81.30547332763672,69.44934844970703,174.9251708984375,194.00067138671875,1.1090494889346518,0.4648014514437326,0.3970231847881383
1,0,0,1,0,0,0,75.89663696289062,60.01691818237305,174.50270080566406,191.19046020507812,1.095630378913152,0.4349310160386191,0.3439311707227456
1,0,0,0,0,0,1,87.4133071899414,76.07647705078125,184.01040649414065,201.58924865722656,1.0955317826747242,0.475045454522839,0.413435731707944
1,0,0,1,0,0,0,72.28358459472656,53.20659255981445,172.74478149414062,181.6405792236328,1.0514967668056237,0.4184414948429476,0.3080069458516127
1,0,0,0,0,1,0,78.81181335449219,67.61992645263672,174.4712677001953,190.22410583496097,1.090289010577001,0.4517180071730742,0.3875705572841494
0,1,0,1,0,0,0,72.60807037353516,54.55282211303711,156.07470703125,186.80970764160156,1.1969249290610404,0.4652135618553314,0.3495301907061359
0,1,0,0,0,1,0,75.60026550292969,61.14687728881836,166.41650390625,190.87388610839844,1.1469648840593742,0.4542834618465411,0.3674327717115436
1,0,1,0,0,0,0,87.11829376220703,74.3218002319336,177.83389282226562,203.02734375,1.1416684442313465,0.4898857713769814,0.4179282084670654
1,0,1,0,0,0,0,72.54853820800781,62.33030319213867,156.5162353515625,189.62698364257812,1.211548330539916,0.4635208484605527,0.3982353846687792
1,0,0,0,0,0,1,66.29654693603516,58.02985000610352,152.6226043701172,193.220458984375,1.2660015846394943,0.4343822280431202,0.3802179254219665
0,1,0,1,0,0,0,73.52970123291016,60.72468948364258,161.03004455566406,190.80224609375,1.184886004473497,0.4566210078113266,0.3771016126288878
0,1,1,0,0,0,0,72.93644714355469,55.01964569091797,165.41513061523438,175.5318145751953,1.0611593626431488,0.4409297195019558,0.3326155563054083
1,0,0,0,0,1,0,68.99417114257812,61.18211364746094,153.75750732421875,196.6925048828125,1.2792383819546411,0.448720666348307,0.3979130171410107
1,0,0,1,0,0,0,82.36969757080078,69.25598907470703,162.17538452148438,195.1476287841797,1.2033122619686298,0.5079050548505946,0.4270437790485538
0,1,0,1,0,0,0,75.53287506103516,61.10892868041992,162.7916259765625,188.03375244140625,1.1550578926490844,0.4639850152483261,0.3753812784523567
0,1,1,0,0,0,0,74.09101104736328,58.55910873413086,169.93789672851562,187.92381286621097,1.1058381707902902,0.4359887492648412,0.3445912292752569
0,1,0,1,0,0,0,74.61756134033203,64.50005340576172,156.11366271972656,192.98074340820312,1.2361553758088724,0.4779694489283373,0.4131608488461367
0,1,0,1,0,0,0,76.79261016845703,63.10599136352539,164.39627075195312,190.07876586914065,1.1562231004372243,0.4671189304794171,0.3838651027476282
1,0,1,0,0,0,0,81.87873077392578,62.98781204223633,186.26907348632812,189.09280395507812,1.015159416514504,0.4395723307226068,0.3381549650906463
0,1,0,1,0,0,0,90.73589324951172,80.33009338378906,170.8297882080078,204.34825134277344,1.196209709596739,0.5311479584522389,0.4702346951690683
0,1,0,0,0,1,0,81.20638275146484,68.74624633789062,176.93296813964844,197.47125244140625,1.1160794651087722,0.4589669387525948,0.3885440178883511
1,0,0,1,0,0,0,66.28238677978516,53.75380325317383,159.2501983642578,186.5772705078125,1.1715983554447365,0.4162154110990521,0.3375430850655591
1,0,1,0,0,0,0,75.12936401367188,60.39484024047851,163.78370666503906,192.01419067382812,1.1723644224667866,0.4587108543545304,0.3687475480329342
1,0,0,1,0,0,0,75.2964859008789,56.61613845825195,164.30502319335938,200.06350708007812,1.2176347575486903,0.4582725740056505,0.3445794739435585
1,0,0,0,0,1,0,83.75723266601562,61.02496337890625,185.0917510986328,204.45428466796875,1.104610461862333,0.4525173713515875,0.329701151005843
0,1,1,0,0,0,0,84.7527084350586,72.45348358154297,188.6235809326172,195.1701507568359,1.0347070593817078,0.4493219141319089,0.3841167855223035
0,1,0,0,1,0,0,84.83979034423828,72.27389526367188,165.58888244628906,193.06564331054688,1.1659336089376064,0.5123519712850118,0.4364658677318803
0,1,0,1,0,0,0,77.3714370727539,66.83036804199219,156.21359252929688,188.93833923339844,1.209487191058385,0.4952926043119031,0.4278140394822465
1,0,0,0,1,0,0,65.57991790771484,55.00393295288086,153.6959991455078,193.64599609375,1.2599286719911331,0.426685914222326,0.3578748520370219
1,0,1,0,0,0,0,68.95408630371094,56.41342544555664,157.80801391601562,194.3284454345703,1.2314231743515296,0.4369492055099803,0.3574813727494187
1,0,1,0,0,0,0,73.71900177001953,63.42204666137695,168.9966278076172,197.1656951904297,1.1666841980709797,0.4362158152288101,0.3752858709913165
0,1,0,0,0,1,0,78.5771255493164,67.23509216308594,167.94476318359375,195.245361328125,1.1625570075959248,0.467874818242576,0.4003405101091835
1,0,0,0,1,0,0,72.58778381347656,62.81698226928711,162.54757690429688,194.6618194580078,1.1975682637989666,0.4465633090071473,0.3864528986874523
1,0,1,0,0,0,0,83.9637451171875,71.2109603881836,184.4202880859375,205.55162048339844,1.1145824714665558,0.4552847519577752,0.3861340914672045
1,0,1,0,0,0,0,69.86239624023438,57.953712463378906,156.0313262939453,192.1744842529297,1.2316403943839762,0.4477459616578632,0.3714235714064283
1,0,1,0,0,0,0,81.41351318359375,69.58299255371094,166.0338897705078,200.56089782714844,1.2079515700340688,0.4903427444609265,0.4190890947016215
0,1,0,0,0,1,0,74.5197525024414,60.61180877685547,167.2716522216797,192.85678100585935,1.152955557288766,0.445501383603737,0.3623555334799264
1,0,0,0,0,1,0,78.276123046875,64.99234771728516,164.6804656982422,200.18763732910156,1.2156125286645845,0.4753212393163066,0.394657298555228
1,0,1,0,0,0,0,85.89801788330078,77.19886016845703,167.5018310546875,207.07083129882812,1.236230254887314,0.5128183814017891,0.4608836791954379
1,0,0,1,0,0,0,74.98625183105469,57.1865234375,167.71852111816406,190.1516571044922,1.1337546732273125,0.4470958325361337,0.3409672530871526
1,0,0,0,0,0,1,84.66146850585938,70.177978515625,189.6270751953125,206.1747589111328,1.0872643513526563,0.4464629769702432,0.3700841688526964
0,1,1,0,0,0,0,74.76995086669922,58.64115905761719,169.06590270996094,182.83741760253903,1.0814564892851497,0.4422532850693729,0.3468538488107702
1,0,0,1,0,0,0,75.57562255859375,60.908695220947266,159.66781616210938,195.2989959716797,1.223158183446276,0.4733303453080517,0.3814713364596105
1,0,0,0,0,1,0,79.10224914550781,66.9264907836914,169.8516387939453,186.104248046875,1.0956870912069707,0.4657137823761025,0.3940291142252854
1,0,0,0,0,1,0,75.35354614257812,66.13658142089844,160.01998901367188,190.974365234375,1.19344068457634,0.4709008331211673,0.4133019995098726
1,0,1,0,0,0,0,74.10517883300781,66.01046752929688,157.7005157470703,190.68614196777344,1.2091662545581492,0.4699108210391791,0.4185811772180154
1,0,0,0,0,1,0,77.49917602539062,64.73583221435547,172.00970458984375,191.0314483642578,1.1105852941249523,0.4505511837845836,0.3763498830994317
0,1,0,0,1,0,0,79.6787338256836,66.3714370727539,162.34877014160156,198.39944458007812,1.2220569604995033,0.4907874186924073,0.4088200792335189
0,1,0,1,0,0,0,81.13140869140625,68.7863540649414,168.02493286132812,192.2852020263672,1.14438493592532,0.4828533915163914,0.4093818274083832
1,0,0,0,1,0,0,80.44300079345703,66.50920867919922,158.25433349609375,189.4171600341797,1.1969161023881545,0.5083146793919715,0.4202678511855152
1,0,0,0,1,0,0,83.50855255126953,62.9423713684082,193.53839111328125,188.5467071533203,0.97420830083764,0.4314831391896328,0.325219048305341
0,1,0,0,0,1,0,77.54778289794922,65.55696105957031,164.97532653808594,211.8470458984375,1.284113511662187,0.4700568535019487,0.3973743373342312
1,0,1,0,0,0,0,81.038330078125,68.0677261352539,160.21046447753906,192.04725646972656,1.198718554970864,0.5058242003254805,0.4248644204186597
1,0,0,0,1,0,0,81.91517639160156,60.945411682128906,190.12939453125,183.3091583251953,0.9641284493496154,0.4308390956251525,0.3205470244744918
1,0,0,1,0,0,0,70.08424377441406,59.438270568847656,155.91000366210938,188.2717132568359,1.207566601466198,0.4495172992638865,0.3812344889534043
0,1,1,0,0,0,0,82.2238540649414,68.85737609863281,167.2202911376953,198.74053955078125,1.1884953566258951,0.491709788958777,0.4117764395107596
1,0,1,0,0,0,0,83.79913330078125,69.5860595703125,188.3087158203125,188.1346740722656,0.9990757637144476,0.4450093185317235,0.3695318045539259
0,1,1,0,0,0,0,81.69532775878906,71.4638671875,171.2644500732422,198.6935272216797,1.160156279582291,0.477012758478783,0.4172720442388253
0,1,0,0,0,0,1,76.29304504394531,63.10606002807617,164.5986328125,145.25070190429688,0.88245387839738,0.4635095914244522,0.3833935856561
0,1,0,1,0,0,0,68.576904296875,59.668678283691406,147.1927490234375,191.31640625,1.299767872529758,0.4658986584043993,0.4053778374245212
0,1,1,0,0,0,0,77.81463623046875,66.27618408203125,166.50537109375,195.8560485839844,1.176274658873969,0.4673400967146917,0.3980423192757835
0,1,0,1,0,0,0,74.33387756347656,58.56645965576172,167.1414031982422,191.46221923828125,1.1455104215631884,0.4447364694869232,0.3504006699423094
1,0,0,1,0,0,0,74.98360443115234,57.950958251953125,172.5100860595703,187.85301208496097,1.0889392984250934,0.4346621472628527,0.3359279423925497
0,1,1,0,0,0,0,78.43988037109375,66.53809356689453,163.05728149414062,189.1426544189453,1.159976743668096,0.4810572067210162,0.4080657604320819
1,0,0,1,0,0,0,79.21236419677734,65.5683822631836,164.7974853515625,185.6697998046875,1.12665432611789,0.4806648841018028,0.397872468280123
0,1,1,0,0,0,0,76.55899810791016,64.57749938964844,162.4862060546875,189.0582733154297,1.1635342956546042,0.471172291893768,0.3974337327312189
1,0,0,0,0,1,0,76.05052185058594,63.08536529541016,159.77618408203125,190.8641357421875,1.194571874643065,0.4759815881667356,0.3948358490212864
0,1,0,1,0,0,0,58.26044845581055,43.22953414916992,151.72206115722656,192.83758544921875,1.270992392130667,0.3839945754193017,0.2849258296350984
0,1,0,0,0,1,0,77.37940216064453,73.53783416748047,160.44654846191406,200.86306762695312,1.2519002094621745,0.4822752680093485,0.4583322911738203
1,0,0,0,1,0,0,81.77281188964844,69.63495635986328,164.61741638183594,198.77944946289065,1.2075238078200343,0.4967445953590567,0.4230108690221606
0,1,0,0,1,0,0,75.43531036376953,62.160247802734375,145.50148010253906,201.0422515869141,1.3817196323036292,0.5184504673808686,0.4272138521129013
1,0,0,1,0,0,0,68.72074890136719,50.387237548828125,153.63983154296875,177.1514129638672,1.1530305076800538,0.447284719146206,0.3279568653701382
1,0,1,0,0,0,0,88.72561645507812,77.58567810058594,194.8982696533203,206.20065307617188,1.057991194293084,0.4552406576666936,0.3980829498311771
0,1,0,1,0,0,0,72.14546203613281,64.18717193603516,153.47288513183594,193.21534729003903,1.2589542910075848,0.4700860479306072,0.4182313499931746
1,0,1,0,0,0,0,68.43693542480469,58.26891326904297,152.8866729736328,190.1573181152344,1.2437795552528597,0.4476317921877172,0.3811248693932411
0,1,1,0,0,0,0,83.26333618164062,69.32223510742188,180.06997680664062,192.8456573486328,1.0709484211002631,0.4623943294614232,0.3849738659202482
0,1,1,0,0,0,0,81.63081359863281,68.46538543701172,163.22933959960938,194.0948181152344,1.1890927120782084,0.500098902555556,0.4194428869525093
1,0,0,0,0,1,0,72.79347229003906,57.85575485229492,157.9106903076172,189.53976440429688,1.200297231524128,0.4609787478493956,0.3663827619244098
1,0,1,0,0,0,0,82.27336883544922,76.9587631225586,173.6388702392578,194.12933349609375,1.1180062000438151,0.473818844375596,0.4432116093390653
1,0,0,1,0,0,0,81.73216247558594,72.24888610839844,175.0745086669922,204.34310913085935,1.1671779671793268,0.4668421639328888,0.4126750756492052
1,0,0,0,0,1,0,77.89737701416016,61.44195556640625,177.52130126953125,184.52178955078125,1.0394346381599644,0.4388058022168747,0.3461103266312739
0,1,1,0,0,0,0,75.87010955810547,67.18543243408203,165.224365234375,196.9703826904297,1.192138837459125,0.4591944381234679,0.4066315058240821
1,0,1,0,0,0,0,86.97068786621094,75.4257583618164,176.2277374267578,199.1879119873047,1.1302869508274165,0.493513048150873,0.4280016271170943
0,1,0,0,1,0,0,73.35105895996094,58.8186149597168,160.85406494140625,183.64166259765625,1.1416662840603422,0.4560099801436804,0.3656644610202574
1,0,0,1,0,0,0,75.83910369873047,63.21481704711914,162.83250427246094,193.5862579345703,1.1888674119428293,0.465749169906716,0.3882198909214365
0,1,0,0,1,0,0,69.16537475585938,52.65252304077149,161.3974609375,180.80755615234375,1.1202627048907552,0.4285406620036183,0.3262289427289119
0,1,0,1,0,0,0,72.07170104980469,66.21202087402344,148.06259155273438,196.84747314453125,1.3294882325115964,0.4867650923436352,0.4471893959146405
1,0,0,1,0,0,0,63.9597053527832,55.99991607666016,147.4730987548828,198.61117553710935,1.3467620685669857,0.4337042205852849,0.3797297035830137
0,1,0,0,0,1,0,78.07555389404297,62.5455322265625,162.7742919921875,177.4162139892578,1.089952300316398,0.4796553125096086,0.3842469929438515
1,0,1,0,0,0,0,72.22039794921875,61.41941452026367,153.75131225585938,194.2520294189453,1.2634170503578417,0.4697221564459621,0.3994724573020548
0,1,1,0,0,0,0,79.01311492919922,64.56336212158203,176.73048400878906,198.6142120361328,1.1238254291560443,0.4470825470339898,0.3653210281389327
0,1,0,1,0,0,0,81.0791244506836,62.56303405761719,184.5759735107422,197.44503784179688,1.06972231589127,0.4392723652407817,0.338955460278128
1,0,0,0,0,0,1,77.14875030517578,64.9308090209961,160.7422332763672,201.54116821289065,1.253815902049694,0.4799532066506284,0.4039436786308631
0,1,0,0,0,1,0,81.90890502929688,69.31395721435547,166.30642700195312,201.26593017578125,1.2102113779007324,0.4925179772417029,0.4167845973477708
0,1,0,0,0,1,0,80.71415710449219,70.41121673583984,173.3865966796875,193.26609802246097,1.1146541989026906,0.4655155510872771,0.4060937701310139
0,1,0,1,0,0,0,69.29303741455078,58.95564651489258,159.9792022705078,179.86337280273438,1.1242922220514924,0.4331377856065542,0.3685206931786349
0,1,0,1,0,0,0,79.6744155883789,61.204986572265625,175.53274536132812,180.42442321777344,1.027867608669687,0.4539005837592972,0.348681304142297
0,1,1,0,0,0,0,81.67534637451172,65.5152587890625,170.95082092285156,190.6686553955078,1.1153421455727008,0.4777710100109493,0.3832403871206263
0,1,0,1,0,0,0,82.50379943847656,74.54816436767578,168.67689514160156,190.8892364501953,1.1316857373379254,0.4891232991288815,0.4419583624959055
1,0,0,0,0,0,1,69.49408721923828,53.952354431152344,151.58387756347656,178.3209686279297,1.1763847943080676,0.4584530250595895,0.3559240949523771
0,1,1,0,0,0,0,71.49980926513672,49.352909088134766,166.5072479248047,187.4629821777344,1.1258547871885638,0.4294095912114667,0.2964009657430812
0,1,0,0,0,0,1,84.45283508300781,75.65003967285156,170.16812133789062,204.1954040527344,1.199962733603189,0.4962905767486019,0.4445605856025096
1,0,0,0,1,0,0,70.08637237548828,58.754539489746094,150.8964385986328,189.02523803710935,1.252681904175981,0.4644667099262029,0.3893699548869169
0,1,1,0,0,0,0,77.47783660888672,63.40894317626953,159.61949157714844,188.68634033203125,1.1821008729427884,0.4853908244121901,0.3972506274123938
1,0,1,0,0,0,0,76.70641326904297,70.06591033935547,166.52459716796875,198.38162231445312,1.1913052227014311,0.4606311294161026,0.4207541199975516
1,0,0,0,0,0,1,85.93925476074219,77.80377960205078,184.8703155517578,199.72425842285156,1.0803479067299753,0.4648623793617203,0.4208559896154242
1,0,0,0,0,1,0,75.09762573242188,63.996395111083984,163.64308166503906,198.03875732421875,1.2101871665408024,0.4589110946110094,0.3910730258800562
0,1,1,0,0,0,0,83.5472640991211,59.57779693603515,190.20030212402344,199.72311401367188,1.0500672805631976,0.4392593658691595,0.3132371309125808
0,1,0,1,0,0,0,66.3780517578125,46.35587692260742,150.98684692382812,183.8621368408203,1.217736117991639,0.4396280411849371,0.3070193057676981
0,1,0,0,0,1,0,81.31034088134766,72.49163055419922,177.89459228515625,196.76614379882812,1.1060827722262727,0.4570703349487498,0.407497662649569
1,0,0,0,0,0,1,80.6634292602539,72.02644348144531,165.05911254882812,195.04586791992188,1.1816728256201123,0.4886941897036547,0.4363675677714449
0,1,1,0,0,0,0,76.5798568725586,68.02324676513672,157.1798858642578,198.0822296142578,1.2602263230126258,0.4872115566917624,0.4327732291642093
0,1,1,0,0,0,0,77.92446899414062,67.87628936767578,159.5938720703125,193.17637634277344,1.2104247728112358,0.4882672998861092,0.4253063635035525
1,0,0,0,0,1,0,78.36161804199219,61.67939758300781,181.65724182128903,193.8411407470703,1.0670708131623377,0.4313707356576671,0.3395372348749346
1,0,1,0,0,0,0,73.56636810302734,60.25862884521485,161.05203247070312,202.3694000244141,1.256546700590239,0.4567863377719853,0.3741562768304489
1,0,0,1,0,0,0,79.10105895996094,66.95411682128906,163.15484619140625,192.9967041015625,1.1829051272871605,0.4848220007339713,0.4103716094509468
1,0,0,0,0,1,0,77.30422973632812,64.17447662353516,172.0102996826172,201.68263244628903,1.1725032327623486,0.4494162842513798,0.3730850811954048
1,0,0,0,1,0,0,66.07559204101562,62.61864471435547,141.6119384765625,190.1705780029297,1.3428993349625242,0.4665961976924104,0.44218478602861
0,1,0,1,0,0,0,73.19580841064453,58.49123764038086,151.11814880371094,181.4644775390625,1.2008119406939584,0.4843614680968557,0.387056340376137
0,1,0,0,0,0,1,84.27410125732422,71.3228759765625,174.75677490234375,187.7845764160156,1.0745481914561077,0.4822365330581182,0.4081265290940429
1,0,0,0,0,1,0,80.61865997314453,68.9386978149414,163.31861877441406,201.4488525390625,1.2334714440447008,0.4936281030180648,0.422111687768826
1,0,0,0,1,0,0,81.07062530517578,61.47529220581055,184.5655975341797,192.8293304443359,1.044773961239585,0.439251010959192,0.3330809914042943
1,0,0,0,1,0,0,69.28299713134766,53.86408615112305,155.9989471435547,181.6556396484375,1.1644670875968977,0.4441247739165282,0.3452849338884048
1,0,0,0,0,1,0,72.3223648071289,57.564022064208984,160.09722900390625,189.6346435546875,1.184496725736962,0.4517402659440426,0.3595566420628334
0,1,0,1,0,0,0,74.44684600830078,66.2929916381836,153.18914794921875,196.08169555664065,1.2799972986444217,0.4859798948224416,0.4327525319232098
0,1,0,0,1,0,0,82.61906433105469,64.82711029052734,183.5124053955078,196.59800720214844,1.0713063608884554,0.4502096964670766,0.3532573732593788
1,0,1,0,0,0,0,72.87516021728516,57.06315612792969,175.72068786621094,195.90367126464844,1.1148583222813484,0.4147215737783269,0.3247378371940819
1,0,0,0,0,1,0,73.46924591064453,61.45087814331055,168.67254638671875,187.3066864013672,1.1104752398290447,0.4355732304070408,0.3643205694092087
0,1,1,0,0,0,0,83.29035186767578,77.32955932617188,176.5123748779297,199.75064086914065,1.131652333199198,0.4718669267538705,0.4380970987425132
0,1,1,0,0,0,0,77.69219207763672,63.2490119934082,160.34918212890625,186.75491333007812,1.1646764320877174,0.4845187923389545,0.3944454917304268
0,1,0,0,1,0,0,65.73694610595703,50.629276275634766,150.13706970214844,181.9893035888672,1.2121543596788538,0.4378462043809047,0.3372203572114227
0,1,0,0,0,0,1,81.85538482666016,60.58425521850586,191.591796875,186.1016540527344,0.9713445830572406,0.427238463033284,0.316215287954279
0,1,1,0,0,0,0,73.95066833496094,61.549896240234375,159.4993438720703,191.3553924560547,1.1997252641335951,0.4636424610892103,0.3858943538325883
0,1,1,0,0,0,0,84.73872375488281,70.81620025634766,168.0760955810547,200.17251586914065,1.1909636238105463,0.5041688020056223,0.4213341582664058
1,0,1,0,0,0,0,74.58124542236328,64.59532928466797,154.53933715820312,192.70701599121097,1.2469771097434907,0.4826036321484534,0.4179863229162244
0,1,1,0,0,0,0,79.99092102050781,61.817230224609375,172.7660675048828,202.37269592285156,1.171368306552049,0.4630013415003908,0.3578088632645543
1,0,1,0,0,0,0,89.33243560791016,76.90655517578125,178.42640686035156,201.25596618652344,1.1279494427304126,0.5006682428897853,0.4310267551146365
1,0,1,0,0,0,0,72.63262939453125,58.405574798583984,166.79566955566406,185.6822204589844,1.1132316621506615,0.4354587237667573,0.3501624170110275
0,1,0,0,0,1,0,63.18888473510742,48.73704147338867,149.8157501220703,185.197265625,1.2361668614554926,0.42177731435861,0.3253132026083878
1,0,1,0,0,0,0,81.71595001220703,72.34036254882812,171.7779998779297,209.29039001464844,1.218377150527868,0.4757067265323656,0.4211270511953524
0,1,0,1,0,0,0,77.58428192138672,66.25132751464844,160.61895751953125,197.14598083496097,1.227414147616965,0.4830331557341385,0.4124751432693882
1,0,0,0,1,0,0,84.95438385009766,75.81025695800781,162.45599365234375,198.97840881347656,1.224814205619836,0.522937824207953,0.4666510311724291
0,1,0,1,0,0,0,74.9235610961914,65.61186218261719,158.91078186035156,188.70318603515625,1.1874788093421238,0.4714819234986404,0.4128848994039681
1,0,0,1,0,0,0,75.068603515625,60.72445297241211,156.5581817626953,180.05426025390625,1.1500788922473906,0.4794933274672991,0.3878714755671845
0,1,1,0,0,0,0,81.20864868164062,70.21427917480469,169.6390838623047,194.82418823242188,1.1484628647874555,0.4787142610812337,0.4139039045494805
0,1,0,1,0,0,0,77.16375732421875,62.74579620361328,165.43072509765625,196.1654510498047,1.1857860801492908,0.4664415106605367,0.3792874399031588
1,0,0,0,1,0,0,74.39472198486328,54.75581359863281,169.43077087402344,181.9745635986328,1.0740349150269524,0.4390862509867104,0.3231751429576231
1,0,0,1,0,0,0,75.03218078613281,67.92657470703125,159.92657470703125,193.46466064453125,1.2097092743900648,0.4691664341813355,0.424736006704737
0,1,1,0,0,0,0,73.1441421508789,68.97161102294922,158.83218383789062,192.85731506347656,1.2142206346562174,0.4605120976333879,0.4342420368238714
1,0,0,0,0,1,0,80.56916046142578,67.57115936279297,176.09768676757812,196.3820648193359,1.1151882141332727,0.457525376626694,0.3837140657729168
0,1,0,0,0,0,1,72.78722381591797,51.53944778442383,166.13070678710938,173.75018310546875,1.045864346608261,0.438132270810069,0.3102343256172973
0,1,1,0,0,0,0,79.97126007080078,61.17320251464844,187.67117309570312,199.81068420410156,1.0646850068028717,0.4261243682321917,0.3259595040920487
0,1,0,0,1,0,0,75.39588928222656,53.188419342041016,176.19671630859375,181.03060913085935,1.0274346362607545,0.4279074596950887,0.3018695266084639
0,1,1,0,0,0,0,84.45011901855469,71.7476806640625,171.615234375,203.3778839111328,1.1850805941081408,0.4920898737580662,0.4180729113318993
1,0,0,0,1,0,0,77.39169311523438,57.13468170166016,176.41688537597656,182.90806579589844,1.0367945528915103,0.4386864270406915,0.3238617526882176
0,1,1,0,0,0,0,74.41618347167969,59.52238845825195,159.77862548828125,196.8009490966797,1.2317101145116172,0.4657455479058283,0.3725303574013881
1,0,0,0,0,1,0,89.04031372070312,82.96397399902344,188.01242065429688,193.00135803222656,1.0265351478405935,0.4735874013580399,0.4412685806092107
1,0,0,0,0,1,0,78.96162414550781,67.2076416015625,166.43922424316406,196.1111297607422,1.178274716506898,0.4744171604053297,0.4037968928728819
1,0,1,0,0,0,0,73.01676940917969,59.172122955322266,140.816650390625,204.1148223876953,1.4495077238485743,0.5185236916702064,0.4202068632592733
1,0,0,1,0,0,0,76.79060363769531,62.47832489013672,167.6490478515625,182.4425048828125,1.0882406265996107,0.4580437802765583,0.3726733058779756
1,0,0,0,1,0,0,90.2744598388672,76.8478775024414,184.807373046875,197.1041259765625,1.06653821612717,0.4884786702528895,0.4158269025497674
1,0,0,1,0,0,0,80.3541488647461,66.44088745117188,165.8188934326172,201.07388305664065,1.2126114153472494,0.4845898268968917,0.400683456967894
0,1,0,1,0,0,0,66.82102966308594,53.80506896972656,153.21035766601562,183.02378845214844,1.1945914835022011,0.4361391140979488,0.3511842788528477
1,0,1,0,0,0,0,77.84747314453125,63.355098724365234,168.7625732421875,186.27362060546875,1.1037614384923575,0.4612839899804919,0.3754096510097989
1,0,1,0,0,0,0,73.77208709716797,64.24531555175781,155.51058959960938,178.01416015625,1.144707640904585,0.4743862606855763,0.4131250207279722
0,1,0,0,0,1,0,79.58672332763672,63.830352783203125,169.84042358398438,178.35084533691406,1.050108340366458,0.4685970609834348,0.3758254450633754
0,1,0,0,0,1,0,80.16165924072266,66.75651550292969,173.45436096191406,198.2386779785156,1.142886675660138,0.4621484221911492,0.3848650165537644
0,1,0,0,1,0,0,75.72213745117188,63.43500900268555,149.47935485839844,188.50848388671875,1.2611004647785145,0.5065725465761031,0.424373045112333
1,0,0,1,0,0,0,68.56524658203125,55.113155364990234,147.87298583984375,198.01454162597656,1.3390853001402123,0.4636766221539068,0.3727060426350045
0,1,1,0,0,0,0,69.91516876220703,52.973018646240234,161.17364501953125,178.8453369140625,1.109643806171845,0.433787848836791,0.3286704761179837
0,1,0,0,0,1,0,78.65869903564453,66.97634887695312,176.64593505859375,187.8634796142578,1.0635029872153197,0.445290173303752,0.3791559021991474
0,1,0,0,1,0,0,71.96713256835938,55.65918731689453,158.51614379882812,174.38906860351562,1.1001344369367938,0.4540050675197627,0.3511263016057927
1,0,0,0,1,0,0,79.34845733642578,62.03633117675781,178.80926513671875,193.51010131835935,1.0822151814694851,0.4437603234695664,0.3469413686663519
0,1,0,0,0,0,1,87.15690612792969,75.02351379394531,166.38284301757812,199.82823181152344,1.201014649030921,0.5238334947715834,0.4509089545129312
0,1,1,0,0,0,0,84.47529602050781,75.08073425292969,169.72955322265625,200.36146545410156,1.1804748298091698,0.4977052871263416,0.4423551045022581
1,0,1,0,0,0,0,70.26082611083984,56.569427490234375,155.05516052246094,184.9364318847656,1.192713813984773,0.4531343934255062,0.3648342131898271
1,0,0,1,0,0,0,72.84720611572266,62.57487106323242,155.68165588378906,186.84751892089844,1.2001896938992838,0.4679241475315535,0.4019411966554517
0,1,1,0,0,0,0,67.8367691040039,48.250858306884766,166.46827697753906,185.0865478515625,1.1118427559416353,0.4075056841800367,0.289850169551494
1,0,0,0,0,1,0,79.4048080444336,63.3723258972168,178.71144104003906,195.07736206054688,1.0915773546744618,0.4443185482827789,0.354606988385364
0,1,1,0,0,0,0,78.66773986816406,63.961952209472656,162.70516967773438,184.77926635742188,1.1356693012484425,0.4834987113438317,0.3931156725761101
1,0,0,1,0,0,0,76.54681396484375,56.36092376708984,173.12928771972656,198.6923828125,1.1476532100920829,0.4421367116623441,0.3255423996102307
0,1,0,0,1,0,0,84.15422821044922,68.47517395019531,183.01254272460935,198.7261199951172,1.0858606576170742,0.4598276542011738,0.374155633984247
0,1,1,0,0,0,0,84.99899291992188,71.25428771972656,173.32833862304688,203.66915893554688,1.1750482382369394,0.4903929362917222,0.4110942750953716
1,0,0,0,0,1,0,81.25070190429688,73.78324890136719,173.18299865722656,196.54623413085935,1.1349049020676365,0.4691609599918799,0.4260421027089565
1,0,0,0,1,0,0,72.86872863769531,62.80046844482422,157.88148498535156,192.2524871826172,1.2177012852422475,0.4615406844219648,0.3977696843341125
0,1,0,1,0,0,0,83.66999816894531,71.86360168457031,169.49111938476562,196.3675994873047,1.158571612483874,0.4936541718094631,0.4239962656770891
1,0,0,0,0,1,0,76.75382995605469,65.03780364990234,161.5263214111328,197.98605346679688,1.2257200667800954,0.4751784680386129,0.4026452350410536
1,0,1,0,0,0,0,77.2703628540039,68.13875579833984,160.69314575195312,195.9252014160156,1.2192505193622063,0.4808566195678245,0.4240302564212616
1,0,0,0,0,1,0,76.10971069335938,65.86769104003906,157.13121032714844,206.9817047119141,1.3172539324363155,0.4843704222407397,0.4191891025525864
0,1,0,1,0,0,0,80.5487289428711,71.45703887939453,170.12548828125,194.90768432617188,1.1456700950298062,0.473466555521114,0.4200254741444877
1,0,1,0,0,0,0,64.8117904663086,56.68636703491211,141.98196411132812,197.22804260253903,1.3891063124601688,0.4564790385311872,0.3992504779724297
0,1,1,0,0,0,0,84.79052734375,75.9037094116211,176.1347198486328,199.90492248535156,1.134954667978843,0.4813958736620329,0.4309412106644928
0,1,1,0,0,0,0,93.08416748046876,79.78874206542969,178.50758361816406,198.8486785888672,1.1139508728896004,0.521457775595574,0.4469767639457911
0,1,0,0,0,1,0,76.95245361328125,54.054710388183594,185.31678771972656,186.389404296875,1.0057880162415218,0.4152481518817619,0.2916881468393248
1,0,1,0,0,0,0,71.9142837524414,61.56331634521485,156.3197021484375,197.16619873046875,1.2613010133760645,0.4600461922845356,0.3938295397131436
0,1,0,1,0,0,0,83.07078552246094,69.57202911376953,178.28985595703125,191.702392578125,1.075228826391145,0.4659310821501892,0.3902186624153016
1,0,1,0,0,0,0,73.11823272705078,59.78274917602539,158.83349609375,191.21389770507812,1.2038638096350651,0.4603451697864373,0.3763862827821858
1,0,1,0,0,0,0,81.4408950805664,59.20329284667969,185.62277221679688,201.5299530029297,1.0856962785123914,0.438744094315368,0.3189441259800473
0,1,0,1,0,0,0,73.27703094482422,55.43114471435547,162.60145568847656,194.3419647216797,1.195204335033838,0.4506542123781079,0.3409018970934331
0,1,0,1,0,0,0,82.49372863769531,70.06224822998047,157.8299102783203,202.88595581054688,1.2854721608393105,0.522674875074213,0.4439098273985669
0,1,0,1,0,0,0,76.43605041503906,61.681671142578125,164.3770751953125,189.21617126464844,1.151110463790782,0.4650043220699596,0.375244972994489
1,0,0,0,0,1,0,77.51536560058594,61.4559326171875,176.2215576171875,199.1577911376953,1.130155662171214,0.4398744776105962,0.3487424208943293
1,0,1,0,0,0,0,86.4102783203125,76.14937591552734,168.66696166992188,201.59124755859375,1.1952029346037791,0.5123130070334451,0.4514777236845605
1,0,1,0,0,0,0,78.49851989746094,64.18289947509766,177.1141815185547,197.0676116943359,1.1126585686403143,0.4432085518190837,0.3623814813969246
0,1,0,1,0,0,0,76.70353698730469,63.79801940917969,163.82772827148438,200.7212371826172,1.2251969755082934,0.4681963047195326,0.3894213762364932
0,1,1,0,0,0,0,78.02069091796875,62.80110168457031,168.00894165039062,200.14695739746097,1.1912875316716551,0.4643841580784539,0.3737961864866274
1,0,0,1,0,0,0,90.07289123535156,80.45413970947266,185.70066833496097,185.333251953125,0.9980214590225748,0.485043441377825,0.4332463659438857
1,0,0,1,0,0,0,82.5274887084961,66.05073547363281,184.12640380859375,214.30960083007812,1.1639265004755153,0.4482110495911628,0.3587249525727717
1,0,1,0,0,0,0,73.85816955566406,58.68744659423828,157.79600524902344,191.4950714111328,1.2135609587132938,0.4680610858247386,0.3719197231997195
0,1,0,1,0,0,0,78.76485443115234,64.31890106201172,167.79281616210938,191.49105834960935,1.1412351418227848,0.4694173221042753,0.3833233301232123
1,0,0,1,0,0,0,77.61225128173828,60.82697677612305,170.72799682617188,194.560302734375,1.1395922540605228,0.4545959228981046,0.3562800355354402
0,1,0,0,0,0,1,77.8323745727539,68.19064331054688,165.67788696289062,196.101318359375,1.1836300061172242,0.4697813087765128,0.4115856651758273
1,0,1,0,0,0,0,70.82011413574219,63.46239471435547,146.2197723388672,200.34030151367188,1.3701314008982266,0.4843402024427666,0.4340206095197585
0,1,0,0,0,1,0,82.5398178100586,72.75132751464844,171.4273681640625,188.94757080078125,1.1022018994070495,0.4814856501271422,0.4243857226170716
0,1,1,0,0,0,0,74.43665313720703,60.312259674072266,164.01649475097656,182.94032287597656,1.1153775914656128,0.4538363854819781,0.3677206964192433
1,0,1,0,0,0,0,88.71121978759766,74.01505279541016,171.77490234375,202.1241149902344,1.1766801333162782,0.5164387729359428,0.4308839753976037
0,1,1,0,0,0,0,76.98104858398438,67.81486511230469,163.45631408691406,189.4599609375,1.1590862182097117,0.4709579376851206,0.4148806700501378
1,0,1,0,0,0,0,85.9099349975586,73.15117645263672,174.93467712402344,200.2885284423828,1.1449332501433336,0.4910972278906773,0.4181628117149965
1,0,1,0,0,0,0,84.23040771484375,72.64968872070312,165.46170043945312,202.9705810546875,1.2266922225240873,0.5090628676674691,0.4390725378002965
1,0,0,0,0,1,0,73.7738265991211,60.43729019165039,154.4569549560547,187.08596801757812,1.2112498791058446,0.4776335686541978,0.3912888882785867
1,0,0,1,0,0,0,81.25298309326172,70.0002212524414,179.2897491455078,196.8005828857422,1.0976677909567654,0.4531936905512567,0.3904306943707679
1,0,1,0,0,0,0,87.00035858154297,74.77537536621094,172.82469177246094,201.0821075439453,1.1635033482871058,0.5034023650745848,0.4326660420992352
1,0,1,0,0,0,0,81.88461303710938,72.56958770751953,174.5510711669922,200.3338623046875,1.1477091544916904,0.4691155000634213,0.4157498846746838
1,0,0,0,0,1,0,81.02882385253906,69.67704772949219,174.00132751464844,203.42669677734375,1.169110027394579,0.4656793428528158,0.4004397479302355
0,1,1,0,0,0,0,79.92315673828125,71.34598541259766,178.35145568847656,196.0476226806641,1.0992207600654358,0.4481216956136408,0.4000302948870597
0,1,1,0,0,0,0,81.66083526611328,70.4141845703125,175.7705841064453,209.40750122070312,1.1913682956978031,0.4645876082237976,0.4006027796304654
0,1,0,0,0,1,0,68.84820556640625,59.0025520324707,164.23800659179688,201.7444610595703,1.2283664740341944,0.4191977666748239,0.359250293259573
0,1,1,0,0,0,0,75.15502166748047,62.40593719482422,162.69422912597656,201.0945281982422,1.2360274195253214,0.4619403040367634,0.3835780625414954
0,1,0,1,0,0,0,78.6697769165039,62.444339752197266,174.88406372070312,186.0144500732422,1.0636443716810855,0.4498395979758493,0.3570613492371917
1,0,0,1,0,0,0,70.66155242919922,62.19791030883789,153.53053283691406,193.52357482910156,1.2604891760173178,0.4602442987953321,0.4051175304322487
1,0,0,0,0,0,1,81.52728271484375,70.49830627441406,172.6427764892578,202.08447265625,1.1705353491509916,0.4722310679469207,0.4083478481290563
0,1,0,1,0,0,0,86.55059051513672,78.27449035644531,177.01112365722656,193.62750244140625,1.0938719468068938,0.4889556584180423,0.442200968725672
1,0,0,1,0,0,0,73.42971801757812,59.22660827636719,155.97113037109375,192.5714569091797,1.2346609045597396,0.470790445916951,0.3797280184829878
1,0,0,0,0,1,0,76.23047637939453,65.55972290039062,167.35081481933594,185.3877410888672,1.1077791362354767,0.4555130278970518,0.3917502461590391
1,0,1,0,0,0,0,85.22844696044922,65.62592315673828,191.19187927246097,203.489501953125,1.064320842116621,0.445774408854432,0.3432463941798335
0,1,1,0,0,0,0,79.75367736816406,64.71647644042969,165.68380737304688,191.14407348632812,1.1536677996296645,0.4813607233722843,0.3906023012539585
1,0,1,0,0,0,0,68.49850463867188,59.28470230102539,147.40982055664062,179.75144958496094,1.2193994192937327,0.4646807409439323,0.4021760699331825
0,1,1,0,0,0,0,75.87006378173828,61.78080368041992,149.51223754882812,180.1964111328125,1.2052285089637793,0.5074505272985459,0.4132156985493804
1,0,0,0,0,0,1,69.53886413574219,59.5957145690918,156.30670166015625,195.92974853515625,1.2534955088563564,0.4448872850438259,0.3812742124049514
0,1,1,0,0,0,0,73.2830810546875,63.99251937866211,157.74765014648438,188.5803680419922,1.1954559568201273,0.4645589394620894,0.4056638518497023
1,0,0,0,1,0,0,70.6413345336914,60.11891174316406,154.35325622558594,193.47116088867188,1.2534310297018645,0.4576601508843436,0.3894891057905562
0,1,0,0,0,1,0,79.40589904785156,66.47325897216797,163.34104919433594,201.8431701660156,1.2357161360330895,0.4861356005701784,0.4069599117921731
0,1,0,1,0,0,0,74.52896118164062,61.55033874511719,157.47279357910156,191.9844665527344,1.219159590613962,0.4732815077939372,0.39086331896563
1,0,0,0,1,0,0,81.7624740600586,63.24664306640625,192.1761474609375,188.35252380371097,0.9801035471480468,0.4254558910682605,0.3291076645152438
0,1,0,1,0,0,0,75.3521728515625,62.96413803100586,158.82647705078125,193.8772735595703,1.2206861044810706,0.474430801782944,0.3964335115918643
0,1,1,0,0,0,0,76.15118408203125,63.7896614074707,169.7734832763672,184.66799926757812,1.0877316981649294,0.4485458071097469,0.3757339495922939
0,1,1,0,0,0,0,74.69672393798828,61.465606689453125,159.97572326660156,189.7548065185547,1.1861475144095828,0.466925371004607,0.3842183390977386
1,0,1,0,0,0,0,77.16018676757812,58.81698226928711,182.06443786621097,202.1154937744141,1.1101316442859508,0.4238070194920705,0.3230558529640392
1,0,1,0,0,0,0,76.27034759521484,60.851951599121094,158.49456787109375,187.20159912109375,1.1811231238748063,0.4812174235349616,0.3839371431872226
1,0,0,0,0,1,0,72.33073425292969,59.66908264160156,166.87327575683594,191.97605895996097,1.1504302177162522,0.4334470808754809,0.3575712310493025
0,1,0,1,0,0,0,73.23661041259766,55.431758880615234,154.14776611328125,194.1460418701172,1.2594800869669542,0.4751065309553496,0.3596014413850093
0,1,0,0,1,0,0,79.46761322021484,62.8361930847168,182.5770263671875,181.461669921875,0.9938910361971316,0.4352552717141671,0.3441626492390372
1,0,0,0,1,0,0,83.07769775390625,66.24006652832031,188.0699157714844,199.6180419921875,1.0614033678556791,0.4417383684844649,0.3522097952593638
0,1,0,1,0,0,0,77.56295013427734,68.75906372070312,172.8889617919922,187.4349365234375,1.084134779807088,0.4486286997754988,0.3977064990616878
0,1,0,0,0,1,0,77.24250030517578,61.80315780639648,164.80506896972656,191.2657928466797,1.1605577064004855,0.468690076027726,0.3750076268451988
1,0,0,1,0,0,0,69.9825668334961,56.284236907958984,155.3856964111328,188.7328186035156,1.2146086992727445,0.4503797225217578,0.3622227670109179
0,1,0,0,0,0,1,80.33150482177734,69.34711456298828,154.60214233398438,195.44122314453125,1.264155982536923,0.5196014984594364,0.4485520932380024
1,0,0,0,0,0,1,87.23277282714844,75.03933715820312,173.36386108398438,202.9967498779297,1.1709288695386748,0.5031773766557345,0.43284301981398
1,0,1,0,0,0,0,68.56979370117188,59.08915710449219,147.50221252441406,170.28399658203125,1.154450456489569,0.4648729841243733,0.4005984459027145
1,0,0,1,0,0,0,71.8399429321289,64.76677703857422,158.83140563964844,189.06204223632812,1.1903316064913887,0.4523031364157102,0.4077705966130841
1,0,0,0,0,0,1,79.59628295898438,58.70269012451172,187.687255859375,190.48263549804688,1.0148938169822586,0.4240899713437231,0.3127686525956499
1,0,0,0,0,0,1,79.83995819091797,65.7772445678711,180.89031982421875,201.08499145507812,1.1116404219445444,0.4413721987362448,0.3636305393886778
0,1,1,0,0,0,0,72.043701171875,57.704490661621094,159.3411407470703,183.3836669921875,1.1508871226375932,0.4521349654841078,0.3621443300272222
0,1,0,0,0,1,0,73.21338653564453,61.504364013671875,163.90708923339844,183.46212768554688,1.119305629449027,0.4466761436498394,0.3752391937489148
1,0,1,0,0,0,0,65.87419891357422,54.32018280029297,141.85398864746094,185.60064697265625,1.308392162549025,0.4643803078197993,0.3829302462216331
0,1,0,0,0,0,1,75.99314880371094,72.30056762695312,155.87725830078125,196.99761962890625,1.2637996188563891,0.487519152133625,0.4638301213089194
1,0,1,0,0,0,0,80.72430419921875,72.71823120117188,168.29656982421875,192.7425079345703,1.145255118009147,0.4796550772456807,0.4320838581387851
1,0,1,0,0,0,0,73.51799774169922,61.904266357421875,156.64552307128906,190.67709350585935,1.2172521101613774,0.4693271553521598,0.3951869491300391
1,0,0,0,0,0,1,80.8429946899414,54.99088287353515,193.50132751464844,200.11817932128903,1.034195381972972,0.4177903879435733,0.2841886594776577
0,1,1,0,0,0,0,90.48773193359376,79.73103332519531,177.5654754638672,204.27589416503903,1.1504257436947936,0.5096020591683496,0.4490232862942987
1,0,1,0,0,0,0,82.25297546386719,73.54997253417969,175.14566040039062,195.6708984375,1.1171895323594532,0.4696261116366417,0.4199360256259917
1,0,0,1,0,0,0,68.77802276611328,58.81875991821289,146.67050170898438,188.90614318847656,1.2879627531600992,0.468928802756664,0.4010265133947511
0,1,1,0,0,0,0,82.57353210449219,69.3499984741211,181.33758544921875,194.4281005859375,1.072188648063722,0.4553580654553043,0.3824358767230948
1,0,1,0,0,0,0,81.46846771240234,67.17671966552734,191.84716796875,193.2523956298828,1.0073247245503345,0.4246529598272347,0.3501574736639832
1,0,0,0,0,1,0,66.11438751220703,54.66315460205078,151.9477081298828,179.0130157470703,1.1781225130033053,0.4351127656081088,0.359749780202841
1,0,0,0,1,0,0,79.46147918701172,67.27730560302734,162.099365234375,194.1589202880859,1.1977771782595008,0.4902022847043266,0.4150374401883249
1,0,0,0,0,0,1,81.86708068847656,69.6451416015625,164.0347900390625,195.73953247070312,1.1932805987320776,0.4990836435915887,0.4245754305228636
1,0,1,0,0,0,0,79.39181518554688,68.79035949707031,177.4824676513672,197.31105041503903,1.1117213605719165,0.4473220157243813,0.3875896048064689
0,1,1,0,0,0,0,83.89157104492188,73.6803207397461,177.85792541503906,197.66893005371097,1.1113866845823264,0.4716774405703727,0.4142650408623058
1,0,1,0,0,0,0,75.226318359375,57.0965576171875,171.77273559570312,189.8577880859375,1.105284767268309,0.4379409694937453,0.332395926624666
0,1,0,1,0,0,0,69.45598602294922,65.14070892333984,147.32020568847656,193.7406463623047,1.3150989401412378,0.4714627277253529,0.4421709066920966
1,0,0,0,0,0,1,83.0321044921875,67.1595458984375,188.26942443847656,196.3033905029297,1.04267270741606,0.4410280890794408,0.3567204079937269
0,1,0,0,1,0,0,79.47262573242188,63.665740966796875,164.81431579589844,189.34922790527344,1.1488639623984993,0.4821949194682737,0.3862876878100734
0,1,0,1,0,0,0,81.43179321289062,71.64128875732422,172.69261169433594,199.74273681640625,1.1566374198448557,0.4715418477602506,0.4148486032750986
1,0,0,1,0,0,0,66.5933837890625,54.83824920654297,148.3060302734375,183.70005798339844,1.2386553509975529,0.4490268107526156,0.3697641229114931
1,0,1,0,0,0,0,71.91051483154297,59.649959564208984,161.18247985839844,182.17312622070312,1.130229081850244,0.4461434945951792,0.3700771921154985
1,0,0,1,0,0,0,78.97706604003906,68.17900085449219,168.36990356445312,206.61154174804688,1.227128705154568,0.4690687846703322,0.4049357955971793
1,0,0,1,0,0,0,69.4832763671875,57.73093032836914,158.21478271484375,184.7424163818359,1.1676684897061982,0.4391705703784945,0.3648896097934141
0,1,0,1,0,0,0,66.12491607666016,55.83015060424805,161.13795471191406,198.671875,1.232930350612864,0.4103621409051624,0.3464742413049886
0,1,1,0,0,0,0,73.79171752929688,64.37489318847656,161.82852172851562,196.5545196533203,1.2145851519490565,0.4559870951122586,0.3977969550786123
0,1,1,0,0,0,0,84.68451690673828,71.90739440917969,175.4590606689453,200.69293212890625,1.1438162917535049,0.4826454477977647,0.4098243438385547
1,0,0,0,1,0,0,74.3183822631836,64.98466491699219,162.05690002441406,197.7170562744141,1.220047133103421,0.4585943718039,0.400999062102275
1,0,1,0,0,0,0,81.84184265136719,75.00479125976562,167.78439331054688,204.35711669921875,1.2179745247281764,0.4877798288419393,0.4470307981561885
0,1,0,0,0,1,0,77.53315734863281,65.23390197753906,173.7338409423828,196.2177276611328,1.129415700457613,0.4462755035407635,0.3754818383320799
1,0,0,0,0,1,0,75.46234893798828,62.57262420654297,164.68756103515625,190.91876220703125,1.159278581861294,0.4582152317009488,0.3799474824524569
0,1,0,0,0,0,1,83.0528564453125,70.69355010986328,188.59423828125,192.92453002929688,1.0229608909981074,0.4403785460373187,0.3748446970285392
0,1,0,0,0,1,0,86.54962921142578,72.88663482666016,186.0326690673828,198.0736541748047,1.0647251107441806,0.465238872534139,0.3917948132016529
1,0,1,0,0,0,0,88.6319580078125,76.76850891113281,182.2444610595703,207.34405517578125,1.1377248667546973,0.486335537949992,0.4212391886414559
0,1,0,1,0,0,0,81.39722442626953,72.03517150878906,173.92247009277344,198.6821746826172,1.1423605850160503,0.4680086729612956,0.4141797863747231
1,0,0,1,0,0,0,80.3807144165039,72.42811584472656,159.86553955078125,206.34109497070312,1.290716533097234,0.5028020087529307,0.4530564626263297
0,1,0,0,0,1,0,78.34828186035156,62.91419219970703,172.15284729003906,193.96560668945312,1.1267057718927207,0.4551088355126199,0.3654554263265288
1,0,0,0,1,0,0,81.9605941772461,57.426300048828125,191.366455078125,195.75064086914065,1.022909897083195,0.4282913332108589,0.3000855088494163
1,0,1,0,0,0,0,72.65385437011719,53.98276901245117,170.97821044921875,183.7628173828125,1.0747733111722493,0.4249304878044427,0.3157289392058778
0,1,1,0,0,0,0,81.02658081054688,72.45989227294922,169.32347106933594,195.22952270507812,1.152997404743339,0.4785313004678924,0.4279376734680672
1,0,1,0,0,0,0,79.92399597167969,64.41028594970703,178.42652893066406,195.7168884277344,1.0969046452940263,0.4479378512302835,0.3609905227419216
0,1,1,0,0,0,0,79.0007553100586,66.87064361572266,175.28384399414062,190.57757568359375,1.0872512340039984,0.450701864529508,0.381499184933199
1,0,1,0,0,0,0,73.83824157714844,58.66312789916992,160.5036163330078,190.74615478515625,1.1884227853745188,0.4600409838987752,0.3654941193191406
1,0,0,1,0,0,0,67.10250091552734,51.89143371582031,155.59872436523438,177.05345153808594,1.137884981129352,0.431253541372349,0.3334952386500058
0,1,0,1,0,0,0,71.38578033447266,52.79111099243164,163.96517944335938,192.10797119140625,1.171638831144442,0.4353715866796729,0.3219653780860708
0,1,0,0,1,0,0,73.6367416381836,65.12872314453125,160.34466552734375,180.18460083007812,1.1237330549007325,0.4592403582370892,0.4061795441110248
0,1,0,1,0,0,0,70.98027801513672,60.380855560302734,160.5008544921875,184.8039703369141,1.1514204763683022,0.442242368364411,0.3762027046606273
1,0,0,1,0,0,0,73.24224853515625,55.14926528930664,172.8178253173828,182.34068298339844,1.0551034457731818,0.4238118863065522,0.3191179219390366
1,0,0,0,1,0,0,80.15680694580078,69.97476959228516,176.58453369140625,187.38235473632812,1.0611481697700198,0.4539288083172695,0.3962678278187768
1,0,1,0,0,0,0,77.51525115966797,58.35544204711914,164.58839416503906,193.03515625,1.172835771496964,0.4709642593750593,0.3545538088706541
1,0,1,0,0,0,0,72.46876525878906,56.21842956542969,159.2346649169922,190.66571044921875,1.1973882103410796,0.4551067149641472,0.3530539634365163
0,1,1,0,0,0,0,71.00678253173828,53.4909553527832,161.26832580566406,183.5078125,1.1379036248019063,0.4403021000993388,0.3316891589563739
1,0,1,0,0,0,0,78.62891387939453,59.88518142700195,180.80130004882812,186.2552947998047,1.0301656832639126,0.4348913080722296,0.3312209669445355
1,0,1,0,0,0,0,72.65265655517578,55.03656005859375,169.29150390625,175.1758270263672,1.0347585258819356,0.429157133575996,0.3250993628662654
1,0,0,0,0,1,0,78.46044158935547,64.30928039550781,171.54388427734375,193.6787567138672,1.1290332938989354,0.4573782500022237,0.3748852992715014
0,1,0,0,0,1,0,69.92838287353516,57.85231018066406,161.793701171875,182.8238525390625,1.12998127377559,0.4322070783166618,0.3575683710900896
1,0,1,0,0,0,0,86.67633819580078,74.7880859375,168.34915161132812,204.32720947265625,1.2137109543883629,0.5148605583466949,0.4442439134481955
1,0,0,0,0,1,0,79.7971420288086,65.59278106689453,177.86306762695312,195.8338928222656,1.1010374184763538,0.4486436846809238,0.3687824681201815
1,0,1,0,0,0,0,84.24311828613281,75.07804870605469,187.4794158935547,197.58164978027344,1.053884496271604,0.4493459609131894,0.400460223050203
0,1,0,1,0,0,0,73.53550720214844,64.0703125,152.26133728027344,196.1877899169922,1.2884938055933504,0.4829558738656599,0.420791736395059
1,0,0,0,0,1,0,78.87281799316406,66.47733306884766,168.6865997314453,200.16864013671875,1.186630357452186,0.4675701455760696,0.3940878123969644
1,0,0,1,0,0,0,76.67093658447266,55.918663024902344,186.49411010742188,189.57345581054688,1.0165117584751135,0.4111172011829739,0.2998414426744781
1,0,1,0,0,0,0,71.384521484375,56.12575149536133,162.73779296875,194.84112548828125,1.1972702955710843,0.4386474719986078,0.3448845561408035
0,1,1,0,0,0,0,83.77932739257812,75.80897521972656,178.57879638671875,195.9919586181641,1.0975096852693336,0.4691448765907852,0.4245127459340667
1,0,0,0,1,0,0,81.34205627441406,65.23763275146484,163.58151245117188,196.8111267089844,1.2031379570948235,0.4972570252930886,0.3988081035192647
1,0,1,0,0,0,0,80.68297576904297,65.44087982177734,164.01893615722656,200.8922882080078,1.2248115547794731,0.4919125660692083,0.3989836866094931
0,1,1,0,0,0,0,75.28475189208984,58.76224899291992,159.74449157714844,189.11331176757812,1.1838487192921203,0.4712823030628956,0.3678514884160544
1,0,0,0,0,1,0,79.2469711303711,64.22232818603516,178.15533447265625,189.48382568359375,1.0635877182374027,0.4448195242929093,0.3604850136883898
0,1,1,0,0,0,0,79.7345199584961,65.1458969116211,174.37286376953125,197.4840087890625,1.1325386560725257,0.4572644976679472,0.373601118335273
1,0,0,0,1,0,0,74.3893814086914,57.58945083618164,159.14634704589844,192.16310119628903,1.2074615896830383,0.4674275142943571,0.3618647358558133
1,0,0,0,0,1,0,83.52810668945312,75.07994842529297,159.47535705566406,187.56735229492188,1.1761525777895103,0.5237681120870484,0.4707934179390907
1,0,0,0,0,0,1,74.13638305664062,62.0324821472168,157.4521484375,200.7821502685547,1.2751947322475206,0.4708502474710198,0.3939767272965496
0,1,1,0,0,0,0,80.48908996582031,69.23712921142578,171.65309143066406,204.07516479492188,1.188881383341436,0.4689055658419779,0.4033549797114651
0,1,0,0,0,1,0,72.21963500976562,63.71718215942383,154.321533203125,190.0032501220703,1.2312167082475745,0.4679815804752721,0.4128858807769644
0,1,0,0,0,1,0,65.54087829589844,55.400386810302734,149.586669921875,196.3013153076172,1.312291499036244,0.4381465161977911,0.3703564417821242
1,0,1,0,0,0,0,80.10436248779297,63.624393463134766,165.5506134033203,186.6287384033203,1.1273213343441302,0.4838662982941649,0.3843198895804194
1,0,1,0,0,0,0,74.20234680175781,63.94418716430664,159.44969177246094,192.39385986328125,1.2066116762259569,0.4653652570720963,0.4010304846217999
0,1,1,0,0,0,0,67.20120239257812,53.17759704589844,148.259521484375,187.76516723632812,1.2664627900887742,0.4532673633353148,0.3586791358388594
0,1,1,0,0,0,0,76.8736801147461,61.35638046264648,172.89462280273438,194.3073883056641,1.123848649285992,0.444627362427898,0.3548773204627166
1,0,1,0,0,0,0,78.53877258300781,64.83336639404297,163.17454528808594,201.53961181640625,1.2351167362567883,0.4813175513640745,0.3973252462850695
0,1,1,0,0,0,0,80.45834350585938,70.22067260742188,158.70591735839844,193.068359375,1.2165164512360456,0.5069649881054146,0.4424578098675784
1,0,1,0,0,0,0,85.18330383300781,75.71218872070312,181.97775268554688,204.09129333496097,1.1215178246959987,0.4680973502305113,0.4160518942748564
1,0,1,0,0,0,0,82.44326782226562,71.9586181640625,166.85354614257812,195.1363525390625,1.1695067743559755,0.4941055777850653,0.4312681380027314
1,0,0,0,1,0,0,84.6762466430664,72.16265869140625,169.67974853515625,199.99057006835935,1.178635469435075,0.4990356679219275,0.4252873976675816
1,0,1,0,0,0,0,81.25364685058594,67.23939514160156,171.43374633789062,192.54083251953125,1.12312095274427,0.4739652990516669,0.3922179651203258
1,0,0,1,0,0,0,80.50208282470703,65.78291320800781,180.71334838867188,197.5655975341797,1.0932540362721994,0.4454683815141646,0.3640180086006942
1,0,0,1,0,0,0,74.77130126953125,62.2301025390625,161.14993286132812,197.4290771484375,1.2251266484754175,0.4639859287677957,0.3861627580857412
0,1,0,1,0,0,0,70.81995391845703,61.61051177978515,155.02420043945312,188.62510681152344,1.2167462001211458,0.4568316025349652,0.3974251220463349
1,0,1,0,0,0,0,89.3438720703125,81.53192138671875,171.01300048828125,208.86691284179688,1.2213510800081515,0.5224390649553853,0.4767586157422327
1,0,1,0,0,0,0,82.76373291015625,68.58589172363281,168.7432403564453,198.81202697753903,1.1781925400838449,0.4904713974635666,0.4064511951930944
0,1,1,0,0,0,0,75.55322265625,63.33830642700195,159.24765014648438,196.87586975097656,1.2362874401592725,0.4744385401401664,0.3977346376460817
1,0,0,1,0,0,0,76.6666259765625,65.65565490722656,161.20773315429688,195.40206909179688,1.2121134964708644,0.4755766021669849,0.4072736066847706
1,0,1,0,0,0,0,75.56452941894531,63.84379577636719,158.89620971679688,200.8238983154297,1.2638683998401294,0.4755590429351657,0.4017955865036488
0,1,0,0,0,1,0,79.81375122070312,70.00961303710938,182.5079803466797,190.2890625,1.04263420228825,0.4373165001831393,0.3835975440861484
0,1,1,0,0,0,0,82.41679382324219,75.04816436767578,171.137939453125,203.91036987304688,1.1914971661143454,0.481581080656965,0.4385244125732366
1,0,1,0,0,0,0,77.6981430053711,67.73961639404297,157.86856079101562,201.0930328369141,1.273800380704797,0.4921698317642035,0.4290887055321661
0,1,1,0,0,0,0,75.73491668701172,62.318450927734375,164.70228576660156,189.51547241210935,1.1506547801083369,0.4598291780499945,0.3783702857411791
1,0,0,0,0,1,0,81.23562622070312,70.44495391845703,174.58628845214844,187.37144470214844,1.0732311590065349,0.4653035867875078,0.403496486138801
0,1,1,0,0,0,0,86.01043701171875,71.22403717041016,170.33665466308594,194.87306213378903,1.1440465501640524,0.5049437960481343,0.4181368790603899
0,1,1,0,0,0,0,75.23853302001953,58.275245666503906,170.60098266601562,189.32958984375,1.1097801834729126,0.4410205137406124,0.3415879835850005
1,0,0,0,0,0,1,74.32329559326172,61.880226135253906,160.0933837890625,196.9073944091797,1.229953354403596,0.4642496387682665,0.3865258180612054
0,1,1,0,0,0,0,83.43546295166016,72.91427612304688,177.0897216796875,201.95562744140625,1.1404141670440655,0.4711479704201847,0.4117363528016108
1,0,1,0,0,0,0,83.00962829589844,70.60667419433594,173.7211151123047,204.58502197265625,1.1776635318072828,0.4778326931774274,0.4064369155625738
1,0,0,0,0,1,0,84.35760498046875,73.7752914428711,179.2125244140625,195.50437927246097,1.0909080150043358,0.4707126650677845,0.4116637031037886
1,0,1,0,0,0,0,83.25069427490234,70.53119659423828,183.19886779785156,198.162353515625,1.081678920277415,0.4544279955199519,0.3849979939399244
0,1,1,0,0,0,0,80.4695816040039,64.30554962158203,180.22520446777344,188.5726776123047,1.0463169020625185,0.4464946056887004,0.3568066398453202
1,0,1,0,0,0,0,76.84703826904297,65.36054229736328,162.5577850341797,195.10516357421875,1.200220361843609,0.472736745600249,0.4020757436109286
1,0,0,0,0,0,1,80.70133209228516,67.2197494506836,160.736328125,201.58872985839844,1.2541578634397366,0.5020727612337024,0.4181988616687121
0,1,0,0,0,1,0,82.87069702148438,64.59712219238281,189.71075439453125,191.27276611328125,1.0082336487656445,0.4368265641342749,0.3405032171135836
1,0,0,0,0,1,0,76.41644287109375,60.80768585205078,173.64630126953125,185.10693359375,1.0659998643243758,0.4400695109104642,0.3501812904017228
1,0,0,1,0,0,0,79.5523452758789,75.24385070800781,164.35325622558594,197.9674072265625,1.2045237908450008,0.4840326690375269,0.4578178275015771
0,1,1,0,0,0,0,74.50648498535156,57.62846755981445,156.85317993164062,201.4600830078125,1.2843863484030884,0.4750078067771581,0.3674038842242787
1,0,1,0,0,0,0,79.19255828857422,67.89556121826172,169.43031311035156,195.45655822753903,1.1536103229664478,0.467404898419773,0.4007285353597895
0,1,1,0,0,0,0,80.84685516357422,70.32115173339844,166.16578674316406,193.89320373535156,1.1668659808715298,0.4865433296959983,0.4231987409182558
0,1,0,0,1,0,0,77.5956802368164,68.02765655517578,172.9530792236328,198.3119659423828,1.1466229270538764,0.4486516261238875,0.3933301266479
0,1,0,0,0,1,0,83.4723892211914,66.20764923095703,187.2315368652344,190.37901306152344,1.016810609200706,0.4458244087440953,0.3536137679551923
0,1,0,0,0,1,0,77.25218200683594,66.95015716552734,161.34127807617188,187.02316284179688,1.1591773975752204,0.4788122601233139,0.4149598786115917
1,0,1,0,0,0,0,77.66029357910156,67.00113677978516,163.73715209960938,196.7091064453125,1.2013712460666512,0.474298548516692,0.409199353479808
1,0,1,0,0,0,0,87.49210357666016,76.40953063964844,171.8516082763672,202.80465698242188,1.1801149783613127,0.5091142553403264,0.4446250541732996
0,1,0,1,0,0,0,72.06749725341797,57.67617416381836,160.66354370117188,183.43507385253903,1.14173427043114,0.4485616064056248,0.358987314951137
1,0,1,0,0,0,0,72.09529113769531,62.278133392333984,151.8936004638672,185.32357788085935,1.220088122968318,0.4746433748197674,0.4100115686384619
0,1,1,0,0,0,0,77.87654876708984,67.15657043457031,162.49530029296875,203.18218994140625,1.2503881009178826,0.4792541607460853,0.4132831553496702
0,1,0,0,1,0,0,79.24097442626953,62.173851013183594,158.84764099121094,187.9833526611328,1.1834192279351128,0.498848921720241,0.3914055671536455
0,1,0,0,0,1,0,86.57212829589844,76.27515411376953,168.5615692138672,208.09988403320312,1.2345630442557791,0.5135935118523822,0.4525061938465541
1,0,0,0,0,1,0,69.80994415283203,66.26531219482422,145.83119201660156,197.1144256591797,1.35166162282168,0.4787037888635292,0.4543973842528868
0,1,0,0,0,1,0,79.42292785644531,64.81531524658203,187.1989593505859,184.3455047607422,0.9847571022844216,0.4242701355390667,0.3462375831117523
1,0,0,0,0,1,0,79.2802734375,63.94158935546875,165.34828186035156,204.0085601806641,1.2338111886337222,0.4794744314577024,0.3867085199559073
1,0,0,1,0,0,0,87.05309295654297,79.41967010498047,182.2528076171875,213.99070739746097,1.1741421720478362,0.4776502161733137,0.4357665110531374
0,1,0,0,0,1,0,71.2811279296875,58.16188430786133,162.29022216796875,184.7468719482422,1.138373399705073,0.4392201019720846,0.3583819378080853
1,0,0,0,0,1,0,84.85347747802734,67.02664947509766,189.3497009277344,203.4620361328125,1.074530538659071,0.4481310351285519,0.353983392351269
1,0,1,0,0,0,0,84.38524627685547,68.1639175415039,189.7989196777344,206.97950744628903,1.0905199449908676,0.4446034067008171,0.3591375422854965
1,0,1,0,0,0,0,80.53022766113281,63.05682373046875,188.14239501953125,192.339599609375,1.022308659297167,0.4280280776311627,0.3351547838217046
0,1,0,0,0,1,0,72.5037612915039,58.30660629272461,152.9491424560547,192.5878448486328,1.2591626324676328,0.4740383641728208,0.381215646955832
0,1,0,0,0,0,1,74.5296401977539,65.96540832519531,163.1009979248047,195.4152069091797,1.198123919507059,0.4569539190196414,0.404445154625036
0,1,0,0,0,0,1,75.86323547363281,62.97087097167969,156.2735595703125,190.22132873535156,1.217232967997794,0.4854515100457509,0.4029528164893887
0,1,0,1,0,0,0,82.53339385986328,66.05847930908203,181.86521911621097,185.12918090820312,1.0179471468368368,0.4538162616301298,0.3632276673357262
0,1,1,0,0,0,0,79.20561218261719,67.94222259521484,159.6849365234375,196.87026977539065,1.2328668818833477,0.4960117961470455,0.4254767173060355
0,1,1,0,0,0,0,81.61532592773438,71.42911529541016,167.95635986328125,202.45217895507812,1.2053856080226848,0.4859317384240189,0.4252837782002088
1,0,1,0,0,0,0,78.61454772949219,66.88176727294922,169.8905487060547,197.2523956298828,1.161055733424993,0.4627364401860364,0.3936756210533425
0,1,0,0,1,0,0,77.62390899658203,65.79698181152344,168.3736114501953,204.36778259277344,1.2137756079029354,0.4610218212225202,0.3907796551063828
1,0,0,0,0,1,0,77.73905944824219,66.19100952148438,176.2747344970703,196.39370727539065,1.1141341828465765,0.441010787337389,0.375499130435987
1,0,0,0,0,1,0,81.12434387207031,66.52721405029297,174.22743225097656,196.2129669189453,1.126188708539872,0.4656232536057226,0.3818412128949922
1,0,0,0,0,0,1,86.86408233642578,74.26533508300781,168.03843688964844,203.64244079589844,1.2118801184138086,0.5169298402452398,0.441954450765203
1,0,0,1,0,0,0,72.4439468383789,62.059791564941406,160.39332580566406,195.27392578125,1.2174691484223477,0.4516643474688811,0.3869225309295871
1,0,0,0,0,0,1,72.13638305664062,58.62606048583984,156.25595092773438,188.4730529785156,1.206181600505449,0.4616552689887787,0.3751924975513627
1,0,1,0,0,0,0,83.41181945800781,74.70145416259766,169.0473175048828,206.919189453125,1.2240311914275024,0.4934229107515919,0.4418967142761076
1,0,1,0,0,0,0,72.49711608886719,60.0072135925293,158.85458374023438,196.69781494140625,1.2382256168512875,0.4563740899501993,0.3777493364035097
1,0,0,0,0,1,0,73.17992401123047,59.52091979980469,168.4368133544922,204.6785888671875,1.215165407080107,0.4344651418761762,0.3533723929728885
1,0,0,0,1,0,0,75.75884246826172,62.27095413208008,157.1537628173828,194.74566650390625,1.2392046045388443,0.4820682693821062,0.3962422090041885
1,0,1,0,0,0,0,82.04492950439453,68.60505676269531,181.38668823242188,205.24822998046875,1.1315506776190305,0.4523205661005582,0.3782254223352237
1,0,0,0,1,0,0,69.82006072998047,55.517696380615234,159.4372100830078,191.6553649902344,1.202074251615748,0.4379157205123574,0.3482104105541677
1,0,0,0,0,1,0,78.55937194824219,54.61249542236328,187.563232421875,192.3780059814453,1.0256701353319648,0.4188420669331567,0.2911684487262759
0,1,1,0,0,0,0,88.03223419189453,80.30294799804688,175.59129333496094,206.7162322998047,1.1772578718095623,0.5013473761706553,0.4573287574393543
1,0,0,0,0,1,0,75.62895965576172,49.11656188964844,183.455078125,178.61158752441406,0.9735984926114406,0.4122478397912253,0.26773072946055
1,0,1,0,0,0,0,85.21873474121094,66.02850341796875,191.67239379882812,208.3157958984375,1.0868325467728943,0.4446062004664751,0.3444862460854415
1,0,1,0,0,0,0,85.6500015258789,73.29289245605469,169.96055603027344,200.4772186279297,1.1795514401130849,0.5039404643429319,0.4312347180306925
1,0,0,0,1,0,0,82.15108489990234,69.17597198486328,161.72866821289062,204.705810546875,1.265736080120388,0.5079562319264462,0.4277285700133502
0,1,1,0,0,0,0,83.53376007080078,68.87892150878906,182.31390380859375,196.9483642578125,1.080270676802484,0.4581864483495484,0.3778039966776374
0,1,0,1,0,0,0,65.38355255126953,60.55064392089844,142.53060913085938,193.28842163085935,1.3561186808189285,0.4587334113701848,0.4248255465273851
0,1,0,0,0,0,1,81.86487579345703,65.62638854980469,174.39584350585938,194.69227600097656,1.1163814004227417,0.4694198792112068,0.3763070680500465
1,0,0,0,0,0,1,75.88009643554688,63.92067337036133,161.3614959716797,198.20681762695312,1.228340233420618,0.470249088722284,0.3961333711332222
0,1,1,0,0,0,0,69.38299560546875,56.90725326538086,153.84371948242188,190.7917938232422,1.2401662834539176,0.4509966077191498,0.3699029993348741
1,0,1,0,0,0,0,74.07798767089844,64.7541732788086,154.46463012695312,196.3104705810547,1.270908883280974,0.4795789664599228,0.4192168344661668
1,0,0,0,1,0,0,72.91040802001953,62.70899200439453,161.957275390625,192.63137817382812,1.1893962633615576,0.4501829747639728,0.3871946589194379
0,1,1,0,0,0,0,70.43655395507812,56.56979751586914,152.2338104248047,185.64540100097656,1.2194754928812308,0.4626866644047512,0.3715981184338257
1,0,0,0,0,1,0,76.2545166015625,63.20677185058594,161.0734405517578,206.98681640625,1.285046222997508,0.473414588651936,0.3924096463952769
1,0,0,1,0,0,0,84.4823989868164,71.29624938964844,165.19973754882812,194.57672119140625,1.1778270600090703,0.5113954794380101,0.4315760451409639
1,0,0,0,0,1,0,78.05498504638672,60.560890197753906,158.56407165527344,195.07565307617188,1.2302638992537762,0.4922614828918011,0.3819332435497521
1,0,0,1,0,0,0,76.68452453613281,61.9817008972168,159.1218719482422,189.38082885742188,1.1901621476588842,0.4819232177024419,0.3895234522968513
0,1,0,0,0,1,0,77.17599487304688,61.84091567993164,172.49549865722656,182.6983642578125,1.0591485904270497,0.4474087467430481,0.3585074170707402
1,0,0,0,0,0,1,70.96805572509766,60.92682266235352,158.01705932617188,200.88601684570312,1.271293224303352,0.4491164183647318,0.3855711713796106
1,0,1,0,0,0,0,82.31214141845703,69.8450698852539,181.60723876953125,194.77536010742188,1.072508791098364,0.4532426238962605,0.384594085337594
0,1,0,1,0,0,0,87.43785095214844,73.39920043945312,169.54017639160156,197.7117462158203,1.1661645659678237,0.5157352835954688,0.4329310137670062
1,0,0,1,0,0,0,78.9747543334961,67.63850402832031,170.99830627441406,196.5599670410156,1.149484876917908,0.4618452431146263,0.3955507250450518
1,0,0,0,0,1,0,76.15765380859375,62.99661636352539,164.2394256591797,190.74581909179688,1.161388736755703,0.4636989778972545,0.3835657370980606
1,0,1,0,0,0,0,82.53311920166016,70.52024841308594,170.04721069335938,198.6227874755859,1.1680449603713638,0.4853541487986501,0.4147098216168497
0,1,0,1,0,0,0,64.69437408447266,54.118377685546875,149.37289428710938,182.7678680419922,1.223567829453009,0.4331065177067782,0.3623038700818505
1,0,1,0,0,0,0,77.70808410644531,57.65105438232422,178.3030548095703,189.3863220214844,1.0621597157925933,0.4358202622464232,0.3233318377180705
1,0,0,0,0,1,0,74.73473358154297,64.27660369873047,155.30233764648438,195.132568359375,1.2564689708892625,0.4812209185908204,0.4138804648584471
1,0,0,1,0,0,0,88.14752960205078,75.64241790771484,163.6427459716797,201.03131103515625,1.2284767640720664,0.5386583381905957,0.4622411916798662
1,0,1,0,0,0,0,79.44116973876953,65.70355224609375,162.12423706054688,190.70220947265625,1.176272054877499,0.4900018108279606,0.4052666858290665
1,0,1,0,0,0,0,66.38088989257812,53.56067657470703,153.4142303466797,199.68460083007812,1.3016041626571304,0.4326905642493078,0.3491245659132965
1,0,0,0,1,0,0,75.75784301757812,59.23455047607422,167.7541046142578,192.23094177246097,1.1459090209118068,0.4516005327665722,0.3531034344124164
1,0,1,0,0,0,0,77.59981536865234,67.58377075195312,162.4021453857422,195.14845275878903,1.2016371599972826,0.4778250631131446,0.416150726281517
0,1,1,0,0,0,0,82.75513458251953,67.15760040283203,191.26551818847656,198.2053070068359,1.0362835334047027,0.4326714787187677,0.3511223614109768
0,1,1,0,0,0,0,81.5582504272461,70.0187759399414,158.93971252441406,197.60301208496097,1.243257641192776,0.5131395365693661,0.440536696762844
0,1,0,0,1,0,0,63.55084991455078,52.728607177734375,151.63807678222656,190.01702880859375,1.2530957450844271,0.4190955943461263,0.3477266943543475
1,0,0,0,0,1,0,80.20115661621094,65.01661682128906,160.4015655517578,202.91802978515625,1.2650626512724366,0.5000023306526389,0.4053365476679822
0,1,0,0,1,0,0,74.93406677246094,62.41804885864258,169.4564208984375,193.10459899902344,1.1395531545821995,0.4422025814965851,0.3683427782063944
1,0,1,0,0,0,0,81.5583267211914,67.1118392944336,189.06922912597656,196.61050415039065,1.0398863160297191,0.4313675318729374,0.3549590782417432
1,0,1,0,0,0,0,74.54715728759766,61.63680267333984,167.55038452148438,203.12808227539065,1.2123402930737188,0.4449238209777951,0.3678702549646275
1,0,1,0,0,0,0,81.64790344238281,76.14142608642578,169.03431701660156,202.51248168945312,1.1980554319603842,0.4830256061812811,0.4504495148103424
0,1,1,0,0,0,0,70.64704895019531,59.703346252441406,157.4298553466797,195.12242126464844,1.2394245096329737,0.4487525494743161,0.3792377635167572
1,0,1,0,0,0,0,77.23536682128906,54.39239501953125,181.72628784179688,190.5859832763672,1.0487529654613492,0.4250093243995985,0.2993094486521561
0,1,0,0,1,0,0,74.7464599609375,51.4525260925293,178.91485595703125,193.60845947265625,1.0821262350576066,0.4177767103861338,0.2875810721100001
1,0,1,0,0,0,0,79.14672088623047,62.49882125854492,188.4748382568359,184.53160095214844,0.9790781764761936,0.4199325576731718,0.3316029971776782
1,0,0,1,0,0,0,85.00487518310547,77.58016204833984,181.1225128173828,191.29342651367188,1.056154883995806,0.4693225257360018,0.4283297578063099
0,1,0,0,1,0,0,72.79151153564453,60.27549743652344,165.7515411376953,194.69046020507812,1.1745921568436115,0.4391603905219451,0.3636496953379792
0,1,0,0,1,0,0,81.33624267578125,57.43928909301758,184.86126708984375,193.00262451171875,1.0440403636199154,0.4399853141558925,0.3107156517817316
0,1,0,1,0,0,0,70.57454681396484,60.900779724121094,148.64500427246094,176.0889434814453,1.1846273902261837,0.4747858642097668,0.4097061991568325
1,0,0,0,0,1,0,84.52194213867188,74.41384887695312,187.7572784423828,198.7660369873047,1.0586329256380873,0.4501659953736982,0.396330035747661
1,0,0,0,0,1,0,75.5881118774414,57.190208435058594,165.6343231201172,207.3106231689453,1.2516163272427825,0.4563553643566091,0.3452799356905304
0,1,0,0,1,0,0,79.83940887451172,63.8701057434082,176.8572540283203,199.2791748046875,1.126779763146027,0.4514341767498378,0.3611393046574195
0,1,0,1,0,0,0,70.05826568603516,59.93650436401367,147.286376953125,178.1075439453125,1.2092601340991405,0.4756601875564617,0.4069385479085341
1,0,0,0,1,0,0,85.74454498291016,78.6137924194336,184.85980224609375,202.71237182617188,1.0965735620354715,0.4638355334209604,0.4252616927220302
0,1,0,1,0,0,0,77.82054901123047,63.0462760925293,169.2364501953125,193.77532958984375,1.144997601676302,0.4598332624054645,0.3725336712024437
1,0,1,0,0,0,0,79.2169189453125,57.683876037597656,179.23426818847656,198.35665893554688,1.1066893677215892,0.4419741813100759,0.3218350855593043
1,0,1,0,0,0,0,78.68116760253906,64.8975601196289,176.47695922851562,193.16311645507812,1.0945514774251974,0.4458438537614237,0.3677395644356874
1,0,1,0,0,0,0,77.76875305175781,71.2183609008789,164.42242431640625,203.09173583984375,1.235182711143002,0.4729814280204477,0.4331426275763327
1,0,1,0,0,0,0,77.68119049072266,64.87353515625,174.59596252441406,191.62413024902344,1.0975289890923354,0.4449197413706537,0.3715637762653224
0,1,1,0,0,0,0,90.1161117553711,77.25028991699219,170.93545532226562,201.21109008789065,1.1771173494027098,0.5271937971293004,0.4519266630281691
0,1,0,0,1,0,0,74.33318328857422,56.4826774597168,161.51844787597656,183.3128967285156,1.13493473432381,0.4602148192115593,0.349697995507532
0,1,1,0,0,0,0,81.26698303222656,70.52284240722656,170.28602600097656,199.8656768798828,1.1737056855078445,0.4772381207120337,0.4141434506600214
0,1,1,0,0,0,0,84.1998291015625,74.16706085205078,170.73727416992188,206.6704559326172,1.2104589167034123,0.493154347876989,0.4343929069538613
0,1,0,0,1,0,0,83.11210632324219,67.32199096679688,174.04684448242188,190.04364013671875,1.0919108628591798,0.4775272230323958,0.3868038582773396
1,0,0,0,1,0,0,72.5165786743164,55.45907974243164,165.19790649414062,181.36817932128903,1.0978842478716395,0.4389679034878598,0.3357129694885008
0,1,0,0,1,0,0,83.05027770996094,64.19022369384766,192.83836364746097,184.9957275390625,0.9593305193009414,0.4306730058225861,0.3328706097672428
1,0,1,0,0,0,0,84.66368865966797,68.4215316772461,172.2751922607422,189.5897979736328,1.100505507993772,0.4914444589998057,0.3971641579925718
1,0,0,0,0,1,0,86.96562957763672,73.87872314453125,183.2063751220703,204.5224609375,1.1163501313817643,0.4746866997378861,0.4032541067160239
0,1,0,0,0,1,0,92.43576049804688,78.3133544921875,174.83578491210938,203.0038604736328,1.1611116143968103,0.5287004633777616,0.4479252032503296
1,0,1,0,0,0,0,83.40245819091797,69.6462173461914,166.1346893310547,191.29791259765625,1.151462788222748,0.5020171195235623,0.4192153825707537
0,1,0,0,1,0,0,78.64045715332031,67.26355743408203,169.7330322265625,190.3738555908203,1.1216075804072485,0.4633185192163992,0.3962903186946988
1,0,1,0,0,0,0,75.6171646118164,65.43268585205078,160.6985626220703,196.02047729492188,1.219802306234197,0.4705528374242668,0.4071765470979033
0,1,0,0,1,0,0,80.75022888183594,57.72929763793945,191.4013671875,202.0028533935547,1.0553887694839157,0.4218895092987066,0.301613820665068
0,1,1,0,0,0,0,84.23238372802734,73.30830383300781,164.56675720214844,195.94021606445312,1.19064274824208,0.5118432492691037,0.4454624073497315
1,0,1,0,0,0,0,74.18644714355469,54.49720764160156,170.14520263671875,187.9513702392578,1.1046527749627917,0.4360184477369721,0.3202982323160759
0,1,1,0,0,0,0,70.34090423583984,56.26278305053711,162.0421142578125,173.9635467529297,1.0735699638931515,0.4340902644847372,0.3472108674231552
1,0,0,0,0,1,0,73.59522247314453,63.37433242797851,162.87802124023438,202.11610412597656,1.2409047125386463,0.4518425623835178,0.3890907560480829
1,0,1,0,0,0,0,80.90328979492188,70.95399475097656,168.13613891601562,201.04107666015625,1.1957041356860034,0.4811772788200712,0.4220032362371437
0,1,1,0,0,0,0,83.80320739746094,71.23442840576172,189.5797576904297,191.18951416015625,1.0084911832852703,0.4420472334093054,0.3757491267716593
1,0,0,0,0,1,0,75.14147186279297,64.14655303955078,165.44944763183594,193.1083221435547,1.167174172580293,0.4541657463251281,0.3877108927090044
1,0,1,0,0,0,0,65.0771484375,56.818111419677734,147.8804473876953,185.05262756347656,1.2513664303322511,0.4400659423682192,0.384216523707957
1,0,0,0,1,0,0,82.25900268554688,67.0669937133789,188.20555114746097,195.96563720703125,1.0412319722359846,0.4370700129939106,0.3563497107523212
1,0,1,0,0,0,0,77.23897552490234,61.24361801147461,154.9317169189453,196.56402587890625,1.268713919834384,0.4985355940082365,0.3952942575567988
0,1,0,0,0,1,0,79.44348907470703,64.50345611572266,169.70697021484375,184.5749053955078,1.08760945506152,0.4681215448848921,0.3800872529517396
0,1,0,0,1,0,0,77.67379760742188,67.83779907226562,163.33529663085938,193.7606658935547,1.186275531929006,0.4755481467240116,0.4153284713810526
0,1,1,0,0,0,0,79.67516326904297,67.61827087402344,166.38787841796875,198.7114715576172,1.1942665141654796,0.4788519694259086,0.4063894047868401
1,0,0,1,0,0,0,75.00009155273438,62.14675521850586,168.1640167236328,192.73814392089844,1.1461318995350336,0.4459936971890508,0.3695603639192338
0,1,0,1,0,0,0,76.3812484741211,68.02079010009766,163.51739501953125,188.21990966796875,1.1510696439696029,0.4671139022548505,0.4159850399523118
0,1,1,0,0,0,0,87.97818756103516,60.657997131347656,182.87074279785156,211.85922241210935,1.1585189580943636,0.4810949319448423,0.3316987518249435
0,1,0,0,1,0,0,77.61244201660156,66.8353271484375,166.39849853515625,186.2323303222656,1.119194776165116,0.4664251342400413,0.4016582345201673
0,1,0,0,0,0,1,70.3512954711914,59.50371551513672,155.85853576660156,183.8970642089844,1.1798972915052313,0.4513791633237373,0.3817802805759938
0,1,0,1,0,0,0,75.15364074707031,69.1401596069336,163.63040161132812,196.8041229248047,1.2027356835087053,0.4592889830190787,0.4225385926214522
0,1,1,0,0,0,0,81.8139419555664,63.214412689208984,191.10401916503903,183.9992828369141,0.9628226744828992,0.4281120947273809,0.3307853647736026
1,0,1,0,0,0,0,80.11444091796875,68.7073745727539,171.3433380126953,196.6867523193359,1.1479101236183622,0.4675667104841441,0.4009923897225766
1,0,1,0,0,0,0,73.44081115722656,58.25547790527344,159.982177734375,195.1115570068359,1.219583079627705,0.4590562036176515,0.3641372978557487
1,0,0,0,1,0,0,81.56756591796875,70.0973129272461,162.66183471679688,200.22509765625,1.2309285580409983,0.5014548499344197,0.4309389049329816
1,0,1,0,0,0,0,77.95162963867188,68.7072982788086,169.0435791015625,193.49368286132812,1.1446378732023643,0.4611333364625344,0.4064472525012547
1,0,0,0,1,0,0,71.25209045410156,57.522464752197266,151.5026092529297,185.70492553710935,1.2257539751482416,0.4703027281539952,0.3796796968438015
0,1,0,0,1,0,0,80.89779663085938,63.93122863769531,177.0999298095703,187.51893615722656,1.0588312279900929,0.4567918051568179,0.3609895763732851
1,0,0,0,0,1,0,74.5180435180664,62.83518600463867,162.94094848632812,193.667724609375,1.1885761461958415,0.4573315928888126,0.385631645012248
0,1,1,0,0,0,0,86.6056900024414,75.22798156738281,171.71902465820312,204.33123779296875,1.1899161330532733,0.5043453407380171,0.4380876359921086
0,1,0,0,0,0,1,81.91095733642578,70.41670989990234,159.46328735351562,191.7280731201172,1.2023336299036245,0.513666554200884,0.4415857158632061
1,0,0,1,0,0,0,69.85961151123047,58.4932746887207,156.24755859375,188.0866241455078,1.2037732034875546,0.4471084997421835,0.3743628074266785
1,0,0,0,1,0,0,78.23747253417969,57.95521545410156,179.52935791015625,181.92916870117188,1.0133672331865442,0.4357920812780541,0.3228174830497901
0,1,0,1,0,0,0,85.53573608398438,71.518310546875,166.81686401367188,188.17303466796875,1.1280216528500775,0.5127523322640455,0.4287235044834169
0,1,0,0,0,0,1,74.16175079345703,59.69651794433594,170.2751007080078,181.6657867431641,1.0668957821066822,0.4355407836206865,0.3505886515181399
1,0,1,0,0,0,0,84.10104370117188,71.76454162597656,159.92413330078125,191.3965301513672,1.1967957943620269,0.5258808784225003,0.4487411633552744
1,0,0,0,1,0,0,81.95973205566406,66.05503845214844,180.40708923339844,192.83876037597656,1.068908994626563,0.4543043868394225,0.3661443612489691
1,0,1,0,0,0,0,84.19462585449219,68.13865661621094,183.4433135986328,194.48385620117188,1.0601850369247874,0.4589680823074692,0.3714425741637866
1,0,0,1,0,0,0,70.81451416015625,58.35163497924805,145.29978942871094,178.05755615234375,1.2254495127104428,0.487368319242474,0.4015947663012778
0,1,0,0,1,0,0,84.62194061279297,73.97322082519531,160.30429077148438,205.8620758056641,1.28419566821903,0.5278831914326144,0.4614550269939124
0,1,1,0,0,0,0,85.41617584228516,71.73332977294922,188.1266632080078,194.9921417236328,1.036493915315098,0.4540354588006604,0.3813033652419335
0,1,0,0,0,1,0,84.97855377197266,74.92948150634766,163.61795043945312,202.076416015625,1.235050405367371,0.5193718265247369,0.4579539182901287
1,0,0,0,0,1,0,82.18194580078125,66.4115219116211,172.59475708007812,192.0876007080078,1.1129399522772625,0.476155517068526,0.3847829623283886
0,1,1,0,0,0,0,76.99223327636719,63.63817596435547,162.02195739746094,185.8468017578125,1.147047009819207,0.4751962913736144,0.392775010168793
1,0,0,1,0,0,0,75.64075469970703,65.99341583251953,162.04457092285156,193.75831604003903,1.195710013217821,0.4667898114014516,0.4072547167528284
1,0,0,0,1,0,0,81.7625961303711,70.3520736694336,165.30300903320312,195.5603485107422,1.1830416739205365,0.4946225516920147,0.4255946342471148
0,1,1,0,0,0,0,72.35707092285156,59.525020599365234,160.45191955566406,185.1988220214844,1.1542325111120602,0.4509579637515611,0.3709835367766652
0,1,0,0,0,0,1,68.00513458251953,57.22599411010742,155.09765625,188.6799468994141,1.2165235211245438,0.4384665521502329,0.3689674975994837
0,1,0,1,0,0,0,79.31608581542969,65.9614028930664,158.2604522705078,186.8935089111328,1.180923637142675,0.5011743911856015,0.4167901831868988
1,0,1,0,0,0,0,72.24351501464844,61.34702682495117,158.88731384277344,196.7354431152344,1.2382073707276182,0.4546839723537452,0.3861039962300387
0,1,0,0,0,1,0,80.07002258300781,64.5935287475586,179.20022583007812,191.25372314453125,1.067262735069779,0.4468187593632393,0.3604545052795173
1,0,0,1,0,0,0,73.87047576904297,64.72332000732422,162.3526611328125,187.99441528320312,1.1579386132107463,0.4550000921057479,0.3986588181291179
1,0,1,0,0,0,0,75.1236343383789,59.90166473388672,171.77928161621094,189.85198974609375,1.1052088934116095,0.4373265136026126,0.3487129773177125
1,0,0,1,0,0,0,68.16305541992188,57.548606872558594,144.84278869628906,189.5847320556641,1.3089000409484752,0.4706002696678833,0.3973177221354688
1,0,0,0,0,0,1,80.24271392822266,70.03313446044922,174.1458282470703,191.4807586669922,1.0995426108934856,0.4607788468775599,0.4021522373828521
1,0,0,0,1,0,0,71.86426544189453,57.08557891845703,155.30039978027344,182.41323852539065,1.1745831870586152,0.4627435959184367,0.3675816610853835
1,0,1,0,0,0,0,75.265869140625,67.1600570678711,159.981689453125,200.53968811035156,1.2535165042691347,0.4704655226351892,0.4197983987883135
0,1,0,0,0,1,0,73.8447494506836,64.0630874633789,162.39512634277344,196.4169006347656,1.20949997120099,0.4547226946627495,0.3944889782477743
1,0,0,0,0,1,0,89.04246520996094,79.62220764160156,171.9181365966797,202.79991149902344,1.1796306981548577,0.5179352625188973,0.4631402434776002
1,0,1,0,0,0,0,77.36416625976562,67.67304229736328,168.82225036621094,196.56350708007812,1.164322277742955,0.4582581152185004,0.4008538101498246
0,1,0,0,0,1,0,79.41287231445312,62.637969970703125,170.46763610839844,191.26451110839844,1.1219989639955792,0.4658530740929344,0.36744787104851
1,0,1,0,0,0,0,77.10514068603516,71.76888275146484,167.00588989257812,199.04666137695312,1.1918541406233296,0.4616911459567736,0.4297386325573797
0,1,1,0,0,0,0,91.29523468017578,81.20297241210938,176.25633239746094,200.9563140869141,1.1401367051809197,0.5179685372909242,0.4607095320070278
1,0,0,0,0,1,0,80.92424774169922,66.28987884521484,180.18603515625,196.40072631835935,1.089988611759222,0.4491149809224949,0.3678968727389498
0,1,0,0,1,0,0,66.30371856689453,52.413818359375,150.82540893554688,189.9987945556641,1.2597266992119174,0.4396057602948618,0.3475131858039471
0,1,0,0,1,0,0,79.50233459472656,66.58851623535156,171.36318969726562,194.0416259765625,1.1323413524185746,0.4639405623528443,0.3885812136958261
0,1,1,0,0,0,0,68.28335571289062,49.13960647583008,160.83428955078125,182.27752685546875,1.1333250351313742,0.4245572004801319,0.3055294154814848
1,0,0,1,0,0,0,75.34298706054688,63.87482070922851,161.04898071289062,196.97718811035156,1.2230886978509463,0.4678265377839569,0.3966173547108694
1,0,1,0,0,0,0,74.99000549316406,60.70124435424805,169.64903259277344,188.43511962890625,1.1107350083229006,0.4420302570965466,0.3578048364116268
1,0,0,0,0,1,0,76.50267028808594,59.28057098388672,164.633544921875,192.56883239746097,1.1696816252656306,0.4646845837182782,0.3600758946909492
1,0,1,0,0,0,0,71.64873504638672,55.594993591308594,158.218017578125,188.46397399902344,1.191166321534547,0.4528481404528277,0.3513821904882411
1,0,0,1,0,0,0,84.88160705566406,69.91886138916016,173.17730712890625,193.07716369628903,1.1149103014552024,0.4901427817703713,0.4037414748406692
0,1,0,0,0,0,1,66.87203216552734,59.36137771606445,158.05191040039062,194.1634521484375,1.22847899564495,0.4231017011823608,0.3755815261307828
0,1,1,0,0,0,0,85.36673736572266,79.55987548828125,180.51841735839844,206.94711303710935,1.14640442823205,0.4728976611634971,0.4407299634713965
0,1,1,0,0,0,0,80.38236236572266,63.97430038452149,179.00326538085938,189.467529296875,1.0584585085291665,0.4490552850792735,0.3573918065036717
0,1,0,0,0,1,0,81.72196197509766,68.45941925048828,177.3003387451172,202.2076110839844,1.1404806810587842,0.4609238908030471,0.3861211982730836
0,1,1,0,0,0,0,83.63865661621094,70.05831909179688,170.1306610107422,193.70233154296875,1.1385503964552175,0.491614245893807,0.4117912589981258
1,0,1,0,0,0,0,78.70375061035156,60.995567321777344,177.3881072998047,197.350341796875,1.1125342324293028,0.443681100206644,0.3438537580125841
1,0,1,0,0,0,0,88.26810455322266,76.93457794189453,195.5858459472656,202.23048400878903,1.033973000599005,0.4513010853404072,0.3933545271094814
1,0,1,0,0,0,0,74.77621459960938,62.30912399291992,155.84066772460938,197.58546447753903,1.2678684412896517,0.4798247831673092,0.3998258278964012
0,1,0,0,0,0,1,76.70323181152344,65.03321075439453,152.5546875,206.37164306640625,1.3527715630921289,0.5027917074755467,0.4262944116639781
1,0,0,0,1,0,0,76.21761322021484,63.62221145629883,163.46505737304688,195.57467651367188,1.1964310884334564,0.466262419902237,0.389209856092396
1,0,1,0,0,0,0,76.055419921875,63.93577575683594,163.35748291015625,184.1511077880859,1.1272890871449446,0.4655765904749165,0.3913856568909028
1,0,1,0,0,0,0,84.83264923095703,73.553955078125,169.4613800048828,198.14651489257812,1.169272402283451,0.500601666459418,0.4340455334189161
0,1,0,1,0,0,0,82.50642395019531,67.4649887084961,171.07969665527344,196.5279235839844,1.1487507134174388,0.4822689399341537,0.3943483068270715
0,1,0,1,0,0,0,80.13745880126953,69.60282897949219,169.7233123779297,203.65248107910156,1.1999087115718108,0.4721653005618005,0.410095867234224
1,0,0,0,0,1,0,83.59947967529297,73.0174560546875,179.15455627441406,195.55955505371097,1.0915689732957117,0.4666332881160009,0.4075668382267958
1,0,1,0,0,0,0,71.9723892211914,56.95551681518555,160.56410217285156,185.6216583251953,1.15605951649995,0.4482470754497241,0.354721360780079
1,0,1,0,0,0,0,80.1952133178711,64.8733139038086,163.0011444091797,190.02015686035156,1.1657596487994366,0.4919917194971225,0.3979929965458276
1,0,0,0,1,0,0,85.6414794921875,76.7607192993164,188.6740875244141,192.3452911376953,1.0194579110541937,0.4539122495085905,0.4068429337938826
1,0,0,1,0,0,0,73.386474609375,61.40253829956055,160.7232666015625,191.40777587890625,1.1909151669584437,0.4566014377451781,0.3820388895640055
1,0,0,0,1,0,0,81.34312438964844,65.36983489990234,164.07261657714844,195.77577209472656,1.1932263663429237,0.4957751396096018,0.3984201402015482
0,1,1,0,0,0,0,82.89341735839844,70.42952728271484,171.95347595214844,203.05679321289065,1.1808821664611056,0.4820688671711771,0.4095847838651084
1,0,1,0,0,0,0,81.7822494506836,68.25093078613281,164.50396728515625,198.7974395751953,1.2084659285486634,0.4971445418633565,0.4148892693136363
0,1,0,0,0,1,0,86.41392517089844,75.32571411132812,188.34234619140625,192.84829711914065,1.023924258239595,0.4588130440038097,0.399940404452523
1,0,0,0,1,0,0,83.41339111328125,67.40247344970703,177.4764404296875,194.82960510253903,1.097777285992653,0.4699969805081138,0.3797826533286287
0,1,1,0,0,0,0,68.14784240722656,56.422630310058594,151.07440185546875,191.68948364257812,1.2688415859224476,0.4510879511700656,0.3734757815823591
0,1,1,0,0,0,0,87.57478332519531,78.09037780761719,184.1911468505859,200.54476928710935,1.0887861480649197,0.4754559859287652,0.4239637959959245
1,0,0,0,0,1,0,79.24954986572266,69.22323608398438,166.12535095214844,187.94830322265625,1.131364371213842,0.4770466964343695,0.4166927906380994
1,0,0,0,1,0,0,67.36630249023438,49.40079116821289,152.06512451171875,176.1201934814453,1.1581892563924003,0.4430095507207693,0.3248660159707157
1,0,0,0,0,0,1,83.1855697631836,66.48576354980469,177.54234313964844,192.88861083984375,1.08643722634732,0.4685393258426966,0.3744783490747859
0,1,0,1,0,0,0,85.15204620361328,71.58303833007812,172.97427368164062,197.5909881591797,1.142314310409224,0.49228156529413,0.4138363284116272
1,0,0,0,0,1,0,78.02590942382812,66.85475158691406,162.44606018066406,200.7613220214844,1.235864518956065,0.4803188783837033,0.4115504648900791
0,1,1,0,0,0,0,73.27525329589844,59.835933685302734,159.9504852294922,186.2281188964844,1.1642860515820872,0.4581121038224128,0.3740903542708977
0,1,0,0,0,0,1,95.53494262695312,86.69357299804688,196.6492919921875,199.6698760986328,1.0153602592505917,0.4858138143245822,0.4408537255323098
0,1,1,0,0,0,0,76.05203247070312,61.484561920166016,176.85301208496094,190.84852600097656,1.0791364181532408,0.430029613712021,0.3476591164340959
1,0,0,0,1,0,0,72.19397735595703,56.726776123046875,153.72171020507812,181.69810485839844,1.1819937770403242,0.4696407375356675,0.3690225411060573
0,1,1,0,0,0,0,80.7785873413086,70.07245635986328,169.28883361816406,196.92599487304688,1.1632544844465007,0.4771642973422988,0.4139224948404675
1,0,1,0,0,0,0,71.59164428710938,54.523101806640625,162.8008270263672,194.4606475830078,1.1944696543311355,0.4397498808498952,0.334906786424433
1,0,1,0,0,0,0,73.80152130126953,61.07746505737305,159.4110107421875,201.90896606445312,1.266593600557472,0.4629637624004993,0.3831445818767971
1,0,0,0,0,1,0,79.74061584472656,69.47747039794922,173.3117218017578,196.16217041015625,1.1318459500075584,0.4600993805597158,0.4008815426657687
1,0,0,1,0,0,0,75.19039916992188,67.8227767944336,160.57568359375,195.6617126464844,1.2185015082451751,0.4682552020774861,0.4223726486883436
0,1,0,0,1,0,0,74.1630859375,60.56947708129883,167.15977478027344,185.10658264160156,1.1073631971861573,0.4436658642007933,0.3623448114889818
1,0,0,0,1,0,0,78.10417175292969,62.42522811889648,180.3350830078125,187.05364990234375,1.0372560168685545,0.4331058075346661,0.3461624165287466
0,1,1,0,0,0,0,73.41340637207031,62.48748779296875,164.71978759765625,198.15737915039065,1.202996810768169,0.4456866260135639,0.3793562917018833
1,0,1,0,0,0,0,82.58018493652344,69.29254150390625,163.97630310058594,193.93881225585935,1.1827246290391964,0.5036104813624643,0.4225765564515806
0,1,0,1,0,0,0,81.43150329589844,68.13069152832031,179.738037109375,197.5135803222656,1.0988969474617871,0.4530565961747171,0.3790555000156206
1,0,0,0,0,0,1,83.671875,65.54544830322266,185.29718017578125,196.90467834472656,1.062642605558994,0.451555036728703,0.353731493598787
0,1,1,0,0,0,0,78.8179702758789,69.36873626708984,165.24725341796875,192.8808135986328,1.1672255339141342,0.4769699262505766,0.4197875294885039
1,0,1,0,0,0,0,73.41944122314453,60.77364730834961,156.46791076660156,195.6952362060547,1.2507052420350095,0.4692300220756579,0.3884096554404936
0,1,0,1,0,0,0,77.9406509399414,65.47117614746094,161.96109008789062,190.07418823242188,1.173579333957775,0.4812307134858486,0.4042401549158012
0,1,1,0,0,0,0,78.72122192382812,71.6386489868164,165.03346252441406,198.6870574951172,1.20391982605179,0.4770015772539619,0.4340855962845633
1,0,1,0,0,0,0,73.24008178710938,62.9427604675293,160.0060272216797,196.23138427734375,1.226399953080991,0.4577332682951949,0.3933774343408046
1,0,0,0,1,0,0,82.45438385009766,61.63718795776367,188.5029296875,183.90200805664065,0.9755923070347672,0.4374169886207629,0.3269826525239992
1,0,0,0,0,1,0,83.07228088378906,70.1467514038086,178.33836364746094,215.64389038085935,1.2091839690036852,0.4658127347630387,0.3933351746036798
1,0,1,0,0,0,0,76.45709991455078,64.57889556884766,157.19215393066406,197.89317321777344,1.2589252597496832,0.4863925965940722,0.4108277287003318
1,0,0,0,0,1,0,79.63799285888672,60.373443603515625,172.82229614257812,206.9596710205078,1.1975287659051028,0.4608085567453953,0.3493382795568671
0,1,0,1,0,0,0,79.6725845336914,70.29116821289062,173.64585876464844,189.6091461181641,1.091930135662789,0.4588222552527206,0.4047961103878671
1,0,0,0,0,1,0,77.71088409423828,69.20886993408203,163.56846618652344,191.0793609619141,1.1681919224211526,0.4750969786903886,0.4231186581841544
1,0,1,0,0,0,0,78.27249145507812,62.5258903503418,161.65689086914062,194.3147430419922,1.202019548917885,0.4841890193127541,0.386781472872417
1,0,1,0,0,0,0,79.06382751464844,67.57952880859375,161.1490936279297,196.7274169921875,1.220778923190242,0.4906253317018063,0.4193602786536625
1,0,1,0,0,0,0,69.11744689941406,58.77134704589844,152.4446563720703,193.7250518798828,1.2707893900003933,0.4533937006668159,0.3855257930619472
1,0,0,1,0,0,0,79.52459716796875,62.45323181152344,180.79017639160156,189.8905334472656,1.0503365682654802,0.4398723357386081,0.345445936599156
0,1,0,1,0,0,0,84.30198669433594,71.33541870117188,166.79249572753906,212.58624267578125,1.2745551995519495,0.5054303332210219,0.4276896175095346
1,0,0,0,0,0,1,78.233642578125,65.29752349853516,171.57127380371094,196.1354217529297,1.143171682558712,0.4559833405889936,0.3805854094971627
0,1,0,0,0,0,1,64.37782287597656,56.042236328125,150.11903381347656,194.2709045410156,1.2941124093724043,0.4288451719984172,0.3733186585636947
0,1,0,1,0,0,0,81.37097930908203,72.05873107910156,175.80252075195312,195.02886962890625,1.1093633287777502,0.4628544514665499,0.4098845157105121
1,0,1,0,0,0,0,82.3210678100586,75.16998291015625,167.1494140625,198.00865173339844,1.1846206751245902,0.4924998886282506,0.4497172983331483
0,1,0,1,0,0,0,74.89143371582031,63.27212905883789,164.90016174316406,194.31239318847656,1.1783638726268977,0.454162281735451,0.3836996179384332
0,1,0,0,0,1,0,81.10346221923828,68.09688568115234,178.39492797851562,195.40377807617188,1.0953437986740555,0.4546287449887908,0.3817198529845723
1,0,0,0,0,1,0,70.57643127441406,58.76412582397461,152.94857788085938,184.3472442626953,1.2052890377725134,0.4614389506085515,0.3842083832237357
0,1,0,0,0,1,0,84.84986114501953,75.69975280761719,171.912353515625,200.3824462890625,1.1656081845848842,0.4935646532074705,0.4403392267021513
0,1,0,0,1,0,0,84.57719421386719,72.62512969970703,174.66558837890625,203.1138153076172,1.1628725336956327,0.4842235668676296,0.415795294160402
1,0,1,0,0,0,0,90.26795959472656,77.0370101928711,172.15835571289062,198.7919158935547,1.1547038485026018,0.5243309813278357,0.4474776136997155
1,0,0,0,0,0,1,84.20552062988281,70.87191009521484,187.83270263671875,182.6955718994141,0.9726504987406788,0.4483006390678519,0.3773140092238674
0,1,0,1,0,0,0,62.12003707885742,45.92386245727539,150.15301513671875,199.5140380859375,1.3287381402516232,0.4137115529934267,0.3058470881551087
1,0,1,0,0,0,0,72.48312377929688,56.058475494384766,164.6859588623047,190.34866333007812,1.1558281267271258,0.4401293484886627,0.3403962054910566
0,1,0,0,0,1,0,77.69770050048828,67.8556137084961,165.18824768066406,202.427978515625,1.2254381371424887,0.4703585248430666,0.4107774896896546
0,1,0,0,0,0,1,71.27074432373047,56.358924865722656,154.55923461914062,195.7120056152344,1.2662588948340807,0.4611225236677271,0.3646428827407195
0,1,0,1,0,0,0,80.04170989990234,72.98194122314453,167.27413940429688,196.90591430664065,1.1771449849203803,0.4785061826349845,0.4363014001031519
0,1,1,0,0,0,0,83.91197967529297,71.71086883544922,165.03536987304688,201.8058319091797,1.2228035242652433,0.5084484601079277,0.4345181817122757
0,1,0,0,1,0,0,72.69696807861328,59.783836364746094,168.72183227539062,161.8794403076172,0.959445722728964,0.4308687684232593,0.3543337311982595
1,0,0,1,0,0,0,83.49034881591797,75.87466430664062,176.5541229248047,196.61383056640625,1.113617894101205,0.4728881287664799,0.4297530017973924
1,0,1,0,0,0,0,80.3823013305664,69.39410400390625,162.51901245117188,194.40399169921875,1.1961923024706207,0.4946024475426647,0.4269906822425185
1,0,0,0,0,0,1,74.13014221191406,63.67838287353515,164.16323852539062,189.43093872070312,1.153918139178306,0.4515635953444509,0.3878967267308522
1,0,1,0,0,0,0,79.55113983154297,69.15852355957031,164.08505249023438,203.21893310546875,1.2384975354020349,0.4848164937892652,0.4214797296279399
0,1,0,0,0,1,0,83.40731811523438,72.8228988647461,185.5679931640625,192.02682495117188,1.0348057425043071,0.4494703892254368,0.3924324320324068
0,1,1,0,0,0,0,78.4527587890625,69.4206314086914,170.41522216796875,195.36407470703125,1.1464003756335324,0.4603623889404434,0.4073616812250925
1,0,0,1,0,0,0,76.16899108886719,60.521854400634766,169.9340057373047,188.55372619628903,1.1095703027666397,0.4482268911298089,0.3561491658955741
1,0,0,0,0,1,0,78.2217788696289,64.79756164550781,170.3762969970703,198.271484375,1.1637269260430596,0.4591118614989851,0.3803202839102791
0,1,0,0,1,0,0,79.1233901977539,70.86991119384766,164.0568389892578,197.7086181640625,1.2051226841997618,0.4822925437624382,0.4319838882089402
1,0,0,0,0,0,1,74.13542175292969,62.33216094970703,158.1623077392578,197.3358917236328,1.2476796434265207,0.4687300205251644,0.3941025004039912
0,1,1,0,0,0,0,83.84562683105469,71.45731353759766,177.331298828125,202.84039306640625,1.1438499261374353,0.4728191096841876,0.4029593986499603
0,1,1,0,0,0,0,76.08454132080078,65.59963989257812,167.0603485107422,187.78692626953125,1.1240664103933455,0.4554314773017994,0.3926703163100368
1,0,1,0,0,0,0,85.32198333740234,75.67329406738281,185.4884796142578,196.41156005859375,1.0588881879190104,0.4599853506527095,0.4079676227049417
0,1,1,0,0,0,0,82.21598815917969,68.1423110961914,180.77719116210935,209.7249755859375,1.1601296282885027,0.4547918220803291,0.3769408665891139
1,0,0,1,0,0,0,79.05718231201172,65.35298156738281,160.22679138183594,198.77203369140625,1.2405667739904576,0.4934080101723488,0.4078779897154673
0,1,0,1,0,0,0,75.56036376953125,58.73933792114258,164.25718688964844,191.01747131347656,1.1629169775189578,0.460012527916324,0.3576058925239292
0,1,0,1,0,0,0,78.26746368408203,66.9815673828125,159.18212890625,200.1756134033203,1.2575256706185487,0.4916849914111746,0.4207857241453352
1,0,1,0,0,0,0,74.70930480957031,66.48348999023438,159.68856811523438,207.8144989013672,1.3013736759879029,0.4678437892664842,0.4163321819146039
0,1,1,0,0,0,0,75.90616607666016,61.72683334350586,171.08396911621094,183.50897216796875,1.0726251741524535,0.4436778411722488,0.3607984644170672
1,0,0,0,1,0,0,76.1755142211914,65.62857818603516,163.20065307617188,192.4702606201172,1.1793473677478734,0.4667598614672052,0.4021342865301147
0,1,1,0,0,0,0,83.44556427001953,72.67616271972656,180.3336944580078,197.53187561035156,1.0953686509003924,0.4627286349387719,0.4030093374294497
1,0,0,1,0,0,0,79.33445739746094,65.17035675048828,166.55337524414062,202.1061248779297,1.2134615980112946,0.4763305293643512,0.3912881180279832
0,1,0,1,0,0,0,70.17063903808594,51.486324310302734,160.6049041748047,186.54977416992188,1.1615446933480835,0.4369146720557873,0.3205775351309589
1,0,1,0,0,0,0,77.26425170898438,65.57657623291016,157.0223846435547,201.0373382568359,1.2803100571501091,0.4920588353334236,0.4176256549776063
1,0,1,0,0,0,0,77.03121185302734,66.93852233886719,165.3374786376953,188.78805541992188,1.1418346098866907,0.4659029065141736,0.4048599439788836
0,1,0,0,0,1,0,61.11737823486328,45.76383972167969,145.40345764160156,181.471923828125,1.2480578300649974,0.4203296071920707,0.3147369427381907
1,0,0,0,0,1,0,76.00993347167969,65.02169799804688,164.7614288330078,198.14328002929688,1.202607196555226,0.461333298758405,0.3946415035278003
0,1,0,0,0,1,0,79.33502197265625,63.785011291503906,164.70858764648438,193.6506195068359,1.175716593007707,0.481669007707927,0.3872597792436074
0,1,1,0,0,0,0,71.54741668701172,56.425392150878906,158.6435546875,188.82196044921875,1.190227745597134,0.4509947903521677,0.3556740282454401
0,1,0,0,1,0,0,84.20018005371094,71.27532196044922,164.87796020507812,201.71261596679688,1.2234055765604035,0.5106818397618533,0.4322913861367263
0,1,1,0,0,0,0,79.59371948242188,70.40899658203125,171.4779510498047,195.16973876953125,1.1381622976871553,0.4641629958553935,0.4106008740539558
1,0,0,0,1,0,0,77.18473815917969,56.62889862060547,183.9265289306641,185.10708618164065,1.0064186349725637,0.4196498384867388,0.3078886931093731
1,0,0,0,1,0,0,81.21315002441406,70.6579818725586,167.56846618652344,201.15936279296875,1.2004607273128267,0.4846565220332939,0.4216663402164697
0,1,0,1,0,0,0,71.6948013305664,57.94009780883789,154.86033630371094,190.47122192382812,1.2299548513847818,0.462964262133327,0.3741442075600701
1,0,1,0,0,0,0,87.96954345703125,77.89957427978516,177.69180297851562,201.4502716064453,1.133706047379137,0.4950681009616829,0.438397117784909
0,1,1,0,0,0,0,72.25950622558594,62.13401412963867,159.9420166015625,192.3584442138672,1.2026761216413724,0.4517856393269961,0.3884783714114536
0,1,0,1,0,0,0,76.47015380859375,65.80230712890625,165.0651092529297,195.3945770263672,1.1837424511497676,0.4632726695222934,0.3986445556345721
1,0,1,0,0,0,0,69.99137878417969,51.09650039672851,159.16371154785156,195.6041259765625,1.228949262833415,0.4397445755915111,0.3210310937073534
1,0,1,0,0,0,0,68.83588409423828,60.19487762451172,148.48927307128906,195.42202758789065,1.316068316221532,0.4635747934545445,0.4053819941297202
1,0,0,1,0,0,0,63.177364349365234,54.96465301513672,132.6285400390625,194.88218688964844,1.4693834888950044,0.4763481851700839,0.4144255301230656
1,0,0,0,1,0,0,73.98416137695312,60.9206657409668,161.05592346191406,200.72962951660156,1.2463349698781454,0.4593693903748199,0.3782578400810765
0,1,0,0,1,0,0,74.4358139038086,62.71793746948242,162.27572631835938,191.20518493652344,1.178273481034428,0.4586996194229152,0.3864899507301524
1,0,1,0,0,0,0,78.06733703613281,65.4913330078125,168.3553466796875,201.72732543945312,1.1982234566227294,0.4637057187418202,0.3890065525059691
1,0,0,0,0,1,0,77.36760711669922,61.62276840209961,173.5943603515625,192.01467895507812,1.106111273236129,0.4456804181887862,0.3549813961542383
1,0,0,0,0,1,0,75.64009857177734,60.44965744018555,166.79843139648438,190.5393524169922,1.1423329993078593,0.4534820737730967,0.3624114263790352
1,0,1,0,0,0,0,67.02925872802734,49.57698440551758,155.78285217285156,196.62852478027344,1.2621962047664967,0.430273664868158,0.3182441694578077
1,0,1,0,0,0,0,82.15597534179688,69.64929962158203,165.99864196777344,205.25782775878903,1.2365030540348474,0.4949195630030903,0.4195775266348479
0,1,0,0,1,0,0,68.88218688964844,52.805511474609375,167.23745727539062,190.3957366943359,1.138475433651269,0.4118825292602951,0.3157517002166226
1,0,1,0,0,0,0,81.95098114013672,75.69654083251953,166.00791931152344,201.94671630859375,1.2164884491421706,0.4936570585307498,0.4559815046562363
0,1,1,0,0,0,0,79.24081420898438,72.20097351074219,165.2242431640625,194.52755737304688,1.1773548097290245,0.4795955647398592,0.4369877696401301
0,1,0,0,0,1,0,74.58540344238281,64.76933288574219,159.9605712890625,191.689453125,1.1983543918369777,0.4662736750770949,0.4049081118164953
0,1,1,0,0,0,0,81.94066619873047,74.67440032958984,173.88548278808594,200.6625213623047,1.1539923755846364,0.4712335088869464,0.4294458578844989
1,0,1,0,0,0,0,78.98941040039062,61.165645599365234,180.01316833496094,200.83981323242188,1.115695118807684,0.4387979564551102,0.3397842844782931
0,1,0,0,0,1,0,73.38267517089844,54.45307922363281,172.8434600830078,183.22576904296875,1.0600676991479738,0.4245614797091919,0.3150427513860334
1,0,0,1,0,0,0,72.2164306640625,53.6338005065918,158.40565490722656,191.90005493164065,1.2114469969145405,0.4558955341989368,0.338585137872783
1,0,1,0,0,0,0,76.88245391845703,65.14874267578125,167.37380981445312,187.0004119873047,1.117262086551111,0.4593457841683069,0.3892409615817653
0,1,0,0,0,1,0,79.31334686279297,69.4169921875,162.77713012695312,187.1484375,1.1497219379284989,0.4872511685206325,0.4264542084834664
0,1,0,1,0,0,0,78.21188354492188,69.65473937988281,160.91082763671875,197.47854614257812,1.2272545548545477,0.4860573069793499,0.4328778889705249
1,0,1,0,0,0,0,71.67911529541016,63.72397994995117,154.2909393310547,195.71009826660156,1.2684484203357902,0.4645711252143699,0.4130118088996897
1,0,1,0,0,0,0,78.14999389648438,68.4096450805664,170.59095764160156,190.62661743164065,1.1174485451458245,0.4581133430335239,0.4010156577248941
1,0,0,1,0,0,0,81.35382080078125,67.69327545166016,155.23094177246094,198.5396423339844,1.2789952832020164,0.5240825048915215,0.4360810717162667
1,0,0,0,0,1,0,76.75418090820312,61.41180038452149,166.61227416992188,190.0335693359375,1.1405736479062103,0.4606754291699079,0.3685910938463621
0,1,0,0,1,0,0,78.15967559814453,60.555362701416016,174.57888793945312,187.3262481689453,1.073017765091465,0.4477040524238624,0.3468653249894547
1,0,0,0,0,1,0,83.59220886230469,63.90731430053711,198.60171508789065,198.97525024414065,1.001880825430358,0.4209037612052402,0.3217863162574155
1,0,1,0,0,0,0,76.79315948486328,68.88697052001953,162.17127990722656,197.02740478515625,1.2149340185134498,0.4735311920137425,0.4247791012035408
1,0,0,1,0,0,0,78.47871398925781,64.83090209960938,155.56466674804688,196.69012451171875,1.2643624585413011,0.5044764703309026,0.4167456753184819
1,0,0,1,0,0,0,85.77722930908203,75.52472686767578,191.19937133789065,208.2126312255859,1.08898177733874,0.4486271513806136,0.3950051003787416
1,0,0,0,1,0,0,70.1531982421875,52.92447280883789,158.32093811035156,201.71678161621097,1.27410046974085,0.4431075199496979,0.3342859980525691
0,1,1,0,0,0,0,85.87055969238281,69.60348510742188,177.9627685546875,203.57632446289065,1.1439264859510891,0.4825198011346683,0.3911126224473907
1,0,1,0,0,0,0,82.00111389160156,73.1624984741211,169.39932250976562,177.90530395507812,1.050212606044054,0.4840699046294847,0.4318936899520562
0,1,1,0,0,0,0,82.63458251953125,73.58612060546875,168.14752197265625,200.1896820068359,1.1905598111602875,0.4914409772447856,0.4376283381531792
0,1,0,0,1,0,0,88.68255615234375,72.72412109375,167.0584259033203,198.94778442382812,1.190887459570359,0.530847550327488,0.4353214792999231
1,0,1,0,0,0,0,85.28665161132812,74.77584838867188,167.9050750732422,196.07565307617188,1.1677768107404816,0.5079456447288748,0.4453459691796317
0,1,0,0,0,0,1,72.79750061035156,60.774024963378906,156.6939697265625,184.0062561035156,1.1743033661385578,0.4645839322175973,0.3878517154771949
1,0,0,1,0,0,0,75.96878814697266,66.58939361572266,152.7843017578125,201.2528381347656,1.317235055037156,0.4972290168095627,0.4358392377331898
0,1,0,1,0,0,0,82.81629943847656,72.60838317871094,173.96348571777344,198.63510131835935,1.1418206556323631,0.476055645222194,0.417377146009283
1,0,0,0,1,0,0,83.75404357910156,62.10834884643555,195.7045440673828,205.64028930664065,1.0507691085386186,0.4279616703752382,0.3173577248418467
0,1,1,0,0,0,0,76.8034439086914,57.41938781738281,177.98837280273438,196.63058471679688,1.104738369256984,0.4315082086503096,0.3226019032210664
1,0,1,0,0,0,0,72.49141693115234,60.83241653442383,156.55880737304688,196.26039123535156,1.2535889518352303,0.4630299511570784,0.388559529515787
0,1,1,0,0,0,0,87.15699005126953,73.7497787475586,165.49061584472656,203.3572235107422,1.228814228968393,0.5266582011698208,0.4456432672699409
1,0,0,0,0,1,0,81.62472534179688,68.03558349609375,167.02122497558594,198.9055328369141,1.190899736641189,0.4887086976743718,0.4073469315414178
1,0,1,0,0,0,0,76.36602783203125,63.833763122558594,172.70875549316406,193.4990234375,1.120377614238317,0.4421665109795425,0.3696035151216476
0,1,1,0,0,0,0,76.25404357910156,62.19393157958984,173.3287353515625,190.2552490234375,1.0976555539826849,0.4399388446724402,0.3588206620987683
0,1,0,1,0,0,0,75.23042297363281,67.36692810058594,158.27830505371094,183.84451293945312,1.1615269248496591,0.4753047042556069,0.4256232594715069
1,0,0,0,0,1,0,79.95772552490234,70.73774719238281,169.9308319091797,199.51565551757812,1.1740992101080878,0.4705310073903252,0.4162737650233415
0,1,0,0,0,0,1,63.366580963134766,50.313716888427734,143.82142639160156,163.29013061523438,1.1353672030106474,0.440592076945463,0.3498346397388101
1,0,0,1,0,0,0,73.12310791015625,58.2684326171875,156.70376586914062,191.04730224609375,1.219162163630659,0.4666327417505685,0.3718381131047354
1,0,0,0,0,1,0,68.36668395996094,53.49259185791016,159.49240112304688,197.03646850585935,1.2353972171617604,0.428651669161446,0.335392730194344
0,1,0,0,1,0,0,79.78433990478516,64.51168823242188,169.78590393066406,198.90771484375,1.1715207814011372,0.4699114476391803,0.3799590351079244
1,0,1,0,0,0,0,81.11136627197266,72.91989135742188,170.3738250732422,196.0790557861328,1.150875468704422,0.4760788004677573,0.4279993791656333
0,1,1,0,0,0,0,91.68671417236328,75.98113250732422,173.23159790039062,200.8464508056641,1.1594100224206914,0.5292724611654496,0.4386101232583094
1,0,0,1,0,0,0,77.51937866210938,67.28959655761719,164.8507080078125,187.5343017578125,1.1376008269793114,0.4702398891634461,0.4081850625380889
1,0,0,1,0,0,0,75.67213439941406,67.4605941772461,161.87464904785156,193.1818389892578,1.1934039092937374,0.4674736584420005,0.4167458868578251
0,1,1,0,0,0,0,76.2744369506836,56.39509201049805,173.1765594482422,178.0428009033203,1.0280998852880694,0.4404431938924157,0.3256508397567109
1,0,0,1,0,0,0,74.63092803955078,60.74586486816406,165.80433654785156,183.3188018798828,1.105633336839634,0.4501144517291446,0.3663707845821792
0,1,0,0,1,0,0,81.00483703613281,72.48013305664062,169.36441040039062,192.7965850830078,1.1383535928665398,0.4782872437286622,0.4279537411979999
0,1,0,0,0,1,0,77.59069061279297,71.07721710205078,167.03045654296875,200.24061584472656,1.1988269683811494,0.4645301953828563,0.4255344718151213
1,0,0,1,0,0,0,73.72964477539062,59.6373291015625,163.97178649902344,190.93276977539065,1.1644245260237365,0.4496483593281441,0.3637048200479152
0,1,0,0,0,1,0,83.90780639648438,71.97077178955078,168.47572326660156,203.2258453369141,1.2062618957588491,0.498040932958073,0.4271877893983684
1,0,1,0,0,0,0,85.00157928466797,71.63938903808594,169.31385803222656,197.3978271484375,1.1658692882118695,0.5020355703458668,0.4231159213467947
1,0,1,0,0,0,0,71.47462463378906,55.7861442565918,161.8690948486328,181.8769073486328,1.1236048951698268,0.4415581905899114,0.3446374016532222
1,0,0,1,0,0,0,62.87621307373047,44.32059097290039,153.8022003173828,192.2661895751953,1.2500873796242125,0.4088121817762067,0.2881661698040821
1,0,1,0,0,0,0,80.43489837646484,66.57383728027344,179.46925354003906,186.95968627929688,1.041736579338849,0.4481820523007861,0.3709484269149256
1,0,1,0,0,0,0,77.50658416748047,70.02001953125,167.00820922851562,196.4483337402344,1.1762795053471662,0.4640884692166778,0.4192609444452058
1,0,0,0,1,0,0,81.9595718383789,59.151309967041016,187.1864013671875,194.4491729736328,1.0387996753685036,0.4378500320523062,0.3160021750245039
0,1,0,0,1,0,0,72.52165985107422,58.19765853881836,162.12367248535156,199.69741821289065,1.231759774199132,0.4473230758921205,0.3589707637795876
0,1,0,0,0,1,0,81.54449462890625,71.3122329711914,178.02346801757812,197.1605224609375,1.107497369062992,0.4580547471463397,0.4005777090251382
1,0,0,0,0,0,1,81.33880615234375,67.7889404296875,164.4747772216797,195.58905029296875,1.1891735231193117,0.4945366549590459,0.4121540188397478
1,0,1,0,0,0,0,78.1873779296875,67.7835464477539,163.9785919189453,197.6302795410156,1.2052200060280085,0.4768145464277163,0.4133682674946943
0,1,1,0,0,0,0,78.02996063232422,62.763427734375,171.95269775390625,188.7715606689453,1.09781098601378,0.4537873592655025,0.3650040304933175
1,0,1,0,0,0,0,82.51298522949219,74.37896728515625,162.76242065429688,202.7976226806641,1.2459732527043264,0.5069535393845463,0.4569787484491597
0,1,0,0,0,0,1,68.60830688476562,60.711307525634766,155.6336212158203,192.2385711669922,1.2351995003728085,0.440832169481073,0.3900912094144822
0,1,0,0,0,0,1,83.41142272949219,70.42029571533203,191.0952606201172,192.3155517578125,1.0063857739524014,0.4364913209192965,0.3685088551480207
0,1,0,0,0,0,1,74.63966369628906,58.67844009399414,161.97027587890625,189.0269317626953,1.1670470445084469,0.4608232176630474,0.3622790649431496
0,1,0,0,0,1,0,80.57814025878906,73.97872924804688,166.8043975830078,203.015380859375,1.2170865025206985,0.4830696398078504,0.4435058686701136
1,0,0,1,0,0,0,79.1646957397461,60.87074279785156,180.13275146484375,184.07240295410156,1.021870822808293,0.4394797453321338,0.3379215734109941
0,1,0,0,0,0,1,81.02444458007812,62.98136138916016,169.55450439453125,183.14854431152344,1.080175044393752,0.4778666592752074,0.3714520095709798
1,0,0,0,0,1,0,75.1375732421875,63.118919372558594,159.45655822753906,195.60145568847656,1.2266755150287387,0.4712103037804738,0.3958377132566103
0,1,1,0,0,0,0,74.67799377441406,69.526611328125,160.83729553222656,198.8444061279297,1.2363078194639734,0.4643076938548188,0.4322791619820176
1,0,1,0,0,0,0,77.56055450439453,61.68408203125,171.3020782470703,188.86520385742188,1.1025272185257444,0.4527706569474793,0.360089513580113
0,1,0,0,0,0,1,79.3060073852539,57.460975646972656,183.1433258056641,189.134033203125,1.0327104871067905,0.4330270133316602,0.3137486741282906
1,0,0,0,0,1,0,86.85164642333984,73.46622467041016,194.1177978515625,200.8209991455078,1.0345316162048732,0.4474172249252144,0.3784620755207007
1,0,1,0,0,0,0,75.53328704833984,57.84540557861328,163.5562744140625,204.64434814453125,1.2512167379555816,0.4618183393999192,0.3536728002997343
1,0,1,0,0,0,0,81.51407623291016,65.74668884277344,177.50877380371094,206.200439453125,1.1616351971488534,0.4592115335270602,0.3703855726899228
1,0,1,0,0,0,0,74.8360824584961,61.22370147705078,152.369140625,191.30421447753903,1.2555312295707124,0.491149862442798,0.4018116872348198
0,1,0,1,0,0,0,74.20642852783203,60.21075439453125,151.14422607421875,178.86192321777344,1.1833857492508115,0.4909643620219622,0.3983662225043582
1,0,1,0,0,0,0,87.24556732177734,77.72027587890625,171.18478393554688,207.6438140869141,1.2129805541892933,0.509657256421963,0.4540139263088293
0,1,1,0,0,0,0,73.48359680175781,62.62692642211914,160.85540771484375,195.54409790039065,1.2156513770866892,0.4568301299016678,0.3893367796073164
0,1,1,0,0,0,0,79.4758529663086,72.78205871582031,158.89169311523438,195.87057495117188,1.232730113896634,0.5001888481902552,0.4580608167038409
0,1,0,0,1,0,0,78.5955581665039,62.34148025512695,166.119873046875,191.35350036621097,1.1519001119885015,0.4731255612284639,0.3752800860709525
0,1,1,0,0,0,0,85.31963348388672,72.76434326171875,172.4320831298828,193.08506774902344,1.1197746048430208,0.4948013846101976,0.4219884254771179
1,0,0,1,0,0,0,76.4776611328125,67.3608627319336,163.13296508789062,200.19976806640625,1.2272183489005135,0.4688056830917582,0.4129199925695079
0,1,1,0,0,0,0,77.13229370117188,69.09398651123047,157.33982849121094,193.2535400390625,1.2282556927399837,0.4902273915055177,0.4391385650651709
0,1,1,0,0,0,0,79.31887817382812,68.45183563232422,168.87672424316406,193.7820281982422,1.1474762378693302,0.469685082590882,0.4053361168574128
0,1,0,0,0,0,1,87.77306365966797,77.56682586669922,171.33877563476562,199.71197509765625,1.1655970714029869,0.5122778736715702,0.4527102845186928
0,1,0,1,0,0,0,70.33655548095703,60.031394958496094,151.37799072265625,186.3427734375,1.2309766601335308,0.4646418884619928,0.3965662027347241
1,0,1,0,0,0,0,80.63867950439453,74.01811218261719,165.35646057128906,194.7233734130859,1.1775976139083848,0.4876657327194621,0.4476275793935867
0,1,1,0,0,0,0,79.79706573486328,74.52442169189453,169.8275146484375,204.4879608154297,1.2040920532738366,0.469871244951399,0.4388241908042325
1,0,0,0,0,1,0,74.16725158691406,59.411338806152344,164.6394500732422,194.589599609375,1.181913566419282,0.4504828675868372,0.360857247638536
0,1,0,0,0,1,0,77.90906524658203,65.94991302490234,163.9580078125,194.39450073242188,1.185635903521886,0.4751769449143204,0.4022366086584908
0,1,0,0,0,1,0,84.41168975830078,68.50078582763672,193.7591857910156,186.93804931640625,0.9647958033743677,0.4356525829404825,0.3535356816657981
0,1,0,0,1,0,0,77.98214721679688,61.49793243408203,167.25625610351562,195.804931640625,1.170688237332303,0.466243529739978,0.367686888770371
0,1,0,0,0,1,0,87.70481872558594,74.27470397949219,189.3576507568359,199.78756713867188,1.0550805121427578,0.4631701881336302,0.3922455928378211
0,1,0,0,1,0,0,79.50078582763672,59.69517135620117,180.9221038818359,203.82077026367188,1.1265664387630137,0.4394199720315013,0.3299495753995286
1,0,0,0,1,0,0,89.04637145996094,73.10950469970703,191.1991271972656,199.27166748046875,1.04222059170215,0.4657258260812522,0.3823736319898462
1,0,0,0,0,1,0,78.64213562011719,62.36608123779297,177.851318359375,186.11488342285156,1.0464633331914852,0.4421790985052417,0.3506641492067719
0,1,1,0,0,0,0,80.59516143798828,62.9468994140625,185.9847412109375,189.586181640625,1.0193641715241728,0.4333428694915354,0.3384519558121722
1,0,1,0,0,0,0,82.2080307006836,68.90406036376953,175.57559204101562,202.73287963867188,1.1546757569315906,0.4682201537528021,0.3924466924062718
0,1,1,0,0,0,0,66.28086853027344,45.54644775390625,154.98971557617188,192.72328186035156,1.243458516869366,0.4276468814971066,0.2938675484666065
0,1,0,0,1,0,0,87.54756927490234,74.26571655273438,173.0100860595703,197.5594024658203,1.141895290415596,0.5060258119561782,0.4292565725166071
0,1,1,0,0,0,0,83.89060974121094,77.31908416748047,179.91627502441406,202.8475341796875,1.1274551685341514,0.4662758259630889,0.4297503611443073
1,0,1,0,0,0,0,81.46389770507812,71.40213775634766,166.6188201904297,204.1648101806641,1.225340630472133,0.4889237459008084,0.4285358501203027
0,1,1,0,0,0,0,76.56787109375,66.29098510742188,166.8826904296875,189.2941131591797,1.1342944715943128,0.4588125400939066,0.3972310425768943
1,0,1,0,0,0,0,79.4570541381836,57.48857498168945,181.91424560546875,208.2935028076172,1.1450092988284113,0.4367830230871976,0.3160201928680687
1,0,0,1,0,0,0,79.41520690917969,55.57435989379883,189.5485382080078,190.065185546875,1.002725673032098,0.4189702946800391,0.2931932919092857
0,1,0,1,0,0,0,67.95735168457031,54.667179107666016,156.523193359375,190.15245056152344,1.214851591514212,0.4341679352819055,0.3492592882522589
0,1,1,0,0,0,0,82.10018920898438,73.45996856689453,171.12644958496094,200.5631866455078,1.1720174592059898,0.4797632943832171,0.4292730243925448
0,1,0,0,0,1,0,72.40879821777344,61.90703582763672,158.6179656982422,199.5206756591797,1.2578693389546527,0.4564980889713672,0.3902901891038612
1,0,0,0,0,1,0,69.46917724609375,52.52894592285156,152.140380859375,175.24526977539062,1.1518655914064768,0.4566123527080221,0.3452662969958294
1,0,0,0,1,0,0,78.20694732666016,65.25260162353516,166.8810577392578,189.8826141357422,1.1378320386273135,0.4686388520430765,0.3910126320357379
1,0,0,0,0,0,1,73.45866394042969,60.113258361816406,161.21275329589844,192.27407836914065,1.1926728775373658,0.4556628581710267,0.372881531596209
1,0,0,0,0,1,0,82.47638702392578,68.37964630126953,164.0159454345703,197.0854034423828,1.2016234331375095,0.5028559071217102,0.4169085275220861
1,0,1,0,0,0,0,72.03984832763672,56.74138641357422,165.34173583984375,186.05174255371097,1.1252557716820375,0.4357027459625635,0.3431764286576504
1,0,0,0,1,0,0,79.1620101928711,67.38180541992188,163.88214111328125,198.61708068847656,1.211950730807119,0.4830423233130171,0.4111601481539415
1,0,0,0,0,1,0,80.66761016845703,62.873191833496094,182.1490020751953,194.60476684570312,1.0683822838917656,0.4428660560827864,0.3451745061306489
0,1,0,0,0,0,1,72.55305480957031,65.18531799316406,163.14895629882812,178.02432250976562,1.0911765943736187,0.4447043760223641,0.3995448053848952
0,1,1,0,0,0,0,73.78094482421875,63.85947036743164,159.71609497070312,198.7619171142578,1.2444701778535026,0.4619505932558172,0.3998311527660718
0,1,1,0,0,0,0,80.6345443725586,72.966552734375,169.51577758789062,197.3492889404297,1.1641942227950313,0.4756757484166992,0.4304410702805717
1,0,1,0,0,0,0,73.07562255859375,57.85626220703125,167.68807983398438,204.14419555664065,1.2174043364248002,0.435783048091078,0.345023106378882
1,0,1,0,0,0,0,78.12837982177734,70.22382354736328,172.0076446533203,197.05422973632812,1.1456132088401592,0.4542145785394847,0.4082598984998527
0,1,0,1,0,0,0,77.53889465332031,55.67472839355469,172.64370727539062,183.53509521484375,1.0630859248294515,0.4491266775778571,0.3224833923703097
1,0,1,0,0,0,0,79.88349914550781,67.08319091796875,170.9813232421875,198.42637634277344,1.1605149181218537,0.4672059943784407,0.3923422140261973
1,0,0,0,1,0,0,75.16655731201172,68.07792663574219,159.71080017089844,192.4721221923828,1.205129033142581,0.4706416675114006,0.426257501451971
0,1,1,0,0,0,0,81.26200103759766,73.79113006591797,168.61146545410156,205.62158203125,1.2194994063865907,0.4819482519693676,0.437640049371405
0,1,1,0,0,0,0,84.03163146972656,72.52606201171875,163.0364990234375,190.2991180419922,1.1672178879076367,0.5154160692425473,0.4448455557260996
1,0,1,0,0,0,0,84.80753326416016,73.05514526367188,180.5065155029297,204.83314514160156,1.134768706663539,0.4698308702479146,0.40472303761515
1,0,0,0,0,1,0,81.158203125,72.35011291503906,171.97921752929688,206.6021270751953,1.2013203109265245,0.4719070379022663,0.4206910227552008
1,0,0,0,0,1,0,83.42778015136719,72.527587890625,167.56861877441406,198.79293823242188,1.186337511679576,0.4978723388755754,0.4328232124910203
0,1,0,0,1,0,0,80.96009826660156,66.72683715820312,167.6830291748047,189.15692138671875,1.1280624063006883,0.4828162913386006,0.3979343496272502
1,0,1,0,0,0,0,68.95030975341797,60.19500732421875,160.12893676757812,199.0355529785156,1.2429705523331436,0.4305924409745945,0.3759158621754281
1,0,0,1,0,0,0,78.92668151855469,64.60877227783203,176.10585021972656,195.6754913330078,1.1111243101172634,0.448177510401149,0.3668746506559545
1,0,1,0,0,0,0,84.61444091796875,72.40780639648438,169.3816375732422,205.96975708007812,1.2160099526196568,0.4995490782250861,0.4274832114855104
0,1,0,0,0,1,0,77.17708587646484,68.4169692993164,168.31239318847656,205.55047607421875,1.2212438560245704,0.4585347781850014,0.4064880072301208
0,1,1,0,0,0,0,81.29170227050781,61.468475341796875,182.843017578125,194.1496429443359,1.061837884300831,0.4445983409553694,0.3361816937610575
0,1,0,0,0,1,0,77.34331512451172,62.289791107177734,166.92990112304688,197.3289794921875,1.1821068494297673,0.4633281072125038,0.3731493919789892
0,1,1,0,0,0,0,71.28427124023438,57.36359024047851,154.20826721191406,191.80300903320312,1.243791999618452,0.4622597252991309,0.3719877752186208
0,1,0,0,0,1,0,85.49160766601562,73.53013610839844,170.99411010742188,195.00735473632812,1.1404331682174351,0.499968142834324,0.4300156073341085
1,0,1,0,0,0,0,83.470458984375,72.98503112792969,166.8900604248047,201.3520050048828,1.2064948894641068,0.500152368402935,0.4373240140374591
0,1,1,0,0,0,0,82.42456817626953,71.38261413574219,180.84031677246097,200.08599853515625,1.1064236233721645,0.4557864620419723,0.3947273230313905
1,0,1,0,0,0,0,83.56964111328125,70.15721893310547,188.64154052734375,192.13563537597656,1.018522404126181,0.4430076264202675,0.3719075805730929
1,0,1,0,0,0,0,72.05199432373047,58.664703369140625,166.37847900390625,193.8701171875,1.1652355421697798,0.4330607825909914,0.3525979064141059
0,1,0,1,0,0,0,81.31329345703125,74.20780944824219,173.37936401367188,199.3623046875,1.1498617832730038,0.468990608655245,0.4280083150056457
1,0,1,0,0,0,0,79.59259796142578,70.70616912841797,173.40261840820312,202.3101348876953,1.1667074969504885,0.4590045911190261,0.4077572171486488
1,0,0,0,0,1,0,59.91062927246094,52.22185897827149,143.4154815673828,187.9847869873047,1.3107705314156148,0.4177417153134358,0.3641298582798775
0,1,1,0,0,0,0,77.32685852050781,64.91119384765625,161.5359344482422,185.3404998779297,1.1473639008620384,0.4786975652484565,0.4018374863114713
1,0,1,0,0,0,0,80.1007308959961,71.40473937988281,165.22235107421875,199.29884338378903,1.206246262010053,0.4848056596169269,0.4321736067525599
1,0,1,0,0,0,0,80.92842864990234,67.85731506347656,177.15399169921875,187.2604217529297,1.057048841839647,0.4568253183214005,0.3830414116701826
1,0,1,0,0,0,0,82.5831298828125,74.2674560546875,172.9672088623047,199.9293975830078,1.1558803480616209,0.477449630054186,0.4293730386423137
0,1,0,0,0,1,0,77.85501098632812,73.49002075195312,157.2145233154297,199.78659057617188,1.2707896596507633,0.4952151324475447,0.4674505840946089
1,0,1,0,0,0,0,75.7605972290039,63.226112365722656,161.0015411376953,201.65914916992188,1.2525293096260144,0.4705582113913447,0.3927050133740584
0,1,1,0,0,0,0,74.16986083984375,66.33584594726562,166.1444854736328,188.58514404296875,1.13506712850182,0.4464178310126009,0.399266010895036
1,0,1,0,0,0,0,81.94722747802734,73.00086975097656,170.49388122558594,196.45741271972656,1.152284242152875,0.4806461492280789,0.4281729597931246
0,1,1,0,0,0,0,69.550537109375,55.24379348754883,161.15223693847656,181.62661743164065,1.127049930439257,0.431582821502673,0.3428050056086988
0,1,0,1,0,0,0,79.52684783935547,70.94074249267578,167.70077514648438,201.6350555419922,1.2023501702115966,0.4742187254047564,0.4230197649993567
1,0,1,0,0,0,0,76.8005142211914,64.33712768554688,167.04544067382812,202.34814453125,1.2113359317980652,0.4597582185505536,0.3851474630257712
0,1,0,1,0,0,0,81.58028411865234,66.69385528564453,164.39495849609375,198.59117126464844,1.2080125393222885,0.4962456565880078,0.4056928259587064
1,0,1,0,0,0,0,76.5447006225586,56.36320114135742,175.99667358398438,184.16636657714844,1.0464195875228604,0.4349212917710743,0.3202515138131931
0,1,0,1,0,0,0,80.176025390625,64.3001708984375,159.8126983642578,198.09027099609375,1.2395152138948975,0.5016874516934907,0.4023470697671309
0,1,0,0,0,1,0,68.77836608886719,59.64936065673828,155.85317993164062,178.1491241455078,1.1430573583653956,0.4413022956543738,0.3827279025227545
1,0,0,1,0,0,0,75.84455108642578,64.11077117919922,160.50433349609375,191.16519165039065,1.1910282263814584,0.4725389616241834,0.3994332725026362
0,1,1,0,0,0,0,77.53695678710938,68.0796890258789,159.90176391601562,198.26611328125,1.2399244912981966,0.4849036989225066,0.4257594623010916
0,1,0,0,1,0,0,77.29081726074219,65.16776275634766,167.20460510253906,188.87989807128903,1.129633349245719,0.4622529218818059,0.3897486119857954
1,0,0,0,0,0,1,72.57774353027344,60.41549301147461,158.81459045410156,179.37918090820312,1.12948804259924,0.4569966986203882,0.3804152555425005
0,1,1,0,0,0,0,78.39519500732422,68.03130340576172,161.3206024169922,193.4620819091797,1.1992397685765273,0.4859589775438795,0.4217149104731824
1,0,1,0,0,0,0,76.81120300292969,64.15260314941406,161.2788543701172,198.1250915527344,1.228462914909224,0.4762633223240565,0.3977744224434464
1,0,1,0,0,0,0,77.4890365600586,66.72636413574219,169.6081085205078,201.0580596923828,1.1854271676408223,0.4568710613896691,0.3934149417607243
0,1,1,0,0,0,0,84.68141174316406,73.04275512695312,172.9359588623047,199.24331665039065,1.152121964461032,0.4896691948872774,0.4223688098616397
0,1,0,1,0,0,0,82.41820526123047,64.81999206542969,172.58424377441406,180.3403778076172,1.0449411479494108,0.4775534745162473,0.3755846457812006
1,0,1,0,0,0,0,79.26896667480469,68.88541412353516,163.908447265625,197.3096466064453,1.2037796092759718,0.4836173363679288,0.4202676266702811
1,0,0,0,1,0,0,75.1919937133789,57.028072357177734,171.08602905273438,180.60447692871097,1.055635448018042,0.4394981526527934,0.3333298029823335
0,1,1,0,0,0,0,74.4173812866211,60.68251037597656,159.0276641845703,185.58604431152344,1.1670047803514805,0.4679524261907725,0.3815846172873882
1,0,0,0,0,1,0,79.24665069580078,66.00567626953125,168.0262451171875,188.02047729492188,1.1189946973092786,0.471632575259486,0.3928295619740626
1,0,1,0,0,0,0,72.61616516113281,63.00429153442383,156.99209594726562,197.8073272705078,1.259982714906566,0.4625466315547817,0.4013214242046126
1,0,1,0,0,0,0,70.95709228515625,61.54290390014648,157.04666137695312,188.2973175048828,1.1989896241915,0.451821717590294,0.3918765503230112
1,0,0,1,0,0,0,67.90184783935547,55.21225357055664,141.0717315673828,190.7340545654297,1.3520359638764743,0.481328520497547,0.3913771593863548
1,0,0,1,0,0,0,59.816932678222656,43.70238494873047,151.73028564453125,179.9637451171875,1.1860766250635069,0.394231991484942,0.2880267756900885
1,0,1,0,0,0,0,85.18098449707031,72.84738159179688,168.5218505859375,210.24334716796875,1.2475732163928228,0.5054595840296234,0.4322726182896291
0,1,1,0,0,0,0,78.968505859375,70.21887969970703,166.03460693359375,192.3468017578125,1.1584741597559984,0.4756147366973849,0.4229171315338577
1,0,1,0,0,0,0,74.82609558105469,57.49905776977539,166.7563018798828,190.068359375,1.139797160480983,0.4487152493640276,0.3448089045006099
1,0,0,0,1,0,0,81.3464126586914,66.48472595214844,182.07260131835935,191.512939453125,1.051849306630485,0.4467800870074613,0.3651550286574855
0,1,0,0,0,1,0,84.10385131835938,65.04513549804688,193.0384979248047,193.46966552734375,1.0022335834933145,0.4356843439132064,0.3369542148187676
1,0,0,1,0,0,0,77.88290405273438,70.16424560546875,162.58726501464844,195.212646484375,1.2006638186993746,0.4790221672387283,0.4315482248818642
0,1,1,0,0,0,0,85.29267120361328,75.09934997558594,169.5785369873047,197.11317443847656,1.1623710048473483,0.5029685520284836,0.4428588152120228
1,0,0,0,1,0,0,83.78780364990234,66.50659942626953,180.89662170410156,201.23980712890625,1.1124575198429116,0.4631805882309773,0.3676497592921139
1,0,1,0,0,0,0,80.08625793457031,69.02555084228516,165.2865753173828,202.9700469970703,1.227988701486057,0.4845297192514813,0.4176113559721501
0,1,1,0,0,0,0,79.6132583618164,72.47337341308594,165.82957458496094,200.8261260986328,1.2110392648673278,0.4800908315725518,0.4370352730776319
1,0,0,1,0,0,0,84.78562927246094,79.1847152709961,174.62445068359375,192.05088806152344,1.0997937992629971,0.4855312583120794,0.4534572046527023
1,0,0,0,0,1,0,78.35212707519531,63.396766662597656,170.07943725585938,191.54812622070312,1.1262274223811506,0.4606795997174315,0.3727479799173288
1,0,0,0,0,1,0,70.28008270263672,58.246578216552734,151.63299560546875,190.1734619140625,1.2541693920554833,0.4634880582686452,0.3841286521048723
0,1,0,1,0,0,0,78.15669250488281,71.79227447509766,164.56924438476562,199.3277587890625,1.2112090538802676,0.4749167610088259,0.4362435687390417
0,1,0,0,1,0,0,84.76693725585938,74.00446319580078,191.8461151123047,194.55618286132812,1.01412625815976,0.4418485993643275,0.3857490841160862
0,1,1,0,0,0,0,76.24629974365234,62.87101745605469,175.28526306152344,184.8218536376953,1.0544061172605517,0.4349840848679368,0.3586782845172076
0,1,1,0,0,0,0,68.72395324707031,55.41912460327149,154.79794311523438,193.47195434570312,1.2498354335475834,0.4439590853988994,0.3580094379032962
1,0,0,0,1,0,0,73.33606719970703,51.749732971191406,168.3685302734375,186.7408142089844,1.1091194649362892,0.4355687317612514,0.3073598901596853
1,0,1,0,0,0,0,83.23931121826172,66.91370391845703,176.62353515625,202.14454650878903,1.144493831640058,0.4712809713871034,0.3788493071394014
1,0,1,0,0,0,0,85.9000244140625,73.079345703125,171.86488342285156,201.35791015625,1.1716058926408754,0.4998113791676481,0.4252139485837989
0,1,0,0,0,1,0,79.20115661621094,65.63517761230469,161.56784057617188,196.2256774902344,1.2145095013368266,0.4902037208256875,0.4062391214627932
0,1,0,0,1,0,0,77.71326446533203,64.76446533203125,165.88963317871094,193.0134124755859,1.163504968798471,0.4684636584952385,0.3904069476256015
1,0,1,0,0,0,0,80.03973388671875,69.69813537597656,173.1106719970703,192.50558471679688,1.1120376490714263,0.4623616381552335,0.4026218289832305
0,1,1,0,0,0,0,77.03742218017578,67.93103790283203,166.1722412109375,198.62933349609375,1.1953219866846203,0.4635998264137582,0.408798951063078
0,1,1,0,0,0,0,83.53504943847656,63.65469741821289,196.3794708251953,182.3274688720703,0.9284446490558416,0.425375672352403,0.3241413022997415
1,0,0,0,0,0,1,79.84967803955078,69.81925964355469,165.63751220703125,203.3778381347656,1.2278489058720137,0.482074845097566,0.4215184031277118
1,0,0,0,1,0,0,75.70418548583984,63.16751480102539,173.50674438476562,185.98892211914065,1.0719405910048936,0.4363184022285584,0.3640637430263009
1,0,1,0,0,0,0,79.61530303955078,71.552734375,166.9083709716797,192.62945556640625,1.1541030233833558,0.4770000604287221,0.4286947021197683
1,0,0,1,0,0,0,72.887939453125,63.40790939331055,156.88050842285156,191.79293823242188,1.2225415391660277,0.4646080012480886,0.4041796525952258
0,1,0,0,0,1,0,78.08492279052734,67.9162368774414,164.53233337402344,204.52911376953125,1.2430937407578428,0.4745870990173138,0.4127835270107711
1,0,1,0,0,0,0,78.29104614257812,62.827423095703125,171.40994262695312,197.7521514892578,1.1536795850847137,0.4567474029961396,0.36653313181743
0,1,0,0,0,0,1,81.42469024658203,75.94406127929688,172.47056579589844,204.3976287841797,1.185116010033061,0.4721077470282086,0.4403305626605819
0,1,1,0,0,0,0,82.3414306640625,67.41927337646484,173.4862060546875,199.37158203125,1.149207113148827,0.4746281133043296,0.3886146046401665
1,0,0,0,1,0,0,85.78590393066406,69.73676300048828,163.84658813476562,193.06727600097656,1.1783417537030223,0.523574551702622,0.42562230800393
1,0,1,0,0,0,0,80.8444595336914,67.38362121582031,171.98904418945312,189.0667724609375,1.0992954426368726,0.4700558684693767,0.3917901953196183
0,1,0,1,0,0,0,79.20275115966797,66.95966339111328,155.65098571777344,182.07052612304688,1.16973577316868,0.5088483750644438,0.4301910654939547
0,1,1,0,0,0,0,76.87873840332031,66.67013549804688,158.0697021484375,194.1611328125,1.2283260496699764,0.4863597347145393,0.4217768148600633
0,1,1,0,0,0,0,85.20042419433594,71.96212005615234,176.5510711669922,192.83627319335935,1.0922407432519268,0.4825823124785715,0.4075994531241695
1,0,0,0,0,1,0,92.45482635498048,79.20820617675781,177.08790588378906,204.64202880859375,1.1555957352778603,0.5220843619645736,0.4472818501153707
0,1,1,0,0,0,0,67.5538330078125,58.73733139038086,154.99453735351562,196.0485992431641,1.2648742503486512,0.4358465411831511,0.3789638808780157
0,1,0,0,0,1,0,75.73439025878906,62.658992767333984,162.3842315673828,194.8858642578125,1.200152640294651,0.4663900523331441,0.3858687026599197
1,0,0,1,0,0,0,73.71531677246094,64.41898345947266,153.2462615966797,197.9134063720703,1.291472981526607,0.4810252204811898,0.4203625118700343
0,1,1,0,0,0,0,72.89989471435547,57.03909683227539,181.3656311035156,186.4990692138672,1.0283043599777824,0.4019498858234468,0.3144978267669686
1,0,0,0,1,0,0,71.77641296386719,56.041900634765625,155.617919921875,191.2071990966797,1.2286965356732156,0.4612348822031625,0.3601249821543713
0,1,0,0,1,0,0,69.70474243164062,56.17277526855469,142.32363891601562,187.96408081054688,1.3206806841234815,0.4897622275718582,0.3946833828616617
1,0,1,0,0,0,0,72.15780639648438,56.01340103149414,158.9736328125,196.52072143554688,1.2361843782442303,0.4538979522572164,0.3523439707612308
1,0,0,1,0,0,0,71.2563705444336,60.97466278076172,157.00299072265625,184.8070526123047,1.1770925621331887,0.45385358722438,0.3883662502230462
1,0,1,0,0,0,0,78.93795776367188,69.40681457519531,156.52040100097656,205.5016326904297,1.3129383222647604,0.504330152867289,0.4434362174599991
1,0,1,0,0,0,0,70.12273406982422,56.08445358276367,157.5857391357422,195.9805450439453,1.2436439116811857,0.4449814713844218,0.3558980266257043
1,0,0,1,0,0,0,86.7632064819336,77.14092254638672,191.77560424804688,213.5835418701172,1.1137159114037436,0.4524204568257395,0.4022457540877353
0,1,0,0,1,0,0,80.99160766601562,62.45074462890625,184.114013671875,195.4600372314453,1.0616249862424434,0.4398992018628063,0.33919604153655
1,0,0,0,0,1,0,79.31890869140625,64.8890380859375,177.4954071044922,188.26614379882812,1.060681776898008,0.4468786544133557,0.3655815051469872
0,1,0,0,0,0,1,83.48097229003906,70.76568603515625,171.5640411376953,196.1756896972656,1.143454586382803,0.4865878172165355,0.4124738818570992
1,0,0,0,1,0,0,82.06946563720703,60.6535758972168,186.21890258789065,192.4606475830078,1.0335183212250496,0.4407150106497502,0.3257111660218802
0,1,1,0,0,0,0,90.0555191040039,78.70993041992188,192.48085021972656,197.56996154785156,1.0264395721564796,0.4678674216224679,0.4089234348771347
0,1,0,1,0,0,0,70.16967010498047,58.19535446166992,150.3533172607422,192.9568328857422,1.283356007045173,0.4666985164237678,0.3870573361593861
1,0,1,0,0,0,0,83.39952850341797,71.87853240966797,180.9232482910156,193.19725036621097,1.0678409336065675,0.4609663450728541,0.3972874303807056
1,0,1,0,0,0,0,80.8379898071289,65.36563110351562,185.8201904296875,188.0865936279297,1.0121967542547523,0.4350334030989877,0.3517681848908088
1,0,1,0,0,0,0,75.4642333984375,57.03030776977539,175.3470916748047,192.0518798828125,1.095266981895475,0.4303706019737812,0.3252423933870696
0,1,0,1,0,0,0,77.10161590576172,65.4078140258789,164.2133331298828,194.3802947998047,1.183705921406891,0.4695210458019204,0.3983100079586429
1,0,1,0,0,0,0,84.45531463623047,71.31122589111328,173.57420349121094,200.91810607910156,1.1575343688054154,0.4865660503549822,0.4108400007419546
1,0,1,0,0,0,0,81.91452026367188,64.49687194824219,177.4303436279297,204.46780395507812,1.1523835200581352,0.4616714288478531,0.3635053093482799
1,0,1,0,0,0,0,84.84263610839844,69.0277099609375,186.1839904785156,178.51516723632812,0.958810511996882,0.4556924356940814,0.3707499757821704
1,0,1,0,0,0,0,78.80989837646484,67.47196960449219,159.7715606689453,196.953857421875,1.2327216220286743,0.4932661234984298,0.4223027510152291
0,1,0,1,0,0,0,72.99420928955078,63.75270462036133,160.45941162109375,195.07911682128903,1.2157536591368394,0.4549076215106541,0.3973135883790097
1,0,0,0,0,1,0,69.49266815185547,59.56100082397461,152.13905334472656,196.24310302734375,1.2898930203192691,0.4567707411350487,0.3914905444364598
1,0,0,0,1,0,0,82.33724212646484,69.50662994384766,178.04676818847656,200.02853393554688,1.12346062762454,0.4624472713781829,0.3903841145280963
0,1,0,1,0,0,0,79.2014389038086,63.94409942626953,174.420654296875,201.91082763671875,1.1576084750436364,0.4540829136496801,0.3666085285830462
1,0,1,0,0,0,0,80.98872375488281,64.15144348144531,180.5535888671875,205.86676025390625,1.140197553233565,0.4485578174491834,0.3553041724838499
1,0,1,0,0,0,0,71.2964859008789,59.630001068115234,150.9230194091797,189.9315185546875,1.2584661988490218,0.4724029918032663,0.3951020944422499
0,1,1,0,0,0,0,82.00235748291016,70.49649810791016,169.65826416015625,200.29478454589844,1.1805778252972194,0.483338420847572,0.4155205669283633
1,0,1,0,0,0,0,85.30201721191406,72.02766418457031,183.2985687255859,199.7991943359375,1.090020482566094,0.4653719764698146,0.3929526819841243
0,1,0,0,0,1,0,81.01859283447266,64.57987976074219,179.6946258544922,202.09402465820312,1.1246525804385985,0.4508682018129886,0.3593868177951842
0,1,1,0,0,0,0,82.35303497314453,69.17940521240234,169.6932373046875,197.5538024902344,1.1641819416499355,0.4853053444037847,0.4076733186967809
1,0,0,1,0,0,0,75.95357513427734,63.47760772705078,164.7783203125,199.06317138671875,1.208066516330534,0.4609439821344965,0.385230336167199
1,0,0,0,1,0,0,73.36277770996094,63.55388259887695,160.09165954589844,200.21240234375,1.2506110743786056,0.4582548392468113,0.3969843449630553
0,1,1,0,0,0,0,71.3375473022461,56.418582916259766,163.21417236328125,195.80946350097656,1.1997087058417015,0.4370793679819872,0.3456720828794424
1,0,1,0,0,0,0,76.21957397460938,62.13484573364258,163.7244873046875,196.8135223388672,1.2021019309872796,0.4655355788823849,0.3795085680617284
1,0,1,0,0,0,0,77.63391876220703,55.30581283569336,186.18942260742188,191.3344268798828,1.027633171639987,0.4169620254201937,0.2970405733106815
0,1,0,0,0,1,0,85.03665924072266,66.92282104492188,195.7529296875,200.21762084960935,1.0228077871898866,0.4344081050356446,0.3418739180647639
1,0,0,0,0,1,0,79.88573455810547,66.28901672363281,173.27316284179688,195.42306518554688,1.1278322735066215,0.4610392818364107,0.3825694391240292
1,0,1,0,0,0,0,79.05581665039062,63.34236907958984,169.8966827392578,194.89129638671875,1.1471165489783013,0.465317011349294,0.3728287572088857
0,1,0,1,0,0,0,68.91641998291016,57.14806365966797,145.75979614257812,180.6582489013672,1.239424407019974,0.4728081529113697,0.3920701398605644
0,1,1,0,0,0,0,79.29110717773438,60.20875930786133,186.00167846679688,185.9386444091797,0.9996611102752578,0.4262924282798266,0.3237000859570694
0,1,0,0,0,0,1,87.09353637695312,75.32160186767578,170.76956176757812,201.5832366943359,1.1804400890171285,0.5100062064660547,0.4410715884496469
1,0,1,0,0,0,0,71.81576538085938,62.641963958740234,155.08290100097656,197.72222900390625,1.274945385517783,0.4630798425701822,0.4039256652694791
1,0,0,0,0,0,1,74.04224395751953,61.29466247558594,161.7418212890625,195.70172119140625,1.209963629886739,0.4577804513848794,0.3789660706617187
1,0,0,0,0,1,0,80.06794738769531,60.09074783325195,186.30062866210935,196.20462036132812,1.0531613434175873,0.4297781921762236,0.3225472091252984
1,0,1,0,0,0,0,86.95117950439453,73.901123046875,186.36578369140625,190.89016723632812,1.0242769002727108,0.4665619288161427,0.3965380424619369
0,1,0,0,0,0,1,84.87075805664062,77.04345703125,176.9064483642578,197.46937561035156,1.1162361657035464,0.4797493751154179,0.4355039499329854
1,0,0,0,0,0,1,71.77545166015625,57.43490219116211,158.68507385253906,193.37808227539065,1.21862805102319,0.4523138182917876,0.36194268809765
0,1,0,0,0,0,1,76.6198959350586,63.88123321533203,159.28744506835938,193.42019653320312,1.2142840036777252,0.4810165415245163,0.4010437432022149
1,0,0,0,1,0,0,74.9935531616211,65.110595703125,157.39344787597656,192.5556640625,1.2234033033842089,0.4764718873222396,0.4136804713397667
0,1,0,0,1,0,0,75.84197998046875,58.53105545043945,168.51412963867188,191.7503204345703,1.1378886793987038,0.4500630311718618,0.3473361882231584
0,1,0,1,0,0,0,74.63646697998047,65.7616958618164,156.05514526367188,185.7374267578125,1.1902037990736494,0.4782698247717123,0.4214003694059877
1,0,1,0,0,0,0,78.15340423583984,68.91885375976562,163.13253784179688,198.00997924804688,1.2137981905245263,0.4790791908823957,0.4224715355473838
0,1,1,0,0,0,0,79.98625946044922,68.07870483398438,166.43605041503906,195.65806579589844,1.1755750350238958,0.4805825376232414,0.4090382141622415
0,1,0,0,0,0,1,72.59715270996094,53.3538818359375,168.72036743164062,179.13499450683594,1.0617271479059276,0.4302809068939153,0.316226681153682
0,1,1,0,0,0,0,79.0273666381836,71.45327758789062,171.4965362548828,196.51318359375,1.1458726099382366,0.4608102785279055,0.4166456019945197
0,1,1,0,0,0,0,75.76917266845703,68.58721160888672,162.13880920410156,197.62744140625,1.218878085859599,0.467310528801764,0.4230153899955476
0,1,1,0,0,0,0,68.17354583740234,55.499786376953125,162.0935821533203,187.35467529296875,1.1558426484507855,0.4205814007671116,0.3423934843049939
0,1,0,1,0,0,0,78.6124496459961,67.01853942871094,160.61875915527344,200.93850708007812,1.251027639217576,0.4894350451929455,0.4172522548497759
1,0,1,0,0,0,0,76.70234680175781,66.67743682861328,161.10107421875,198.91127014160156,1.234698595935563,0.4761131927500871,0.4138857369633412
1,0,0,1,0,0,0,78.32256317138672,64.18684387207031,159.50877380371094,189.38429260253903,1.1872970250250463,0.4910235424903289,0.4024032179637821
1,0,1,0,0,0,0,80.03733825683594,55.809173583984375,174.56736755371094,199.40521240234375,1.142282290193731,0.4584896901318628,0.319699920816031
1,0,1,0,0,0,0,82.57771301269531,61.96797180175781,196.52325439453125,201.41587829589844,1.0248959031155924,0.4201930874140523,0.3153213190605611
0,1,0,0,0,1,0,91.03741455078124,77.85845184326172,167.30453491210938,200.62754821777344,1.1991757923547604,0.5441419421093768,0.4653696439499584
1,0,0,1,0,0,0,78.57581329345703,69.9448471069336,166.26510620117188,190.90618896484375,1.1482035727560147,0.4725935290257747,0.4206826597897461
1,0,0,0,1,0,0,76.04481506347656,65.27131652832031,161.02117919921875,195.81216430664065,1.2160646523671137,0.4722659183199269,0.4053585798646107
0,1,1,0,0,0,0,77.83660125732422,64.4037857055664,159.7469024658203,193.39157104492188,1.2106123377653613,0.4872495181806624,0.4031614053946764
1,0,1,0,0,0,0,87.04751586914062,72.35905456542969,197.24403381347656,195.6451110839844,0.9918936826702492,0.4413188788840981,0.3668504094468879
1,0,0,0,0,1,0,82.25989532470703,67.65138244628906,174.32249450683594,203.3938140869141,1.1667674597149489,0.4718834224890079,0.3880817713036808
1,0,1,0,0,0,0,75.43955993652344,58.70936965942383,164.90280151367188,204.5438537597656,1.240390411091998,0.4574789466525154,0.3560240888603479
0,1,1,0,0,0,0,81.22500610351562,68.5912857055664,170.53091430664062,193.2315216064453,1.133117255555116,0.4763066358599395,0.4022220017083167
0,1,0,0,0,0,1,89.68722534179688,77.89095306396484,194.7069396972656,186.4500274658203,0.957593128194181,0.4606267526018561,0.4000419973991236
1,0,1,0,0,0,0,81.6900634765625,68.13578796386719,171.3355712890625,199.2510681152344,1.1629287871522913,0.4767840260020619,0.3976745018634478
1,0,1,0,0,0,0,84.59532165527344,74.68339538574219,184.20753479003903,197.6673889160156,1.0730689661599249,0.4592392040406802,0.4054307304577243
0,1,0,0,0,0,1,80.02484130859375,71.55073547363281,167.4900360107422,198.20115661621097,1.183360881261612,0.4777886685955531,0.427193982267959
0,1,0,1,0,0,0,81.83423614501953,69.91436767578125,178.69017028808594,194.4284515380859,1.0880758086727802,0.4579671954707168,0.3912602890414434
1,0,0,0,0,1,0,73.53529357910156,59.24321746826172,163.55099487304688,192.73863220214844,1.178461998056067,0.4496169138939316,0.3622308596425724
1,0,1,0,0,0,0,75.67610168457031,67.86280059814453,163.25,200.64744567871097,1.2290808311100212,0.4635595815287615,0.4156986254097674
1,0,0,0,0,1,0,84.89704895019531,76.34488677978516,181.28793334960935,203.2048187255859,1.1208954450030073,0.4682995022425096,0.4211250322576953
0,1,0,0,0,1,0,79.99076843261719,70.14630889892578,161.74452209472656,196.77052307128903,1.2165513893326745,0.494550092928465,0.4336858398075714
0,1,0,0,0,1,0,71.40362548828125,61.769657135009766,157.10252380371094,193.58660888671875,1.2322310565079924,0.4545033635328181,0.3931805526700946
1,0,1,0,0,0,0,74.35600280761719,62.30668640136719,160.03932189941406,183.996337890625,1.1496945607296942,0.4646108339196195,0.3893211097240678
0,1,0,0,1,0,0,71.74405670166016,59.45734786987305,156.09010314941406,175.436767578125,1.1239454907028394,0.4596323229601855,0.380916833740309
0,1,0,0,0,1,0,84.61978912353516,73.16830444335938,170.73928833007812,198.4953155517578,1.1625637982514074,0.495608186909774,0.4285381833260795
0,1,0,0,0,1,0,64.94629669189453,53.32148742675781,158.51394653320312,182.5204315185547,1.15144714714628,0.40971976354327,0.3363835712436118
1,0,1,0,0,0,0,77.01274871826172,61.351078033447266,161.60079956054688,197.3225860595703,1.2210495653249511,0.4765616811778669,0.3796458817053123
0,1,0,1,0,0,0,69.0244369506836,62.11845016479492,156.73568725585938,193.4490509033203,1.2342374241006715,0.4403874966778072,0.3963261414957218
1,0,1,0,0,0,0,79.2622299194336,71.64474487304688,172.03036499023438,201.3192596435547,1.1702542144520995,0.4607455778166434,0.416465691258133
1,0,0,0,0,1,0,65.32209777832031,49.17350769042969,149.7098846435547,197.1587677001953,1.316938879283836,0.4363245482009832,0.3284586572724121
0,1,0,1,0,0,0,75.10128784179688,62.84518814086914,168.55377197265625,200.83724975585935,1.1915322179110908,0.4455627836912498,0.3728494913247284
0,1,0,1,0,0,0,74.35364532470703,58.278831481933594,162.65289306640625,192.67103576660156,1.184553389332828,0.4571307889024186,0.3583018437805475
1,0,1,0,0,0,0,73.16017150878906,62.7255973815918,153.8484344482422,200.97927856445312,1.306345945509551,0.4755340655312399,0.4077103391175163
1,0,0,1,0,0,0,79.29296875,65.81001281738281,168.51260375976562,193.42686462402344,1.1478480559221316,0.4705462201690348,0.3905346623876435
1,0,0,0,1,0,0,87.47724914550781,71.71988677978516,191.47071838378903,208.22181701660156,1.0874864771710742,0.4568701150959598,0.3745736548396288
0,1,1,0,0,0,0,69.83090209960938,57.622161865234375,153.6562042236328,181.9750213623047,1.184299861380517,0.4544619753718292,0.3750070630494717
1,0,0,1,0,0,0,80.23344421386719,68.64808654785156,159.42098999023438,191.5140686035156,1.2013102453776454,0.5032803034204093,0.4306088335799239
0,1,1,0,0,0,0,78.20826721191406,65.13081359863281,169.87103271484375,202.9026336669922,1.19445105162572,0.4603979028207793,0.3834133021841664
1,0,0,1,0,0,0,80.60977172851562,62.12918472290039,189.22315979003903,198.2085723876953,1.047485797233417,0.426003729236737,0.3283381632134173
1,0,1,0,0,0,0,79.81694793701172,67.00164031982422,171.75497436523438,193.60943603515625,1.1272420886247445,0.4647140394739437,0.3901001445078745
1,0,0,1,0,0,0,81.46764373779297,70.27527618408203,164.7821044921875,204.0682373046875,1.2384126172776402,0.4943961845180551,0.4264739572337108
1,0,1,0,0,0,0,79.37155151367188,71.87213897705078,164.13119506835938,195.23866271972656,1.1895280640490746,0.4835860208086234,0.4378944474700046
1,0,0,0,1,0,0,74.23228454589844,61.25330352783203,168.7169647216797,177.35806274414062,1.0512165331845291,0.4399811522709297,0.3630536124738684
1,0,1,0,0,0,0,76.4255599975586,65.06034088134766,157.69725036621094,197.25698852539065,1.2508587693654296,0.484634702381177,0.4125648400987455
1,0,1,0,0,0,0,83.45848846435547,70.8160171508789,187.3430633544922,191.5204162597656,1.0222978787176602,0.4454848072300098,0.3780018105974931
1,0,0,0,0,1,0,79.73123168945312,69.43531036376953,168.19625854492188,207.68161010742188,1.2347576093790116,0.4740368922544047,0.4128231564986016
0,1,0,1,0,0,0,82.71343994140625,68.91122436523438,188.8743438720703,199.09661865234375,1.0541220928724828,0.4379284038568536,0.3648522237192247
0,1,0,1,0,0,0,74.9556884765625,58.0622673034668,169.93875122070312,190.33094787597656,1.1199973314431957,0.4410747280307828,0.3416658465852799
0,1,0,1,0,0,0,78.65685272216797,66.4749755859375,165.47779846191406,196.0430603027344,1.1847091399868674,0.4753317572101457,0.4017153733238553
1,0,1,0,0,0,0,90.87572479248048,78.69579315185547,174.26734924316406,205.6237640380859,1.179932815476344,0.5214730423521676,0.4515808239100902
0,1,0,0,1,0,0,71.95763397216797,58.5081672668457,157.17909240722656,193.8619079589844,1.233382283800942,0.4578066514453267,0.3722388669560462
0,1,0,1,0,0,0,74.48291778564453,63.18964767456055,162.2644500732422,187.3615264892578,1.1546677439493829,0.4590217866699993,0.3894238549851079
1,0,0,1,0,0,0,87.24282836914062,77.88372802734375,187.8908233642578,205.76963806152344,1.0951553374302083,0.4643272449767586,0.4145158695502287
1,0,0,1,0,0,0,75.88348388671875,59.67666244506836,169.11619567871094,190.9421234130859,1.1290587672385923,0.4487061903336753,0.3528737280635311
0,1,0,0,1,0,0,66.48921203613281,53.84626007080078,155.4827117919922,186.3776397705078,1.1987033003376444,0.4276309003735629,0.3463167026751975
0,1,0,0,1,0,0,73.72338104248047,56.53092956542969,151.2283477783203,194.1831970214844,1.2840396650112842,0.4874971004149875,0.3738117250893738
0,1,0,1,0,0,0,76.21601104736328,65.47525787353516,155.3467254638672,184.94699096679688,1.190543221394226,0.4906187164214846,0.4214781977413765
0,1,0,0,0,1,0,80.76200103759766,68.65453338623047,170.8607635498047,199.0528106689453,1.1650001236879808,0.4726772803754684,0.4018156770452343
1,0,0,0,0,1,0,86.16009521484375,69.71821594238281,188.2506103515625,205.07273864746097,1.0893602855495803,0.4576882648823168,0.3703478879148513
0,1,0,0,0,1,0,77.99659729003906,63.807861328125,173.14515686035156,188.7449951171875,1.0900968790563277,0.4504694136662824,0.3685223571086575
1,0,0,1,0,0,0,70.09752655029297,57.09075927734375,147.4410858154297,177.00027465820312,1.200481356192509,0.4754273624791582,0.3872106540832949
0,1,1,0,0,0,0,88.01221466064453,76.43413543701172,174.86050415039062,192.14549255371097,1.09885015765741,0.5033281534230777,0.437114920881583
1,0,0,0,0,1,0,80.98960876464844,74.47894287109375,167.7716064453125,200.35316467285156,1.1942018611960987,0.4827372788556336,0.4439305580314104
1,0,0,0,1,0,0,76.36878967285156,67.30801391601562,161.74490356445312,195.98843383789065,1.2117131947826223,0.472155771154914,0.4161368453207201
0,1,1,0,0,0,0,87.24647521972656,78.48567962646484,160.5975799560547,205.2867126464844,1.2782677840018404,0.5432614566396353,0.4887102261935788
1,0,0,1,0,0,0,83.32508850097656,69.09770965576172,179.94955444335938,199.555419921875,1.1089520090180982,0.4630469286724676,0.3839837773952966
1,0,1,0,0,0,0,83.6328353881836,70.03529357910156,172.06263732910156,195.9394073486328,1.1387678951698417,0.4860604061776663,0.4070337097364498
1,0,1,0,0,0,0,74.5156021118164,60.921600341796875,159.92369079589844,193.30657958984375,1.2087426111028792,0.4659447373992666,0.380941685616471
0,1,0,0,1,0,0,78.349365234375,71.11788940429688,171.7388916015625,190.5378875732422,1.109462660416452,0.4562121282123272,0.4141047420364848
1,0,0,0,1,0,0,75.19386291503906,59.19829559326172,176.51766967773438,178.32913208007812,1.0102622157070786,0.4259849059435203,0.3353675340340666
1,0,1,0,0,0,0,75.58827209472656,60.80351638793945,167.80746459960938,188.2510681152344,1.1218277361165292,0.4504464224823436,0.362340951476845
1,0,1,0,0,0,0,82.81010437011719,67.48735046386719,180.70733642578125,198.75347900390625,1.0998639177305165,0.4582553537007521,0.3734621504511251
0,1,0,0,0,1,0,75.11737060546875,66.49375915527344,168.92218017578125,199.2783660888672,1.179705151102698,0.4446862485867826,0.393635454420963
1,0,1,0,0,0,0,78.51090240478516,65.72221374511719,162.35105895996094,192.69509887695312,1.1869038619851298,0.4835872516492026,0.4048154300079165
0,1,1,0,0,0,0,80.01146697998047,64.4856948852539,179.6514892578125,192.1146240234375,1.0693739574167378,0.4453704631702685,0.3589488467457812
1,0,0,0,0,1,0,73.15278625488281,61.63518524169922,162.43521118164062,188.2887420654297,1.159162109592598,0.4503505472903954,0.3794447324156623
1,0,0,1,0,0,0,80.94612884521484,69.02546691894531,165.61390686035156,197.8992156982422,1.1949432233677946,0.4887640801413493,0.4167854513398367
0,1,0,0,0,0,1,66.60834503173828,54.62619400024414,149.39686584472656,181.95506286621097,1.2179309240350684,0.4458483426350234,0.3656448459703236
1,0,0,1,0,0,0,84.02567291259766,70.28892517089844,195.3578643798828,201.5143585205078,1.03151393039726,0.4301115451856377,0.3597957286952022
0,1,0,1,0,0,0,75.04000091552734,62.963077545166016,167.42080688476562,194.90541076660156,1.1641648036062409,0.4482119176929828,0.3760767775328128
1,0,1,0,0,0,0,67.80073547363281,54.499942779541016,159.77996826171875,192.92282104492188,1.207428084657742,0.4243381458342485,0.3410937138895308
1,0,1,0,0,0,0,80.8867416381836,71.07795715332031,169.04994201660156,209.5218963623047,1.2394082710878929,0.4784783755219514,0.420455377301106
1,0,0,0,0,1,0,80.94454193115234,63.053504943847656,185.1233062744141,200.6580352783203,1.0839155766852964,0.4372466306925488,0.3406027377794423
0,1,0,0,0,0,1,71.29649353027344,59.814945220947266,160.19566345214844,190.2888336181641,1.1878525892494256,0.4450588236526777,0.373386794198798
0,1,1,0,0,0,0,80.23766326904297,72.24182891845703,164.44534301757812,198.0524749755859,1.204366577619747,0.487929069906626,0.4393060186005684
0,1,0,1,0,0,0,70.4652328491211,60.42705535888672,147.93798828125,198.95269775390625,1.3448384695868003,0.4763160136743053,0.4084620594137508
0,1,1,0,0,0,0,75.07986450195312,61.276878356933594,152.63577270507812,196.269287109375,1.285866894968359,0.4918890452176107,0.4014581724254928
1,0,0,0,0,1,0,78.31997680664062,61.35918045043945,178.08160400390625,193.6859436035156,1.0876246577342543,0.4397982444324943,0.3445565351550491
1,0,1,0,0,0,0,86.4982681274414,70.28583526611328,169.9822540283203,197.7543182373047,1.1633821387281835,0.5088664615132715,0.413489253145232
1,0,1,0,0,0,0,80.55207824707031,67.39425659179688,174.5509033203125,197.32310485839844,1.13046166536473,0.461481875572147,0.3861008755029124
0,1,0,0,0,1,0,86.19620513916016,73.27165985107422,175.87014770507812,203.50601196289065,1.157137891895991,0.4901127693581353,0.4166236328745549
0,1,1,0,0,0,0,71.73037719726562,60.216064453125,162.25730895996094,193.21827697753903,1.1908140114983548,0.4420779418631059,0.3711146501756915
0,1,0,0,0,0,1,88.19595336914062,76.54460144042969,170.41921997070312,199.6302795410156,1.17140707236739,0.5175235128074313,0.4491547458883365
1,0,0,0,0,0,1,80.67627716064453,71.77400970458984,165.0801239013672,202.0457305908203,1.2239252419724345,0.4887098171118853,0.434782867908881
0,1,0,0,1,0,0,70.17805480957031,63.62434387207031,151.40797424316406,191.87228393554688,1.2672534910704,0.4635030298791465,0.4202179191030481
1,0,0,0,1,0,0,80.64804077148438,69.1161117553711,178.6583251953125,198.13198852539065,1.108999473205568,0.4514093630023593,0.3868619706347975
0,1,0,0,0,0,1,81.1055679321289,65.61992645263672,155.21908569335938,195.20477294921875,1.257608058166587,0.5225231650465699,0.4227568160159836
0,1,0,0,0,1,0,77.77726745605469,61.742801666259766,174.11773681640625,194.54763793945312,1.11733383109952,0.4466935355245561,0.3546037456905542
1,0,0,0,1,0,0,83.62826538085938,73.02163696289062,176.3604278564453,200.83172607421875,1.1387573080605855,0.4741895129044,0.4140477421745037
1,0,1,0,0,0,0,82.69254302978516,74.65997314453125,172.84353637695312,198.7338409423828,1.149790412231359,0.4784242718191187,0.4319512011239222
0,1,0,0,1,0,0,72.48008728027344,56.00998306274414,154.6727752685547,190.84571838378903,1.233867550720727,0.4686027463749064,0.3621192091852967
0,1,0,0,0,1,0,74.6517105102539,65.38446044921875,157.651123046875,205.25509643554688,1.301957718211228,0.4735247619394213,0.4147414822397284
1,0,1,0,0,0,0,82.74139404296875,72.76322174072266,177.71678161621094,198.92442321777344,1.119333927886234,0.4655800836054599,0.4094336003555297
1,0,1,0,0,0,0,81.9149398803711,71.19959259033203,176.70474243164062,203.74972534179688,1.1530518227071285,0.4635695610266964,0.4029297211300147
0,1,1,0,0,0,0,78.06411743164062,64.89164733886719,163.19200134277344,189.5978851318359,1.1618086889785657,0.4783574978510888,0.3976398769849436
0,1,0,0,0,0,1,77.0341567993164,63.09131622314453,170.16603088378906,183.8733673095703,1.0805527187452728,0.4526999683733888,0.3707632827507817
1,0,0,1,0,0,0,71.86498260498047,62.00923538208008,151.81333923339844,196.1883850097656,1.2923000442546408,0.473377260311065,0.4084570940551332
0,1,0,1,0,0,0,75.10464477539062,63.161842346191406,160.19520568847656,195.19483947753903,1.2184811564031728,0.4688320380913446,0.3942804784621271
1,0,0,0,1,0,0,84.89031219482422,69.85646057128906,181.76153564453125,201.9429626464844,1.1110324411069112,0.4670422259242083,0.384330272758624
0,1,0,0,0,0,1,79.16690826416016,66.30424499511719,171.0494842529297,199.3070068359375,1.165200863986375,0.4628304412020126,0.3876319492263043
0,1,0,0,1,0,0,82.98701477050781,66.20628356933594,166.55267333984375,194.18605041503903,1.165913740806853,0.4982628804833188,0.3975095820542297
1,0,1,0,0,0,0,75.95939636230469,62.8436279296875,163.68896484375,189.7767333984375,1.159374021209003,0.4640471423031604,0.3839209808045102
1,0,1,0,0,0,0,75.06501007080078,57.95515823364258,154.0115509033203,194.5076141357422,1.2629417273892851,0.4873985725779901,0.3763039713172132
0,1,0,0,1,0,0,71.84576416015625,59.9137077331543,155.34439086914062,188.80755615234375,1.215412768339939,0.4624934557223752,0.385683109624631
0,1,0,0,1,0,0,68.81067657470703,51.07864761352539,156.9910125732422,183.8792724609375,1.1712726062910823,0.4383096550995508,0.3253603297175708
1,0,0,1,0,0,0,87.98111724853516,71.8989028930664,199.51583862304688,209.5524139404297,1.05030465444072,0.440973096951773,0.3603668931212415
1,0,0,1,0,0,0,72.34716796875,58.5700569152832,164.74864196777344,186.67776489257812,1.1331065474220676,0.4391366575446604,0.3555116219212302
0,1,0,0,1,0,0,79.70711517333984,61.06745147705078,185.35972595214844,194.5720672607422,1.049699800003869,0.4300131259037179,0.32945372120811
0,1,0,0,0,0,1,81.84784698486328,72.15408325195312,166.561767578125,199.1566925048828,1.1956927174867384,0.4913963640934162,0.4331971514297817
0,1,1,0,0,0,0,74.78634643554688,63.67391586303711,158.91102600097656,196.05270385742188,1.2337262478955806,0.4706177306733095,0.400689099211063
0,1,1,0,0,0,0,85.65889739990234,72.92195129394531,169.48419189453125,199.65451049804688,1.1780125819775005,0.5054093626218972,0.4302581289665298
1,0,0,0,0,1,0,70.30735778808594,56.75701141357422,157.13079833984375,191.80569458007812,1.220675364769924,0.4474447945973304,0.3612087000972254
1,0,0,1,0,0,0,76.22464752197266,58.86876678466797,168.0004119873047,191.1330413818359,1.13769388491904,0.4537170273590325,0.350408466790644
1,0,1,0,0,0,0,79.41352081298828,66.17082977294922,158.73126220703125,198.50119018554688,1.250548804473338,0.5003017030722668,0.4168733295060894
1,0,0,0,0,1,0,81.6900634765625,68.13578796386719,171.3355712890625,199.2510681152344,1.1629287871522913,0.4767840260020619,0.3976745018634478
0,1,0,1,0,0,0,74.5859146118164,65.3366470336914,160.6637420654297,181.6863250732422,1.1308483341515296,0.4642361347555416,0.4066670313646953
1,0,1,0,0,0,0,85.7784423828125,72.17626190185547,174.8001708984375,199.943603515625,1.1438410070651266,0.490722874822883,0.41290727309295
0,1,1,0,0,0,0,72.60430145263672,57.37566757202149,157.77345275878906,183.02532958984375,1.1600514940220068,0.4601807223147822,0.3636585659295921
1,0,1,0,0,0,0,74.87435913085938,64.33894348144531,156.25819396972656,199.7239227294922,1.2781660766422698,0.4791707700484847,0.4117476456556916
1,0,1,0,0,0,0,76.03301239013672,68.14913177490234,160.36488342285156,197.4446563720703,1.231221275866528,0.4741250750618025,0.4249629365252372
1,0,0,1,0,0,0,53.99638366699219,44.766754150390625,139.9309844970703,180.80694580078125,1.292115155557751,0.385878680558577,0.3199202400475349
0,1,1,0,0,0,0,69.84248352050781,55.49590301513672,168.07412719726562,171.79664611816406,1.022148078249601,0.4155457159598094,0.3301870665078757
0,1,1,0,0,0,0,74.54996490478516,60.04739761352539,163.4114532470703,190.5615234375,1.1661454546235512,0.4562101579995691,0.3674613769130159
0,1,1,0,0,0,0,82.11568450927734,71.41529083251953,163.3430938720703,197.14776611328125,1.2069550137680545,0.5027190471461869,0.4372103474937955
1,0,0,0,1,0,0,82.90328979492188,64.72602081298828,191.87486267089844,195.9054718017578,1.0210064469871316,0.4320695720164065,0.3373345518636571
1,0,0,0,0,0,1,75.6785659790039,57.146148681640625,162.46945190429688,200.7763214111328,1.235778905251682,0.4658018174615533,0.3517347292788477
1,0,0,0,0,1,0,64.87757873535156,59.05818176269531,144.4095916748047,187.7780609130859,1.300315711271745,0.4492608696065638,0.4089630133134658
0,1,1,0,0,0,0,68.48939514160156,54.298118591308594,157.35052490234375,181.74864196777344,1.155055835247908,0.4352663912885454,0.3450774544604002
1,0,0,0,1,0,0,74.17040252685547,66.3226547241211,160.5016632080078,197.6371612548828,1.2313714219817644,0.4621160992626706,0.4132209810073301
1,0,1,0,0,0,0,80.57771301269531,69.67893981933594,176.7062530517578,178.08221435546875,1.0077867154101667,0.4559980850767847,0.3943207363404777
0,1,0,0,1,0,0,69.90769958496094,66.92543029785156,146.2221221923828,198.21392822265625,1.3555673057587578,0.4780924974743846,0.4576970248715069
1,0,1,0,0,0,0,77.49543762207031,51.8015022277832,189.1627655029297,183.1230926513672,0.9680715555436888,0.4096759603616077,0.2738461879115471
0,1,0,1,0,0,0,83.15050506591797,73.41876983642578,166.2334442138672,202.7447509765625,1.2196387552177634,0.5002032260063198,0.441660642860585
0,1,0,0,1,0,0,77.82749938964844,56.63801193237305,183.54356384277344,195.81739807128903,1.066871504353209,0.4240273957866308,0.3085807573230415
0,1,0,1,0,0,0,75.90293884277344,63.61871337890625,163.12039184570312,201.92849731445312,1.237910815622972,0.4653185171022065,0.3900107930042474
0,1,1,0,0,0,0,78.33927154541016,64.1863784790039,174.2688446044922,190.16192626953125,1.091198640245242,0.449531135202068,0.3683181501815578
0,1,1,0,0,0,0,72.02754211425781,61.21605682373047,161.05813598632812,185.3308258056641,1.150707629084919,0.447214551895547,0.3800867087455114
0,1,1,0,0,0,0,75.80744171142578,61.31634521484375,167.6060028076172,187.00762939453125,1.1157573491516517,0.4522955051821125,0.3658362122341426
0,1,0,1,0,0,0,70.37332916259766,51.12000274658203,157.15924072265625,196.21826171875,1.2485314946578443,0.4477835909552887,0.3252751954738384
1,0,0,0,0,1,0,75.60636138916016,65.68553924560547,166.5153045654297,196.16897583007812,1.1780837583790773,0.4540505245837734,0.3944714836695105
1,0,0,1,0,0,0,80.60984802246094,66.88909149169922,166.7386932373047,186.9069976806641,1.120957553713436,0.4834501605919146,0.4011611833643304
0,1,1,0,0,0,0,75.16107177734375,59.21524810791016,174.70228576660156,199.3004608154297,1.1408005335527822,0.4302237457714623,0.3389494753779034
0,1,1,0,0,0,0,76.86079406738281,61.23210906982422,178.65379333496094,195.4176788330078,1.0938344783232,0.4302220100262592,0.342741723681283
1,0,1,0,0,0,0,78.2042236328125,63.75328826904297,160.7125701904297,201.71337890625,1.2551188663540014,0.4866092524072489,0.396691361438008
1,0,0,1,0,0,0,78.13367462158203,67.13117218017578,165.99363708496094,196.3420562744141,1.182828810323132,0.4707028292993584,0.4044201534412784
1,0,1,0,0,0,0,82.05565643310547,71.20619201660156,180.23985290527344,205.55499267578125,1.1404525101549678,0.4552581191698514,0.3950635271214107
0,1,0,0,1,0,0,83.25555419921875,65.7161865234375,188.59999084472656,192.00997924804688,1.0180805332388787,0.4414398634184592,0.3484421511851573
1,0,1,0,0,0,0,81.98278045654297,68.12592315673828,184.5,194.08676147460935,1.0519607668000506,0.4443511135855987,0.3692461959714812
0,1,0,0,0,1,0,79.63961791992188,69.0351333618164,172.69833374023438,200.2392120361328,1.1594739086326349,0.4611487337203407,0.3997440616054592
1,0,0,0,0,0,1,73.98152923583984,64.83088684082031,160.9552459716797,191.28407287597656,1.18843018580229,0.4596403726341234,0.4027882809872963
0,1,0,1,0,0,0,70.40869903564453,58.43934631347656,155.221923828125,197.9496154785156,1.275268406656925,0.4536002215357611,0.3764889963494178
0,1,0,1,0,0,0,68.3033447265625,56.065765380859375,156.92750549316406,190.6637725830078,1.214979948759291,0.4352541290445598,0.3572717555451212
0,1,0,1,0,0,0,83.08743286132812,70.61894989013672,181.0080108642578,199.9280242919922,1.1045258347263036,0.4590262743875869,0.3901426768514435
1,0,0,0,0,1,0,73.7226333618164,67.40572357177734,161.51547241210938,199.6476593017578,1.2360899938573906,0.4564431646134303,0.4173329190394251
1,0,1,0,0,0,0,89.32809448242188,75.71510314941406,170.58753967285156,200.8991241455078,1.1776893232107517,0.5236495857419189,0.4438489663114818
1,0,1,0,0,0,0,76.8565673828125,62.27751541137695,165.08572387695312,198.69525146484375,1.2035883345851368,0.4655555040004407,0.377243494766365
0,1,1,0,0,0,0,79.33625793457031,71.17037200927734,159.72315979003906,206.51071166992188,1.2929290401053075,0.4967110470320036,0.445585800473976
0,1,0,0,0,1,0,80.46440887451172,71.46245574951172,171.53570556640625,204.7741851806641,1.1937700346671574,0.4690825656898686,0.4166039689144871
0,1,0,1,0,0,0,67.5594253540039,52.00273895263672,160.75457763671875,185.5613555908203,1.1543145975610172,0.4202643952489993,0.323491496896313
0,1,0,0,1,0,0,74.2568588256836,60.68343353271485,164.1773681640625,177.44546508789062,1.080815626856494,0.4522965598490937,0.3696211859851102
1,0,1,0,0,0,0,87.88593292236328,78.20698547363281,171.20118713378906,200.89810180664065,1.1734620838209742,0.5133488522698316,0.4568133363030724
0,1,1,0,0,0,0,81.84356689453125,73.40240478515625,171.71102905273438,205.95263671875,1.1994141427892768,0.4766354691718502,0.4274763548392314
0,1,0,0,0,1,0,76.04998779296875,64.1979751586914,157.36082458496094,187.791259765625,1.1933799931521984,0.4832841210228183,0.4079666926505597
0,1,0,0,1,0,0,84.25015258789062,67.39603424072266,186.4873962402344,184.62538146972656,0.99001533182377,0.4517739766142639,0.3613972611527194
0,1,0,1,0,0,0,90.74740600585938,80.80650329589844,172.76954650878906,205.15853881835935,1.1874693368366434,0.5252511674633753,0.4677126549717932
0,1,0,1,0,0,0,71.37601470947266,62.242279052734375,154.77513122558594,182.61795043945312,1.1798920730571765,0.4611594520662468,0.4021465112635942
0,1,1,0,0,0,0,76.91731262207031,66.1110610961914,163.81787109375,189.05242919921875,1.1540403250084204,0.4695294360042802,0.4035644014587227
1,0,0,0,0,0,1,78.233642578125,65.29752349853516,171.57127380371094,196.1354217529297,1.143171682558712,0.4559833405889936,0.3805854094971627
1,0,0,0,1,0,0,78.66835021972656,58.418487548828125,180.844970703125,189.72247314453125,1.049089020318843,0.435004357123475,0.3230307556892355
1,0,0,0,0,1,0,77.86447143554688,68.44417572021484,169.3444366455078,189.4190368652344,1.1185430157457676,0.4597994063338624,0.4041713862941387
1,0,0,0,0,0,1,81.31370544433594,71.53822326660156,169.10096740722656,205.19285583496097,1.2134339559443112,0.480858901584622,0.4230503489333932
1,0,0,0,0,1,0,74.6729965209961,57.11446762084961,166.38755798339844,172.6865234375,1.0378571903479108,0.4487895454805984,0.3432616495672608
1,0,0,0,1,0,0,81.88567352294922,72.20609283447266,174.79440307617188,189.41734313964844,1.083657942165941,0.4684685097569462,0.4130915610782268
1,0,1,0,0,0,0,79.21063995361328,72.46318054199219,160.056396484375,199.91635131835935,1.2490369376638786,0.4948920611326269,0.4527352991423006
1,0,1,0,0,0,0,75.90501403808594,63.635135650634766,160.13296508789062,194.1751251220703,1.2125868337946235,0.4740124183451214,0.3973893546260632
1,0,1,0,0,0,0,75.18447875976562,65.49002075195312,160.98507690429688,196.80728149414065,1.2225187904288763,0.4670276289302369,0.406808022279518
1,0,0,1,0,0,0,72.56857299804688,61.465877532958984,152.01966857910156,186.65081787109375,1.227807030601256,0.4773630522703495,0.4043284537288408
1,0,1,0,0,0,0,80.4535140991211,65.86170959472656,174.56622314453125,190.79168701171875,1.0929473272372612,0.4608767529587325,0.3772878189625302
1,0,1,0,0,0,0,74.37511444091797,67.28938293457031,159.8149871826172,198.98385620117188,1.245088834965129,0.465382601169508,0.421045510942476
1,0,0,0,1,0,0,76.36135864257812,57.95487594604492,167.64920043945312,192.8606719970703,1.150382295242275,0.4554829873474774,0.3456913352054754
0,1,1,0,0,0,0,85.58369445800781,77.30315399169922,180.151123046875,201.80824279785156,1.120216401567152,0.4750661167720785,0.4291017046370844
0,1,0,0,1,0,0,73.90895080566406,58.5828857421875,177.85519409179688,169.3316192626953,0.9520757609996912,0.4155568870680113,0.3293852959500916
1,0,1,0,0,0,0,77.77021789550781,59.87984848022461,180.00721740722656,188.14822387695312,1.0452260003070284,0.4320394427272873,0.3326524866209096
0,1,0,0,0,0,1,63.47726058959961,44.03647994995117,150.07879638671875,189.6190490722656,1.2634632848711065,0.4229595527007907,0.293422395502688
1,0,0,0,0,1,0,81.2242431640625,66.92555236816406,180.84005737304688,191.24996948242188,1.0575641937997224,0.4491496206313883,0.3700814594971419
0,1,0,0,0,1,0,81.6152114868164,67.31523895263672,191.6581268310547,187.48284912109375,0.9782149717364116,0.4258374681850024,0.3512255914510457
0,1,1,0,0,0,0,76.93871307373047,62.34318542480469,175.32284545898438,168.3379669189453,0.9601599065897368,0.4388402028971733,0.3555907689131675
1,0,1,0,0,0,0,76.68006896972656,64.46968078613281,171.44483947753906,199.2621612548828,1.1622523131178182,0.4472579589062078,0.376037453110853
0,1,0,1,0,0,0,70.46240997314453,62.80746841430664,150.99459838867188,195.9290008544922,1.297589469724974,0.4666551699536217,0.415958379203972
1,0,1,0,0,0,0,76.36924743652344,56.793922424316406,176.7230682373047,192.9738616943359,1.0919562659200188,0.432140796321929,0.32137243309998
1,0,0,1,0,0,0,73.27067565917969,55.435794830322266,167.59837341308594,190.29953002929688,1.1354497430608026,0.4371801119965928,0.3307657091258732
1,0,1,0,0,0,0,81.59524536132812,65.78238677978516,167.681396484375,189.96969604492188,1.1329205268315126,0.4866088133332751,0.3923058142345262
0,1,1,0,0,0,0,65.05387878417969,57.90480041503906,139.5082550048828,194.18211364746097,1.3919041109120358,0.4663084545205069,0.4150636133540082
1,0,0,1,0,0,0,79.54235076904297,71.66936492919922,162.36734008789062,192.67074584960935,1.1866348598512193,0.4898913212841087,0.441402592974696
0,1,0,0,0,1,0,86.11622619628906,70.41341400146484,187.2108917236328,197.13914489746097,1.0530324549091117,0.4599958122277245,0.3761181486460283
1,0,1,0,0,0,0,71.30512237548828,55.750240325927734,162.3530731201172,190.11814880371097,1.1710166315302928,0.4391978605956727,0.3433888823569162
0,1,1,0,0,0,0,85.46633911132812,81.55828094482422,175.12294006347656,201.15916442871097,1.1486739792958998,0.4880362280369965,0.4657201444611534
0,1,1,0,0,0,0,78.48124694824219,66.02975463867188,165.2781982421875,197.7045135498047,1.196192333002698,0.4748433113558091,0.3995067428186525
0,1,1,0,0,0,0,83.53394317626953,72.07267761230469,173.566162109375,196.8073577880859,1.1339039556804005,0.481280119126155,0.4152461328659623
1,0,1,0,0,0,0,78.1734619140625,65.08050537109375,161.04013061523438,202.36502075195312,1.2566123734428307,0.4854284557234909,0.4041260096005979
1,0,0,0,0,1,0,76.12346649169922,57.56761932373047,165.09725952148438,192.8034515380859,1.1678173950125204,0.4610825565023576,0.3486891271883232
1,0,1,0,0,0,0,83.40272521972656,68.66803741455078,173.7635040283203,193.0829620361328,1.111182484008056,0.4799783803055296,0.3951810122530628
1,0,1,0,0,0,0,82.6248550415039,72.86514282226562,169.74325561523438,199.70640563964844,1.1765204155877218,0.4867636993412795,0.4292667921218192
1,0,0,0,0,1,0,75.28548431396484,59.3447151184082,169.31192016601562,195.6442718505859,1.155525680996061,0.4446555460486484,0.3505052394433827
1,0,1,0,0,0,0,80.06417083740234,64.15861511230469,180.8548126220703,198.34722900390625,1.0967207680471829,0.4426985916305765,0.3547520476901879
0,1,0,1,0,0,0,80.6190414428711,65.3132553100586,169.2117156982422,193.36453247070312,1.1427372606725,0.4764388866941119,0.3859854209299119
1,0,1,0,0,0,0,72.67292785644531,63.0614128112793,155.3645782470703,194.55279541015625,1.2522339236216793,0.4677573786534299,0.405893116196635
1,0,0,0,0,1,0,81.19827270507812,63.77423477172851,177.92367553710938,195.6046600341797,1.0993739840619614,0.4563657560465733,0.3584359112367099
1,0,1,0,0,0,0,81.7712173461914,71.05989074707031,167.24766540527344,199.37550354003903,1.192097378799959,0.4889229224697632,0.42487822221541
1,0,0,0,1,0,0,95.21300506591795,79.68418884277344,178.02980041503906,204.46920776367188,1.1485111328945763,0.5348149851538835,0.447589047771814
1,0,0,0,0,0,1,78.8299560546875,69.12386322021484,161.97303771972656,204.7963409423828,1.264385380588814,0.4866856679634086,0.4267615412623474
0,1,0,1,0,0,0,64.68604278564453,54.60869598388672,148.70362854003906,189.85215759277344,1.2767150301356296,0.4349997604007863,0.3672317650889272
0,1,0,0,0,0,1,73.87812805175781,60.71505355834961,160.17172241210938,195.12322998046875,1.21821272220843,0.4612432640368013,0.3790622504647512
0,1,0,0,1,0,0,78.8336410522461,66.20960998535156,164.17662048339844,203.08377075195312,1.236983500781032,0.4801758059103048,0.4032828169468057
0,1,1,0,0,0,0,81.4534912109375,69.6224136352539,152.51568603515625,207.03509521484375,1.3574675536463854,0.5340663201827105,0.4564934627065527
0,1,0,0,0,1,0,72.56965637207031,58.083251953125,159.87391662597656,186.82237243652344,1.1685606781848756,0.4539180493203673,0.3633066179832836
0,1,1,0,0,0,0,80.3469467163086,70.11997985839844,167.5098876953125,205.2806396484375,1.2254837160527925,0.4796549494585863,0.4186020349195221
0,1,1,0,0,0,0,79.49773406982422,68.40280151367188,166.17848205566406,192.59262084960935,1.1589504156446528,0.4783876533617344,0.4116224956896603
0,1,0,0,1,0,0,79.92733001708984,58.69939041137695,186.114990234375,185.21038818359375,0.9951395529739864,0.429451329613145,0.3153931359180509
1,0,0,0,0,1,0,71.26534271240234,58.21159362792969,148.95616149902344,193.55335998535156,1.2993981453168724,0.4784316539525595,0.3907968159364212
0,1,1,0,0,0,0,83.8589859008789,72.09352111816406,168.2790069580078,199.27394104003903,1.1841877643701906,0.4983330209561136,0.4284166065714555
0,1,0,0,1,0,0,69.32864379882812,57.78055953979492,159.5175323486328,198.8157958984375,1.2463570177597567,0.4346145704367293,0.3622207458269407
0,1,0,1,0,0,0,80.82762908935547,67.56644439697266,163.50668334960938,196.7131805419922,1.2030895405136486,0.4943383807530982,0.4132335328000161
1,0,0,0,1,0,0,75.92851257324219,60.15691375732422,171.21597290039062,189.76707458496097,1.108349129875651,0.4434662916491768,0.3513510611087791
0,1,0,1,0,0,0,69.48342895507812,55.63994216918945,163.35238647460938,181.61813354492188,1.111818060724516,0.4253591297601168,0.3406129740127049
0,1,0,0,0,1,0,87.95990753173828,68.96446990966797,194.6838226318359,205.83721923828125,1.0572897966336805,0.4518090221501256,0.3542383181990719
1,0,1,0,0,0,0,74.98509979248047,63.829620361328125,158.45443725585938,188.1662139892578,1.1875099066201742,0.473228147416286,0.4028263358649984
0,1,1,0,0,0,0,82.87602233886719,73.43325805664062,182.0810089111328,192.4818115234375,1.0571218419455315,0.4551601665350832,0.4032999294972094
1,0,0,1,0,0,0,75.10131072998047,61.60380554199219,163.55355834960938,184.4869842529297,1.1279912593437642,0.4591848168136161,0.3766583018041644
0,1,1,0,0,0,0,80.20976257324219,70.01787567138672,172.65467834472656,191.7212677001953,1.1104319300135033,0.4645675596064267,0.4055370890766557
0,1,0,0,0,0,1,79.5418701171875,67.82637023925781,167.084228515625,196.6923370361328,1.1772046876210045,0.4760585174545608,0.4059411881170758
1,0,1,0,0,0,0,81.14797973632812,72.53560638427734,165.68551635742188,203.65896606445312,1.229189916788585,0.4897711128912029,0.4377908701917029
1,0,0,0,0,1,0,83.01228332519531,71.93571472167969,174.4227294921875,197.3174591064453,1.131260012275426,0.4759258358522218,0.4124216776741917
0,1,0,1,0,0,0,69.1744384765625,59.417877197265625,149.39886474609375,196.59271240234375,1.3158916082559051,0.4630185014733933,0.3977130435244435
1,0,1,0,0,0,0,79.92301940917969,72.67549133300781,173.30328369140625,197.5535888671875,1.1399298654892351,0.46117429345133,0.4193543814346758
0,1,0,1,0,0,0,70.03063201904297,53.022666931152344,157.26144409179688,180.9825897216797,1.1508389152018486,0.4453134232836154,0.3371625336226843
0,1,0,0,0,1,0,64.30106353759766,51.69158554077149,146.80906677246094,185.58218383789065,1.2641057389563282,0.4379910924524691,0.3521007705940135
0,1,0,1,0,0,0,73.63158416748047,58.14970779418945,163.91453552246094,168.826904296875,1.0299690857723898,0.4492071672154472,0.3547562612970422
0,1,1,0,0,0,0,76.6623764038086,64.57242584228516,164.22988891601562,194.2934112548828,1.1830575575329114,0.4667991734623435,0.3931831548355147
1,0,0,0,1,0,0,76.28057861328125,60.77580261230469,165.6787872314453,180.8448181152344,1.091538760859004,0.4604124637073842,0.3668291132974302
0,1,1,0,0,0,0,84.82328796386719,72.58470916748047,183.11392211914065,199.9119415283203,1.0917353482180905,0.4632268643597619,0.396390991615887
1,0,0,1,0,0,0,81.259033203125,70.27685546875,177.34402465820312,191.6841735839844,1.0808606264204232,0.4582000062293406,0.3962741660126145
1,0,1,0,0,0,0,76.78203582763672,69.91509246826172,156.9722137451172,197.3394012451172,1.257161357012815,0.4891441229994446,0.4453978879458627
1,0,0,0,0,1,0,72.39730834960938,58.93345642089844,161.2030792236328,205.2876434326172,1.2734722216306242,0.4491062372895153,0.3655851780544563
0,1,0,0,0,1,0,69.92311096191406,56.18244552612305,156.8456268310547,183.19532775878903,1.167997676824721,0.4458084829947558,0.3582021804576013
0,1,0,1,0,0,0,75.11239624023438,61.92351150512695,159.44322204589844,189.2049102783203,1.1866601028913883,0.4710918110938074,0.3883734329409199
1,0,1,0,0,0,0,81.32878875732422,67.8731460571289,164.778076171875,196.57615661621097,1.1929751893156488,0.4935655922605422,0.4119064115442912
0,1,0,0,0,0,1,82.3200454711914,63.73292922973633,184.94346618652344,198.94496154785156,1.0757068938418566,0.4451092388858339,0.3446076281789751
0,1,1,0,0,0,0,80.4429931640625,66.0325698852539,182.1739959716797,195.35455322265625,1.072351474647488,0.4415723151649369,0.3624697890225736
0,1,1,0,0,0,0,76.63402557373047,58.98060989379883,170.53456115722656,193.98521423339844,1.137512612792613,0.4493753351443918,0.3458572238586927
1,0,0,0,0,1,0,79.87470245361328,62.21937942504883,180.87049865722656,192.65447998046875,1.0651514835792784,0.441612662355658,0.3439996013001697
1,0,0,1,0,0,0,70.60757446289062,54.47728729248047,155.15274047851562,185.1685485839844,1.193459735309188,0.4550842881996521,0.3511203677386805
0,1,0,0,0,0,1,85.29959869384766,72.25531005859375,170.37229919433594,200.93443298339844,1.1793844065824437,0.500665889333044,0.4241024532760188
1,0,0,0,0,1,0,72.67610168457031,64.23104095458984,162.5945281982422,187.42413330078125,1.1527087373584044,0.4469775366361684,0.3950381459102769
1,0,1,0,0,0,0,71.818115234375,61.404972076416016,161.1502685546875,187.74842834472656,1.1650519110429702,0.445659296000509,0.3810416987023375
1,0,0,0,0,0,1,71.60936737060547,59.49906921386719,156.02774047851562,196.16114807128903,1.257219693560195,0.4589527935929174,0.3813364792144764
0,1,0,0,1,0,0,82.958984375,70.98150634765625,175.97567749023438,186.11973571777344,1.0576446607406982,0.4714230145788399,0.4033597560753548
0,1,0,0,0,0,1,71.84978485107422,57.752830505371094,153.3974151611328,189.1437835693359,1.2330311001046148,0.4683898015856476,0.376491549383058
0,1,1,0,0,0,0,91.70115661621094,77.16114807128906,174.73110961914062,200.84347534179688,1.1494431402603296,0.5248129930387948,0.4415993708245562
1,0,0,1,0,0,0,78.87007141113281,60.331634521484375,188.8318328857422,190.6060791015625,1.0093959063400813,0.4176735998683828,0.3194992793296121
0,1,0,1,0,0,0,65.06423950195312,50.13747024536133,136.91017150878906,173.1654510498047,1.2648107086673848,0.4752330581791454,0.3662070516224772
0,1,1,0,0,0,0,82.28707885742188,71.58613586425781,186.76788330078125,197.6897125244141,1.058478090722074,0.4405847376066379,0.3832893246906459
1,0,1,0,0,0,0,90.15706634521484,73.26484680175781,178.65708923339844,212.88023376464844,1.1915577191932234,0.5046374970736999,0.4100864237525122
1,0,0,0,0,0,1,84.69892120361328,73.42572784423828,181.7283172607422,198.2760009765625,1.091057265951997,0.4660744262661499,0.4040412025545127
0,1,0,0,0,1,0,85.32804870605469,63.222450256347656,194.83311462402344,201.7076416015625,1.0352841814945324,0.4379545482846452,0.3244954040710703
0,1,0,1,0,0,0,81.00101470947266,74.78602600097656,167.94866943359375,201.41053771972656,1.1992386626162794,0.4822962574377533,0.4452909704684898
1,0,0,0,0,1,0,75.8781509399414,60.59136962890625,163.38682556152344,198.45852661132812,1.2146544002508843,0.4644080125748537,0.37084611577872
0,1,0,1,0,0,0,77.27884674072266,57.88911056518555,168.3980712890625,196.94696044921875,1.1695321623437769,0.4589057710053591,0.3437635011021974
1,0,0,0,0,0,1,70.26890563964844,58.30525207519531,148.22482299804688,186.0414123535156,1.2551299343158402,0.4740697557829052,0.3933568676008038
1,0,1,0,0,0,0,82.87140655517578,67.53242492675781,171.84579467773438,189.5343017578125,1.1029324407574228,0.4822428544765152,0.3929827032043619
1,0,1,0,0,0,0,91.27263641357422,80.49236297607422,172.2247314453125,206.14517211914065,1.1969545278960072,0.5299624255332721,0.4673682014225315
1,0,1,0,0,0,0,81.5107192993164,68.29393005371094,174.2251739501953,202.60557556152344,1.162894953512522,0.4678469675261588,0.3919865798109848
1,0,1,0,0,0,0,73.70436096191406,63.53683090209961,158.4303436279297,202.11505126953125,1.2757344751091002,0.4652161907507263,0.4010395322458841
0,1,0,1,0,0,0,84.89561462402344,72.25276184082031,169.73361206054688,200.06527709960935,1.178701582266703,0.5001697282783314,0.4256832866730398
0,1,0,1,0,0,0,84.02652740478516,70.22949981689453,181.6128692626953,202.49545288085935,1.1149840520825551,0.4626683546486144,0.3866989167783619
1,0,0,0,1,0,0,82.05158233642578,65.49063110351562,183.09288024902344,194.33946228027344,1.0614255563403316,0.4481418514189517,0.3576907579062727
1,0,1,0,0,0,0,77.90483093261719,62.16352462768555,171.4271240234375,193.5746154785156,1.129194790971644,0.4544486841065247,0.3626236220307036
1,0,0,0,1,0,0,76.0781478881836,63.02779006958008,175.68663024902344,184.95526123046875,1.0527566096993703,0.4330332238733714,0.358751203664403
1,0,1,0,0,0,0,79.81851959228516,70.27762603759766,169.26478576660156,192.3241271972656,1.1362323611862213,0.4715601017115665,0.415193424428535
0,1,0,0,1,0,0,64.49031829833984,51.011322021484375,143.49484252929688,179.27487182617188,1.2493471449301037,0.4494260362366199,0.3554923725643279
0,1,0,0,0,0,1,75.36075592041016,66.60053253173828,152.17556762695312,198.154296875,1.3021426498684745,0.4952224400775776,0.4376558837290125
1,0,0,1,0,0,0,74.15542602539062,66.06705474853516,158.80908203125,197.0334014892578,1.2406935357165918,0.4669470100633069,0.4160155949741884
0,1,0,0,1,0,0,79.29444122314453,62.058231353759766,182.76210021972656,187.1446228027344,1.023979384006525,0.433866984061862,0.3395574425942248
1,0,1,0,0,0,0,75.48021697998047,64.69361114501953,154.65809631347656,189.5461883544922,1.2255820605104368,0.4880456877407154,0.4183008370534448
1,0,1,0,0,0,0,77.94506072998047,55.5247688293457,185.0353240966797,195.58035278320312,1.0569892734698254,0.4212442197753263,0.300076588621178
0,1,1,0,0,0,0,68.96123504638672,49.64834213256836,159.99591064453125,179.20831298828125,1.120080583724636,0.4310187352200545,0.3103100693796724
1,0,0,0,1,0,0,83.16757202148438,59.10188674926758,191.46986389160156,197.93588256835935,1.033770424991885,0.4343637705230141,0.3086746161930079
1,0,0,1,0,0,0,84.30158996582031,64.0670166015625,187.73890686035156,200.8802947998047,1.0699982127265089,0.4490363312306252,0.3412559371575459
0,1,0,0,0,1,0,76.32726287841797,63.58632278442383,156.9984893798828,193.5490264892578,1.2328082088798649,0.4861655878339824,0.4050123223196537
1,0,1,0,0,0,0,84.63399505615234,76.4817886352539,166.49148559570312,204.10606384277344,1.225924936116019,0.5083382778004151,0.459373573138612
1,0,0,0,0,1,0,82.45150756835938,59.62765121459961,185.21994018554688,196.68177795410156,1.0618823100637689,0.4451545955892347,0.3219288979084364
0,1,0,0,0,0,1,83.65880584716797,74.58415985107422,183.95083618164065,183.9411163330078,0.99994716061729,0.4547889402609717,0.4054570307983093
1,0,1,0,0,0,0,77.58340454101562,65.5745620727539,164.7113800048828,188.7080078125,1.1456889487958015,0.4710263767974968,0.3981179811061626
1,0,0,0,0,1,0,83.60932922363281,62.56505584716797,186.0011444091797,203.58164978027344,1.0945182645350762,0.4495097569921535,0.3363691984041373
0,1,0,0,1,0,0,77.02230834960938,70.98217010498047,161.19947814941406,200.22494506835935,1.2420942509675683,0.4778074298616415,0.440337468333414
1,0,0,0,0,1,0,68.82891082763672,59.08348083496094,149.40127563476562,188.9012756347656,1.2643886394689412,0.4606982807556447,0.3954683826087241
1,0,1,0,0,0,0,83.42194366455078,76.48493194580078,179.74436950683594,192.8527069091797,1.0729276663202807,0.4641143636011259,0.4255205999256179
1,0,0,1,0,0,0,76.3897705078125,60.895015716552734,171.26365661621094,192.37823486328125,1.1232869755571464,0.4460360827107427,0.3555629776900882
0,1,1,0,0,0,0,80.01411437988281,72.09343719482422,166.63775634765625,195.0987243652344,1.1707954346084692,0.4801679771356823,0.4326356689801783
1,0,0,0,0,1,0,85.05162811279297,75.41842651367188,167.73086547851562,205.3121337890625,1.2240569629407927,0.5070720160547141,0.4496395239988319
0,1,0,0,1,0,0,79.89449310302734,75.49007415771484,163.61659240722656,196.8632049560547,1.2031982946208803,0.4883031233420223,0.4613839773036406
1,0,0,1,0,0,0,79.35433197021484,69.534912109375,181.69943237304688,195.27976989746097,1.0747406711570364,0.436734066440519,0.3826919611207863
0,1,1,0,0,0,0,84.35002136230469,71.75003051757812,189.62933349609375,187.8164978027344,0.9904401093441764,0.444815260419835,0.3783698924357403
1,0,1,0,0,0,0,82.12439727783203,70.59930419921875,178.46519470214844,197.7806701660156,1.1082310502958514,0.4601703845665509,0.3955914446906372
1,0,0,0,0,1,0,80.69788360595703,70.6294937133789,171.85581970214844,200.42979431152344,1.166267134036531,0.4695673602780424,0.4109810993645154
1,0,1,0,0,0,0,82.95851135253906,71.9128646850586,170.08689880371094,195.6930694580078,1.150547577940425,0.4877419244869498,0.4228007282797821
1,0,0,1,0,0,0,81.82080078125,71.53849792480469,176.2791748046875,196.3445587158203,1.1138273079242895,0.4641546618986911,0.4058250102660588
0,1,0,0,1,0,0,79.77447509765625,65.21733856201172,157.77317810058594,197.5000762939453,1.2517975404414563,0.5056276108401468,0.4133613795903469
1,0,1,0,0,0,0,70.27997589111328,53.555442810058594,165.52565002441406,188.45372009277344,1.1385167197046355,0.4245866177281128,0.3235476966993301
0,1,0,0,1,0,0,85.04232788085938,70.2292251586914,188.41307067871097,195.2889709472656,1.036493754089278,0.4513610843160491,0.3727407281549427
0,1,0,0,0,1,0,60.20407485961914,53.012081146240234,137.4888916015625,188.34129333496097,1.3698655297968854,0.4378831930225187,0.3855735581887386
1,0,1,0,0,0,0,82.73440551757812,66.53909301757812,188.4198760986328,184.45962524414065,0.9789817776314688,0.439095955430248,0.3531426428852265
1,0,1,0,0,0,0,70.30543518066406,59.82015228271485,160.68272399902344,198.55484008789065,1.235695009060821,0.4375419673685103,0.3722873921597098
0,1,0,0,0,0,1,77.57727813720703,59.75299072265625,173.18190002441406,192.6252288818359,1.11227113719552,0.4479525754496901,0.345030229569214
0,1,1,0,0,0,0,75.12725830078125,61.75447845458984,167.93394470214844,177.68011474609375,1.0580357357842771,0.4473619579057034,0.3677307679761767
1,0,0,0,0,1,0,89.60173034667969,74.95755767822266,199.8337554931641,196.3434600830078,0.9825340048204436,0.4483813564207614,0.3750995796142499
0,1,0,0,1,0,0,73.97967529296875,50.66390228271485,175.39263916015625,178.2835235595703,1.0164823587424003,0.4217946411389345,0.2888599118259012
0,1,0,0,0,0,1,78.31519317626953,64.39796447753906,175.729248046875,190.2872772216797,1.0828435182908278,0.4456582728640556,0.366461276044163
0,1,0,0,1,0,0,80.76834106445312,62.42681884765625,176.28091430664062,191.85183715820312,1.08833016842922,0.4581797262746017,0.3541326018939566
1,0,0,0,0,1,0,86.37181091308594,75.76625061035156,173.95089721679688,206.5768890380859,1.187558629149391,0.4965298385638093,0.4355611372094463
1,0,1,0,0,0,0,80.2202377319336,65.13465881347656,179.3076629638672,186.51332092285156,1.0401860011997168,0.4473887864351843,0.3632564149062722
0,1,0,1,0,0,0,72.30526733398438,60.23954772949219,150.89089965820312,188.7261657714844,1.2507458448387905,0.4791890531355416,0.3992258503723308
1,0,1,0,0,0,0,89.81485748291016,79.97312927246094,172.90353393554688,204.16256713867188,1.1807888623883038,0.5194506754060352,0.4625303338350068
1,0,0,0,0,1,0,80.02937316894531,68.12313842773438,178.8913116455078,187.55287170410156,1.0484180029701922,0.4473631079833102,0.3808074176499283
1,0,1,0,0,0,0,77.72529602050781,60.90363311767578,173.04200744628906,188.3352508544922,1.0883787909877898,0.4491701013387351,0.3519586603072656
0,1,0,0,0,1,0,81.93336486816406,63.18330764770508,195.0931396484375,189.25770568847656,0.9700889843155094,0.4199705075012373,0.3238622729715812
1,0,0,0,0,1,0,65.96700286865234,54.277313232421875,154.46786499023438,189.20529174804688,1.2248844881749912,0.4270597180379417,0.3513825560795661
0,1,0,0,1,0,0,85.81527709960938,64.98796081542969,200.34112548828125,199.89523315429688,0.9977743344862536,0.4283457871690406,0.324386521524414
0,1,1,0,0,0,0,75.77378845214844,67.97472381591797,166.0230255126953,196.9929351806641,1.1865398463395704,0.4564052981094133,0.4094294969387853
1,0,1,0,0,0,0,72.7538070678711,55.26786804199219,166.49497985839844,204.296875,1.227045254900487,0.4369729773819436,0.3319491559985574
1,0,1,0,0,0,0,77.5165786743164,64.609375,163.145263671875,196.0142517089844,1.2014706850651635,0.4751383946408716,0.3960236021926155
0,1,1,0,0,0,0,71.39722442626953,60.38846969604492,153.02455139160156,194.1907958984375,1.2690172533261566,0.4665736561681436,0.394632555017307
1,0,1,0,0,0,0,105.20832061767578,85.97941589355469,206.60150146484375,207.63487243652344,1.005001759253214,0.5092330881998867,0.4161606536445493
1,0,0,0,0,1,0,76.52742767333984,63.86610794067383,161.43698120117188,185.2881622314453,1.147742982139586,0.4740390157443326,0.3956101474735097
0,1,1,0,0,0,0,79.5311508178711,67.81730651855469,163.95921325683594,192.47366333007812,1.1739118498243546,0.4850666774869707,0.4136230296026209
1,0,0,0,0,1,0,79.50226593017578,59.93893051147461,187.97998046875,190.0261383056641,1.0108849773886122,0.4229294296761156,0.3188580526607668
1,0,1,0,0,0,0,76.99478912353516,67.22901153564453,164.9273681640625,190.94808959960935,1.1577707916230289,0.4668405855294078,0.4076279897267751
1,0,1,0,0,0,0,86.46604919433594,72.20608520507812,181.17759704589844,188.31105041503903,1.0393727121092873,0.4772447068741681,0.398537602785326
0,1,1,0,0,0,0,83.31511688232422,72.85848236083984,181.15594482421875,199.9408721923828,1.103694788412225,0.4599082683329408,0.4021865384077607
0,1,1,0,0,0,0,79.78723907470703,68.33912658691406,166.60537719726562,188.1639862060547,1.129399238916899,0.4788995434417258,0.4101855998681156
1,0,0,1,0,0,0,78.08695983886719,63.0347785949707,168.74038696289062,204.788330078125,1.2136296103384072,0.4627639016617881,0.3735607090247654
1,0,0,0,1,0,0,69.80876159667969,58.230674743652344,156.38795471191406,194.6382751464844,1.244586103226634,0.4463819590535348,0.3723475689091301
0,1,0,0,0,1,0,75.23589324951172,60.1700439453125,168.96597290039062,189.29400634765625,1.1203084449390852,0.4452724531338924,0.3561074630143676
0,1,1,0,0,0,0,78.1177978515625,68.76465606689453,166.2176513671875,184.900634765625,1.112400718243608,0.4699729373446284,0.4137024888830137
1,0,1,0,0,0,0,75.57853698730469,64.36219024658203,158.29835510253906,193.6484375,1.2233130115253732,0.4774436028621274,0.4065878650785151
1,0,1,0,0,0,0,81.0638198852539,70.2007827758789,169.56524658203125,195.38685607910156,1.152281260562308,0.4780685990748543,0.414004545099503
0,1,1,0,0,0,0,73.58147430419922,55.898807525634766,172.3752899169922,177.17738342285156,1.0278583636214438,0.4268678784507488,0.3242855025946758
0,1,1,0,0,0,0,70.52238464355469,54.72990417480469,154.3818817138672,187.5202484130859,1.2146519159588798,0.4568048002825974,0.3545098917516862
0,1,0,0,0,1,0,81.70182037353516,67.67556762695312,173.99217224121094,195.70211791992188,1.1247754160377614,0.4695718164853376,0.3889575419124735
0,1,0,0,1,0,0,77.36671447753906,63.41365814208984,162.0641326904297,190.2902679443359,1.1741664536459957,0.4773833246948155,0.3912874310272021
1,0,0,0,1,0,0,80.0404052734375,69.0130386352539,171.71961975097656,196.1626434326172,1.1423426380578252,0.4661110092691217,0.4018937308115104
0,1,1,0,0,0,0,76.80490112304688,58.85304641723633,175.2994384765625,183.0935211181641,1.044461537979448,0.4381354657523086,0.3357286647846563
0,1,0,1,0,0,0,84.43672180175781,72.85238647460938,175.45294189453125,202.7092742919922,1.1553483920141123,0.4812499630386058,0.4152246504843595
1,0,0,1,0,0,0,77.18822479248047,57.592159271240234,165.97244262695312,212.12196350097656,1.2780553213749533,0.4650665108663375,0.346998323093231
1,0,0,0,0,0,1,70.34017181396484,61.864253997802734,159.0233612060547,199.96815490722656,1.2574765958324678,0.4423260285815585,0.3890262004815887
1,0,0,0,0,1,0,75.98202514648438,63.85462188720703,167.81735229492188,189.43179321289065,1.1287974135117065,0.4527662015126643,0.3805007111242528
1,0,1,0,0,0,0,77.44379425048828,63.07583999633789,167.1092529296875,192.92181396484375,1.154465181207034,0.4634321133795825,0.3774527076778778
1,0,0,0,0,1,0,82.09541320800781,63.140586853027344,185.3601837158203,199.44744873046875,1.0759994122375598,0.442896697458339,0.3406372694894904
1,0,1,0,0,0,0,72.69249725341797,58.67227935791016,155.31564331054688,188.91688537597656,1.2163416469147634,0.4680307514683017,0.3777615577369595
0,1,1,0,0,0,0,75.43862915039062,60.659969329833984,169.21246337890625,188.70834350585935,1.1152153909803753,0.4458219426867269,0.3584840508704263
1,0,1,0,0,0,0,68.05502319335938,58.364219665527344,157.80059814453125,193.09991455078125,1.223695707248961,0.4312722764905305,0.3698605731016997
1,0,0,0,1,0,0,83.83912658691406,69.4842529296875,175.42433166503906,193.59780883789065,1.1035972433262715,0.4779218811390385,0.3960924477817763
0,1,0,1,0,0,0,71.32516479492188,54.695159912109375,166.1868896484375,194.3387756347656,1.1693989582805384,0.4291864716031917,0.3291183800828998
1,0,0,1,0,0,0,74.39812469482422,65.733642578125,161.6192626953125,208.12843322753903,1.2877699709588852,0.4603295637790458,0.4067191093554685
0,1,1,0,0,0,0,72.17597961425781,58.975955963134766,160.5187530517578,192.9584503173828,1.2020928810427844,0.4496420402106246,0.3674085104817535
1,0,0,1,0,0,0,66.62323760986328,58.68412780761719,152.79136657714844,195.2214813232422,1.277699687466763,0.4360405898734038,0.3840801291477814
1,0,1,0,0,0,0,81.45887756347656,70.32870483398438,162.00265502929688,200.98367309570312,1.24061962477934,0.5028243367292059,0.4341206927828806
1,0,1,0,0,0,0,71.62784576416016,59.06480407714844,156.4467315673828,192.2267303466797,1.2287040350464986,0.4578417525668121,0.3775393930278995
0,1,0,1,0,0,0,81.00035095214844,69.32018280029297,159.80068969726562,199.9727325439453,1.251388419679437,0.5068836129906543,0.4337915119866914
1,0,1,0,0,0,0,76.58133697509766,68.9715576171875,158.6419677734375,198.72950744628903,1.252691896321546,0.4827306295422804,0.4347623682762707
0,1,1,0,0,0,0,77.79945373535156,71.36486053466797,165.87208557128906,203.75010681152344,1.2283568154929545,0.469032830131714,0.4302403281955271
0,1,0,1,0,0,0,70.34575653076172,61.53493118286133,143.82913208007812,191.30001831054688,1.3300505644714515,0.4890925469229426,0.4278335709388917
1,0,0,0,0,1,0,75.3648452758789,56.20009231567383,172.31471252441406,188.0778350830078,1.0914786806516037,0.437367443393442,0.3261479620186885
1,0,1,0,0,0,0,83.12846374511719,73.94232177734375,168.91075134277344,203.674072265625,1.2058088111413687,0.4921443015573543,0.4377597115016755
0,1,1,0,0,0,0,75.95027923583984,67.48822784423828,161.91445922851562,207.04408264160156,1.2787250973638673,0.4690765704170281,0.4168140891542598
1,0,0,1,0,0,0,91.89659881591795,76.24209594726562,198.16384887695312,206.82986450195312,1.0437315669538747,0.4637404821147765,0.384742708517975
1,0,1,0,0,0,0,77.48587799072266,67.56165313720703,165.2919921875,190.0193328857422,1.1495979349694847,0.46878180222322,0.408741235695
1,0,0,0,0,1,0,79.66197967529297,61.758060455322266,183.90733337402344,187.1260681152344,1.0175019379714718,0.433163692897877,0.3358107549181912
0,1,0,1,0,0,0,75.55624389648438,60.21804428100586,158.9044189453125,192.2169647216797,1.2096388885688056,0.4754823333294923,0.378957644354309
0,1,0,0,0,1,0,71.27539825439453,60.29639434814453,157.46754455566406,188.3466339111328,1.1960981194099534,0.4526354840644574,0.3829131553317009
1,0,1,0,0,0,0,80.23539733886719,72.31214141845703,171.26104736328125,202.38360595703125,1.1817258452690202,0.4684976448186188,0.4222334414729319
0,1,1,0,0,0,0,84.34226989746094,71.97408294677734,171.15110778808594,198.3426055908203,1.1588742144538269,0.492794180461227,0.4205294600598989
1,0,1,0,0,0,0,68.93132019042969,58.124244689941406,149.6172637939453,187.71788024902344,1.2546538780949152,0.4607176902082819,0.3884862162029029
1,0,0,0,0,1,0,80.39278411865234,64.45123291015625,175.90234375,192.58218383789065,1.0948244334458486,0.4570307728981146,0.3664034914836446
0,1,0,0,1,0,0,72.97602844238281,58.75679016113281,162.9102783203125,191.7871551513672,1.1772563224910664,0.4479522667004356,0.3606696321861646
0,1,1,0,0,0,0,88.38703918457031,76.47671508789062,178.45803833007812,194.4305419921875,1.0895028535087137,0.4952819161952715,0.4285417222083231
1,0,1,0,0,0,0,84.8237533569336,75.53258514404297,178.760009765625,204.41848754882812,1.1435358938324311,0.474511908273821,0.4225362554134725
1,0,1,0,0,0,0,79.58422088623047,71.69615936279297,164.42214965820312,192.2601623535156,1.1693081665285454,0.4840237221789659,0.4360492762795843
1,0,1,0,0,0,0,76.941650390625,60.548919677734375,167.62815856933594,192.30227661132812,1.1471955443081852,0.4590019424379685,0.3612097167594283
1,0,1,0,0,0,0,77.45317077636719,67.4546890258789,167.6540985107422,201.84017944335935,1.2039084116421213,0.4619819704044067,0.4023444080703869
1,0,0,0,0,0,1,66.09599304199219,58.7325553894043,150.64100646972656,194.35951232910156,1.2902165013625346,0.4387649458202147,0.3898842470971371
1,0,1,0,0,0,0,84.90155029296875,68.46588897705078,160.51498413085938,190.1156311035156,1.184410490602699,0.5289322411405094,0.4265389262427622
0,1,1,0,0,0,0,82.26187896728516,68.86307525634766,168.2852020263672,198.6719207763672,1.1805667900926842,0.4888241983058988,0.4092045790547768
0,1,1,0,0,0,0,82.39161682128906,71.6093978881836,167.3785400390625,202.99810791015625,1.21280845120755,0.4922471949036038,0.4278290267765002
0,1,0,1,0,0,0,79.02522277832031,59.78471755981445,181.6372528076172,186.0544281005859,1.0243186638461617,0.4350716692573005,0.3291434804023159
1,0,1,0,0,0,0,78.20337677001953,67.51998138427734,173.2574462890625,201.61619567871097,1.163679830200976,0.4513709421732161,0.3897089725749916
0,1,0,0,0,1,0,85.15258026123047,73.60108947753906,183.44789123535156,199.78627014160156,1.0890627785156108,0.4641785723880866,0.4012097875963791
0,1,0,1,0,0,0,70.95438385009766,63.800411224365234,147.55271911621094,198.28819274902344,1.3438464159569556,0.4808747969884224,0.432390616767399
0,1,0,0,0,1,0,85.91842651367188,75.3493423461914,183.00828552246097,199.5706787109375,1.0905007832907314,0.4694783422968406,0.4117263987861557
1,0,1,0,0,0,0,63.58657455444336,46.60280227661133,145.4242401123047,186.85028076171875,1.2848633805301135,0.4372488005117872,0.3204610334605981
1,0,1,0,0,0,0,73.23025512695312,60.28681564331055,153.1104278564453,204.60887145996097,1.3363483749898477,0.4782839167271678,0.3937472874142499
1,0,1,0,0,0,0,80.24674987792969,70.7515869140625,171.1703338623047,203.47607421875,1.188734458988864,0.4688122530770018,0.4133402402017718
0,1,0,0,0,1,0,81.49028015136719,71.51502990722656,172.66534423828125,200.0276031494141,1.1584698946499217,0.471955044081742,0.4141828820526633
1,0,1,0,0,0,0,74.37324523925781,67.63692474365234,152.35043334960938,190.7213134765625,1.2518593435103709,0.4881721935676299,0.4439562346924283
0,1,0,0,0,0,1,70.23654174804688,57.72018051147461,152.46641540527344,199.2177734375,1.306633811177078,0.4606689385419732,0.3785763596399093
1,0,0,0,1,0,0,82.0079574584961,66.39173889160156,182.33148193359375,184.29241943359375,1.0107547938469243,0.4497739863067854,0.3641265797191395
1,0,0,1,0,0,0,59.54710006713867,47.08473205566406,141.67149353027344,199.6777801513672,1.4094421903493135,0.4203181499912274,0.3323514906377594
0,1,0,0,0,1,0,72.13055419921875,56.89922332763672,169.33709716796875,180.4246063232422,1.0654759609128974,0.4259583718248758,0.3360115667460466
1,0,1,0,0,0,0,78.55436706542969,62.714656829833984,168.9772491455078,201.9424743652344,1.1950867669252914,0.4648813225606829,0.3711426073449085
0,1,0,1,0,0,0,66.6665267944336,54.46758270263672,154.6965789794922,189.40158081054688,1.2243424002004302,0.4309502332515798,0.3520930007757791
0,1,1,0,0,0,0,80.75344848632812,70.5457992553711,171.0414276123047,208.668212890625,1.219986384606237,0.4721280078962503,0.4124486110772852
0,1,0,0,1,0,0,86.31617736816406,68.7032241821289,195.7180938720703,187.3128967285156,0.9570545728436908,0.4410229818842605,0.3510315414528626
1,0,1,0,0,0,0,76.26671600341797,66.17562866210938,157.2266082763672,191.1840362548828,1.215977615689747,0.485075120804992,0.4208933168982967
0,1,0,0,1,0,0,70.65373992919922,59.47088241577149,152.41067504882812,186.57130432128903,1.2241354108661795,0.4635747457096672,0.390201555086077
0,1,1,0,0,0,0,78.24862670898438,64.2466812133789,161.94773864746094,193.3604278564453,1.1939680632241845,0.4831720860228954,0.3967124317384606
0,1,1,0,0,0,0,79.52629089355469,66.21417999267578,169.69615173339844,197.9539794921875,1.1665201448008296,0.4686393302453591,0.3901925843121165
1,0,0,1,0,0,0,79.79122924804688,66.88591003417969,163.92794799804688,185.33827209472656,1.1306081382592237,0.4867457332473749,0.4080201750282179
0,1,0,0,0,0,1,81.6784896850586,66.76498413085938,167.60806274414062,198.9577178955078,1.1870414503819158,0.4873183804393919,0.3983399308944844
1,0,0,0,1,0,0,77.56832885742188,60.1363525390625,175.294921875,192.89410400390625,1.1003975582444765,0.4425018593107597,0.3430581553408875
1,0,0,0,1,0,0,77.44367218017578,61.420772552490234,159.06077575683594,191.3071746826172,1.2027300493936852,0.4868810164648495,0.3861465673120267
0,1,0,0,0,0,1,76.90441131591797,68.48473358154297,168.5840606689453,196.51234436035156,1.1656638449719754,0.4561784252364046,0.4062349270138233
1,0,1,0,0,0,0,70.13202667236328,60.46612930297851,158.1177215576172,192.7439727783203,1.218990324927529,0.4435431144687192,0.3824120959202223
1,0,0,0,1,0,0,77.16246032714844,64.21613311767578,162.24432373046875,193.99932861328125,1.195723364322847,0.4755942060280391,0.3957989508733505
1,0,1,0,0,0,0,76.29302978515625,61.331687927246094,159.26211547851562,177.6368408203125,1.1153741132132309,0.4790406654836136,0.3850990409299172
0,1,1,0,0,0,0,72.77678680419922,61.1395149230957,153.1907196044922,177.78358459472656,1.1605375642449376,0.4750730787876337,0.3991071722944164
1,0,0,0,0,1,0,84.59146118164062,69.93518829345703,180.95220947265625,201.4024658203125,1.1130146816513258,0.4674795705902849,0.3864843015582242
0,1,1,0,0,0,0,86.52828216552734,73.96062469482422,171.6482391357422,202.7262725830078,1.1810565235259338,0.5041023584116082,0.4308848437200394
1,0,1,0,0,0,0,79.20762634277344,69.40221405029297,169.91539001464844,195.04139709472656,1.1478736392148587,0.4661592239287149,0.4084516066750033
0,1,0,1,0,0,0,72.9743881225586,62.81232452392578,155.99876403808594,197.8677215576172,1.2683928797622348,0.4677882454552168,0.402646296021875
1,0,0,0,0,1,0,79.08491516113281,70.23338317871094,163.04757690429688,197.25326538085935,1.209789615558899,0.4850419531689995,0.4307539217214827
0,1,0,1,0,0,0,76.48821258544922,62.773956298828125,161.89515686035156,185.8511962890625,1.1479725514542418,0.4724552239164686,0.3877444978355717
0,1,0,0,1,0,0,72.26979064941406,60.30838394165039,154.3410186767578,196.79449462890625,1.2750628207337438,0.4682474644071865,0.3907476085016421
1,0,0,1,0,0,0,72.38697814941406,59.0079460144043,162.49484252929688,190.25962829589844,1.1708656430839997,0.4454724656037198,0.3631373469823543
0,1,0,1,0,0,0,86.22990417480469,72.84529876708984,168.3657684326172,200.88525390625,1.1931478457668054,0.5121581719226693,0.4326609823673495
1,0,0,0,0,0,1,81.49858093261719,63.785247802734375,177.6979522705078,196.33187866210935,1.1048629213421397,0.4586354535394573,0.3589531955080424
0,1,0,1,0,0,0,79.76775360107422,74.090087890625,162.00460815429688,200.6985015869141,1.2388444000047472,0.4923795348160812,0.4573332125223248
0,1,0,0,1,0,0,79.81963348388672,67.9247055053711,168.81484985351562,198.5979156494141,1.1764244426467334,0.4728235315385345,0.402362147431407
1,0,1,0,0,0,0,85.04717254638672,72.06928253173828,168.70118713378906,203.26559448242188,1.2048853830602946,0.5041290698146644,0.4272008025324889
1,0,1,0,0,0,0,79.74423217773438,65.1216812133789,162.46060180664062,196.4454040527344,1.209187962300806,0.4908527439326204,0.4008459927465136
1,0,1,0,0,0,0,82.13043975830078,65.66375732421875,185.1830596923828,193.4088592529297,1.0444198274626804,0.4435094651461743,0.354588359395812
0,1,1,0,0,0,0,60.2039794921875,52.83006286621094,138.9600067138672,197.37059020996097,1.4203409662779245,0.4332468090344413,0.3801817811868232
1,0,0,0,0,1,0,84.69434356689453,62.155311584472656,183.99281311035156,194.2555999755859,1.055778194222614,0.4603133249345899,0.3378138011683879
1,0,0,1,0,0,0,78.82979583740234,63.17584228515625,178.0735626220703,195.8314208984375,1.0997220363028009,0.442681073353402,0.3547738437694753
1,0,1,0,0,0,0,77.18470001220703,65.59004974365234,157.3744659423828,191.98123168945312,1.2199007668737083,0.4904524984406652,0.416776948858183
0,1,0,0,1,0,0,74.19705963134766,56.81532669067383,165.95668029785156,188.5811462402344,1.1363275398241124,0.4470869114649806,0.342350344612246
1,0,0,0,1,0,0,84.23812866210938,70.30047607421875,177.5886688232422,196.42709350585935,1.1060789790668877,0.4743440514549573,0.3958612705419304
0,1,1,0,0,0,0,88.8575668334961,72.74089050292969,177.64405822753906,197.1638641357422,1.1098815581166288,0.5002000501456741,0.4094755052812293
1,0,0,0,0,1,0,76.39523315429688,55.51749420166016,180.61700439453125,183.69830322265625,1.017059849035002,0.4229681109505212,0.3073768961442322
0,1,1,0,0,0,0,72.96136474609375,60.55625534057617,162.1343231201172,197.1066436767578,1.215699673478338,0.4500056702493545,0.3734943605723329
0,1,0,0,1,0,0,82.34043884277344,74.11341094970703,168.14434814453125,193.2966766357422,1.149587712990453,0.4897009013469567,0.4407725372130952
1,0,1,0,0,0,0,83.2091293334961,69.16210174560547,187.33883666992188,195.058349609375,1.0412061539223412,0.444163798668745,0.3691818683995798
0,1,0,0,1,0,0,77.69734191894531,52.78619766235352,179.47311401367188,190.64878845214844,1.0622693515956112,0.4329191163029939,0.2941175782927151
0,1,0,0,1,0,0,83.2119369506836,76.25382232666016,169.3275909423828,200.68199157714844,1.1851700627184534,0.4914257415910332,0.4503331199733839
0,1,1,0,0,0,0,75.45391082763672,67.15512084960938,159.1529083251953,193.016357421875,1.2127730460789752,0.4740969651240215,0.4219534632216213
0,1,1,0,0,0,0,79.96128845214844,70.18212127685547,170.6408233642578,194.6407165527344,1.1406456715064326,0.4685941316718764,0.4112856460323182
0,1,1,0,0,0,0,74.23548126220703,61.574214935302734,157.4635467529297,185.99288940429688,1.181180617607525,0.4714455046455115,0.3910379018193753
0,1,1,0,0,0,0,80.34614562988281,72.75318908691406,168.64854431152344,195.93711853027344,1.161807351081212,0.476411735173174,0.4313893688434462
1,0,0,1,0,0,0,74.55340576171875,59.299598693847656,170.9541015625,188.8737335205078,1.1048213046322055,0.4361018839577966,0.3468743841291694
1,0,0,0,0,1,0,83.64947509765625,72.76171875,166.0958251953125,203.6648712158203,1.226188984439135,0.5036217797725657,0.4380707261271577
0,1,0,0,0,1,0,85.88821411132812,76.30343627929688,173.5225372314453,202.58416748046875,1.167480436332376,0.494968639127089,0.4397321379500285
1,0,1,0,0,0,0,82.17408752441406,70.4050064086914,165.42184448242188,200.8171844482422,1.2139701686712936,0.4967547531677177,0.4256088827263246
1,0,0,0,0,0,1,78.71617889404297,69.34961700439453,159.18687438964844,196.00119018554688,1.2312647693916428,0.4944891291813799,0.4356490902299177
1,0,0,1,0,0,0,79.25831604003906,67.51759338378906,172.36672973632812,194.1252899169922,1.1262341068601145,0.459823749985172,0.3917089654544801
0,1,0,0,0,1,0,79.70675659179688,68.14926147460938,163.77035522460938,201.6216278076172,1.231124079392117,0.4866983190118863,0.4161269686515814
0,1,0,0,1,0,0,80.95018005371094,58.48423385620117,193.91490173339844,191.6711273193359,0.988429076909482,0.4174520850646347,0.3015974189369289
0,1,0,1,0,0,0,77.75094604492188,65.37013244628906,163.03485107421875,198.1307830810547,1.2152664401236466,0.4768977033599222,0.4009580283943735
0,1,1,0,0,0,0,82.24439239501953,70.32371520996094,176.20567321777344,196.149658203125,1.1131858277951283,0.4667522384104698,0.399100176093919
0,1,1,0,0,0,0,76.24179077148438,64.2209701538086,168.86029052734375,194.9359893798828,1.1544217339145024,0.4515081108375711,0.3803201448561361
1,0,1,0,0,0,0,81.4141616821289,67.41319274902344,177.03884887695312,202.0987548828125,1.141550321665708,0.4598660813633847,0.380781919768793
0,1,0,0,1,0,0,76.32598876953125,63.240997314453125,158.7127227783203,189.8288116455078,1.1960528955870062,0.4809065551483132,0.3984620527415692
0,1,1,0,0,0,0,80.67337799072266,72.78408813476562,170.0654754638672,198.6463623046875,1.1680581362140885,0.4743665801108636,0.427976859713832
0,1,0,0,0,0,1,82.63440704345703,75.84788513183594,171.2914276123047,195.14871215820312,1.1392789170973356,0.4824199797697349,0.4428002392712116
1,0,0,1,0,0,0,86.47464752197266,75.0577621459961,174.21405029296875,198.3548583984375,1.1385698114754357,0.4963701112312797,0.4308364452796687
0,1,1,0,0,0,0,78.9816665649414,70.32923889160156,161.43032836914062,201.8544006347656,1.2504118815467424,0.4892616360436005,0.4356631099131546
1,0,1,0,0,0,0,81.533447265625,69.8819351196289,168.4338836669922,202.46646118164065,1.202053035729638,0.4840679647737828,0.414892381498436
0,1,0,0,1,0,0,90.72542572021484,80.67156219482422,193.9688262939453,198.1410217285156,1.021509618397379,0.4677319930921643,0.4158996253994571
0,1,1,0,0,0,0,80.99755859375,67.23292541503906,173.77267456054688,207.9775390625,1.19683684208955,0.4661121709646493,0.3869015976479856
0,1,1,0,0,0,0,69.05958557128906,65.41799926757812,153.5533905029297,195.3649139404297,1.2722930656272435,0.4497431502170019,0.4260277096670815
1,0,0,0,0,1,0,76.30902099609375,57.209598541259766,179.07659912109375,189.20362854003903,1.0565513834227849,0.4261250290133814,0.3194699855930028
0,1,1,0,0,0,0,69.87732696533203,54.65252685546875,161.56935119628906,188.5215606689453,1.1668151123532846,0.432491227129078,0.3382604835063793
1,0,0,0,0,1,0,80.09725952148438,66.73558044433594,183.15213012695312,191.23236083984375,1.0441175907006364,0.4373263879921267,0.3643723957678118
1,0,0,0,0,1,0,78.66127014160156,68.84654235839844,162.3184356689453,202.72154235839844,1.248912617491317,0.4846108195746431,0.4241449350757273
1,0,0,1,0,0,0,80.45850372314453,71.6083984375,173.55740356445312,201.6013641357422,1.16158319953706,0.4635843938127656,0.4125920125954589
1,0,1,0,0,0,0,77.02454376220703,65.44479370117188,171.55860900878906,200.63316345214844,1.1694730133995774,0.4489692718262889,0.3814719300843661
0,1,1,0,0,0,0,80.58845520019531,66.20558166503906,176.17369079589844,194.0999755859375,1.1017534724342417,0.457437514285598,0.3757972110701811
1,0,1,0,0,0,0,72.02933502197266,61.19990921020508,161.4462432861328,183.3275604248047,1.1355331452333108,0.4461505796348221,0.3790729840751999
1,0,0,0,1,0,0,67.3987808227539,54.64807891845703,154.13853454589844,187.2995452880859,1.2151377060894075,0.4372610718099458,0.3545387211540165
1,0,0,0,0,1,0,82.65855407714844,65.26716613769531,173.73374938964844,200.73980712890625,1.1554450867153558,0.4757771841541426,0.3756735025116779
1,0,1,0,0,0,0,82.54203796386719,67.26721954345703,185.84426879882812,196.5990295410156,1.057869746598585,0.4441462655661279,0.3619547698631059
0,1,1,0,0,0,0,78.24563598632812,67.87361145019531,167.9901580810547,192.7563934326172,1.147426704245453,0.4657751196863263,0.4040332613857445
0,1,0,1,0,0,0,61.7023811340332,44.84174346923828,152.17047119140625,195.1101837158203,1.2821816360836704,0.4054819614537528,0.2946809792869374
1,0,0,0,0,0,1,80.25882720947266,67.98583221435547,168.56320190429688,208.39808654785156,1.2363201706750402,0.4761349232974363,0.4033254675178452
1,0,0,1,0,0,0,71.17495727539062,60.03834533691406,155.9455108642578,194.1285095214844,1.2448483348165298,0.4564091449695182,0.3849956629349479
0,1,0,0,1,0,0,74.23831939697266,60.54683303833008,166.0397491455078,191.2429351806641,1.151790075357616,0.4471117294444621,0.3646526410086916
0,1,0,1,0,0,0,63.35482406616211,55.15852355957031,144.5179901123047,190.98423767089844,1.3215256974061491,0.4383871102616994,0.3816723683792358
0,1,0,0,0,0,1,81.50780487060547,68.74372863769531,171.8822784423828,195.19248962402344,1.1356173038481947,0.4742071469452155,0.399946575415796
0,1,0,1,0,0,0,81.14835357666016,65.20967102050781,170.86671447753906,196.41807556152344,1.1495397225967212,0.4749219520302027,0.3816405741744382
0,1,0,0,0,0,1,80.21808624267578,67.72078704833984,156.51268005371094,197.72296142578125,1.263303148076744,0.5125341040428615,0.4326856266540186
0,1,0,0,1,0,0,71.24325561523438,57.90241241455078,159.09243774414062,194.13267517089844,1.2202508046492508,0.4478104467153296,0.3639545237698347
0,1,0,0,1,0,0,73.96561431884766,58.06491470336914,163.90615844726562,186.4097137451172,1.1372953616327464,0.451268061063398,0.3542570654662171
1,0,0,1,0,0,0,72.50103759765625,51.82621765136719,172.11160278320312,184.2820587158203,1.0707125826255155,0.421244334636641,0.3011198362765178
1,0,0,0,1,0,0,73.51763153076172,63.355037689208984,147.60458374023438,184.3843688964844,1.2491777980349028,0.4980714668058247,0.4292213431576483
0,1,0,1,0,0,0,77.81761932373047,58.26254653930664,176.7776336669922,207.895751953125,1.1760297252578462,0.4402005938733217,0.3295809844873231
0,1,1,0,0,0,0,76.13603210449219,56.02455520629883,176.91702270507812,187.7850799560547,1.0614302517915062,0.4303488208221289,0.316671365760502
1,0,1,0,0,0,0,85.42155456542969,76.33572387695312,166.8015899658203,203.52786254882812,1.2201793915185908,0.5121147501227873,0.4576438623432501
0,1,0,0,0,1,0,83.7999496459961,69.55303192138672,181.0850830078125,202.34727478027344,1.1174154790626438,0.4627656141195282,0.3840903445281907
0,1,1,0,0,0,0,76.27693176269531,61.314083099365234,159.48532104492188,187.93116760253903,1.1783602802517787,0.4782692931420977,0.3844496954180192
0,1,0,0,1,0,0,86.13999938964844,76.50802612304688,180.6287841796875,199.83853149414065,1.106349314156616,0.4768896595348686,0.4235649731602995
1,0,0,1,0,0,0,85.42254638671875,73.36233520507812,180.6862030029297,208.90753173828125,1.1561897270866552,0.4727673998735459,0.4060206810803844
0,1,1,0,0,0,0,71.18106079101562,61.22771072387695,160.70103454589844,193.03805541992188,1.2012247212060576,0.4429408994917536,0.3810038367014337
1,0,0,0,0,0,1,74.27825927734375,65.21095275878906,156.4840087890625,191.65866088867188,1.2247811285754069,0.4746699669323365,0.4167259853797087
0,1,0,0,1,0,0,71.24881744384766,55.39615249633789,149.47848510742188,183.21539306640625,1.2256974168204844,0.4766493143989591,0.3705961594173754
0,1,1,0,0,0,0,72.23748779296875,61.05235290527344,157.93653869628906,195.8224334716797,1.239880493064654,0.4573829994582885,0.3865625611985629
1,0,0,0,0,0,1,67.20552825927734,55.16465759277344,150.55545043945312,173.81396484375,1.1544847053787033,0.4463838941938837,0.3664075756258208
0,1,1,0,0,0,0,79.67932891845703,72.66056060791016,162.54307556152344,203.9673767089844,1.2548512202341198,0.4902043882410603,0.4470234142973857
0,1,1,0,0,0,0,78.98674774169922,66.27708435058594,161.68414306640625,190.14010620117188,1.1759972412574702,0.4885250108247047,0.4099170338761351
1,0,1,0,0,0,0,72.08879089355469,59.67612838745117,146.4730987548828,202.43504333496097,1.3820629525543686,0.4921640322103962,0.4074203993411576
0,1,1,0,0,0,0,77.8642578125,67.561279296875,169.5157928466797,191.8423309326172,1.1317077170864602,0.4593333547566576,0.3985544836992356
0,1,0,0,0,1,0,78.41522216796875,67.61522674560547,159.35008239746094,205.78431701660156,1.291397619132204,0.4920940170735563,0.4243187435382389
1,0,0,0,1,0,0,68.76582336425781,50.411033630371094,167.75164794921875,181.952880859375,1.0846562944910991,0.4099263655822587,0.3005099159778827
0,1,0,0,0,0,1,82.96266174316406,70.88031005859375,184.26234436035156,198.21726989746097,1.075734006237425,0.4502420829994359,0.3846706189734409
0,1,0,0,0,1,0,73.80480194091797,54.48120880126953,172.38172912597656,188.38970947265625,1.0928635559455435,0.4281474743009534,0.3160497871642456
0,1,1,0,0,0,0,79.61963653564453,65.8420181274414,176.67190551757812,191.7893218994141,1.0855677439915985,0.4506638240097699,0.3726796172518238
1,0,1,0,0,0,0,77.3577880859375,63.375526428222656,164.5448760986328,193.66368103027344,1.1769657349535818,0.4701318565493773,0.3851564869770456
0,1,0,0,1,0,0,83.6109619140625,72.1530532836914,169.57785034179688,197.6322021484375,1.165436416077306,0.4930535547274501,0.425486306957315
0,1,0,1,0,0,0,73.32020568847656,61.724952697753906,160.0045623779297,201.12741088867188,1.257010474573908,0.4582382189533742,0.3857699541839312
0,1,1,0,0,0,0,85.76915740966797,74.61296844482422,168.8273162841797,202.57411193847656,1.1998894278310528,0.5080289096421842,0.4419484363491951
0,1,0,0,0,1,0,81.08773803710938,62.63216781616211,186.57032775878903,196.37384033203125,1.0525459363823215,0.4346229060708152,0.3357027270549542
0,1,1,0,0,0,0,75.18492126464844,64.48750305175781,159.85366821289062,199.9562835693359,1.2508707857928991,0.4703359147474697,0.4034158475855203
0,1,1,0,0,0,0,89.82003021240234,79.31965637207031,190.9689483642578,214.1990966796875,1.121643589255778,0.4703384030846622,0.4153536847298048
1,0,0,0,1,0,0,63.8868522644043,55.90322494506836,149.56683349609375,187.1947784423828,1.2515794716431687,0.4271458502601302,0.3737675234431462
1,0,0,0,0,0,1,73.91114044189453,51.136680603027344,176.8000030517578,182.34437561035156,1.0313595727539135,0.4180494296725617,0.2892346138029035
0,1,1,0,0,0,0,79.04265594482422,68.33827209472656,170.15638732910156,193.22586059570312,1.1355780622092229,0.4645294671891855,0.4016203750409479
0,1,1,0,0,0,0,76.7271499633789,67.0865707397461,164.96337890625,197.55288696289065,1.1975560168124435,0.4651162607852713,0.4066755372286108
1,0,0,0,0,0,1,77.78070831298828,64.2403335571289,166.2349395751953,197.8639984130859,1.190267214093,0.467896270854688,0.3864430288920711
1,0,0,1,0,0,0,74.34202575683594,60.41730880737305,156.1961212158203,190.3911590576172,1.218923732392488,0.4759530849944449,0.3868041558080232
1,0,0,1,0,0,0,77.41390991210938,66.8720474243164,160.6073455810547,202.91342163085935,1.2634130829866297,0.4820072807506829,0.4163697941858312
1,0,1,0,0,0,0,84.31158447265625,72.03524017333984,167.9983367919922,203.5388641357422,1.2115528523818342,0.5018596379144334,0.4287854365042349
0,1,0,0,0,0,1,80.75680541992188,74.95958709716797,169.86697387695312,202.2633514404297,1.190716163501821,0.4754120449477121,0.441284055318879
0,1,1,0,0,0,0,82.23526763916016,61.75650787353515,190.48214721679688,186.39561462402344,0.9785463748047614,0.4317216539225812,0.3242115273052183
1,0,0,0,1,0,0,77.93415832519531,54.58280563354492,182.26466369628903,189.06759643554688,1.037324474208526,0.4275878645081662,0.2994700372887268
1,0,0,0,0,1,0,58.02815628051758,37.81126403808594,156.03855895996094,192.4088134765625,1.233085044869801,0.3718834412935551,0.2423200027615495
1,0,1,0,0,0,0,79.5440444946289,58.19008255004883,179.79495239257812,198.69384765625,1.1051136030916295,0.4424153372278567,0.3236469198700981
1,0,0,0,0,0,1,83.66828155517578,75.11846923828125,170.48147583007812,206.6933135986328,1.212409222716066,0.4907763799427066,0.4406254044465989
0,1,1,0,0,0,0,81.00647735595703,72.27978515625,168.19252014160156,193.6587677001953,1.1514112966328922,0.4816294879686537,0.4297443494835414
0,1,1,0,0,0,0,72.59892272949219,61.743709564208984,158.62173461914062,193.37074279785156,1.2190683909878126,0.4576858455356457,0.3892512568498824
1,0,0,0,0,0,1,78.1572494506836,52.38013458251953,193.30838012695312,188.42384338378903,0.9747318934649588,0.4043138191906356,0.2709667038134584
0,1,1,0,0,0,0,74.39430236816406,62.50541687011719,156.69338989257812,191.65521240234375,1.2231225103607362,0.4747762647752111,0.3989027036364971
0,1,1,0,0,0,0,71.58675384521484,58.961124420166016,159.95419311523438,192.96926879882812,1.206403314852828,0.447545340644132,0.3686125588323226
0,1,1,0,0,0,0,78.60652160644531,68.81654357910156,160.44390869140625,193.45960998535156,1.2057772187378386,0.4899314797773663,0.4289134074355017
0,1,0,0,1,0,0,79.5281982421875,64.06646728515625,161.3757781982422,194.25796508789065,1.20376160076052,0.4928137241543835,0.3970017557805593
0,1,1,0,0,0,0,75.39436340332031,59.13431167602539,172.40980529785156,183.9187774658203,1.066753582536017,0.4372974221104803,0.3429869407593506
1,0,0,0,1,0,0,85.09648895263672,66.35067749023438,194.22186279296875,179.60311889648438,0.9247317285177764,0.4381406280885356,0.3416231135676061
0,1,0,0,0,1,0,70.43180847167969,60.25102996826172,148.52354431152344,194.70367431640625,1.3109280095553164,0.4742130872122954,0.4056665241026506
0,1,0,0,0,1,0,83.37349700927734,70.89750671386719,173.18630981445312,196.22898864746097,1.1330513875934831,0.4814092817070895,0.4093713111031972
0,1,1,0,0,0,0,85.15982818603516,72.5283432006836,171.4936981201172,196.6478576660156,1.1466768739704942,0.4965770119808584,0.422921331779104
1,0,0,0,1,0,0,63.08114242553711,56.15079498291016,137.37522888183594,188.9463348388672,1.3754032395563134,0.459188624754152,0.4087403197792564
0,1,1,0,0,0,0,74.30270385742188,59.46497344970703,162.87965393066406,192.8249053955078,1.1838489384167716,0.4561816166987416,0.3650853376384294
1,0,0,1,0,0,0,78.59844970703125,64.64053344726562,166.1879119873047,190.43869018554688,1.145923839515444,0.4729492582651588,0.3889605006422104
1,0,0,1,0,0,0,72.06120300292969,60.1229248046875,157.2696990966797,187.115478515625,1.1897745057717568,0.4582014425972222,0.382291853739274
1,0,1,0,0,0,0,86.5917739868164,78.2593994140625,167.98251342773438,200.6742248535156,1.19461377710511,0.5154808808362541,0.4658782501651845
0,1,0,0,0,0,1,74.61506652832031,63.163516998291016,153.16957092285156,193.83824157714844,1.2655140339511748,0.4871402725669475,0.4123764049068545
1,0,0,0,1,0,0,72.90107727050781,63.682315826416016,148.4675750732422,201.3272705078125,1.3560352852028028,0.4910235600907752,0.4289308005131773
0,1,1,0,0,0,0,75.04753875732422,59.9698600769043,170.96897888183594,190.4181671142578,1.113758579829058,0.4389541263458842,0.3507645683393363
0,1,0,0,0,1,0,73.97599029541016,61.41501235961914,160.96128845214844,187.8984375,1.167351723553453,0.4595887061217343,0.3815514460042172
1,0,0,0,0,0,1,76.03518676757812,66.36348724365234,161.68118286132812,204.02687072753903,1.2619085728889692,0.4702785161634581,0.4104589419077386
0,1,0,1,0,0,0,61.76730728149414,51.48413848876953,142.97625732421875,182.54025268554688,1.2767172403429976,0.4320109397004853,0.3600887269836838
0,1,0,0,0,0,1,77.25193786621094,67.3849868774414,156.5899200439453,200.5464324951172,1.2807109962048384,0.4933391488068389,0.4303277430535153
1,0,1,0,0,0,0,83.83538055419922,73.10350036621094,173.18731689453125,193.11605834960935,1.1150704440280372,0.484073441736232,0.4221065472752256
0,1,1,0,0,0,0,80.65936279296875,73.11831665039062,169.8528594970703,192.98556518554688,1.1361926184638391,0.474877862120184,0.4304803396710068
1,0,0,0,0,0,1,66.3860092163086,51.53997039794922,152.8815460205078,156.48797607421875,1.0235897016192337,0.434231671148874,0.3371235557170225
0,1,0,0,0,0,1,74.65979766845703,58.5859489440918,162.228271484375,201.00640869140625,1.2390343979641438,0.4602144680783823,0.3611327939824255
1,0,1,0,0,0,0,77.67340850830078,62.7958984375,174.02865600585938,191.3225250244141,1.0993736860093457,0.4463253942826841,0.3608365419737869
1,0,0,0,0,0,1,86.59318542480469,78.54904174804688,188.22003173828125,206.4259490966797,1.0967267787081965,0.4600636001656399,0.4173256216281422
0,1,1,0,0,0,0,70.82758331298828,58.9866943359375,155.1697998046875,194.7575225830078,1.2551251778899597,0.4564521150516343,0.3801428783834493
0,1,1,0,0,0,0,76.76333618164062,62.22585678100586,157.91506958007812,190.95982360839844,1.2092564953819271,0.4861051981027955,0.3940463500188711
0,1,1,0,0,0,0,81.63194274902344,66.45309448242188,181.27127075195312,192.60630798339844,1.0625307980929637,0.450330283504916,0.3665947406158726
1,0,1,0,0,0,0,81.42041015625,66.38920593261719,180.2553253173828,183.87457275390625,1.0200784494447024,0.4516948945219222,0.3683064886750116
0,1,0,0,1,0,0,82.1296157836914,67.94097900390625,168.41909790039062,188.36460876464844,1.118427845255734,0.4876502534900522,0.4034042448326679
0,1,0,0,0,0,1,82.90827178955078,73.36827850341797,161.9908905029297,201.1385955810547,1.2416660897201317,0.5118082352170991,0.4529160761795495
0,1,0,0,0,0,1,76.50228881835938,58.590274810791016,174.8281707763672,175.59307861328125,1.0043751978500792,0.4375855932063596,0.3351306288374842
0,1,0,0,1,0,0,75.60330963134766,59.17171478271485,153.6645965576172,188.47691345214844,1.226547413486217,0.4920021353324536,0.3850705764911059
1,0,1,0,0,0,0,77.22008514404297,69.7439956665039,160.79095458984375,205.2347869873047,1.276407541150752,0.4802514254674406,0.4337557161994064
1,0,0,1,0,0,0,71.280517578125,60.7841682434082,150.0485382080078,195.1949157714844,1.3008784897383774,0.4750497301034079,0.405096703835561
0,1,0,0,1,0,0,66.94075012207031,51.18622970581055,149.2062225341797,184.3391571044922,1.2354656124496708,0.4486458338340128,0.3430569371467397
1,0,0,0,0,1,0,75.74102020263672,62.35171890258789,166.1226806640625,190.65907287597656,1.14770043508708,0.4559342523240528,0.3753353765623197
1,0,0,0,0,1,0,71.58219909667969,67.6875228881836,147.32791137695312,198.3213806152344,1.3461222572266665,0.4858699103765172,0.4594344836328964
1,0,1,0,0,0,0,75.215576171875,62.82099533081055,160.0177001953125,200.5828857421875,1.2535043654380886,0.4700453517333974,0.3925877903140293
1,0,0,0,1,0,0,91.66270446777344,81.45938110351562,200.68406677246097,188.67921447753903,0.9401803417282087,0.4567512804676326,0.4059085627155227
0,1,0,0,1,0,0,78.66351318359375,56.73701095581055,183.05105590820312,189.2491455078125,1.0338598953655729,0.4297353696940274,0.3099518365207527
0,1,0,1,0,0,0,79.74222564697266,66.60556030273438,160.92625427246094,198.40380859375,1.2328865137060645,0.4955202990803646,0.4138887132112444
0,1,0,0,1,0,0,75.02501678466797,61.00883865356445,160.67459106445312,203.72161865234375,1.2679143435356417,0.4669376550930345,0.3797043343903164
0,1,1,0,0,0,0,68.24791717529297,54.45407485961914,150.81777954101562,188.77845764160156,1.2516989589431156,0.4525190424033037,0.361058722819945
0,1,0,0,0,0,1,78.46331787109375,72.77820587158203,162.2716827392578,200.65049743652344,1.236509624164887,0.4835305615038858,0.4484960323516449
1,0,0,0,1,0,0,76.13463592529297,61.88375473022461,161.2071533203125,196.78323364257812,1.2206854943438974,0.4722782727514351,0.3838772253937388
0,1,1,0,0,0,0,84.98130798339844,77.77056884765625,167.2576446533203,204.6893310546875,1.223796565346552,0.5080862411971758,0.4649746743047442
0,1,1,0,0,0,0,77.69397735595703,64.64635467529297,178.10401916503906,183.68539428710935,1.0313377269543722,0.4362280970423376,0.3629696565993202
0,1,1,0,0,0,0,81.33970642089844,68.88661193847656,179.2106170654297,195.6527557373047,1.0917475702116015,0.4538777208227644,0.3843891230692325
1,0,0,0,1,0,0,84.91118621826172,62.949798583984375,196.80111694335935,203.4331970214844,1.033699402631103,0.431456830820222,0.3198650473213612
1,0,0,0,1,0,0,73.78305053710938,62.081764221191406,155.08242797851562,192.44239807128903,1.2409039539795512,0.4757666713041849,0.4003146264242904
1,0,0,1,0,0,0,87.718994140625,77.47091674804688,170.60659790039062,205.7834320068359,1.2061868329792464,0.5141594476424651,0.454090977145436
1,0,0,0,0,1,0,65.4896469116211,49.15633010864258,149.7720489501953,167.80535888671875,1.1204050426159302,0.437262141839288,0.3282076358919871
1,0,1,0,0,0,0,78.78241729736328,69.60973358154297,156.5345916748047,203.11651611328125,1.2975823039501002,0.5032907835542899,0.4446923382031419
1,0,1,0,0,0,0,71.10868072509766,56.251956939697266,155.70193481445312,179.24098205566406,1.1511801845575134,0.4566974765588908,0.3612797554939288
1,0,1,0,0,0,0,77.21062469482422,63.9563102722168,164.18624877929688,187.73541259765625,1.1434295746047205,0.4702624322613802,0.3895351209234849
0,1,1,0,0,0,0,81.10688781738281,66.35596466064453,177.3125762939453,193.9987030029297,1.0941057146523123,0.4574232099753906,0.3742315748130629
0,1,1,0,0,0,0,87.29918670654297,73.61859130859375,175.46189880371094,191.3949432373047,1.0908062920909003,0.4975392794774464,0.419570241804751
0,1,1,0,0,0,0,82.20726013183594,61.63417053222656,185.0535888671875,191.2703857421875,1.0335945761066097,0.4442348869593439,0.3330612008636117
0,1,0,1,0,0,0,78.58831787109375,65.76000213623047,163.36770629882812,199.74368286132812,1.2226632018445676,0.4810517307952036,0.4025275473718405
0,1,1,0,0,0,0,73.39186096191406,63.712982177734375,160.54693603515625,196.8828887939453,1.226326043063396,0.457136478430475,0.3968495678035402
0,1,0,0,0,1,0,79.63593292236328,67.49549102783203,177.86373901367188,191.3070526123047,1.0755820926355284,0.4477356282060499,0.3794786469806746
0,1,0,0,0,0,1,87.3602066040039,72.77172088623047,185.9522399902344,196.89739990234375,1.0588600595114324,0.4697991624547882,0.3913462988671295
0,1,0,1,0,0,0,71.68016052246094,56.75020980834961,157.95838928222656,184.96292114257812,1.1709597824025806,0.4537914120812472,0.3592731609015915
1,0,0,0,1,0,0,85.23297882080078,74.2090835571289,193.6460876464844,190.8706970214844,0.985667716509374,0.4401482098435164,0.3832201541432802
0,1,1,0,0,0,0,79.8418197631836,65.155029296875,173.6000518798828,184.07711791992188,1.0603517448674975,0.4599181791629168,0.3753168768748814
0,1,1,0,0,0,0,71.95479583740234,56.201019287109375,167.50439453125,181.1077880859375,1.0812121591959163,0.4295696004798148,0.3355196706592935
1,0,0,0,0,1,0,82.4649429321289,65.88729858398438,189.47732543945312,195.21197509765625,1.0302656248968196,0.4352232793072663,0.3477318377340008
1,0,0,1,0,0,0,70.01150512695312,57.81507110595703,148.09133911132812,178.0108184814453,1.202033957891522,0.4727589442237521,0.3904014336888018
0,1,0,0,0,0,1,76.6694107055664,66.7030029296875,161.94461059570312,189.7975921630859,1.1719907903382971,0.4734298376682174,0.4118877601688915
0,1,0,0,1,0,0,80.99185180664062,65.1886215209961,178.7315673828125,203.3526611328125,1.137754589804865,0.4531479972598791,0.3647291996347416
1,0,0,0,1,0,0,78.27227020263672,68.03263854980469,162.99758911132812,198.3898162841797,1.2171334396159597,0.4802050792860279,0.417384324030327
1,0,1,0,0,0,0,68.64643096923828,51.55076217651367,161.53701782226562,177.1552734375,1.096685303627548,0.4249578944484904,0.3191266179819751
0,1,1,0,0,0,0,72.13101959228516,60.16083526611328,154.18304443359375,193.24920654296875,1.2533752154971924,0.4678271846120654,0.390190993355462
1,0,0,0,0,0,1,70.41670989990234,60.31267547607422,158.0347442626953,195.095458984375,1.2345099167565017,0.4455773964670152,0.3816418709535081
0,1,1,0,0,0,0,82.9941635131836,71.00224304199219,169.01612854003906,196.96014404296875,1.165333425539385,0.4910428621817751,0.4200915241362431
1,0,0,1,0,0,0,78.59061431884766,70.22245025634766,162.86228942871094,199.2824249267578,1.2236253439995324,0.4825586978700113,0.4311768580846694
0,1,0,1,0,0,0,75.3579330444336,58.57341003417969,172.71408081054688,177.9508056640625,1.0303201964132842,0.4363160935737199,0.3391351171791829
1,0,1,0,0,0,0,82.12657928466797,64.07527160644531,192.03570556640625,192.56817626953125,1.002772769269936,0.4276630694403259,0.333663322752695
1,0,1,0,0,0,0,80.3597183227539,70.1572494506836,168.49517822265625,195.9847412109375,1.1631474756622142,0.4769259225718814,0.416375413176364
1,0,1,0,0,0,0,74.83187866210938,59.126014709472656,168.56201171875,189.1169891357422,1.1219431187810496,0.4439427240994742,0.3507671396810683
0,1,0,0,0,1,0,82.58257293701172,73.08222198486328,171.85455322265625,192.51564025878903,1.120224263184718,0.4805375905869484,0.4252562449723245
1,0,1,0,0,0,0,82.04879760742188,70.32907104492188,172.4774169921875,199.3044891357422,1.1555396214263218,0.4757074812358672,0.4077581417404197
1,0,1,0,0,0,0,79.25347137451172,61.03156661987305,174.42416381835938,197.6175842285156,1.1329713722137102,0.4543720872128941,0.3499031629782079
1,0,1,0,0,0,0,71.19849395751953,52.225563049316406,163.4378662109375,190.9263610839844,1.168189266724576,0.4356303444737143,0.3195438380351382
1,0,0,0,0,1,0,81.1510009765625,60.45662307739258,184.37942504882812,194.3321533203125,1.053979603574795,0.4401304589981867,0.3278924590494965
0,1,0,0,0,1,0,74.90083312988281,62.069435119628906,168.6835479736328,198.7674865722656,1.1783454223012624,0.4440316440438558,0.3679637751592175
1,0,1,0,0,0,0,70.90560150146484,61.323524475097656,151.41407775878906,193.66148376464844,1.2790190095346472,0.4682893595562584,0.4050054353122264
0,1,1,0,0,0,0,70.04222869873047,58.8328971862793,147.34210205078125,197.38916015625,1.3396656991375089,0.4753714500054473,0.3992945422076483
0,1,0,1,0,0,0,69.04768371582031,58.06320571899414,151.4082794189453,181.5863342285156,1.1993157502706169,0.4560363804463163,0.3834876529990397
1,0,1,0,0,0,0,75.81806182861328,59.59910583496094,165.68032836914062,201.8555603027344,1.218343555265018,0.4576165594003919,0.3597234893340649
1,0,0,0,0,1,0,74.81074523925781,58.590187072753906,169.75042724609375,190.18966674804688,1.1204075879722033,0.4407102029310464,0.3451548724988683
0,1,1,0,0,0,0,76.72167205810547,57.048091888427734,184.86651611328125,182.45440673828125,0.9869521564763956,0.4150111857524944,0.3085907231219211
1,0,1,0,0,0,0,89.58928680419922,77.62723541259766,174.80117797851562,203.3278656005859,1.163195053671643,0.5125210701681336,0.4440887430526276
1,0,1,0,0,0,0,79.63740539550781,70.08934783935547,166.87059020996094,184.09518432617188,1.103221269215495,0.4772405089195523,0.4200221725779672
0,1,0,0,1,0,0,81.57779693603516,67.58197784423828,179.57933044433594,190.77328491210935,1.0623343145342845,0.4542716399163864,0.3763349472181411
0,1,1,0,0,0,0,77.90837860107422,60.76197052001953,173.22499084472656,179.153564453125,1.0342247015253856,0.4497525340954345,0.3507690791248743
0,1,1,0,0,0,0,82.73419189453125,71.00247192382812,174.17784118652344,195.36697387695312,1.1216522868011591,0.4749983771238324,0.407643540878389
0,1,0,0,0,0,1,79.69390869140625,57.9286994934082,189.52239990234375,187.360595703125,0.988593410592454,0.4204986256636185,0.305656215430247
1,0,1,0,0,0,0,83.0433349609375,76.9850845336914,174.4251251220703,197.87982177734375,1.1344685671795207,0.4760973220046146,0.4413646513357172
0,1,1,0,0,0,0,79.56800842285156,61.6895637512207,170.35043334960938,194.1353302001953,1.1396233422064288,0.4670842736252659,0.3621332951036027
1,0,0,1,0,0,0,80.37675476074219,65.39202117919922,181.6865997314453,201.7315216064453,1.110326914063166,0.4423923111530994,0.3599165886524185
0,1,1,0,0,0,0,81.14405059814453,66.33065795898438,175.09263610839844,198.47824096679688,1.1335613271818046,0.4634349702057653,0.3788317968890456
0,1,1,0,0,0,0,68.68545532226562,57.33661651611328,145.55238342285156,190.492919921875,1.3087585063342069,0.4718950916985265,0.3939242708897578
0,1,1,0,0,0,0,88.67634582519531,75.68208312988281,170.79498291015625,198.69825744628903,1.1633729168192886,0.5191976035492915,0.4431165473384781
0,1,0,0,0,0,1,84.08021545410156,71.91336059570312,165.34202575683594,198.9102783203125,1.2030231116972312,0.508522954579957,0.4349369754394092
0,1,0,0,0,1,0,86.65315246582031,76.55181884765625,167.34323120117188,200.3205108642578,1.1970637200344378,0.5178168955136889,0.457453930452851
1,0,0,0,0,1,0,78.03280639648438,68.09795379638672,163.0010986328125,205.27008056640625,1.2593171597500197,0.4787256469495733,0.4177760418031835
1,0,1,0,0,0,0,79.41730499267578,67.48225402832031,163.28240966796875,200.68292236328125,1.2290541447260954,0.4863800402882904,0.4132855104572747
1,0,0,0,0,0,1,72.75037384033203,63.041133880615234,158.05833435058594,194.06622314453125,1.227813920359789,0.4602754681633296,0.3988472619278967
0,1,0,0,1,0,0,75.44791412353516,66.18318176269531,165.27488708496094,198.8312835693359,1.203033849099682,0.4564995653861831,0.4004430614354212
0,1,1,0,0,0,0,87.5810775756836,77.32886505126953,175.7738800048828,201.35272216796875,1.145521292255569,0.4982599096819771,0.4399337663202372
1,0,1,0,0,0,0,76.71870422363281,57.1205940246582,178.2320556640625,199.6129150390625,1.119960796588125,0.4304427951402563,0.320484403391054
0,1,0,0,1,0,0,76.70574951171875,59.15195083618164,170.7223358154297,178.6640625,1.046518381128268,0.4493011950975554,0.3464804447153982
1,0,0,1,0,0,0,77.67098999023438,60.55770492553711,162.92054748535156,197.66749572753903,1.2132754203106986,0.4767415233319044,0.3717008435107422
0,1,1,0,0,0,0,88.03059387207031,76.66436004638672,171.60179138183594,203.94366455078125,1.1884704868667746,0.5129934435019444,0.4467573411037342
0,1,0,0,1,0,0,77.03018188476562,64.380126953125,172.31298828125,199.81117248535156,1.1595827713185434,0.4470364228089216,0.3736231818349263
1,0,1,0,0,0,0,72.96408081054688,61.81877517700195,156.2685089111328,198.7443389892578,1.271813114325422,0.466914807845516,0.3955933003248736
0,1,1,0,0,0,0,74.62344360351562,58.26268005371094,166.09133911132812,162.2363739013672,0.9767900889318676,0.4492916006505121,0.3507869848328363
0,1,0,1,0,0,0,84.5484619140625,73.2213363647461,166.16131591796875,198.84507751464844,1.1966989814453273,0.508833608153433,0.4406641579613772
1,0,0,0,0,1,0,82.2701644897461,67.66564178466797,180.5947723388672,190.3577880859375,1.0540603452726252,0.4555511957753391,0.3746821732896037
0,1,0,1,0,0,0,73.04288482666016,59.14038848876953,154.37399291992188,204.04345703125,1.3217476154619714,0.4731553770494849,0.383098133112663
1,0,1,0,0,0,0,82.50703430175781,70.81868743896484,174.39743041992188,202.32765197753903,1.160152712630946,0.4730977635570301,0.406076438560158
1,0,1,0,0,0,0,73.21192932128906,60.16555404663086,152.73355102539062,190.94256591796875,1.2501677898278305,0.4793441181048571,0.3939249342577575
0,1,0,0,1,0,0,70.73902130126953,57.60214614868164,153.91693115234375,190.93739318847656,1.2405223503286376,0.4595922019212657,0.3742417791040041
0,1,0,1,0,0,0,79.98489379882812,67.94176483154297,165.89132690429688,190.1184844970703,1.1460423401565178,0.4821523541430928,0.4095558586419575
0,1,1,0,0,0,0,80.00672912597656,66.61050415039062,163.11842346191406,199.09423828125,1.220550285221067,0.4904824815491001,0.4083567186139662
1,0,0,0,0,1,0,77.247802734375,58.07093811035156,180.47544860839844,197.1608123779297,1.0924522637189045,0.4280238854094211,0.3217664150892667
1,0,0,0,0,1,0,76.89178466796875,67.3445053100586,169.22454833984375,192.4844665527344,1.1374500238947551,0.4543772485866027,0.3979594330180428
0,1,1,0,0,0,0,80.73043823242188,73.01724243164062,165.7756805419922,199.09445190429688,1.200987088415932,0.4869860160940329,0.4404581069606577
1,0,0,0,0,0,1,73.1615219116211,60.9343376159668,154.87155151367188,185.70521545410156,1.1990918515316076,0.4724012976983864,0.3934508114654458
0,1,1,0,0,0,0,80.8199462890625,71.67122650146484,163.869140625,195.44577026367188,1.1926941797475596,0.493198084647382,0.4373686603109617
0,1,0,1,0,0,0,68.65278625488281,54.60497283935547,157.57029724121094,190.9852752685547,1.2120639397931172,0.4356962413403848,0.3465435668739354
1,0,1,0,0,0,0,77.2525634765625,64.49049377441406,163.5808868408203,193.1840362548828,1.1809694884639497,0.4722591066017178,0.394242230983681
0,1,0,0,1,0,0,81.29418182373047,70.17081451416016,166.78790283203125,200.0220489501953,1.1992599316488408,0.4874105402332458,0.4207188490452319
0,1,1,0,0,0,0,74.9164047241211,67.10610961914062,159.0703887939453,188.68316650390625,1.1861614718772102,0.4709638625524792,0.4218642459349724
1,0,0,0,1,0,0,84.20072937011719,68.81935119628906,188.5819091796875,183.5965881347656,0.9735641607055122,0.446494203693143,0.3649308223447645
0,1,0,1,0,0,0,78.17803192138672,68.85195922851562,166.5989532470703,202.09312438964844,1.2130515855639226,0.4692588422536292,0.4132796628464195
1,0,0,0,0,1,0,76.1837387084961,62.17183303833008,171.75338745117188,193.8848876953125,1.1288562663745565,0.4435646937685845,0.3619831548068013
0,1,0,0,1,0,0,74.95391845703125,71.27288055419922,159.91183471679688,198.2537841796875,1.2397693049472795,0.468720270702755,0.4457010994866212
0,1,0,1,0,0,0,72.79399871826172,57.45198059082031,163.89834594726562,190.85699462890625,1.1644839581865858,0.4441411430819639,0.3505342305852526
1,0,1,0,0,0,0,86.27565002441406,76.93766021728516,181.82736206054688,203.46994018554688,1.1190281697965414,0.4744921173947684,0.4231357665061742
1,0,1,0,0,0,0,68.80488586425781,60.567039489746094,154.78147888183594,187.71682739257812,1.21278610818731,0.4445291927775492,0.391306763104289
1,0,1,0,0,0,0,75.25082397460938,54.7191276550293,173.32955932617188,181.1627655029297,1.0451925580795902,0.4341488218579166,0.3156941485788858
1,0,0,0,0,1,0,91.04067993164062,81.13459777832031,175.40457153320312,204.4991455078125,1.1658712410987642,0.5190325379541612,0.4625569166705668
1,0,0,0,1,0,0,72.81996154785156,61.378910064697266,153.7739715576172,183.5366973876953,1.1935485279374891,0.4735519334659756,0.3991501906530349
1,0,1,0,0,0,0,76.19892883300781,58.10223007202149,157.60768127441406,192.2723388671875,1.2199426913236422,0.4834721773511549,0.3686510048381365
0,1,1,0,0,0,0,76.3243408203125,69.32768249511719,160.37208557128906,202.80514526367188,1.2645913067802586,0.4759203607562027,0.4322927038589857
1,0,0,0,0,1,0,84.00717163085938,70.61371612548828,171.31813049316406,210.0869140625,1.226297026810498,0.4903577419916535,0.412178885691879
0,1,0,1,0,0,0,73.32534790039062,59.0446662902832,158.50892639160156,186.7693328857422,1.1782890537301498,0.4625944391247589,0.3725005754212945
1,0,1,0,0,0,0,73.90654754638672,61.916847229003906,160.74839782714844,192.65350341796875,1.1984785293171485,0.4597653758630794,0.3851786273825424
0,1,0,0,1,0,0,83.27725982666016,65.05933380126953,191.66905212402344,189.80386352539065,0.9902687023389364,0.434484643732541,0.3394357778697185
0,1,1,0,0,0,0,88.10643768310547,74.77413177490234,166.16348266601562,200.30276489257812,1.205455986350392,0.5302394742182743,0.4500033977092093
1,0,1,0,0,0,0,78.3812484741211,68.3876953125,164.76889038085938,201.3390960693359,1.221948485566331,0.4757041714181888,0.4150522295466302
1,0,0,1,0,0,0,81.93840789794922,67.17276000976562,164.83282470703125,189.4246368408203,1.14919244499691,0.4971000651331675,0.4075205295374656
1,0,1,0,0,0,0,76.00083923339844,65.54576110839844,162.9954833984375,183.41558837890625,1.1252801890869113,0.4662757375160923,0.4021323765651458
1,0,0,1,0,0,0,81.10762786865234,68.49132537841797,165.20816040039062,194.9647521972656,1.18011575048568,0.4909420192809106,0.4145759217488147
1,0,1,0,0,0,0,82.41095733642578,68.79156494140625,181.87644958496097,201.71925354003903,1.1091004580326866,0.4531150543376353,0.3782323940146592
0,1,0,0,0,0,1,85.72157287597656,74.61299896240234,171.67526245117188,208.3825836181641,1.2138183489157768,0.4993239657947668,0.4346170665306184
1,0,1,0,0,0,0,79.82880401611328,64.31361389160156,183.040771484375,199.5485687255859,1.0901864492120548,0.4361258061181617,0.3513622313217336
1,0,1,0,0,0,0,81.11233520507812,72.96643829345703,172.808349609375,193.1299591064453,1.117596224621127,0.4693774079112998,0.4222390784843103
1,0,0,1,0,0,0,77.65047454833984,66.99127960205078,163.4977264404297,185.38619995117188,1.1338763173487751,0.4749330540485023,0.4097382945961577
1,0,0,0,0,0,1,76.34246063232422,67.1546859741211,163.79869079589844,196.9546813964844,1.20241914290939,0.4660749134280373,0.4099830447228621
1,0,0,0,0,0,1,79.12318420410156,69.78897857666016,170.55494689941406,194.48439025878903,1.140303425930457,0.4639160906353833,0.4091876538639403
1,0,0,0,0,0,1,77.73367309570312,62.11580276489258,159.4584197998047,200.9781188964844,1.260379471644122,0.4874855350585779,0.3895423198278092
0,1,1,0,0,0,0,81.19178009033203,67.79068756103516,168.63778686523438,200.72503662109375,1.1902731905602015,0.4814566272458013,0.4019899028632863
1,0,1,0,0,0,0,79.96553039550781,68.76686096191406,175.06057739257812,189.36265563964844,1.081697881156861,0.4567877679060941,0.3928175148634549
0,1,0,1,0,0,0,76.91126251220703,75.72237396240234,160.41070556640625,200.3084716796875,1.2487225897573555,0.479464648201847,0.4720531194911743
0,1,0,0,1,0,0,76.40680694580078,66.18038940429688,158.60617065429688,205.43170166015625,1.2952314579734847,0.4817391822184492,0.4172623872783978
0,1,0,1,0,0,0,61.57915115356445,48.33237075805664,118.9721908569336,186.63169860839844,1.568700191734947,0.5175928148420381,0.4062493126328763
1,0,1,0,0,0,0,77.17000579833984,62.69438171386719,164.67303466796875,195.82061767578125,1.1891480476485756,0.4686256371842433,0.3807203883761434
0,1,1,0,0,0,0,79.3310317993164,66.91374206542969,168.5152587890625,199.1591339111328,1.1818462929842366,0.4707646795274387,0.3970782381741963
0,1,1,0,0,0,0,77.91556549072266,63.62487030029297,168.60415649414062,195.71954345703125,1.1608227669276523,0.4621212614852137,0.3773624068544483
1,0,1,0,0,0,0,85.92993927001953,76.44348907470703,172.3965606689453,206.60638427734375,1.198436810314864,0.49844346625355,0.4434165552844303
0,1,1,0,0,0,0,74.05933380126953,63.30331802368164,161.09527587890625,186.8220672607422,1.1596992291764938,0.4597238087660572,0.3929557690522602
1,0,1,0,0,0,0,75.7889404296875,56.773216247558594,178.62460327148438,188.0559539794922,1.0527998413167836,0.4242917215300902,0.3178353665047544
1,0,1,0,0,0,0,70.84190368652344,54.1112060546875,157.8414306640625,193.9936065673828,1.2290411063256503,0.4488169132051132,0.3428200430459453
0,1,0,1,0,0,0,69.389404296875,51.74893951416016,156.6006317138672,178.60728454589844,1.1405272289848785,0.443097856869823,0.3304516651549224
1,0,1,0,0,0,0,78.22220611572266,65.73223876953125,168.04978942871094,197.57684326171875,1.175704200126556,0.4654704202941331,0.3911474033558119
0,1,1,0,0,0,0,83.21600341796875,73.51799774169922,172.75961303710938,203.03919982910156,1.1752700544975638,0.4816866740729134,0.425550835923135
1,0,0,1,0,0,0,77.67357635498047,67.02220153808594,173.42242431640625,194.9437255859375,1.1240975690102568,0.4478865790347063,0.3864679080705565
0,1,1,0,0,0,0,80.29094696044922,61.104373931884766,181.84597778320312,194.25355529785156,1.068231245287376,0.4415327077301216,0.3360226862137882
1,0,0,0,1,0,0,86.87440490722656,75.05830383300781,168.9022216796875,199.0230255126953,1.178332786469381,0.5143473190777705,0.4443890855109721
0,1,1,0,0,0,0,84.52790832519531,74.60787963867188,159.94418334960938,199.8166046142578,1.24928959859387,0.5284837907511298,0.4664619748977829
1,0,0,0,0,0,1,85.09260559082031,74.48018646240234,182.2696228027344,188.19601440429688,1.0325144229215664,0.466850176581063,0.408626436578575
1,0,0,0,1,0,0,69.287353515625,50.714168548583984,170.9596405029297,180.0309600830078,1.05306117603776,0.4052848573604578,0.2966440991534192
1,0,1,0,0,0,0,69.99749755859375,55.63444137573242,158.68006896972656,188.65928649902344,1.1889286898092817,0.4411234379533076,0.3506076203328757
1,0,1,0,0,0,0,81.51367950439453,69.86505889892578,169.22364807128906,202.9011077880859,1.1990115453757946,0.4816920119229149,0.412856357224338
1,0,1,0,0,0,0,80.50248718261719,61.78687286376953,186.5887451171875,201.12355041503903,1.0778975456891728,0.4314434245862868,0.3311393343953524
0,1,0,1,0,0,0,74.31202697753906,56.48756790161133,164.56141662597656,195.03756713867188,1.1851962090358217,0.4515762473438057,0.3432613127656715
1,0,1,0,0,0,0,82.51063537597656,72.171875,174.87619018554688,206.14093017578125,1.178782142709433,0.4718231526454873,0.4127026951091758
1,0,0,0,0,1,0,80.14608001708984,66.91643524169922,173.16258239746094,200.31390380859375,1.156796699582663,0.4628371724852783,0.3864370368888677
0,1,0,0,0,1,0,69.44327545166016,57.584468841552734,157.1007537841797,189.2476806640625,1.2046261784589862,0.4420301862272364,0.3665448284268613
1,0,0,1,0,0,0,77.4062728881836,64.78944396972656,161.59588623046875,182.5863037109375,1.1298945039388697,0.4790114073682942,0.4009349834396377
0,1,0,1,0,0,0,80.270751953125,72.17037200927734,163.96604919433594,203.80294799804688,1.2429582160420016,0.4895571512977449,0.4401543634422729
0,1,0,0,1,0,0,70.98697662353516,53.18358612060547,153.57693481445312,196.40081787109375,1.2788431941839384,0.4622242051470777,0.3462993071509092
1,0,1,0,0,0,0,85.15895080566406,74.37161254882812,171.9259490966797,203.3296356201172,1.1826582123782732,0.4953234299598157,0.4325793339492137
1,0,1,0,0,0,0,75.7605209350586,64.28106689453125,164.4772491455078,194.16452026367188,1.18049469621115,0.4606139835670261,0.3908204157625705
0,1,1,0,0,0,0,77.50891876220703,65.0421371459961,167.65122985839844,196.62950134277344,1.1728485470035062,0.462322398873379,0.3879609902112378
1,0,1,0,0,0,0,82.19442749023438,73.57003021240234,176.08885192871094,200.92697143554688,1.141054469006883,0.4667781440446358,0.4178006126258746
0,1,0,0,1,0,0,72.88170623779297,52.82945251464844,169.92893981933594,180.2408447265625,1.060683629981979,0.4288951976942769,0.3108914383319012
0,1,1,0,0,0,0,72.18428802490234,62.46281051635742,154.815673828125,196.9391632080078,1.2720880149812734,0.4662595604178987,0.4034656761285236
1,0,1,0,0,0,0,69.3171157836914,55.44340896606445,156.33718872070312,201.47816467285156,1.2887411262894903,0.4433821303229819,0.3546399255337402
1,0,1,0,0,0,0,82.22599029541016,71.3848876953125,178.1244659423828,202.9762725830078,1.1395193327830873,0.4616209786813197,0.4007584658157126
0,1,1,0,0,0,0,85.91604614257812,80.41625213623047,179.9785919189453,201.6622009277344,1.1204788234955991,0.4773681426581615,0.4468100971278101
1,0,0,0,1,0,0,84.300048828125,69.13945770263672,179.6579132080078,199.2653656005859,1.109137705333784,0.4692253590328774,0.3848394789189558
1,0,1,0,0,0,0,69.20557403564453,56.59117126464844,147.1939239501953,182.8699493408203,1.2423743075338924,0.4701659700237423,0.3844667615750001
1,0,0,0,0,0,1,69.13983154296875,48.66929244995117,161.96429443359375,203.3356475830078,1.255435022231869,0.4268831706689307,0.3004939614632523
0,1,0,1,0,0,0,79.06761932373047,64.85957336425781,163.86203002929688,188.5784912109375,1.150837025375687,0.4825255692828532,0.3958181974961592
1,0,0,0,0,0,1,87.12297058105469,74.3574447631836,177.4024658203125,198.58383178710935,1.119397246643973,0.4911034927175129,0.4191454973263945
0,1,0,0,1,0,0,71.79391479492188,58.05484771728515,150.82159423828125,185.02227783203125,1.2267625121354755,0.4760188032590049,0.3849239759763113
0,1,0,0,1,0,0,80.88330841064453,68.33123016357422,161.0347137451172,198.51727294921875,1.2327607404166798,0.502272500938308,0.4243260882975061
0,1,0,1,0,0,0,75.02628326416016,63.57169723510742,158.6263885498047,192.85232543945312,1.215764458880701,0.4729747928454148,0.4007636927014039
1,0,0,1,0,0,0,74.85398864746094,53.65101623535156,175.03480529785156,179.08468627929688,1.0231375752642666,0.4276520233794879,0.3065162734009113
0,1,1,0,0,0,0,74.27442932128906,59.8787956237793,158.9793701171875,189.21156311035156,1.190164251945892,0.4671953931289299,0.3766450677194229
1,0,0,0,0,1,0,77.56529235839844,66.47402954101562,163.99232482910156,190.40672302246097,1.1610709417095353,0.4729812351842087,0.4053484186548915
1,0,0,0,1,0,0,78.3914794921875,65.4143295288086,165.08148193359375,199.38140869140625,1.2077757381146488,0.4748653729903002,0.3962547995245304
0,1,0,0,1,0,0,78.62580871582031,66.4014892578125,157.96087646484375,189.37982177734375,1.1989033361656023,0.4977549534762142,0.4203666803063796
1,0,0,0,0,1,0,88.85672760009766,78.29456329345703,193.56629943847656,204.4676971435547,1.0563186760128307,0.4590506087984599,0.4044844764847214
1,0,1,0,0,0,0,76.6649398803711,73.22016906738281,157.91806030273438,202.68885803222656,1.2835065073853176,0.485472907490136,0.4636592478847398
1,0,0,0,1,0,0,69.53349304199219,59.08248519897461,149.628662109375,188.9573516845703,1.2628419516739846,0.4647070424994167,0.3948607463708171
0,1,0,0,1,0,0,73.97967529296875,50.66390228271485,175.39263916015625,178.2835235595703,1.0164823587424003,0.4217946411389345,0.2888599118259012
1,0,1,0,0,0,0,80.42787170410156,58.852577209472656,186.2085723876953,185.09275817871097,0.9940077183629272,0.4319235719000456,0.3160572923943519
0,1,0,0,1,0,0,72.50300598144531,53.381534576416016,161.80072021484375,189.5677032470703,1.1716122338352806,0.4481006381502733,0.3299214892587279
0,1,1,0,0,0,0,81.14812469482422,64.24248504638672,189.5993804931641,188.57908630371097,0.9946186839492868,0.4279978367215707,0.338832779301739
0,1,0,1,0,0,0,83.5568618774414,70.8182373046875,183.0045166015625,202.9345703125,1.1089047094631508,0.4565836047607581,0.3869753524109626
0,1,0,1,0,0,0,80.58403778076172,67.26048278808594,163.18637084960938,188.90415954589844,1.157597650847878,0.4938159808396438,0.4121697322999627
0,1,0,0,0,0,1,74.02327728271484,67.64916229248047,163.39682006835938,198.69129943847656,1.216004689414098,0.4530276492023906,0.4140176183611069
1,0,0,1,0,0,0,72.9258041381836,54.70979309082031,164.1518096923828,208.9710235595703,1.273035149299772,0.4442583013543688,0.3332877852114171
1,0,0,1,0,0,0,69.97476196289062,56.10433197021485,149.6002197265625,187.87152099609375,1.2558238306032108,0.4677450480406356,0.3750284061932641
1,0,0,0,0,1,0,84.07039642333984,71.84575653076172,189.7791748046875,192.86363220214844,1.0162528760104228,0.4429906311367485,0.3785755555355442
1,0,1,0,0,0,0,68.48392486572266,56.63761138916016,150.96697998046875,189.70681762695312,1.2566113308453035,0.4536351252080602,0.3751655586969257
1,0,0,0,1,0,0,69.57913970947266,55.72431182861328,160.96820068359375,192.47183227539065,1.1957133859856075,0.4322539446548235,0.3461821129388621
1,0,1,0,0,0,0,78.39662170410156,64.02297973632812,166.86770629882812,204.6668701171875,1.2265217438218292,0.4698130239994323,0.3836750750422327
1,0,0,0,0,1,0,79.29373931884766,67.26214599609375,176.76612854003906,194.9871368408203,1.1030797497873244,0.4485799399113215,0.3805149015347603
1,0,1,0,0,0,0,83.17053985595703,68.83737182617188,184.09217834472656,197.92376708984375,1.0751340381187542,0.4517874719273183,0.3739288243809505
0,1,1,0,0,0,0,77.0501937866211,64.80783081054688,148.33364868164062,202.44517517089844,1.364796032256943,0.5194384043770754,0.4369057957283848
1,0,1,0,0,0,0,83.46089935302734,72.72267150878906,168.31759643554688,204.1961212158203,1.2131596787268302,0.4958536785248514,0.4320562617862502
0,1,1,0,0,0,0,78.79795837402344,65.92925262451172,163.34068298339844,183.4622344970703,1.1231876293532883,0.482414772209764,0.4036303229564223
1,0,0,0,0,0,1,84.05265045166016,68.39674377441406,191.34217834472656,190.5139312744141,0.9956713826638878,0.439279259694791,0.3574577459403064
1,0,0,0,0,1,0,80.37606048583984,69.72775268554688,172.1807861328125,197.62635803222656,1.147784038340878,0.4668120194540253,0.4049682560501381
0,1,0,1,0,0,0,70.0933837890625,50.52898788452149,157.15396118164062,198.36607360839844,1.2622403668153444,0.4460172894277074,0.3215253850720276
0,1,0,0,1,0,0,83.62188720703125,60.894989013671875,193.9234313964844,187.31336975097656,0.9659140641339348,0.4312108475229219,0.3140156327430571
0,1,1,0,0,0,0,84.57481384277344,71.1333999633789,189.49134826660156,197.06163024902344,1.039950541550694,0.446325463491781,0.3753912809955788
1,0,0,1,0,0,0,83.15393829345703,78.39006805419922,176.10142517089844,201.5456390380859,1.1444861325937312,0.4721934431408486,0.4451415880259073
1,0,1,0,0,0,0,76.85316467285156,67.23114776611328,162.45249938964844,184.45166015625,1.1354190354057634,0.4730808387780871,0.4138511135175386
0,1,1,0,0,0,0,90.38937377929688,80.35554504394531,180.36387634277344,197.4935302734375,1.0949727532918505,0.5011500950862019,0.4455190622053011
0,1,1,0,0,0,0,81.44709014892578,71.43936157226562,172.91712951660156,198.49221801757812,1.1479037303734627,0.4710180557392733,0.4131421899726066
0,1,0,0,1,0,0,80.6849136352539,71.03437805175781,168.34405517578125,192.22915649414065,1.1418826539102858,0.4792857909416786,0.4219595279297819
0,1,0,0,1,0,0,68.31773376464844,53.778507232666016,158.34136962890625,175.77586364746094,1.1101070052596786,0.4314585248615696,0.3396364914532632
1,0,1,0,0,0,0,83.75540161132812,63.59965515136719,185.2833709716797,183.85958862304688,0.9923156495849244,0.4520394958926456,0.3432561422961606
0,1,0,1,0,0,0,73.65528869628906,62.62272644042969,158.89581298828125,189.3076171875,1.191394622849261,0.4635445535731091,0.3941118728222762
0,1,1,0,0,0,0,76.0284423828125,55.684104919433594,173.09555053710938,191.0820770263672,1.103910969597117,0.4392281728033963,0.3216957613679138
1,0,1,0,0,0,0,63.71894073486328,53.23411178588867,154.050537109375,197.6270294189453,1.2828714078330752,0.4136236194335577,0.3455626496653676
1,0,0,0,1,0,0,78.48506164550781,59.40840530395508,189.0615692138672,180.4491424560547,0.9544464441206976,0.4151296425384325,0.3142278229836972
1,0,0,1,0,0,0,73.00089263916016,59.4457893371582,154.87908935546875,187.60548400878903,1.2113028607639131,0.4713411793867996,0.3838206279785257
0,1,0,0,1,0,0,66.41215515136719,51.75282669067383,151.3084716796875,179.84866333007812,1.188622562461729,0.4389189475917674,0.3420352219288288
1,0,0,0,1,0,0,76.83181762695312,55.72066116333008,180.2301483154297,181.6710968017578,1.0079950468875287,0.4262983654237801,0.3091639311410353
1,0,1,0,0,0,0,72.14569854736328,62.60736083984375,163.1770477294922,203.45440673828125,1.2468322571662107,0.4421314121760756,0.3836774945434207
1,0,0,0,0,1,0,83.07733917236328,71.61373901367188,180.96449279785156,200.5480804443359,1.108217846184668,0.459080883149634,0.3957336486648174
1,0,1,0,0,0,0,75.79545593261719,60.07344436645508,170.2382049560547,187.1275177001953,1.0992098850460768,0.4452317618843727,0.3528787464715247
1,0,0,0,1,0,0,75.94989013671875,64.06283569335938,161.83978271484375,194.21131896972656,1.2000221188625813,0.4692906086665965,0.395841088134899
1,0,0,1,0,0,0,80.35586547851562,69.47377014160156,171.73428344726562,198.54290771484375,1.156105255918864,0.4679081186674673,0.4045422308640828
1,0,1,0,0,0,0,87.23371887207031,74.9881820678711,191.9833221435547,191.13055419921875,0.9955581144507006,0.4543817551341344,0.3905973770565289
0,1,1,0,0,0,0,73.93321990966797,61.74447250366211,162.7383270263672,195.77294921875,1.202992268606955,0.4543073611521713,0.3794095320499279
1,0,0,0,0,1,0,76.31729888916016,63.977745056152344,161.98410034179688,196.11766052246097,1.21072167026665,0.4711406781784493,0.3949631162636035
1,0,1,0,0,0,0,80.62946319580078,65.15523529052734,175.43948364257812,196.3707733154297,1.1193077478242854,0.4595856162006651,0.3713829631604921
0,1,1,0,0,0,0,87.39083099365234,76.30288696289062,172.9237823486328,192.2690887451172,1.1118718670950776,0.5053719610265238,0.4412515498247422
0,1,1,0,0,0,0,83.05236053466797,78.30005645751953,164.34503173828125,194.39491271972656,1.182846300028708,0.5053536432237787,0.4764370156453043
1,0,0,0,0,1,0,77.53144073486328,62.87759780883789,175.22076416015625,179.6287841796875,1.0251569500946942,0.442478613231007,0.3588478689167578
1,0,0,0,0,1,0,82.59080505371094,68.54139709472656,184.0580139160156,196.9757843017578,1.0701831455795046,0.4487215921573322,0.3723901808806952
1,0,0,1,0,0,0,64.6069107055664,52.48827362060547,148.07235717773438,183.2659454345703,1.2376783143567596,0.4363198637272814,0.3544771935899061
1,0,1,0,0,0,0,76.68708038330078,62.51933288574219,165.66156005859375,188.8089904785156,1.1397272270750964,0.462914150731026,0.3773919119416078
1,0,1,0,0,0,0,75.37620544433594,65.5659408569336,164.29437255859375,203.98666381835935,1.2415925186093015,0.4587875060507861,0.3990759989880373
1,0,1,0,0,0,0,76.61985778808594,64.84945678710938,168.37078857421875,189.1854553222656,1.1236239785078377,0.4550662168711735,0.385158597499372
0,1,0,1,0,0,0,71.56888580322266,58.16263961791992,161.61119079589844,193.6051025390625,1.197968417815631,0.4428461015030094,0.3598924018286241
0,1,1,0,0,0,0,74.04248809814453,63.8011589050293,159.9882354736328,192.1202087402344,1.2008396003085935,0.4627995794749999,0.3987865652505691
0,1,0,1,0,0,0,73.30410766601562,62.958038330078125,158.182861328125,186.93917846679688,1.1817916106538338,0.4634137165717213,0.3980079624396335
0,1,1,0,0,0,0,73.7873764038086,60.88702392578125,154.97137451171875,188.13719177246097,1.214012538542944,0.4761355226815058,0.3928920687296159
1,0,1,0,0,0,0,71.20601654052734,60.06298065185547,156.61863708496094,196.74769592285156,1.2562214790320376,0.4546458701584805,0.3834982973276232
1,0,0,1,0,0,0,72.74685668945312,61.00290298461914,151.22019958496094,187.00408935546875,1.2366343244402551,0.4810657365161149,0.4034044601980935
0,1,0,0,1,0,0,82.35506439208984,64.08821105957031,174.72998046875,181.97610473632812,1.0414704119358271,0.4713276117307117,0.3667842856025061
1,0,1,0,0,0,0,81.80911254882812,67.05768585205078,168.55946350097656,197.76983642578125,1.1732941735700022,0.4853427440361671,0.3978280688563195
0,1,0,0,1,0,0,83.885498046875,68.06137084960938,165.86183166503906,196.99417114257812,1.1877004441890608,0.5057552856179911,0.4103498084300704
1,0,0,0,1,0,0,83.95063781738281,68.65284729003906,166.55532836914062,196.2654266357422,1.1783797525874065,0.5040405409986102,0.4121924405677499
0,1,0,0,0,1,0,82.25394439697266,71.42859649658203,169.68739318847656,204.4212646484375,1.2046932939878512,0.4847380989913074,0.42094227010279
1,0,0,1,0,0,0,74.7076187133789,56.19492721557617,165.43695068359375,193.87120056152344,1.1718736337948563,0.4515775853259099,0.3396757917948555
0,1,1,0,0,0,0,77.10931396484375,67.32332611083984,167.04344177246094,191.97303771972656,1.1492401957403608,0.4616123395606191,0.4030288492411731
0,1,0,0,0,1,0,79.78484344482422,65.81919860839844,179.3735809326172,195.63783264160156,1.0906725038571548,0.4447970711740203,0.3669392017831424
0,1,0,1,0,0,0,63.8429069519043,44.3404655456543,154.9800567626953,193.16502380371097,1.2463863276259104,0.411942725312459,0.2861043315627906
0,1,1,0,0,0,0,86.49837493896484,77.6556625366211,170.62725830078125,208.44886779785156,1.2216621768041216,0.5069434731611625,0.4551187384124165
0,1,0,0,0,0,1,80.59928131103516,67.34217834472656,159.87318420410156,194.70977783203125,1.2179014185609494,0.5041450929515381,0.4212224750509403
1,0,0,0,0,0,1,78.77784729003906,55.38556671142578,187.4365692138672,186.8085479736328,0.9966494198924556,0.4202907021849758,0.2954896525460314
1,0,1,0,0,0,0,73.62681579589844,61.94811248779297,170.29847717285156,197.97613525390625,1.1625244015127751,0.4323398366103287,0.3637619872837508
1,0,0,0,0,1,0,82.77674865722656,66.37232971191406,179.22933959960938,192.99647521972656,1.0768129573588363,0.4618482043294153,0.3703206732792019
0,1,1,0,0,0,0,83.56796264648438,71.74112701416016,167.7238006591797,200.60861206054688,1.1960652648707275,0.4982474897304363,0.4277337308849833
0,1,1,0,0,0,0,78.06790924072266,63.631439208984375,166.9049530029297,195.37986755371097,1.1706055694481483,0.4677387209674498,0.381243564460711
1,0,1,0,0,0,0,75.0268325805664,60.42595291137695,166.79928588867188,189.8020782470703,1.1379070194206429,0.4498030802760279,0.3622674556994657
0,1,0,1,0,0,0,77.4431381225586,63.24015808105469,159.83975219726562,194.4803924560547,1.2167210583262007,0.4845048685197061,0.3956472480200487
1,0,1,0,0,0,0,76.77532196044922,64.66824340820312,163.11476135253906,199.01185607910156,1.2200726312499597,0.4706828574178834,0.3964585600467881
1,0,1,0,0,0,0,83.63676452636719,67.9415054321289,181.0911407470703,196.8417053222656,1.0869758979385638,0.4618490124990847,0.3751785159221162
0,1,0,1,0,0,0,72.94975280761719,58.0686149597168,161.8767547607422,179.68739318847656,1.110025917273045,0.4506499584541258,0.3587211458837535
1,0,0,0,0,1,0,78.75021362304688,68.89892578125,164.5072021484375,201.5413818359375,1.2251219351118954,0.4787037442408709,0.4188201177908393
1,0,0,0,0,1,0,75.3096694946289,65.36714935302734,162.09071350097656,198.04139709472656,1.221793604440722,0.4646143376633059,0.4032751040523584
0,1,1,0,0,0,0,74.64163208007812,65.6763916015625,162.1201934814453,194.5894317626953,1.200278802930038,0.4604092215607975,0.4051092599336132
0,1,1,0,0,0,0,81.60334014892578,68.85132598876953,179.5701446533203,198.6103057861328,1.10603188614439,0.4544371243141219,0.3834230134507855
0,1,0,1,0,0,0,84.99608612060547,77.6306381225586,171.0469512939453,189.7864227294922,1.1095574711725962,0.4969166973022462,0.4538557251988071
0,1,1,0,0,0,0,88.30931091308594,75.68232727050781,174.06448364257812,196.63330078125,1.1296577950101203,0.507336758568274,0.4347947708040945
1,0,1,0,0,0,0,73.87834167480469,63.97890853881836,159.05897521972656,195.43519592285156,1.2286964357269017,0.4644713797052193,0.4022338786631618
1,0,1,0,0,0,0,82.08311462402344,70.88431549072266,165.95799255371094,206.9352569580078,1.246913473546837,0.4946017565105092,0.4271220349196591
1,0,1,0,0,0,0,76.21177673339844,54.23128128051758,183.24961853027344,191.1881866455078,1.043321062160481,0.415890506865137,0.2959421237297604
0,1,0,0,0,0,1,74.5080795288086,56.86604309082031,160.30686950683594,172.48292541503906,1.075954673344076,0.4647840716871547,0.3547324158082657
1,0,1,0,0,0,0,81.04666137695312,68.30201721191406,161.8658905029297,202.6652984619141,1.252056859120952,0.5007025329742725,0.4219667095994991
0,1,0,0,1,0,0,73.23941802978516,62.73807907104492,163.9199981689453,181.28433227539065,1.1059317612275024,0.4467997733522448,0.3827359673734468
0,1,0,0,1,0,0,84.98306274414062,63.9139518737793,180.02825927734375,190.55499267578125,1.058472672238754,0.4720540157710429,0.3550217734167847
1,0,1,0,0,0,0,74.37317657470703,60.17882537841797,166.33428955078125,189.7529754638672,1.1407928934937754,0.4471307556341302,0.3617944654763779
1,0,0,0,1,0,0,66.53533172607422,57.061519622802734,147.73873901367188,194.8425445556641,1.3188317827569462,0.4503580588969084,0.3862326157902445
1,0,1,0,0,0,0,79.77574157714844,65.75202941894531,178.40615844726562,197.0871429443359,1.1047104240103467,0.4471580032408412,0.3685524647310911
1,0,0,1,0,0,0,59.91049575805664,49.52129364013672,141.40347290039062,189.87582397460935,1.342794629297148,0.4236847549017386,0.3502127113597923
0,1,1,0,0,0,0,83.18804931640625,70.08756256103516,165.36209106445312,203.9009552001953,1.2330574310451898,0.5030660218488775,0.4238429866837929
1,0,0,0,0,1,0,90.0493392944336,74.9314956665039,193.7911071777344,215.57859802246097,1.112427712303353,0.464672195777515,0.3866611670564476
0,1,1,0,0,0,0,75.32890319824219,63.00162506103515,168.69760131835938,185.9586639404297,1.1023195498168106,0.446532153448255,0.3734589263195331
0,1,0,1,0,0,0,80.6412124633789,64.64749908447266,187.1493377685547,211.60731506347656,1.1306869561310913,0.430892320672312,0.345432689505006
1,0,0,1,0,0,0,84.625732421875,75.22217559814453,181.39015197753903,188.50653076171875,1.0392324429225954,0.4665398396730708,0.414698233493178
0,1,0,0,0,1,0,76.59194946289062,66.07084655761719,153.43606567382812,195.0485992431641,1.271204383314906,0.4991782676812669,0.430608320589173
0,1,1,0,0,0,0,81.28446197509766,57.097625732421875,193.55538940429688,189.78466796875,0.9805186440576416,0.4199545268425017,0.2949937271607397
0,1,0,0,0,1,0,79.49771118164062,58.68801498413086,178.7205810546875,193.9732208251953,1.085343499223744,0.4448156486091256,0.3283786043990795
0,1,0,0,1,0,0,79.1936264038086,58.56614685058594,191.6092834472656,180.66098022460935,0.9428613111761392,0.4133078782981,0.305654015280029
0,1,1,0,0,0,0,77.05740356445312,54.6434326171875,188.43504333496097,185.4670257568359,0.9842491209405826,0.4089335093975931,0.2899855125145362
0,1,1,0,0,0,0,74.02094268798828,60.22477722167969,162.0676727294922,188.77700805664065,1.1648035964070955,0.4567286087431942,0.3716026534310831
0,1,0,0,1,0,0,81.66663360595703,72.15603637695312,170.6879425048828,195.39520263671875,1.1447510572173494,0.4784557854965111,0.4227365759880138
1,0,0,0,0,1,0,82.40625762939453,69.12494659423828,168.78988647460938,198.4590759277344,1.175775871841635,0.4882179812461139,0.4095325142874396
1,0,1,0,0,0,0,84.18574523925781,71.58448028564453,185.4963226318359,197.84927368164065,1.0665940481975067,0.4538405076975331,0.3859078135350528
0,1,1,0,0,0,0,81.04657745361328,72.20913696289062,164.82342529296875,202.5712890625,1.229020017648799,0.4917175899575888,0.438099965672604
1,0,0,1,0,0,0,76.64292907714844,59.20926284790039,172.533203125,194.68064880371097,1.1283662812581363,0.4442213306711797,0.3431760482937501
1,0,1,0,0,0,0,81.12549591064453,68.06651306152344,166.4215850830078,195.3970642089844,1.1741089000656026,0.4874697946794626,0.4090005093243956
0,1,0,0,0,1,0,70.5816650390625,56.27678680419922,157.50189208984375,197.29722595214844,1.2526657510857346,0.448132172271306,0.3573086396454035
1,0,0,0,0,1,0,86.27081298828125,72.47151947021484,191.0656585693359,205.46815490722656,1.07537982725799,0.4515244321468392,0.3793016495631297
1,0,1,0,0,0,0,83.75891876220703,73.20674896240234,164.20901489257812,195.9759826660156,1.1934544689536,0.51007503343833,0.4458144335759676
1,0,1,0,0,0,0,75.60577392578125,56.789913177490234,171.0807342529297,196.87901306152344,1.1507959322319308,0.441930380156096,0.3319480327547035
0,1,0,0,1,0,0,72.32257080078125,64.97394561767578,146.9933624267578,198.5388641357422,1.3506655052854368,0.4920124936717283,0.4420195888100067
0,1,1,0,0,0,0,75.44729614257812,63.0666618347168,160.09445190429688,195.13348388671875,1.21886474868828,0.4712674002449497,0.3939340875623692
0,1,1,0,0,0,0,85.71260070800781,70.84696197509766,193.3235626220703,192.7801055908203,0.997188873286427,0.4433634449183415,0.3664683239548865
1,0,0,1,0,0,0,77.4296875,69.92635345458984,158.3459930419922,193.2327880859375,1.220320036988202,0.4889905075113976,0.4416048181026336
1,0,0,0,1,0,0,86.3135986328125,69.16685485839844,187.0456695556641,193.664794921875,1.0353877498577484,0.4614573480255093,0.3697859192501361
0,1,1,0,0,0,0,78.13111877441406,64.30532836914062,158.77603149414062,196.7618865966797,1.2392417466608672,0.4920838368308592,0.4050065224832988
1,0,1,0,0,0,0,83.62859344482422,73.2427978515625,167.0010528564453,203.65603637695312,1.2194895355062016,0.5007668635281698,0.4385768628328485
0,1,0,0,0,0,1,79.13115692138672,60.09419250488281,181.7008819580078,189.36781311035156,1.0421953436313844,0.4355023270590091,0.3307314299045117
1,0,0,1,0,0,0,84.8313217163086,74.1913070678711,174.53871154785156,198.6130523681641,1.1379312394758472,0.4860315569194013,0.4250707846409808
0,1,1,0,0,0,0,71.94010162353516,53.02301025390625,165.03598022460938,197.8426055908203,1.198784685142973,0.4359055614759077,0.3212815180165162
1,0,0,1,0,0,0,73.07400512695312,61.02249526977539,163.36349487304688,191.48326110839844,1.1721300481310344,0.4473092668820561,0.3735381354151196
1,0,0,0,1,0,0,77.40894317626953,66.86251068115234,160.5243682861328,193.1954345703125,1.2035271444018014,0.4822254963700526,0.4165256116253371
1,0,0,0,0,1,0,86.37181091308594,75.76625061035156,173.95089721679688,206.5768890380859,1.187558629149391,0.4965298385638093,0.4355611372094463
1,0,1,0,0,0,0,76.67970275878906,58.31736373901367,174.28355407714844,182.50503540039065,1.0471730185144312,0.4399709609137646,0.3346119721267497
0,1,1,0,0,0,0,79.12670135498047,66.73483276367188,166.3383026123047,197.4136657714844,1.1868202492820252,0.4756974197302357,0.4011994334174192
0,1,0,0,0,1,0,81.54532623291016,67.53642272949219,168.18214416503906,203.4126739501953,1.2094784197220374,0.4848631621255155,0.4015671405831164
1,0,1,0,0,0,0,73.70089721679688,63.11913299560547,160.21060180664062,192.78274536132812,1.2033082903839227,0.4600250943801274,0.3939760058562443
1,0,0,1,0,0,0,70.15894317626953,56.10359191894531,152.27003479003906,181.48133850097656,1.1918388194447855,0.4607534455023259,0.3684480140580844
0,1,1,0,0,0,0,81.20378112792969,71.76778411865234,177.65350341796875,199.6169586181641,1.1236308588214077,0.4570907950904859,0.4039761825006227
1,0,0,0,0,1,0,83.49462890625,70.8111572265625,165.39431762695312,199.98956298828125,1.2091682825486043,0.5048216293293227,0.4281353691139321
1,0,1,0,0,0,0,69.83036041259766,64.8299331665039,135.1430206298828,195.6942443847656,1.4480529107064646,0.5167145153862039,0.4797135128720714
0,1,0,1,0,0,0,71.17951965332031,57.761573791503906,150.236572265625,183.79718017578125,1.223385074646269,0.4737829050537157,0.3844707911025742
1,0,0,1,0,0,0,78.4212875366211,57.45595932006836,182.36746215820312,186.0000762939453,1.0199192010063227,0.4300179791315564,0.3150559789565176
0,1,0,0,0,0,1,79.04336547851562,66.27291107177734,173.98513793945312,192.3191680908203,1.1053769900607684,0.4543110199793199,0.3809113344775479
1,0,1,0,0,0,0,77.30228424072266,58.99940872192383,174.97891235351562,194.5665283203125,1.1119427232878405,0.4417805734473096,0.3371801088963531
0,1,1,0,0,0,0,77.21265411376953,68.92044830322266,164.6470947265625,199.11268615722656,1.2093300916600005,0.468958497214909,0.4185949859466529
0,1,1,0,0,0,0,75.33243560791016,61.36924743652344,161.62721252441406,194.33314514160156,1.2023541216009477,0.4660875754231736,0.3796962558347252
1,0,1,0,0,0,0,75.28112030029297,59.85559844970703,162.92056274414062,201.34471130371097,1.2358459111138336,0.4620725526127636,0.3673913067910742
0,1,0,0,0,0,1,75.68578338623047,67.6788330078125,163.49806213378906,194.4573516845703,1.189355697228066,0.4629154767858804,0.4139427227732613
1,0,0,0,1,0,0,68.79276275634766,52.575496673583984,157.62615966796875,182.78253173828125,1.1595951593523757,0.4364298597469862,0.3335455027536769
1,0,0,1,0,0,0,78.10662841796875,64.7271728515625,169.7855987548828,199.35952758789065,1.1741839652472723,0.4600309389651488,0.3812288752770383
1,0,1,0,0,0,0,75.44613647460938,66.26005554199219,158.1294708251953,196.1027679443359,1.240140543827648,0.4771162268544586,0.41902407689228
1,0,1,0,0,0,0,85.83619689941406,68.6649398803711,195.8448028564453,195.23452758789065,0.9968838832603488,0.4382868253202113,0.3506089458534299
0,1,1,0,0,0,0,84.60587310791016,71.54813385009766,169.80630493164062,194.76153564453125,1.1469629218004416,0.4982493031808811,0.4213514561717892
0,1,1,0,0,0,0,84.91029357910156,70.83794403076172,167.5977325439453,198.24403381347656,1.1828563000486632,0.5066315175644603,0.4226664821505715
1,0,0,1,0,0,0,82.22781372070312,74.38130950927734,176.5349578857422,198.5986785888672,1.1249821619885914,0.4657877097289875,0.4213403985255927
0,1,1,0,0,0,0,83.29875946044922,72.7168960571289,178.6482391357422,202.8408966064453,1.13542063211897,0.466272490920867,0.4070395342764978
1,0,0,0,1,0,0,81.77861785888672,73.89260864257812,165.301513671875,191.88580322265625,1.1608230255141605,0.4947239504486209,0.4470171325185541
1,0,0,0,0,1,0,75.20225524902344,58.54402923583984,161.6824493408203,199.68226623535156,1.2350274692736076,0.4651231816169485,0.3620926666717629
0,1,1,0,0,0,0,93.10567474365234,80.42631530761719,179.3214569091797,203.9964141845703,1.137601811298509,0.5192110099284284,0.4485035795150294
0,1,1,0,0,0,0,73.66030883789062,58.26551818847656,163.00486755371094,179.37722778320312,1.1004409283918923,0.4518902407231439,0.3574464926286804
1,0,0,1,0,0,0,76.09142303466797,60.27194595336914,168.14346313476562,195.156982421875,1.1606575645789945,0.4525386929474702,0.3584554809904305
1,0,1,0,0,0,0,81.49193572998047,69.58699035644531,163.04750061035156,195.57015991210935,1.199467389441804,0.4998048754192722,0.4267896784431136
1,0,0,1,0,0,0,74.90303802490234,59.495872497558594,156.0750274658203,190.6280975341797,1.2213875635929414,0.4799168658887838,0.3812004614933539
0,1,0,0,1,0,0,76.96160125732422,64.79163360595703,167.38986206054688,199.1497802734375,1.1897362111535923,0.4597745664518577,0.3870702371600087
0,1,0,0,0,1,0,70.12786102294922,63.80641174316406,148.2353515625,190.5892333984375,1.2857205207091236,0.4730845934101045,0.4304399124136159
0,1,0,0,1,0,0,81.09431457519531,64.59193420410156,168.1241455078125,190.24424743652344,1.1315700482039508,0.4823478170268349,0.3841918958695915
0,1,1,0,0,0,0,71.67070770263672,54.788333892822266,154.55718994140625,194.00363159179688,1.2552223009835068,0.4637164258085153,0.3544858308668326
1,0,0,0,0,1,0,87.23719787597656,74.35765075683594,172.1286163330078,207.99606323242188,1.208375850939412,0.5068140308942212,0.4319888949376103
0,1,0,1,0,0,0,76.7562026977539,67.47594451904297,165.42684936523438,186.30987548828125,1.12623722329947,0.4639887841198574,0.4078899210010797
1,0,0,1,0,0,0,66.02740478515625,55.369754791259766,152.00572204589844,186.2305145263672,1.22515463246926,0.434374468911237,0.3642609899549752
0,1,1,0,0,0,0,76.04793548583984,61.425804138183594,169.15992736816406,193.62960815429688,1.1446541220893076,0.449562355984743,0.3631226679619865
1,0,0,0,0,1,0,81.35004425048828,61.956016540527344,183.04832458496097,187.4342041015625,1.023960227587693,0.4444184039102202,0.3384680885826451
1,0,1,0,0,0,0,77.0126953125,65.58037567138672,157.155517578125,204.14202880859375,1.29898098364323,0.4900413074852146,0.4172960433208173
1,0,0,0,0,1,0,85.8034439086914,75.44910430908203,171.10781860351562,207.4871826171875,1.2126107638480783,0.5014583471928411,0.4409448085122852
1,0,0,0,0,1,0,78.15971374511719,60.07445526123047,172.68801879882812,197.77200317382812,1.1452560782703831,0.4526064650505307,0.3478785365602801
1,0,0,0,0,1,0,82.09281158447266,73.41514587402344,176.1034393310547,200.7467498779297,1.139936565921057,0.4661624548408017,0.4168864966686494
1,0,1,0,0,0,0,79.51618194580078,64.34170532226562,171.54318237304688,200.42706298828125,1.1683767329932235,0.4635344922824195,0.3750758522267866
1,0,0,0,0,0,1,73.6999740600586,51.07467269897461,185.6457366943359,178.9420928955078,0.963890127949097,0.3969925481316328,0.2751190175892302
1,0,1,0,0,0,0,80.90705871582031,65.99568939208984,182.38275146484375,193.60853576660156,1.0615506905757024,0.4436113506677522,0.3618526909043327
0,1,0,0,0,1,0,70.64857482910156,64.74925231933594,152.0148162841797,187.8747406005859,1.2358975604678488,0.4647479538904263,0.4259404043767176
0,1,1,0,0,0,0,80.80072021484375,69.9343490600586,178.30320739746094,198.64227294921875,1.1140701047873995,0.4531647040691112,0.3922214865387467
0,1,0,1,0,0,0,71.42887878417969,68.87969207763672,152.217041015625,194.2135467529297,1.2758988445517987,0.4692567816822004,0.4525097296469339
1,0,0,1,0,0,0,78.92699432373047,62.76687240600586,167.67880249023438,198.4634704589844,1.183593081007022,0.4707034708715025,0.3743280097057074
0,1,1,0,0,0,0,77.94174194335938,55.070518493652344,184.74949645996097,181.7945556640625,0.984005689582278,0.4218779668514602,0.2980821033284238
0,1,0,0,0,1,0,78.78575897216797,70.92591857910156,174.92730712890625,202.2881774902344,1.156412802611576,0.4503914241022969,0.4054593862056957
1,0,0,1,0,0,0,80.89379119873047,69.95166778564453,174.02951049804688,202.54214477539065,1.1638379272328283,0.4648280108771456,0.4019529077881857
0,1,0,1,0,0,0,76.95880889892578,62.76312255859375,152.3931884765625,175.98486328125,1.1548079349249645,0.5050016320825373,0.4118499204985562
1,0,1,0,0,0,0,88.7742919921875,74.18717956542969,177.60728454589844,196.86752319335935,1.1084428417263683,0.4998347461882728,0.4177034728902561
1,0,0,0,0,1,0,77.66463470458984,68.08219146728516,167.5325927734375,193.01412963867188,1.1520989823138137,0.4635792559458536,0.4063817693035768
0,1,1,0,0,0,0,67.16311645507812,52.33564758300781,141.61419677734375,185.94740295410156,1.3130562273107529,0.4742682441695935,0.3695649784695934
1,0,1,0,0,0,0,73.64692687988281,63.03655242919922,158.80032348632812,196.40835571289065,1.2368259169812106,0.4637706351160136,0.3969548112074616
1,0,0,0,1,0,0,77.33973693847656,56.229854583740234,185.3201446533203,191.9759521484375,1.0359151861637506,0.4173304369212346,0.3034200879182877
1,0,0,1,0,0,0,72.8118667602539,60.999263763427734,154.3258514404297,197.48956298828125,1.2796920356827768,0.471806026538331,0.3952627715582289
1,0,0,0,1,0,0,65.96260070800781,52.02164459228515,154.25958251953125,195.81558227539065,1.2693900701474925,0.4276077999864682,0.3372344443217882
1,0,0,0,0,0,1,79.48442840576172,65.17919158935547,179.07196044921875,189.0983734130859,1.0559909711085698,0.4438686447971396,0.363983235710646
1,0,1,0,0,0,0,73.46241760253906,62.44755172729492,155.6949005126953,191.23838806152344,1.2282893494378124,0.4718357336086866,0.4010892554711704
1,0,0,0,0,0,1,81.24366760253906,68.26219177246094,160.07662963867188,199.12417602539065,1.2439303380815654,0.5075298485851675,0.4264344640847555
0,1,0,0,0,1,0,78.34823608398438,61.504878997802734,176.6579132080078,193.5621337890625,1.0956890086273725,0.4435025562185396,0.348158075010108
1,0,0,0,0,1,0,74.22348022460938,59.88388442993164,152.87118530273438,185.5828094482422,1.2139816217211126,0.4855295658081206,0.3917277432718415
1,0,0,1,0,0,0,80.28305053710938,60.2690315246582,179.08013916015625,180.8845977783203,1.0100762632116915,0.4483079525938387,0.3365478260588013
1,0,1,0,0,0,0,80.67288970947266,65.09751892089844,175.04054260253906,198.1350555419922,1.1319380790077491,0.4608811679283634,0.3718996636608584
0,1,0,0,1,0,0,91.82878112792967,78.92626953125,180.41195678710935,205.798583984375,1.1407147710682086,0.508994984386151,0.4374780415711858
0,1,1,0,0,0,0,74.03099822998047,64.37971496582031,159.3023223876953,201.00225830078125,1.2617660263081445,0.4647201441910598,0.4041354451138439
0,1,0,0,0,1,0,74.9029541015625,65.25590515136719,161.52020263671875,199.37210083007812,1.2343477631618227,0.4637373707983118,0.4040107929912441
1,0,1,0,0,0,0,79.957763671875,70.06404113769531,166.12648010253906,203.4911193847656,1.2249168179519832,0.4813065540335428,0.4217511927926802
1,0,0,1,0,0,0,74.7308120727539,64.72863006591797,161.6144256591797,192.0494079589844,1.1883184757528231,0.4624018664667339,0.400512700533434
1,0,1,0,0,0,0,80.09820556640625,68.3517837524414,174.55856323242188,198.21502685546875,1.135521644913797,0.4588615080416123,0.3915693534978981
0,1,1,0,0,0,0,83.99342346191406,73.5595932006836,185.51939392089844,191.0931701660156,1.030044170193299,0.4527474011570299,0.3965062177383344
0,1,0,0,0,1,0,88.7591552734375,71.5794677734375,198.7330780029297,200.7074279785156,1.0099346822150903,0.4466249713705387,0.3601789319258784
0,1,1,0,0,0,0,80.25212097167969,69.63272094726562,163.96665954589844,199.004150390625,1.2136866783879237,0.489441702318849,0.4246760965925128
0,1,0,0,1,0,0,83.9668197631836,67.23226165771484,170.0733642578125,194.5295562744141,1.143797896415624,0.4937094066999177,0.3953132928904618
1,0,1,0,0,0,0,71.60147094726562,54.26551818847656,160.69068908691406,191.3081512451172,1.1905366286757462,0.4455856861036794,0.3377016957038845
1,0,1,0,0,0,0,73.88050842285156,59.01541519165039,160.62847900390625,183.81277465820312,1.1443349012458313,0.4599465106125726,0.3674031875145578
1,0,1,0,0,0,0,82.75882720947266,69.69823455810547,168.70480346679688,195.9341735839844,1.16140245895575,0.4905540654967811,0.413137226242778
0,1,0,1,0,0,0,67.29197692871094,54.20743560791016,139.1361541748047,197.1931304931641,1.4172673642065678,0.4836412025889992,0.3895999277068293
1,0,0,0,0,1,0,69.34532165527344,57.8158073425293,152.18789672851562,178.33099365234375,1.1717817085708475,0.4556559565244331,0.3798975384071806
1,0,0,0,0,0,1,72.75005340576172,63.55288314819336,159.75816345214844,192.50698852539065,1.204989994661846,0.4553761249737462,0.3978067960654107
0,1,0,0,1,0,0,77.53887176513672,61.700870513916016,178.06259155273438,205.5187530517578,1.154193877892045,0.4354585153961049,0.3465122571556132
0,1,0,0,1,0,0,80.38196563720703,67.82122039794922,166.3722381591797,189.6493682861328,1.13990994161347,0.4831453043283586,0.4076474605881062
1,0,0,0,0,1,0,76.91608428955078,68.50668334960938,160.85458374023438,202.5635681152344,1.259296212797742,0.4781715416563031,0.4258920184720473
1,0,1,0,0,0,0,72.07059478759766,60.49944305419922,159.20748901367188,180.3739318847656,1.1329487890439378,0.4526834462002514,0.3800037512620016
1,0,0,1,0,0,0,77.4286880493164,65.2545394897461,169.1826171875,186.78187561035156,1.104025216747574,0.4576633778132449,0.3857047525008225
0,1,1,0,0,0,0,83.94960021972656,74.58240509033203,177.71249389648438,201.6228485107422,1.13454515262267,0.4723899731474496,0.4196801443446935
1,0,0,0,0,1,0,69.92082214355469,59.60907745361328,159.54348754882812,187.30076599121097,1.1739793887474583,0.4382555704265615,0.3736227555848682
0,1,1,0,0,0,0,84.34942626953125,69.30998229980469,162.5192108154297,197.69650268554688,1.2164500534651712,0.5190120346161751,0.4264725502421917
1,0,0,0,0,1,0,84.93195343017578,72.7121353149414,170.55657958984375,200.2891845703125,1.1743269304061446,0.4979693755258286,0.4263226636568364
1,0,0,1,0,0,0,70.11534881591797,62.05458450317383,159.86422729492188,189.55210876464844,1.185706846191159,0.4385931111815732,0.3881705466770489
1,0,1,0,0,0,0,78.36386108398438,67.8724136352539,170.4644775390625,202.04148864746097,1.1852410048372837,0.4597078653294616,0.3981616264872587
1,0,0,0,1,0,0,82.98841857910156,66.95543670654297,179.68850708007812,194.89454650878903,1.084624440793725,0.4618460018821226,0.372619472411245
1,0,1,0,0,0,0,82.00811004638672,68.25628662109375,163.17970275878906,201.8012237548828,1.2366809127798437,0.5025631782624979,0.4182890731330088
1,0,0,0,0,1,0,81.8957748413086,65.08185577392578,184.7454376220703,198.95411682128903,1.076909499807433,0.443289836520028,0.3522785548136907
0,1,0,1,0,0,0,90.07429504394533,77.5184326171875,170.97894287109375,204.86090087890625,1.1981645075052143,0.5268151360127141,0.453379997065668
1,0,1,0,0,0,0,84.4429702758789,74.62318420410156,168.65457153320312,201.77755737304688,1.1963954225416464,0.5006859257251415,0.4424616749235905
1,0,0,1,0,0,0,74.12362670898438,61.133277893066406,159.6456756591797,189.8823699951172,1.1893987683104454,0.4643008738127523,0.3829309979155155
0,1,0,0,0,1,0,73.86981964111328,64.20983123779297,149.58663940429688,194.0228271484375,1.2970598705947276,0.4938263198858345,0.4292484375175323
0,1,1,0,0,0,0,82.67719268798828,70.83223724365234,178.8905029296875,182.58126831054688,1.0206314215702663,0.4621664724174003,0.3959530331886472
0,1,0,1,0,0,0,86.14718627929688,73.60820770263672,168.94183349609375,202.46014404296875,1.1984014844236317,0.509922169640054,0.4357014848210386
0,1,0,1,0,0,0,79.5148696899414,63.019100189208984,180.0613250732422,185.3972930908203,1.029634170554991,0.4415988256089848,0.3499868734364538
1,0,0,0,0,1,0,81.89070129394531,70.81202697753906,168.75057983398438,196.52923583984375,1.1646136921910897,0.4852765624539412,0.4196253846784019
0,1,1,0,0,0,0,73.42855072021484,58.686973571777344,155.2897491455078,171.61793518066406,1.105146580022205,0.47284866595677,0.3779191729956827
1,0,0,0,0,1,0,79.6234130859375,64.78305053710938,174.4438934326172,198.47833251953125,1.1377774745448337,0.4564413893725308,0.3713689786575032
1,0,1,0,0,0,0,79.6203842163086,66.46734619140625,165.79222106933594,201.40182495117188,1.2147845275982136,0.4802419781987875,0.4009075079801781
0,1,0,1,0,0,0,82.26390075683594,71.71199798583984,168.7147979736328,191.11764526367188,1.1327853131978396,0.4875914960920757,0.4250486551692234
1,0,0,0,0,0,1,88.04178619384766,71.80017852783203,177.55734252929688,192.1328887939453,1.0820892341427304,0.4958498755370863,0.4043774112917073
1,0,0,0,0,1,0,75.62518310546875,62.39182662963867,160.97119140625,190.402587890625,1.1828364207735638,0.4698056990496528,0.3875962281485369
1,0,1,0,0,0,0,83.8098373413086,70.17610168457031,166.15325927734375,201.17648315429688,1.2107886660140217,0.5044128397229503,0.4223576593669586
0,1,1,0,0,0,0,83.38522338867188,73.51165771484375,177.7246551513672,200.92498779296875,1.1305408786521034,0.4691820800983021,0.4136266724064494
0,1,0,0,1,0,0,77.3346176147461,61.889686584472656,171.43858337402344,192.2125701904297,1.1211745128054642,0.4510922576047366,0.3610020881323396
0,1,1,0,0,0,0,85.7489242553711,74.20191192626953,169.84674072265625,201.13331604003903,1.184204743548602,0.5048605813130734,0.4368756892864625
0,1,0,0,0,1,0,87.30713653564453,81.36697387695312,180.3967742919922,202.7696533203125,1.1240203940238274,0.4839728253362682,0.4510445056254257
1,0,0,0,1,0,0,81.02376556396484,64.3796615600586,176.92391967773438,199.0085601806641,1.1248256343356893,0.4579582326208296,0.3638833102800666
0,1,1,0,0,0,0,63.35951232910156,46.499515533447266,146.27340698242188,178.11972045898438,1.2177177255493172,0.4331581087512077,0.3178945270553194
1,0,1,0,0,0,0,72.83556365966797,57.73257827758789,158.8237762451172,193.8641815185547,1.220624431063512,0.4585935769922685,0.3635008538550776
1,0,0,0,1,0,0,80.46116638183594,64.3858642578125,171.14059448242188,191.5647735595703,1.119341522325063,0.4701465869344063,0.3762162007940534
0,1,1,0,0,0,0,72.60222625732422,55.35608673095703,163.498046875,191.8622283935547,1.1734833049121385,0.4440556180639342,0.3385733823063874
0,1,0,0,1,0,0,78.64045715332031,67.26355743408203,169.7330322265625,190.3738555908203,1.1216075804072485,0.4633185192163992,0.3962903186946988
1,0,0,1,0,0,0,77.71997833251953,67.06021118164062,161.7998504638672,197.52784729003903,1.2208160064656584,0.4803464163267307,0.414463987385553
0,1,1,0,0,0,0,79.66594696044922,69.4878158569336,170.96310424804688,185.4938812255859,1.084993642584172,0.4659832734720558,0.4064491935997789
1,0,1,0,0,0,0,74.65817260742188,60.41969680786133,171.13497924804688,186.65377807617188,1.0906816297656583,0.4362531431941254,0.3530528771694748
1,0,0,0,0,1,0,77.11421966552734,68.76924896240234,160.17892456054688,196.9307556152344,1.2294423636287777,0.4814255051161773,0.4293276980793306
0,1,0,0,0,1,0,70.39380645751953,62.60750198364258,157.63902282714844,191.42564392089844,1.2143290442164,0.4465506395247483,0.3971573843888378
0,1,0,0,1,0,0,87.88668823242188,76.03429412841797,170.19198608398438,201.5316925048828,1.1841432557549054,0.516397336059364,0.4467560187639942
1,0,0,0,0,1,0,71.52783203125,57.24334335327149,161.19915771484375,191.37355041503903,1.1871870370040818,0.4437233608737614,0.3551094445203812
1,0,1,0,0,0,0,83.61437225341797,71.71534729003906,183.83644104003903,196.50592041015625,1.0689171270855806,0.4548302381202376,0.3901040886361571
0,1,0,1,0,0,0,75.42562103271484,67.3248062133789,163.85130310058594,189.4261016845703,1.1560854146413737,0.4603296989735391,0.4108896599500901
0,1,0,0,0,1,0,73.047607421875,61.38612747192383,164.67933654785156,194.87789916992188,1.1833779711232646,0.4435748221553543,0.372761566561732
1,0,1,0,0,0,0,81.97721862792969,69.52061462402344,167.6287078857422,197.2189178466797,1.176522329224816,0.4890404493471749,0.4147297649720569
1,0,1,0,0,0,0,76.03667449951172,64.44131469726562,164.11395263671875,191.9733123779297,1.1697561925333684,0.4633163315968987,0.3926620111326693
1,0,1,0,0,0,0,76.89055633544922,62.539588928222656,167.96141052246094,204.4112243652344,1.2170130253692957,0.4577870362976434,0.3723449852777906
0,1,0,0,0,1,0,79.99579620361328,67.44304656982422,181.75782775878903,192.60557556152344,1.0596824243362462,0.4401229767654121,0.3710599284853246
1,0,1,0,0,0,0,73.65973663330078,58.95685577392578,164.00198364257812,191.6076202392578,1.168325016463476,0.4491393030576568,0.3594886748590486
1,0,1,0,0,0,0,74.40038299560547,62.52775192260742,157.3722686767578,192.92518615722656,1.2259160256086434,0.472766794437104,0.3973238261630404
0,1,0,0,0,0,1,86.10746002197266,73.13899993896484,187.48196411132812,188.73043823242188,1.0066591692006832,0.4592839659544074,0.3901121917814685
0,1,1,0,0,0,0,77.74224853515625,64.58526611328125,165.3771514892578,195.99717712402344,1.1851526970867834,0.4700906251865515,0.3905331875151836
1,0,0,0,1,0,0,79.67206573486328,62.81778717041016,182.1718292236328,197.09703063964844,1.0819292504204563,0.4373456975999205,0.3448271197480018
0,1,1,0,0,0,0,80.07719421386719,68.19852447509766,166.80479431152344,195.852783203125,1.1741436090700832,0.4800653035446666,0.4088523040154984
1,0,0,0,1,0,0,78.82169342041016,63.30764389038086,183.25912475585935,189.39923095703125,1.033505050345252,0.4301106071821397,0.3454542521400792
0,1,0,0,1,0,0,73.86923217773438,62.76504898071289,159.51231384277344,189.713623046875,1.1893352837566515,0.4630942301454236,0.3934809010580746
1,0,1,0,0,0,0,66.78282928466797,54.289642333984375,155.20753479003906,187.4377593994141,1.2076588913867827,0.4302808454177829,0.3497874146859305
0,1,1,0,0,0,0,79.99811553955078,72.4574966430664,175.96707153320312,191.8457946777344,1.090236900609755,0.4546198038219666,0.4117673608575934
1,0,1,0,0,0,0,83.6811752319336,73.44457244873047,171.75733947753906,198.13897705078125,1.1535983129075666,0.4872058188982177,0.4276066028510817
1,0,0,0,1,0,0,83.09844970703125,71.90972900390625,176.798095703125,205.68682861328125,1.1633995705398632,0.4700189183404334,0.40673361733859
1,0,0,1,0,0,0,81.8565444946289,67.47395324707031,172.4936981201172,194.468017578125,1.12739201314303,0.4745480292133776,0.3911676425424212
1,0,0,0,0,1,0,79.04813385009766,63.768768310546875,167.65394592285156,201.47637939453125,1.2017395611269632,0.4714958148761546,0.3803594836944131
0,1,0,0,0,1,0,89.10467529296875,78.96005249023438,171.1400146484375,204.7447509765625,1.196358148017909,0.520653661716759,0.4613769179138917
0,1,0,1,0,0,0,82.31079864501953,70.23682403564453,177.41061401367188,195.93536376953125,1.1044173701717297,0.4639564498586109,0.3958997855124487
1,0,0,0,0,1,0,75.87985229492188,59.66059494018555,159.40211486816406,194.3384246826172,1.2191709303439775,0.4760278893268101,0.3742773111230597
0,1,0,0,0,1,0,71.66224670410156,60.03682327270508,158.5298309326172,203.7995147705078,1.285559402741888,0.4520426615137278,0.378709943229698
0,1,1,0,0,0,0,82.90991973876953,60.42864990234375,199.1085968017578,192.0699005126953,0.9646489583969567,0.4164055247766056,0.3034959357506268
1,0,1,0,0,0,0,75.86133575439453,63.45076370239258,160.56845092773438,199.13490295410156,1.2401869844514128,0.4724548023978681,0.3951633296316055
1,0,1,0,0,0,0,72.860107421875,59.522735595703125,160.2810516357422,191.20689392089844,1.1929475878124316,0.454577173523033,0.3713647682508076
1,0,0,0,0,1,0,76.32382202148438,55.429256439208984,174.05621337890625,193.4568634033203,1.1114619791376277,0.4385009907996424,0.3184560629188456
0,1,1,0,0,0,0,66.79422760009766,52.70301055908203,152.1923065185547,180.7665252685547,1.18775074380331,0.4388804475603001,0.3462922125610645
1,0,1,0,0,0,0,77.07711029052734,65.16483306884766,161.24684143066406,195.73533630371097,1.213886328358729,0.4780069464099885,0.4041309119029687
1,0,1,0,0,0,0,96.00372314453124,81.50104522705078,181.59518432617188,199.66241455078125,1.0994917915452975,0.5286688823867395,0.4488062033664
1,0,0,1,0,0,0,72.37274169921875,57.166656494140625,162.12869262695312,176.56610107421875,1.08904906474812,0.4463907068303043,0.3526004901900809
1,0,0,1,0,0,0,80.69805145263672,69.7828369140625,167.30039978027344,199.49542236328125,1.1924384079493633,0.4823542057199071,0.4171109991710293
1,0,0,0,0,1,0,81.62774658203125,66.07862854003906,177.63914489746094,199.29833984375,1.1219280522814463,0.4595144084326089,0.3719823610847811
1,0,1,0,0,0,0,86.90126037597656,77.87562561035156,173.78939819335938,206.0456695556641,1.1856055185047372,0.500037754197696,0.4481034310488063
1,0,1,0,0,0,0,77.48290252685547,68.45233154296875,156.907958984375,195.09486389160156,1.243371369778822,0.4938111682057585,0.4362578672620761
1,0,1,0,0,0,0,75.64839172363281,61.443641662597656,164.2926025390625,188.88316345214844,1.149675399458349,0.4604491654190365,0.3739890945363088
0,1,1,0,0,0,0,76.27687072753906,67.14610290527344,167.13426208496094,200.23565673828125,1.198052716662569,0.4563808148969749,0.401749480134363
1,0,0,1,0,0,0,76.84556579589844,65.78863525390625,174.3685302734375,191.7396240234375,1.0996228718723462,0.4407077680553504,0.3772964946756117
1,0,1,0,0,0,0,91.32861328125,80.96096801757812,176.1881866455078,203.8740692138672,1.157138132218045,0.5183583248121169,0.459514168112033
1,0,0,0,0,1,0,80.15738677978516,70.14445495605469,163.1451416015625,196.71292114257812,1.205754086278559,0.4913256134561929,0.4299512340205838
1,0,0,0,1,0,0,79.885009765625,66.97370147705078,167.28103637695312,193.5329132080078,1.15693277253435,0.4775497061460759,0.400366371034021
0,1,1,0,0,0,0,78.84654998779297,71.56935119628906,175.5691375732422,196.4698486328125,1.1190454731877415,0.4490911732986132,0.4076419818741347
1,0,1,0,0,0,0,76.17579650878906,65.04965209960938,158.738525390625,191.975830078125,1.20938398290969,0.4798822234321194,0.409791208148965
0,1,1,0,0,0,0,84.36485290527344,73.32137298583984,173.0064697265625,198.5237579345703,1.147493259924545,0.4876398728822828,0.4238071160097342
0,1,0,0,1,0,0,59.55133438110352,51.357566833496094,142.60768127441406,200.7283172607422,1.4075561391008735,0.4175885467663649,0.3601318412482344
0,1,0,1,0,0,0,77.04108428955078,63.664913177490234,162.00735473632812,189.74169921875,1.1711918852545946,0.4755406593419014,0.392975450288086
1,0,0,0,0,0,1,72.00047302246094,60.570064544677734,157.7029266357422,190.95062255859375,1.2108248504458397,0.4565576210818561,0.3840769847257227
0,1,1,0,0,0,0,79.22821807861328,68.78536224365234,177.90252685546875,193.1014404296875,1.0854339387015377,0.4453462212089867,0.3866463476347068
0,1,0,1,0,0,0,72.76042938232422,62.35853576660156,142.08360290527344,187.39553833007812,1.3189103773995228,0.5120958920983536,0.4388862225585295
0,1,0,0,0,0,1,80.79063415527344,62.96974563598633,185.6961975097656,195.4272918701172,1.0524033043802086,0.4350688664533625,0.3391008888734774
0,1,0,0,1,0,0,82.6658935546875,64.29708099365234,194.5705413818359,181.78892517089844,0.9343085745654882,0.4248633578731706,0.3304564017605945
0,1,1,0,0,0,0,82.20121002197266,68.512451171875,163.7451171875,197.1668243408203,1.2041081146563293,0.5020070914715968,0.4184091247949903
1,0,1,0,0,0,0,82.07720184326172,64.41735076904297,184.73231506347656,195.818115234375,1.0600100754818624,0.4443034334034024,0.3487064553210859
1,0,1,0,0,0,0,79.22249603271484,58.31977844238281,180.3700714111328,194.24478149414065,1.0769235714908714,0.4392219585705895,0.3233340098283245
0,1,0,0,0,1,0,78.19853973388672,69.68562316894531,163.31512451171875,197.27049255371097,1.2079131871191495,0.4788199498833039,0.4266942414383977
0,1,1,0,0,0,0,89.27510833740234,77.25450134277344,172.05235290527344,204.55308532714844,1.1889002496802172,0.5188833911882297,0.4490174068430631
0,1,0,0,0,1,0,76.18072509765625,64.96929931640625,162.91282653808594,196.1623687744141,1.2040940725348903,0.4676164959905513,0.398797938118259
0,1,1,0,0,0,0,83.16893005371094,76.31507873535156,173.6230010986328,199.2367706298828,1.147525209040127,0.4790202307726718,0.4395447507096023
0,1,0,0,0,0,1,84.99205780029297,65.56090545654297,183.3895263671875,188.70953369140625,1.029009330192428,0.4634509913620669,0.3574953638588669
1,0,1,0,0,0,0,78.59501647949219,58.84452438354492,181.88079833984375,194.3532562255859,1.0685749018015491,0.4321237711560822,0.3235334621392748
1,0,1,0,0,0,0,90.55994415283205,77.1171646118164,199.4315185546875,195.5436553955078,0.9805052722490624,0.4540904306858546,0.3866849391244522
0,1,0,0,1,0,0,71.65422821044922,53.89069366455078,156.97296142578125,183.17230224609375,1.1669035264566876,0.4564749722475499,0.3433119511479113
1,0,1,0,0,0,0,77.000244140625,64.13868713378906,161.2633514404297,191.4296112060547,1.187062091269809,0.4774813586152506,0.3977263684581288
1,0,1,0,0,0,0,78.74887084960938,66.58772277832031,169.98060607910156,194.14503479003903,1.1421599161712157,0.4632815040850194,0.3917371770479115
1,0,1,0,0,0,0,83.22892761230469,72.13032531738281,179.8079376220703,209.38296508789065,1.1644812117693195,0.4628768268686757,0.4011520640929105
1,0,0,0,1,0,0,82.0932846069336,64.29686737060547,188.84722900390625,195.6271514892578,1.0359016254626183,0.4347073824696443,0.3404702717098142
0,1,1,0,0,0,0,79.32713317871094,71.76728057861328,168.71485900878906,194.6863555908203,1.1539372212656047,0.470184627748635,0.4253761701859029
1,0,0,0,0,1,0,78.92204284667969,65.2425537109375,185.21243286132812,184.1188812255859,0.9940956899121292,0.4261163337008268,0.3522579597007171
0,1,0,0,1,0,0,73.22119140625,58.79935836791992,172.64523315429688,202.2965850830078,1.1717472958098465,0.424113600291591,0.3405791013955748
0,1,1,0,0,0,0,79.70147705078125,70.45919799804688,170.74974060058594,195.9359436035156,1.1475036091670832,0.4667736347384398,0.4126460031518495
1,0,0,1,0,0,0,80.7095947265625,63.45098876953125,187.62713623046875,190.55047607421875,1.015580581266023,0.4301594979706143,0.3381759698745935
1,0,0,1,0,0,0,72.7943344116211,62.06953430175781,153.80418395996094,188.25225830078125,1.2239735841632762,0.4732922898285476,0.40356206641242
1,0,1,0,0,0,0,74.22218322753906,58.533329010009766,171.24642944335938,190.78370666503903,1.1140886690904217,0.433423245487804,0.3418075880488355
1,0,0,0,0,1,0,85.6781234741211,73.4117202758789,167.07594299316406,200.95751953125,1.202791472734481,0.5128094562221123,0.4393913268463943
0,1,0,1,0,0,0,78.03772735595703,60.13114929199219,174.96340942382812,194.4424285888672,1.1113319592318498,0.4460231291385039,0.3436784267636875
0,1,0,1,0,0,0,63.03183364868164,50.15776062011719,137.95541381835938,194.191162109375,1.4076371251733484,0.4569000367877787,0.3635795017523415
1,0,0,1,0,0,0,73.26331329345703,60.62065887451172,155.22116088867188,189.04656982421875,1.217917510356769,0.4719930766785279,0.3905437797749124
0,1,0,0,0,1,0,87.1733627319336,76.29879760742188,188.310791015625,202.1808319091797,1.0736550508802432,0.4629228216916173,0.4051748558641603
0,1,1,0,0,0,0,78.16943359375,58.97471237182617,178.2490997314453,194.2147521972656,1.0895693301670222,0.4385404117693838,0.3308555973672742
0,1,0,0,0,1,0,78.679931640625,64.96015930175781,174.0540771484375,203.618408203125,1.1698571589878606,0.4520430255335235,0.3732182570268562
0,1,1,0,0,0,0,81.00872039794922,59.94668197631836,191.78753662109375,187.04464721679688,0.9752700853879406,0.4223878246999679,0.3125681836914794
0,1,1,0,0,0,0,78.06776428222656,66.75862121582031,162.06956481933594,195.3232879638672,1.2051817883363865,0.4816929345694928,0.4119133736814698
0,1,0,0,1,0,0,77.38117980957031,70.2567367553711,160.18321228027344,200.2312469482422,1.2500139315342016,0.4830792110360232,0.4386023713424007
1,0,0,0,0,1,0,80.9406967163086,69.38787078857422,166.0868682861328,201.9680938720703,1.2160389075680669,0.4873395323275333,0.4177805958086553
1,0,1,0,0,0,0,79.00739288330078,64.82943725585938,167.09573364257812,197.6807861328125,1.1830390987459714,0.4728271103097075,0.3879778127341727
0,1,0,0,1,0,0,77.10387420654297,53.40313720703125,181.8773956298828,185.7495574951172,1.021289956631632,0.4239332432681626,0.2936216291314488
1,0,1,0,0,0,0,86.80672454833984,77.15746307373047,169.8807373046875,202.7053070068359,1.193221257588942,0.510986271460835,0.4541860619273488
1,0,0,0,0,0,1,87.69384002685547,77.911376953125,173.710205078125,201.25424194335935,1.1585631474722318,0.5048283719854901,0.4485135281377676
1,0,0,0,0,1,0,76.30321502685547,56.589324951171875,175.7852325439453,190.7289276123047,1.0850110948007168,0.4340706777389853,0.3219230883744735
1,0,0,0,0,0,1,77.40319061279297,60.41217422485352,174.29725646972656,182.94126892089844,1.0495935083904964,0.4440872574849565,0.3466042750669826
1,0,0,0,0,1,0,50.300193786621094,42.449405670166016,138.22451782226562,162.5262451171875,1.1758134351112004,0.3639021107044049,0.3071047476884606
1,0,0,0,0,1,0,74.66786193847656,61.93488311767578,157.347412109375,190.883544921875,1.213134314463262,0.4745414045105082,0.3936186956454278
1,0,0,0,0,0,1,75.19866180419922,61.657562255859375,166.6151123046875,188.8768615722656,1.1336118252398872,0.4513315794949267,0.3700598427296724
0,1,0,0,1,0,0,84.11276245117188,70.91536712646484,179.1551513671875,192.1830139160156,1.0727183251467152,0.4694967563549347,0.3958321409420164
0,1,0,1,0,0,0,73.6905746459961,61.304595947265625,167.49034118652344,191.5053253173828,1.1433813076069588,0.4399690998535345,0.3660186940511069
1,0,1,0,0,0,0,82.87953186035156,71.23931884765625,178.50930786132812,187.68167114257812,1.051383109324335,0.4642868926741629,0.3990790155491348
0,1,0,0,1,0,0,72.78105163574219,57.0777587890625,165.49942016601562,182.7487640380859,1.1042260078903428,0.4397662031850874,0.3448819260623796
0,1,0,1,0,0,0,80.27418518066406,71.95166778564453,167.88922119140625,198.0226287841797,1.179483872633009,0.4781378137977393,0.4285663324604636
0,1,1,0,0,0,0,82.02384948730469,73.00750732421875,170.56155395507812,201.00083923339844,1.178465102905531,0.480904679778585,0.4280419920625676
0,1,0,0,0,1,0,72.23518371582031,62.048370361328125,155.75418090820312,191.47959899902344,1.2293705240045902,0.463776852053773,0.3983737065645614
1,0,0,0,1,0,0,90.62200164794922,74.47481536865234,177.9238739013672,196.07003784179688,1.101988359080407,0.5093301964534893,0.4185768538849247
1,0,1,0,0,0,0,73.19589233398438,58.182186126708984,156.83302307128906,187.6337127685547,1.1963916086936937,0.4667122452948758,0.3709817294044127
0,1,0,1,0,0,0,73.0760269165039,64.03512573242188,163.2006378173828,191.0793609619141,1.17082484184729,0.4477680228080606,0.3923705604880998
1,0,1,0,0,0,0,79.67405700683594,69.19636535644531,162.382080078125,199.2302093505859,1.2269223873393702,0.4906579406330014,0.4261330149432356
1,0,0,0,0,1,0,81.44204711914062,66.73389434814453,179.42803955078125,198.72853088378903,1.1075667514471472,0.4538981049062351,0.3719256729060882
0,1,1,0,0,0,0,80.28643798828125,69.06558227539062,173.4628448486328,200.69403076171875,1.1569856987924323,0.462845158906167,0.3981577860991421
1,0,0,1,0,0,0,67.01873779296875,50.83526992797851,150.48292541503906,180.93966674804688,1.2023933363137822,0.4453577547627273,0.3378142057497381
0,1,1,0,0,0,0,81.65272521972656,71.00360107421875,176.00608825683594,186.44732666015625,1.059323166071869,0.463919890660687,0.4034155964571357
0,1,0,0,0,1,0,79.21367645263672,74.93470001220703,165.7961883544922,194.040283203125,1.1703543074720364,0.4777774280508087,0.451968774167399
0,1,1,0,0,0,0,83.39646911621094,73.67145538330078,182.99620056152344,196.11282348632812,1.0716770232636326,0.4557278722744464,0.4025846173704158
0,1,0,1,0,0,0,74.08551025390625,63.02780532836914,164.5332489013672,187.20346069335935,1.1377849884042726,0.4502768330935853,0.3830703262059357
1,0,1,0,0,0,0,81.1095962524414,68.25423431396484,164.3666229248047,194.94711303710935,1.1860504862127317,0.4934675593447452,0.415256048335252
0,1,1,0,0,0,0,76.46685791015625,69.8408203125,163.1372833251953,199.1425018310547,1.2207050269072284,0.4687270521584475,0.4281107229993551
1,0,0,1,0,0,0,81.53182983398438,68.0743637084961,173.00254821777344,203.74920654296875,1.1777237309041937,0.4712753116870459,0.3934876359324195
0,1,1,0,0,0,0,79.139892578125,69.37299346923828,170.33775329589844,193.8885803222656,1.1382595846820662,0.4646057086396396,0.4072672800182384
1,0,0,0,1,0,0,66.34117126464844,51.05058288574219,152.88734436035156,181.1949920654297,1.1851536359893708,0.4339219282158763,0.3339098020135484
1,0,0,0,0,1,0,74.85792541503906,61.845436096191406,163.772216796875,186.1082000732422,1.1363844473331537,0.4570856209871335,0.3776308173986413
0,1,0,0,0,0,1,74.29461669921875,67.75450897216797,156.952392578125,187.0373077392578,1.1916817874958974,0.473357656285728,0.4316882836841262
1,0,1,0,0,0,0,75.69084167480469,64.75299835205078,162.2338104248047,198.65760803222656,1.2245142212467746,0.4665540523064233,0.3991338068340802
1,0,1,0,0,0,0,70.65904235839844,64.74774169921875,153.3707733154297,190.86685180664065,1.2444799467372754,0.4607073488054837,0.4221647990654349
0,1,1,0,0,0,0,85.0010757446289,74.35169982910156,184.4869842529297,195.17214965820312,1.0579182615431786,0.4607429412369457,0.4030186743535586
1,0,0,0,1,0,0,68.40763854980469,54.03505325317383,158.4436798095703,193.16189575195312,1.2191202324012531,0.4317473479031931,0.3410363437539274
0,1,0,0,0,1,0,85.70935821533203,72.23776245117188,192.4050445556641,200.49838256835935,1.0420640635040823,0.4454631551541037,0.3754463019303685
1,0,1,0,0,0,0,74.0257797241211,55.25857925415039,164.89202880859375,183.5413055419922,1.113099928893752,0.4489348591256041,0.3351197729412039
0,1,0,1,0,0,0,81.84671783447266,63.44524002075195,187.3331756591797,202.92019653320312,1.083204807793262,0.4369045554610071,0.3386759435295091
1,0,0,0,1,0,0,72.46300506591797,58.500030517578125,155.24632263183594,192.863525390625,1.242306562378277,0.4667614912706356,0.3768207164321049
0,1,0,1,0,0,0,77.02788543701172,64.1032943725586,174.76144409179688,194.5300140380859,1.1131174559069517,0.4407601793250879,0.3668045586696289
1,0,1,0,0,0,0,81.20588684082031,68.942138671875,169.56776428222656,196.97360229492188,1.1616217453164115,0.4788993190100814,0.4065757366307462
0,1,0,0,0,1,0,61.370323181152344,48.7217903137207,138.7972412109375,147.05404663085938,1.0594882531373486,0.4421580907929187,0.3510285210905282
0,1,1,0,0,0,0,79.99832916259766,73.16850280761719,161.83396911621094,197.4545440673828,1.220105674634929,0.4943234699085447,0.4521207952026178
0,1,0,1,0,0,0,75.72298431396484,60.652339935302734,159.79820251464844,183.2736968994141,1.146907124206317,0.4738663083962001,0.3795558334252404
0,1,1,0,0,0,0,80.88541412353516,73.43248748779297,170.6630401611328,198.09246826171875,1.160722720482937,0.4739480443285586,0.4302776243670634
0,1,0,0,1,0,0,64.02801513671875,46.197113037109375,150.11016845703125,193.3667907714844,1.2881658368589153,0.426540159103523,0.3077547211622323
0,1,1,0,0,0,0,84.11891174316406,71.62525177001953,167.4721221923828,193.24078369140625,1.153868364248838,0.5022860559832929,0.4276846249535213
0,1,1,0,0,0,0,83.09416961669922,67.45117950439453,183.0970916748047,197.4647521972656,1.0784701733437636,0.4538257208600627,0.36839022885297
0,1,0,1,0,0,0,81.84516143798828,74.96845245361328,170.36473083496094,186.29730224609375,1.0935203626539776,0.4804114151847246,0.4400467871853018
1,0,1,0,0,0,0,89.68211364746094,75.2892837524414,195.57032775878903,193.4765167236328,0.9892938204933692,0.4585670775071377,0.384972938457725
0,1,0,0,0,1,0,76.11530303955078,55.10355758666992,180.74050903320312,185.21490478515625,1.0247559098725962,0.4211302903079018,0.3048766315942325
1,0,1,0,0,0,0,76.05491638183594,64.965087890625,158.34686279296875,198.911865234375,1.2561781251987487,0.4803057985510849,0.4102707609405806
1,0,0,1,0,0,0,78.3890151977539,65.48371887207031,163.65274047851562,193.22279357910156,1.1806877966975928,0.4789960435037434,0.4001382358804253
1,0,0,0,0,1,0,96.04156494140624,83.79967498779297,184.00344848632812,204.1079559326172,1.1092615796697032,0.5219552444884876,0.45542448077553
1,0,0,1,0,0,0,77.84664916992188,61.82841873168945,156.71702575683594,189.6999664306641,1.210461757518324,0.4967338347188243,0.3945226655055538
1,0,0,0,1,0,0,62.86190414428711,50.46013641357422,140.78329467773438,190.29879760742188,1.35171433544749,0.4465153645408261,0.358424176171484
0,1,0,1,0,0,0,80.4761962890625,67.497802734375,166.66659545898438,198.17889404296875,1.1890738722849796,0.4828573840333062,0.4049869894353592
0,1,1,0,0,0,0,83.54022216796875,67.86827087402344,183.7221221923828,202.3018798828125,1.1011296705519984,0.454709651570922,0.3694071789730136
1,0,1,0,0,0,0,76.0002212524414,54.11366271972656,175.8648681640625,181.86056518554688,1.0340926364888925,0.4321512422909935,0.3077002432870475
0,1,0,0,1,0,0,76.36285400390625,64.70659637451172,165.94241333007812,197.0837554931641,1.1876635486862683,0.4601768316579315,0.3899340444434963
1,0,1,0,0,0,0,83.8584976196289,72.16486358642578,180.10804748535156,197.75592041015625,1.0979849216689777,0.4656010588668962,0.4006753978735739
1,0,0,0,1,0,0,79.57029724121094,64.5047607421875,163.724365234375,190.35043334960935,1.1626274017133524,0.4860015619990606,0.3939838804679287
1,0,0,0,1,0,0,80.16251373291016,70.73226165771484,170.779541015625,189.2658843994141,1.108246826720876,0.4693917857852535,0.4141729228048657
1,0,0,0,1,0,0,76.0743179321289,66.46399688720703,163.4042205810547,185.3226318359375,1.1341361390601932,0.4655590759015503,0.4067459007537591
1,0,1,0,0,0,0,83.33596801757812,64.14008331298828,190.38870239257812,197.85330200195312,1.0392071562837963,0.4377148799813806,0.3368901752412418
1,0,0,1,0,0,0,71.10365295410156,61.616939544677734,154.68746948242188,194.5640411376953,1.2577879888312793,0.4596600693773811,0.3983318089748676
0,1,0,1,0,0,0,71.6216049194336,59.40267562866211,155.5009307861328,186.408447265625,1.198760974119188,0.4605863421996997,0.3820084891347768
0,1,0,1,0,0,0,78.06317901611328,66.28585052490234,166.4541015625,196.59910583496097,1.1811010001525384,0.4689772032250116,0.398222993021373
1,0,1,0,0,0,0,76.01495361328125,67.21673583984375,162.06979370117188,206.2819976806641,1.2727973113917312,0.4690260404319353,0.414739442216972
0,1,1,0,0,0,0,79.06375885009766,71.37629699707031,160.1437530517578,190.587890625,1.190105058693128,0.4937049203820305,0.4457014128674865
1,0,0,1,0,0,0,69.82616424560547,55.61760711669922,149.55975341796875,192.097900390625,1.2844224198055243,0.4668780380405217,0.3718754935444891
0,1,1,0,0,0,0,81.7191162109375,73.35879516601562,174.07289123535156,199.27377319335935,1.144772007744362,0.4694534320134368,0.4214257294482024
1,0,0,0,0,1,0,75.09762573242188,63.996395111083984,163.64308166503906,198.03875732421875,1.2101871665408024,0.4589110946110094,0.3910730258800562
0,1,1,0,0,0,0,80.84819030761719,65.0103988647461,180.74208068847656,190.8040771484375,1.0556704693319514,0.4473124908137221,0.3596860156589472
0,1,0,1,0,0,0,81.48796081542969,68.8157730102539,169.6761016845703,197.18624877929688,1.1621333046999642,0.4802559700889208,0.4055713935376896
1,0,0,1,0,0,0,80.72566223144531,69.3400650024414,180.6545257568359,189.5322723388672,1.0491421211001426,0.4468510373224938,0.3838268911999156
0,1,0,0,1,0,0,89.66956329345703,76.48605346679688,188.54367065429688,218.34103393554688,1.158039584027643,0.4755904188259394,0.4056675739968881
0,1,0,0,0,1,0,76.56378173828125,63.43313217163086,167.6743927001953,194.85366821289065,1.162095565548237,0.4566217924234776,0.3783113876252433
0,1,0,1,0,0,0,79.22867584228516,62.2700080871582,181.26283264160156,198.97506713867188,1.0977157547355088,0.4370927822745578,0.343534342808602
1,0,0,1,0,0,0,80.74537658691406,70.77803802490234,176.88931274414062,196.84461975097656,1.112812394922355,0.4564740251080472,0.4001261406181071
1,0,0,0,1,0,0,78.21210479736328,60.86525344848633,166.44174194335938,188.71693420410156,1.1338317660020796,0.4699067907134683,0.3656850303164873
1,0,1,0,0,0,0,79.47531127929688,69.41043090820312,163.60182189941406,185.63734436035156,1.134689957636813,0.4857850013929552,0.4242644128430193
0,1,0,0,0,1,0,79.25752258300781,63.22893142700195,179.5836639404297,202.7317047119141,1.128898365606144,0.4413403805442938,0.352086208954818
1,0,0,0,0,1,0,73.03802490234375,61.06622314453125,161.8419647216797,196.0162811279297,1.2111585611619318,0.4512922530812546,0.377320080422572
1,0,0,0,0,1,0,89.45344543457031,76.03085327148438,174.7489776611328,196.6804962158203,1.1255029863305772,0.5118968169761505,0.4350861120281961
1,0,0,0,0,0,1,85.85099029541016,68.97563171386719,196.4314422607422,186.1465606689453,0.9476413680344272,0.4370531993623096,0.3511435385293829
1,0,1,0,0,0,0,75.30657958984375,58.29070663452149,170.2758331298828,191.1001892089844,1.122297778236194,0.4422622882273697,0.3423310610969589
0,1,0,1,0,0,0,84.16940307617188,77.09443664550781,178.16412353515625,202.54542541503903,1.1368474269460414,0.472426218062713,0.4327158303018011
0,1,1,0,0,0,0,88.42576599121094,75.64581298828125,175.91526794433594,203.31678771972656,1.1557654437593283,0.5026611221670145,0.4300127775845898
1,0,0,0,0,1,0,67.72891998291016,59.43305587768555,156.78915405273438,193.27667236328125,1.2327171068113212,0.4319745226773164,0.3790635662062177
1,0,0,0,1,0,0,81.01322174072266,61.70792007446289,188.94737243652344,175.26162719726562,0.9275684807744256,0.4287607744740611,0.3265878708908406
1,0,1,0,0,0,0,71.69134521484375,61.96542739868164,160.5601348876953,193.28741455078125,1.203831914353941,0.4465077540261701,0.3859328309734151
1,0,1,0,0,0,0,80.0690689086914,60.60795593261719,171.72158813476562,207.7740173339844,1.2099469821518605,0.4662725856335191,0.3529431365673871
1,0,0,0,0,1,0,86.51615905761719,76.3533706665039,177.32923889160156,192.56512451171875,1.0859186320053549,0.48788434213324,0.4305740618058901
0,1,0,1,0,0,0,77.04737091064453,65.46341705322266,163.86907958984375,185.45587158203125,1.131731941414562,0.4701763816791448,0.3994860849714563
1,0,1,0,0,0,0,83.32891082763672,70.180908203125,163.81307983398438,199.80908203125,1.219738266527591,0.5086828897429071,0.428420662588418
0,1,0,1,0,0,0,74.42806243896484,55.49770736694336,167.80218505859375,196.19830322265625,1.1692237687736131,0.4435464437663657,0.3307329242915667
1,0,0,0,1,0,0,80.48297882080078,60.659549713134766,181.57472229003903,194.6994171142578,1.0722826099287874,0.4432499072874307,0.3340748588134422
1,0,0,0,0,0,1,84.06893157958984,69.06739044189453,178.534912109375,200.22406005859375,1.1214840710590623,0.4708823085990436,0.3868564956056443
1,0,1,0,0,0,0,76.42625427246094,64.64952850341797,165.51344299316406,195.0902557373047,1.1786973445133528,0.4617525494628098,0.3905998650882278
1,0,0,0,0,1,0,80.22173309326172,60.82481002807617,178.8945770263672,188.56674194335935,1.0540662834936947,0.4484302119534785,0.3400036548850289
0,1,0,1,0,0,0,83.27513122558594,70.20121002197266,167.6298370361328,192.90037536621097,1.1507520306461376,0.4967798853591672,0.4187870802907283
0,1,0,0,0,1,0,77.57447052001953,62.1571159362793,167.1323699951172,186.71127319335935,1.117146087252961,0.4641498862385897,0.3719035153878045
0,1,1,0,0,0,0,75.47449493408203,62.470436096191406,165.88845825195312,194.09832763671875,1.1700532374706876,0.454971344778252,0.3765809674432603
0,1,1,0,0,0,0,83.13023376464844,70.5551986694336,177.81532287597656,205.9674530029297,1.1583222956920805,0.4675088311856593,0.3967891941384869
1,0,0,0,0,0,1,79.31803131103516,62.69881057739258,185.1712951660156,183.1991271972656,0.9893494941158032,0.4283494979063707,0.3385989741076222
1,0,1,0,0,0,0,80.84972381591797,63.145111083984375,187.12728881835935,187.92495727539065,1.004262705146151,0.4320573676156723,0.3374446959752516
0,1,0,0,0,1,0,77.48036193847656,63.401248931884766,173.91705322265625,189.83056640625,1.0915005911652642,0.4455018096430302,0.3645487763107146
0,1,0,0,0,1,0,70.1153793334961,63.17856216430664,159.54815673828125,200.49403381347656,1.256636478366603,0.4394621709639152,0.3959842812094855
1,0,0,0,1,0,0,88.73336791992188,77.11376190185547,169.36868286132812,204.2022399902344,1.2056670485973284,0.523906583087577,0.4553011843694441
0,1,0,0,1,0,0,71.18800354003906,57.981956481933594,153.13658142089844,180.9381103515625,1.1815472741568591,0.4648660880340384,0.378629037842821
0,1,1,0,0,0,0,86.74308013916016,72.99165344238281,178.2158203125,194.0980529785156,1.089117973018143,0.4867305269928161,0.4095688772994033
1,0,1,0,0,0,0,64.48397827148438,55.21134567260742,150.7820281982422,177.41355895996094,1.1766227121358566,0.4276635554119448,0.3661666203350027
0,1,0,1,0,0,0,67.51313018798828,50.009544372558594,149.86306762695312,191.70364379882812,1.2791920440066442,0.4504987870396824,0.3337015928236898
0,1,0,1,0,0,0,75.65585327148438,61.53831481933594,167.78907775878906,182.88475036621097,1.0899681481599368,0.4508985583688947,0.3667599562577157
1,0,0,0,1,0,0,80.8447036743164,70.7739028930664,175.3069610595703,197.2292022705078,1.1250506031160292,0.4611608300416828,0.4037141620920405
0,1,0,0,0,1,0,79.10282135009766,70.95455169677734,169.8076629638672,188.1854553222656,1.10822710846865,0.4658377600245855,0.4178524717808261
0,1,0,1,0,0,0,78.5352783203125,66.47125244140625,173.8443603515625,181.24403381347656,1.0425649324887494,0.4517562615289442,0.3823607064789595
1,0,0,0,0,1,0,74.46699523925781,57.32491683959961,167.271484375,190.62582397460935,1.1396193719860348,0.4451864316114569,0.3427058536234718
1,0,0,1,0,0,0,74.19357299804688,62.25929641723633,160.73817443847656,188.9553680419922,1.1755475555330257,0.4615802889216269,0.3873336040721703
0,1,0,1,0,0,0,81.9002914428711,73.3662338256836,179.75140380859375,201.63507080078125,1.1217440672423904,0.4556308863661598,0.40815388515022
1,0,0,0,0,0,1,77.82295989990234,65.14434051513672,169.04153442382812,182.2668304443359,1.078236961499348,0.4603777418677549,0.385374758559657
1,0,0,1,0,0,0,71.83080291748047,62.828346252441406,160.71517944335938,190.1493225097656,1.183144760615345,0.4469447327020887,0.390929758284493
1,0,1,0,0,0,0,75.49736785888672,65.79420471191406,155.155029296875,203.30813598632812,1.3103547909962787,0.4865931075584369,0.4240546053200947
1,0,0,0,0,1,0,80.17281341552734,70.45323181152344,172.00308227539062,194.7821807861328,1.132434245999563,0.4661126553951183,0.4096044726612643
1,0,1,0,0,0,0,70.61651611328125,63.8686637878418,156.8784637451172,190.1825714111328,1.2122924133176451,0.4501351838070837,0.4071219354341089
0,1,1,0,0,0,0,75.94612121582031,68.9784164428711,160.1186065673828,191.45672607421875,1.1957181627960765,0.4743116546162289,0.4307957577300229
1,0,1,0,0,0,0,74.28411865234375,63.743255615234375,164.39451599121094,185.60305786132812,1.1290100326172137,0.4518649433312923,0.3877456326988565
0,1,1,0,0,0,0,77.90009307861328,68.49266815185547,161.39669799804688,200.025634765625,1.2393415556001377,0.4826622480192004,0.4243746557484362
1,0,0,0,1,0,0,77.73668670654297,62.286285400390625,156.8693389892578,195.13626098632812,1.2439413733979638,0.4955505467634198,0.3970583786590437
0,1,1,0,0,0,0,77.7981948852539,66.3141860961914,163.87310791015625,195.3428955078125,1.192037534400761,0.4747465638346648,0.404667897874667
1,0,1,0,0,0,0,79.36771392822266,73.02942657470703,165.83258056640625,199.0643615722656,1.2003935589276558,0.4786014524838231,0.4403804507248985
0,1,0,0,0,0,1,81.12397003173828,60.79458236694336,193.38047790527344,190.94178771972656,0.987389160415968,0.419504444866852,0.3143780748991804
1,0,1,0,0,0,0,81.18096160888672,66.9524154663086,179.91444396972656,189.51255798339844,1.053348212638708,0.4512198121377441,0.3721347435427385
1,0,0,0,0,1,0,79.53656005859375,65.03687286376953,177.23583984375,195.8963165283203,1.1052861356993104,0.448761154226553,0.3669510236818108
0,1,0,0,0,0,1,79.57707977294922,59.61422348022461,180.92337036132812,202.14207458496097,1.1172800627207875,0.4398385880940818,0.3294998504680023
1,0,1,0,0,0,0,84.93924713134766,74.22113037109375,168.03883361816406,205.26632690429688,1.2215410121848689,0.5054739151805574,0.4416903448624679
0,1,0,1,0,0,0,70.40066528320312,55.0701904296875,157.1616668701172,190.14566040039065,1.2098730192110545,0.4479506147092739,0.3504047235335004
0,1,1,0,0,0,0,76.77467346191406,59.79387283325195,159.81137084960938,190.14129638671875,1.1897857791711917,0.4804080776840524,0.3741528059947688
0,1,0,0,0,1,0,86.25011444091797,73.29967498779297,188.2250061035156,195.19825744628903,1.0370474225881468,0.4582287774956115,0.3894258074693929
0,1,0,0,1,0,0,78.67001342773438,65.4016342163086,172.60435485839844,187.0870819091797,1.083907077910419,0.4557823207431462,0.3789106843217423
1,0,0,1,0,0,0,79.93962860107422,61.11930084228515,178.12847900390625,192.25125122070312,1.0792841902416244,0.4487751147267203,0.3431191979186261
0,1,1,0,0,0,0,73.08305358886719,57.30544662475586,172.84922790527344,186.08078002929688,1.0765496744438727,0.4228138851098536,0.3315342933215817
1,0,1,0,0,0,0,77.31278228759766,60.17348861694336,173.1791534423828,192.86489868164065,1.1136727189615656,0.4464323837529315,0.3474638108619883
0,1,1,0,0,0,0,92.90074157714844,80.25108337402344,177.2445068359375,198.87515258789065,1.1220384548897475,0.524138904136194,0.4527704965678067
0,1,1,0,0,0,0,81.32662963867188,73.44161224365234,174.51220703125,198.45518493652344,1.137199444741341,0.4660225838763741,0.4208393985327405
0,1,0,1,0,0,0,84.51497650146484,70.71045684814453,169.5224609375,199.6519775390625,1.177731708441106,0.4985473667269616,0.4171155636668952
1,0,0,0,0,1,0,83.13411712646484,71.56013488769531,174.84979248046875,196.56787109375,1.124209919298058,0.4754601989919501,0.4092663415410618
0,1,0,0,0,0,1,75.56523895263672,58.26639175415039,163.75338745117188,181.7247772216797,1.1097466748641551,0.4614575620621517,0.3558179324475001
0,1,1,0,0,0,0,78.07929229736328,66.83779907226562,164.84829711914062,194.4772186279297,1.1797344711870177,0.4736433051591253,0.4054503458046644
0,1,0,0,0,1,0,74.44023132324219,57.79526138305664,176.4573974609375,181.82000732421875,1.030390394171309,0.4218595105355165,0.3275309633638387
0,1,1,0,0,0,0,81.54840850830078,68.57881164550781,168.38092041015625,195.2330322265625,1.1594724138043528,0.4843090791382918,0.407283743778439
0,1,0,0,1,0,0,75.41165924072266,63.925575256347656,163.5049591064453,188.2803497314453,1.1515268451819292,0.4612194006398791,0.3909702531696956
0,1,1,0,0,0,0,74.49382019042969,64.08757781982422,150.5298614501953,196.41265869140625,1.3048086060744288,0.4948773583710292,0.4257466073668605
0,1,0,1,0,0,0,77.50041961669922,69.81861114501953,165.9887237548828,185.7414398193359,1.1190003490455298,0.4669017139450078,0.420622615594788
1,0,0,0,1,0,0,86.64395904541016,68.55398559570312,191.3376617431641,196.6659393310547,1.027847510727098,0.4528327473851639,0.3582879866470008
0,1,0,0,0,1,0,87.50440216064453,77.13816833496094,189.12025451660156,203.4557647705078,1.0758010308866617,0.4626918591258723,0.4078789367755927
1,0,1,0,0,0,0,83.41207122802734,71.7082748413086,168.98526000976562,197.0041351318359,1.16580662195301,0.4936056033716016,0.4243463295980051
1,0,0,0,0,1,0,80.02405548095703,62.93547821044922,184.66696166992188,189.70216369628903,1.0272663934080812,0.4333425684665454,0.3408052942515055
0,1,0,0,1,0,0,62.102970123291016,48.17921447753906,134.19252014160156,175.5538330078125,1.308223683574658,0.4627901022930281,0.3590305512311698
0,1,1,0,0,0,0,80.44403076171875,65.41603088378906,163.5420379638672,189.73956298828125,1.1601883243634403,0.4918859503236224,0.3999952042803943
1,0,0,0,1,0,0,77.0472412109375,68.30653381347656,167.64041137695312,188.4556427001953,1.1241659523039311,0.4595982590241353,0.4074586387161968
1,0,1,0,0,0,0,73.9605712890625,64.87528228759766,158.7097625732422,202.31005859375,1.2747171649279414,0.4660114796336539,0.4087668032245885
0,1,0,0,0,1,0,82.58906555175781,70.77999877929688,169.23004150390625,196.86160278320312,1.163278109688693,0.4880283950639547,0.4182472458807681
1,0,1,0,0,0,0,78.50089263916016,67.86941528320312,174.15664672851562,164.54483032226562,0.9448093622218542,0.4507487604623635,0.3897032732204673
1,0,0,1,0,0,0,80.33528137207031,62.61543655395508,174.70571899414062,196.8490753173828,1.126746602519548,0.4598320068432599,0.3584051908229467
0,1,0,0,0,1,0,67.0841293334961,57.14180374145508,148.87713623046875,181.7404937744141,1.2207414676023276,0.4506006162668707,0.3838185310939679
0,1,0,1,0,0,0,75.5193099975586,65.7589340209961,160.57254028320312,201.45152282714844,1.2545826482650564,0.4703127313322973,0.4095278925339072
1,0,0,1,0,0,0,78.81258392333984,66.7492446899414,166.15866088867188,204.62977600097656,1.2315324094846958,0.4743212511573209,0.4017199243960213
1,0,1,0,0,0,0,85.39472198486328,73.25115966796875,191.25592041015625,196.16551208496097,1.025670272921622,0.4464945283875697,0.3830007432495611
0,1,1,0,0,0,0,82.56373596191406,69.16590118408203,166.34420776367188,197.0831298828125,1.1847910578456209,0.4963427165387917,0.4157998773383636
1,0,1,0,0,0,0,82.22249603271484,67.02198791503906,177.47540283203125,193.7251892089844,1.0915607803540668,0.4632895303837288,0.3776409961355093
1,0,1,0,0,0,0,75.70034790039062,65.08878326416016,167.9138946533203,182.07766723632812,1.0843514029154688,0.4508283728197935,0.387631907404353
0,1,0,0,1,0,0,84.0858383178711,70.9875717163086,172.62417602539062,202.04684448242188,1.1704434983238012,0.4871034883636648,0.4112261292176555
0,1,1,0,0,0,0,83.73136138916016,74.67586517333984,182.06472778320312,202.5316925048828,1.112415869734258,0.4598988634902681,0.4101610788788341
1,0,0,1,0,0,0,83.2925796508789,69.5268325805664,167.5952911376953,191.17710876464844,1.1407069224133417,0.4969863955333101,0.4148495587709774
1,0,0,1,0,0,0,74.68672180175781,60.415401458740234,169.23471069335938,191.0256195068359,1.128761462256759,0.4413203502742682,0.3569917850257588
1,0,1,0,0,0,0,76.01990509033203,59.71232223510742,165.83938598632812,197.11244201660156,1.188574359729308,0.4583947573020992,0.360061163275352
0,1,1,0,0,0,0,87.35554504394531,76.49424743652344,168.4600067138672,204.71139526367188,1.2151928475901017,0.518553612504127,0.4540795701525199
1,0,0,0,0,1,0,73.85428619384766,65.63399505615234,155.7431182861328,194.22341918945312,1.2470754491548317,0.4742057755525469,0.4214246881558446
1,0,0,0,0,1,0,73.30573272705078,66.40364837646484,159.37179565429688,197.9293212890625,1.2419344368711458,0.4599667866330799,0.4166587199689026
1,0,0,0,1,0,0,76.9963150024414,62.283164978027344,164.89666748046875,194.5167999267578,1.1796284479175263,0.4669367560842991,0.3777102711029894
0,1,1,0,0,0,0,74.14971160888672,56.761680603027344,167.79612731933594,188.5926513671875,1.123939237335754,0.4419035933276995,0.3382776558066989
0,1,1,0,0,0,0,86.3809585571289,72.87326049804688,185.0509796142578,191.23472595214844,1.0334164474610226,0.4667954675905613,0.3938009982435788
0,1,0,0,0,1,0,75.54906463623047,60.04807662963867,152.5382843017578,192.82687377929688,1.2641211657909988,0.495279365321666,0.3936590535583118
1,0,1,0,0,0,0,73.11222839355469,57.38529968261719,154.96701049804688,191.92819213867188,1.2385099997853468,0.4717922102167426,0.370306554267177
0,1,0,0,0,1,0,76.09624481201172,63.01667785644531,162.797119140625,186.3554229736328,1.1447095867381905,0.4674299226774362,0.3870871805907768
1,0,0,0,1,0,0,81.38982391357422,65.91039276123047,187.28021240234375,186.4532928466797,0.995584586619928,0.434588485721707,0.3519346326862966
0,1,0,0,1,0,0,64.50817108154297,51.1561164855957,149.08270263671875,179.2694549560547,1.2024832645601704,0.4327005745175882,0.3431391810105008
0,1,0,0,0,1,0,80.3804702758789,69.2551498413086,174.2939453125,191.2865295410156,1.0974938297371648,0.46117763948576,0.3973468482633616
1,0,0,0,1,0,0,78.94475555419922,65.60828399658203,171.56298828125,192.66351318359375,1.1229899590449708,0.4601502710175574,0.3824151389169543
1,0,0,0,0,1,0,81.60100555419922,70.2281265258789,174.6741943359375,206.6905975341797,1.183292118907201,0.4671611961023976,0.4020520992975901
1,0,1,0,0,0,0,76.78630065917969,62.717803955078125,164.21986389160156,195.1866455078125,1.1885690371577189,0.4675822938805069,0.3819136276746457
1,0,0,1,0,0,0,81.95634460449219,71.03071594238281,165.90077209472656,184.01638793945312,1.1091954884597093,0.4940082168978483,0.4281518105402515
1,0,0,1,0,0,0,79.55929565429688,70.35832214355469,168.59210205078125,195.02935791015625,1.1568119475217875,0.4719040493980732,0.4173286962301604
1,0,1,0,0,0,0,85.24235534667969,68.00454711914062,193.85890197753903,186.89675903320312,0.9640865450422156,0.439713391941919,0.3507940384755702
0,1,1,0,0,0,0,83.60382843017578,68.27149963378906,192.1611785888672,196.08009338378903,1.0203938944572486,0.4350713762484143,0.3552824776322659
0,1,1,0,0,0,0,76.35836791992188,67.12962341308594,159.0019073486328,196.3396759033203,1.234825916099355,0.4802355468132593,0.4221938247941599
1,0,0,0,1,0,0,75.89237976074219,64.78475189208984,165.37913513183594,190.6763153076172,1.152964762789544,0.4588993629712887,0.3917347363102675
0,1,1,0,0,0,0,74.23104858398438,62.1324348449707,164.1339874267578,189.0904998779297,1.152049632391392,0.452258851123743,0.3785470384230829
0,1,1,0,0,0,0,80.038330078125,73.42610931396484,169.20986938476562,194.3730926513672,1.1487101394149948,0.4730121852179093,0.4339351456326789
0,1,0,0,1,0,0,78.92800903320312,61.095184326171875,186.7708740234375,186.2375030517578,0.997144249741998,0.4225927058803537,0.3271130182669979
1,0,1,0,0,0,0,79.89924621582031,64.0003662109375,175.39796447753906,192.68429565429688,1.0985549132696546,0.4555312055862083,0.3648865960421861
0,1,1,0,0,0,0,83.78822326660156,74.15499877929688,171.69207763671875,199.42140197753903,1.1615061377467424,0.4880144990958061,0.4319069336221824
0,1,0,0,1,0,0,82.18939208984375,71.67560577392578,176.6932830810547,181.6965484619141,1.0283161040058566,0.465152894647053,0.4056498612969116
0,1,0,1,0,0,0,76.1395263671875,61.81313705444336,168.19088745117188,187.9006805419922,1.117187044967239,0.4526970962638618,0.367517753138609
1,0,0,1,0,0,0,78.90650177001953,66.33480834960938,183.80226135253903,192.47134399414065,1.04716526650874,0.4293010390044884,0.3609031132776812
0,1,1,0,0,0,0,83.88228607177734,76.16426849365234,175.5709991455078,201.2455291748047,1.1462344587332365,0.4777684610785765,0.4338089369220355
0,1,1,0,0,0,0,77.36048889160156,67.46443176269531,160.3342742919922,203.5675811767578,1.2696448222045864,0.4824950200648726,0.4207736122585537
1,0,0,1,0,0,0,76.57366180419922,68.73248291015625,161.29776000976562,198.66453552246097,1.2316633257054097,0.4747348121856319,0.4261217446912772
0,1,1,0,0,0,0,74.28980255126953,55.46124649047851,170.23143005371094,188.94415283203125,1.109925192853142,0.4364047375260245,0.3257990987503279
1,0,0,0,1,0,0,73.17158508300781,62.27278137207031,165.60443115234375,190.1433258056641,1.1481777660330017,0.4418455748668669,0.3760333038116836
0,1,0,0,1,0,0,75.41349792480469,61.7751350402832,161.3435821533203,180.66619873046875,1.119760676683047,0.4674093441977837,0.3828794068894541
1,0,1,0,0,0,0,76.19774627685547,64.6943359375,160.23031616210938,198.4615020751953,1.238601450891518,0.4755513694409997,0.4037583990787797
1,0,1,0,0,0,0,86.95154571533203,72.75965881347656,177.5605010986328,202.3251037597656,1.1394713492466229,0.4897009479998677,0.4097738988304578
0,1,1,0,0,0,0,79.91754150390625,69.4852523803711,152.8149871826172,194.5108337402344,1.2728518146442651,0.522969264843134,0.4547018172853342
1,0,0,0,0,1,0,66.71052551269531,46.58277130126953,169.69895935058594,193.67843627929688,1.1413059751248742,0.3931109876453404,0.2745023981262775
1,0,1,0,0,0,0,76.81678771972656,67.65108489990234,163.3456573486328,196.91677856445312,1.20552196955055,0.470271380130875,0.4141590661055219
0,1,1,0,0,0,0,75.89447784423828,66.81490325927734,168.2377166748047,190.14895629882812,1.130239758700344,0.4511145261852228,0.3971458040436158
1,0,0,0,0,1,0,78.00028991699219,67.19686126708984,164.5762939453125,188.64015197753903,1.1462170368244091,0.4739460832853066,0.408302190164878
1,0,0,0,0,1,0,77.00177764892578,62.15571975708008,167.08790588378906,198.9198455810547,1.1905101361399848,0.4608459076773702,0.3719941274523475
1,0,0,1,0,0,0,76.79109954833984,65.75218200683594,157.85281372070312,200.3225860595703,1.2690466602262225,0.4864727953738612,0.4165410831584831
0,1,0,1,0,0,0,79.58016204833984,66.58970642089844,179.25120544433594,196.69203186035156,1.0972982378153748,0.4439588668375923,0.3714881930965701
0,1,1,0,0,0,0,83.63346862792969,73.02983856201172,187.80245971679688,202.37059020996097,1.077571563839646,0.4453268011188332,0.388865186708095
0,1,1,0,0,0,0,70.72957611083984,56.70220947265625,157.41688537597656,193.2071990966797,1.2273600677285734,0.44931378194854,0.3602041123938385
1,0,0,0,1,0,0,87.09432983398438,74.67467498779297,169.1744842529297,204.09622192382812,1.206424377914388,0.5148195380561719,0.4414062517616322
1,0,0,1,0,0,0,81.02474212646484,68.43179321289062,181.9202117919922,199.8617248535156,1.0986229780890853,0.4453861466427306,0.3761637727815292
1,0,1,0,0,0,0,74.7278060913086,60.15502166748047,160.44898986816406,186.32830810546875,1.1612931203778154,0.4657418295541162,0.3749167988960726
0,1,0,1,0,0,0,81.74540710449219,69.7437973022461,180.26075744628903,193.71920776367188,1.0746610105718266,0.4534842095559776,0.3869050496086323
1,0,0,0,1,0,0,80.24602508544922,60.00794219970703,178.197021484375,182.81785583496097,1.0259310414511678,0.4503219213037491,0.3367505343234301
1,0,1,0,0,0,0,61.021697998046875,43.359676361083984,163.88519287109375,199.0775604248047,1.214737932922299,0.3723441814907852,0.264573483433547
1,0,1,0,0,0,0,79.52342224121094,70.59098052978516,165.9053192138672,193.46841430664065,1.1661375007346335,0.4793301541989618,0.425489555514413
0,1,1,0,0,0,0,68.57533264160156,51.7681770324707,145.8352508544922,189.43260192871097,1.2989493337088869,0.470224669548674,0.3549771178720202
0,1,1,0,0,0,0,83.05338287353516,74.90628814697266,184.0598297119141,194.2344970703125,1.0552791305649014,0.4512303581043634,0.406967062091789
1,0,1,0,0,0,0,73.65933990478516,58.49361038208008,165.9185028076172,196.93345642089844,1.1869288421029398,0.4439489186458806,0.3525442273903805
1,0,0,1,0,0,0,86.54765319824219,74.01595306396484,168.52883911132812,202.98443603515625,1.2044492628414012,0.5135480292549208,0.4391886483895542
0,1,1,0,0,0,0,74.57679748535156,65.85662078857422,170.2578125,198.15576171875,1.1638570871380718,0.4380227631865737,0.3868052797199789
1,0,0,0,0,1,0,78.85063171386719,67.84117126464844,170.14346313476562,189.98541259765625,1.11661893497004,0.4634361512402737,0.3987292254120479
1,0,1,0,0,0,0,76.04315185546875,58.56184005737305,179.2481689453125,181.76280212402344,1.014028780285494,0.4242339115813732,0.3267081633354921
0,1,1,0,0,0,0,88.5397720336914,76.32046508789062,174.1317901611328,195.1652069091797,1.1207902171601385,0.5084641463328502,0.4382913942208226
1,0,1,0,0,0,0,82.54472351074219,68.72489929199219,187.96658325195312,195.9245452880859,1.0423371106632595,0.439145735814637,0.365622963949248
1,0,0,0,0,1,0,79.05651092529297,66.807373046875,165.39602661132812,191.5116271972656,1.1578973879905092,0.4779831326363817,0.4039236879847711
0,1,0,0,1,0,0,75.5506591796875,59.0389289855957,172.1971893310547,187.91749572753903,1.0912924679987752,0.4387450194348928,0.3428565194063153
0,1,0,1,0,0,0,78.21726989746094,65.03981018066406,165.09226989746094,201.97122192382812,1.2233838813245028,0.4737791172538956,0.3939603605975034
0,1,1,0,0,0,0,83.68560028076172,75.41436767578125,182.79571533203125,200.11610412597656,1.0947527066621034,0.4578094192675943,0.4125609155488034
1,0,0,0,1,0,0,80.83552551269531,65.35400390625,181.8642120361328,187.65646362304688,1.03184932055661,0.4444828622831791,0.3593560446805524
0,1,0,1,0,0,0,72.95085144042969,61.99401092529297,155.8479766845703,189.89422607421875,1.2184580776339278,0.4680898205568566,0.3977851509151525
0,1,1,0,0,0,0,88.86625671386719,76.87686157226562,172.93211364746094,202.0786590576172,1.1685432786045415,0.5138794341866992,0.4445493665160806
1,0,0,0,0,1,0,67.09738159179688,54.173919677734375,159.87045288085938,196.47821044921875,1.228983886069558,0.4196984519822435,0.3388613636949319
1,0,0,0,1,0,0,77.69769287109375,56.291786193847656,179.42340087890625,186.3980255126953,1.0388724358117385,0.4330410219095797,0.3137371486556498
1,0,1,0,0,0,0,76.46881103515625,62.890106201171875,177.51084899902344,179.6844940185547,1.0122451389973537,0.4307838730216255,0.3542888029425056
0,1,0,0,1,0,0,83.68075561523438,68.92559051513672,177.1102294921875,194.78367614746097,1.0997878366819749,0.4724783873589053,0.3891677556556782
0,1,0,1,0,0,0,81.32508850097656,71.82516479492188,178.16473388671875,197.77438354492188,1.110064709386715,0.4564600789777225,0.4031390681423517
0,1,1,0,0,0,0,70.3562240600586,63.53214645385742,160.6669158935547,190.48312377929688,1.1855777695110303,0.4379011302281492,0.3954276840413669
1,0,0,1,0,0,0,72.24099731445312,55.76545715332031,167.66473388671875,184.89779663085935,1.1027828711778112,0.4308657857845177,0.3326009940229754
0,1,1,0,0,0,0,84.95304107666016,73.5148696899414,188.74713134765625,197.1580352783203,1.0445617576839985,0.4500891773564698,0.3894886728346257
1,0,0,0,1,0,0,77.19265747070312,58.29741287231445,182.98297119140625,181.9429626464844,0.9943163643143932,0.421857055703599,0.3185947440504364
0,1,1,0,0,0,0,84.99423217773438,73.94193267822266,170.0801544189453,200.30699157714844,1.1777211295548786,0.4997304504344148,0.4347475631759318
0,1,0,1,0,0,0,75.27275848388672,63.45519256591797,160.63888549804688,197.9007873535156,1.2319606597116348,0.4685836698288219,0.3950176345483266
1,0,1,0,0,0,0,78.60366821289062,58.3525390625,182.0528106689453,192.341064453125,1.0565124688071332,0.4317630028565051,0.3205253401366673
1,0,1,0,0,0,0,80.80894470214844,70.58985900878906,177.07106018066406,200.90023803710935,1.1345740960275077,0.4563644935524742,0.3986527156767844
1,0,0,1,0,0,0,79.79053497314453,61.7249870300293,184.63043212890625,191.8169860839844,1.0389239946644364,0.4321635065959004,0.3343164304946966
0,1,0,1,0,0,0,77.29938507080078,66.74588775634766,172.953125,184.5687255859375,1.0671603972806938,0.4469383543708781,0.3859189462829749
0,1,0,1,0,0,0,80.45850372314453,73.30603790283203,170.841064453125,202.43064880371097,1.1849062721056356,0.4709552939201017,0.4290890959822226
1,0,1,0,0,0,0,74.67212677001953,59.547882080078125,168.14212036132812,185.08355712890625,1.10075664997665,0.4441012555899334,0.3541520824889862
0,1,0,0,1,0,0,82.54092407226562,70.25814056396484,166.4781951904297,182.2228240966797,1.0945747212614851,0.4958062164108002,0.4220260826566419
0,1,1,0,0,0,0,81.26914978027344,66.51679229736328,182.05091857910156,190.97010803222656,1.0489928286148669,0.446408897107332,0.3653746590048738
0,1,1,0,0,0,0,85.81082916259766,69.57630157470703,188.4370574951172,189.93572998046875,1.007953172827433,0.4553819206438266,0.3692283380964485
0,1,0,0,1,0,0,75.00414276123047,65.93370819091797,161.35020446777344,196.4072723388672,1.2172731542964714,0.4648531001781971,0.4086372769616598
0,1,1,0,0,0,0,85.84806060791016,76.23418426513672,169.52500915527344,202.2038421630859,1.192767032844581,0.5064035155384015,0.4496928485360609
0,1,0,1,0,0,0,87.88056182861328,73.0960464477539,162.7950897216797,204.59930419921875,1.256790389372364,0.5398231726697472,0.449006456968214
0,1,0,0,0,1,0,73.69005584716797,60.791595458984375,155.39724731445312,186.6123962402344,1.2008732423851505,0.4742043834151895,0.3912012375352436
0,1,1,0,0,0,0,74.75176239013672,66.13763427734375,162.97486877441406,192.2238006591797,1.1794689703064054,0.4586704867583377,0.4058149257901222
0,1,1,0,0,0,0,77.3891830444336,69.11813354492188,161.73875427246094,198.25680541992188,1.2257841746817435,0.478482620894098,0.4273442926887346
1,0,0,0,0,1,0,81.45862579345703,71.03184509277344,170.37353515625,190.9587249755859,1.1208238697427813,0.4781178351364906,0.4169183026438346
1,0,0,0,1,0,0,88.4095230102539,78.662109375,170.50022888183594,197.8405914306641,1.1603538172830032,0.5185302306633591,0.4613607259701467
0,1,0,0,1,0,0,78.82833099365234,54.29502487182617,187.4245758056641,184.7598419189453,0.9857823667186432,0.4205869516033345,0.289689997367919
0,1,1,0,0,0,0,81.01864624023438,67.33566284179688,166.41085815429688,192.9144592285156,1.1592660561226389,0.4868591337057678,0.4046350315636432
1,0,1,0,0,0,0,84.31708526611328,76.52449035644531,169.18492126464844,200.8526153564453,1.187177993494234,0.4983723409618746,0.4523127107571333
0,1,1,0,0,0,0,85.89730834960938,74.70552825927734,166.321044921875,204.5497131347656,1.2298486534331692,0.5164548382314301,0.4491646159051509
1,0,1,0,0,0,0,82.59927368164062,71.27442932128906,185.6952667236328,184.4645233154297,0.9933722413612468,0.4448108728833231,0.3838246961209066
1,0,1,0,0,0,0,80.83436584472656,71.58639526367188,171.84056091308594,200.04806518554688,1.1641492795564594,0.4704032936997408,0.4165861359116435
1,0,0,0,1,0,0,82.55787658691406,65.91820526123047,192.1023406982422,190.14952087402344,0.9898344818854328,0.4297598680309547,0.3431410831415947
1,0,1,0,0,0,0,80.07786560058594,65.40859985351562,183.6204071044922,189.91419982910156,1.0342761070180386,0.4361054790332554,0.3562163971039112
0,1,1,0,0,0,0,77.8981704711914,66.41996765136719,157.0985870361328,194.7624664306641,1.239746773698662,0.4958553220677584,0.4227916297941657
1,0,1,0,0,0,0,77.46257781982422,65.95769500732422,160.79571533203125,196.3138885498047,1.2208900476261513,0.4817452856866847,0.4101956004930011
1,0,0,0,0,1,0,78.8885498046875,69.8818130493164,168.09393310546875,193.83023071289065,1.1531066418160014,0.4693122966858638,0.4157307272087553
1,0,1,0,0,0,0,76.09043884277344,57.5085334777832,175.91493225097656,195.08169555664065,1.1089547263578456,0.4325411030725678,0.3269110401369236
1,0,1,0,0,0,0,75.59091186523438,54.397911071777344,178.0759735107422,184.03775024414065,1.0334788383624298,0.4244868657740313,0.3054758595409046
0,1,1,0,0,0,0,71.75149536132812,61.29672622680664,160.50685119628906,190.36346435546875,1.1860145715690793,0.4470307331216714,0.3818947650517726
1,0,0,1,0,0,0,77.98768615722656,65.48021697998047,167.99942016601562,202.98138427734375,1.208226695525254,0.464214019787448,0.3897645415399259
1,0,0,0,0,1,0,77.44989776611328,63.623992919921875,173.35366821289062,194.1542205810547,1.1199891100234436,0.4467739192631292,0.3670184402546769
0,1,1,0,0,0,0,77.0194320678711,64.8846664428711,164.98655700683594,191.7849273681641,1.1624275992389963,0.4668224700554235,0.3932724436463191
1,0,1,0,0,0,0,84.78779602050781,70.0044937133789,168.58001708984375,195.11871337890625,1.157424923470727,0.502952826107027,0.4152597379087369
0,1,1,0,0,0,0,83.10305786132812,71.20278930664062,181.81298828125,192.8863067626953,1.0609049913657205,0.4570798744739535,0.3916265277841188
1,0,1,0,0,0,0,75.19183349609375,63.952491760253906,166.27032470703125,189.78062438964844,1.1413980499770022,0.4522264188067351,0.3846296197047691
1,0,0,0,0,1,0,81.2867660522461,63.1756706237793,186.53494262695312,187.81736755371097,1.0068749849690228,0.4357723271977497,0.3386800871412218
1,0,1,0,0,0,0,73.18006134033203,61.77862548828125,160.04872131347656,186.30918884277344,1.1640779589726449,0.457236151215474,0.385998869477249
1,0,0,0,0,1,0,67.02896881103516,52.83476257324219,151.70152282714844,168.49221801757812,1.1106824432445634,0.4418476990992979,0.348281029673269
1,0,0,0,0,1,0,80.93977355957031,64.73617553710938,177.88941955566406,197.57485961914065,1.1106611068418082,0.4550004927878419,0.3639124558324422
1,0,0,1,0,0,0,76.05097198486328,60.01580047607422,162.7829132080078,186.72979736328125,1.1471093229832638,0.4671925970982198,0.3686861187905184
1,0,1,0,0,0,0,82.64543914794922,72.65106201171875,171.06271362304688,199.66433715820312,1.167199636492279,0.4831294757200355,0.4247042530367684
0,1,0,0,0,1,0,81.71759033203125,74.91618347167969,164.61309814453125,197.75050354003903,1.2013047914717756,0.4964221635649111,0.4551046321107622
1,0,0,1,0,0,0,76.648193359375,64.8903579711914,173.14794921875,205.24220275878903,1.1853573991771171,0.4426745664919192,0.3747682733984382
0,1,0,0,0,0,1,83.05561065673828,72.89602661132812,180.87869262695312,193.7795562744141,1.0713232910969115,0.4591785215300809,0.4030105788174286
1,0,1,0,0,0,0,74.11205291748047,65.66291046142578,163.21116638183594,195.59068298339844,1.1983903265896032,0.4540869020205013,0.4023187378479119
0,1,0,0,1,0,0,89.741943359375,75.68636322021484,191.54698181152344,203.34371948242188,1.0615866538816363,0.4685113934485191,0.3951321106938035
0,1,0,0,1,0,0,81.83624267578125,66.82237243652344,168.45436096191406,187.7415771484375,1.1144952025960555,0.4858066137823743,0.396679385769249
0,1,0,0,1,0,0,76.72417449951172,60.26765823364258,167.26983642578125,194.6707763671875,1.163812798092645,0.4586850572640737,0.3603020097433032
0,1,1,0,0,0,0,73.95648956298828,63.10146713256836,162.62652587890625,178.7368927001953,1.0990635859323776,0.4547627710995758,0.3880146045765898
0,1,0,0,1,0,0,75.49324035644531,60.194976806640625,162.92916870117188,185.8694000244141,1.1407987992949062,0.4633500616142426,0.3694548820600941
1,0,1,0,0,0,0,80.61945343017578,62.83895492553711,182.0966796875,189.3599548339844,1.0398869169879927,0.442728849139526,0.3450856711576311
1,0,0,0,0,1,0,79.6296157836914,68.88988494873047,160.57302856445312,196.94053649902344,1.226485781950439,0.4959090358797618,0.4290252576327191
1,0,0,1,0,0,0,83.54785919189453,74.1510238647461,183.89324951171875,205.6516876220703,1.1183210268355446,0.4543280376725866,0.4032286343388627
0,1,1,0,0,0,0,74.85531616210938,66.48723602294922,154.49826049804688,196.3694000244141,1.2710136631402174,0.4845058832429746,0.4303429424293727
1,0,1,0,0,0,0,83.76793670654297,72.85039520263672,170.82766723632812,197.6330413818359,1.1569147116457688,0.4903651619304494,0.4264554821898568
0,1,0,1,0,0,0,91.91722869873048,77.88487243652344,174.6465606689453,197.21878051757812,1.129245143804578,0.5263042589940604,0.4459570926458702
0,1,0,1,0,0,0,73.01231384277344,61.351375579833984,156.17498779296875,192.34408569335935,1.2315934094922911,0.4675032466758455,0.3928373963516078
0,1,1,0,0,0,0,90.40943908691406,78.25108337402344,175.12423706054688,193.7077789306641,1.1061163330789685,0.516258860591959,0.4468318302906819
0,1,0,0,1,0,0,71.2386703491211,52.144287109375,167.3741455078125,172.72337341308594,1.031959702551693,0.4256252967445076,0.3115432610644221
1,0,0,0,0,1,0,75.14869689941406,59.398780822753906,167.83673095703125,186.9430999755859,1.1138390202764743,0.4477488120204943,0.3539081134627252
0,1,0,1,0,0,0,75.49797058105469,58.16910171508789,186.8137359619141,195.7335662841797,1.0477471866634265,0.404135007483853,0.3113748644636435
0,1,0,0,0,1,0,81.26326751708984,66.91574096679688,178.25669860839844,198.16162109375,1.1116643730123124,0.4558777771129504,0.3753897693000592
0,1,0,0,1,0,0,82.90655517578125,55.53842544555664,194.2461700439453,193.1907958984375,0.994566821341862,0.426811788139889,0.285917737441062
0,1,0,0,0,0,1,77.22863006591797,65.2757339477539,176.7873992919922,203.3932647705078,1.15049639049541,0.4368446528157968,0.3692329555679518
1,0,0,0,1,0,0,65.0055923461914,49.478904724121094,151.3255157470703,182.2786407470703,1.2045466347640663,0.429574563319801,0.32697000555294
1,0,0,0,1,0,0,79.04244232177734,71.774658203125,166.86476135253906,198.09910583496097,1.1871835864519793,0.473691639151915,0.430136702449027
0,1,0,0,1,0,0,85.53567504882812,73.7066650390625,189.6696929931641,192.1864471435547,1.0132691423214424,0.4509717588455786,0.3886053901174341
1,0,1,0,0,0,0,88.15601348876953,77.04107666015625,173.9669189453125,197.1043243408203,1.132998880107667,0.5067400976186851,0.4428490032888066
0,1,0,0,0,1,0,84.10547637939453,71.54805755615234,168.9730987548828,192.331787109375,1.1382390956111716,0.4977447712040857,0.4234286882549393
1,0,0,1,0,0,0,69.35433959960938,61.75922775268555,155.80804443359375,200.17755126953125,1.2847703210526336,0.4451268216075235,0.3963802252778268
0,1,1,0,0,0,0,84.5924072265625,71.44113159179688,183.70843505859375,198.0375518798828,1.077999231862809,0.4604710023226847,0.3888832408213087
1,0,1,0,0,0,0,68.79486846923828,55.25431823730469,159.53683471679688,178.18711853027344,1.116902681732302,0.4312162052817461,0.3463420741384887
0,1,0,1,0,0,0,67.8582763671875,56.73500442504883,161.43276977539062,178.021728515625,1.1027607886757775,0.4203500718076142,0.3514466393904226
1,0,1,0,0,0,0,75.90836334228516,66.6220703125,157.89686584472656,198.4144744873047,1.256608061381171,0.4807464856011285,0.4219340894202115
1,0,1,0,0,0,0,82.36885070800781,67.7228012084961,168.86306762695312,200.11654663085935,1.1850817910814602,0.4877848772117206,0.4010515867099319
0,1,0,0,1,0,0,72.42361450195312,57.1734504699707,156.9920654296875,198.5994873046875,1.265028820158015,0.4613202221636462,0.3641805101008569
0,1,0,1,0,0,0,73.04586791992188,58.37195587158203,154.34487915039062,181.7160797119141,1.1773379247318825,0.4732639548653079,0.3781917235796695
0,1,0,0,0,0,1,83.34329223632812,75.31317138671875,176.64724731445312,195.2871551513672,1.1055205111899242,0.4718063457165972,0.4263478346348208
0,1,1,0,0,0,0,84.43656158447266,71.90080261230469,189.3347625732422,202.61903381347656,1.0701628747921843,0.4459643883505505,0.3797548935816295
0,1,1,0,0,0,0,84.21302795410156,76.3099365234375,169.08155822753906,199.65460205078125,1.180818323084644,0.4980615794939215,0.4513202819005518
1,0,0,0,0,1,0,76.54639434814453,65.76446533203125,171.1442413330078,201.97991943359375,1.1801736234909983,0.4472624597353681,0.3842633840309505
1,0,0,0,0,1,0,76.27619934082031,54.219970703125,172.26499938964844,190.10752868652344,1.1035760564252333,0.4427840804056208,0.314747458248812
1,0,0,0,0,1,0,82.74948120117188,72.34989929199219,176.3551483154297,203.40084838867188,1.153359288524246,0.4692206719883547,0.4102511323490642
1,0,0,0,0,1,0,77.9737777709961,69.74586486816406,167.37051391601562,203.11851501464844,1.213586015016783,0.4658752366030395,0.4167153654266822
1,0,1,0,0,0,0,76.3368148803711,63.05045318603515,168.81044006347656,187.29757690429688,1.1095141795369334,0.4522043473831755,0.3734985416916557
0,1,0,0,1,0,0,75.87138366699219,57.77028274536133,179.25640869140625,179.35462951660156,1.0005479348041857,0.4232561849300819,0.3222773632869891
1,0,1,0,0,0,0,81.43521881103516,64.94242858886719,178.7696533203125,200.78836059570312,1.1231680370042356,0.4555315586204259,0.3632743442898883
1,0,1,0,0,0,0,75.94291687011719,62.31367492675781,160.49313354492188,197.5003967285156,1.230584713290774,0.4731848347198034,0.3882638063722288
0,1,0,0,1,0,0,83.80220794677734,64.45184326171875,190.1815948486328,208.79833984375,1.0978893094777884,0.4406431022595864,0.3388963233430476
0,1,1,0,0,0,0,70.06982421875,55.008323669433594,165.8977813720703,193.740478515625,1.1678304369912578,0.4223674580770891,0.3315796221895377
1,0,0,1,0,0,0,76.00147247314453,64.49824523925781,161.07151794433594,201.44796752929688,1.2506740490203518,0.471849234694675,0.4004323424924045
1,0,1,0,0,0,0,82.239013671875,67.57986450195312,161.47930908203125,188.1874542236328,1.165396701864967,0.5092851470530984,0.4185047910232428
0,1,1,0,0,0,0,78.92517852783203,70.51866149902344,168.55807495117188,207.7628173828125,1.2325889308061777,0.4682373036752774,0.4183641840917522
0,1,0,0,0,1,0,78.78307342529297,62.60978317260742,179.263671875,195.1603851318359,1.0886778290914438,0.4394815335492411,0.3492608542363509
1,0,0,1,0,0,0,72.14122009277344,60.88375473022461,153.3002166748047,194.1717834472656,1.2666112785682595,0.4705878547178208,0.3971537421853561
0,1,0,0,1,0,0,80.35327911376953,69.61833190917969,175.37445068359375,193.20199584960935,1.101654175374608,0.4581812162521947,0.3969696363285172
0,1,0,0,0,1,0,77.95343780517578,65.5891342163086,159.32717895507812,198.2710723876953,1.2444271824055664,0.489266415914855,0.4116631866983679
0,1,0,0,0,0,1,89.03421020507812,79.07620239257812,172.07467651367188,200.34683227539065,1.164301664454807,0.5174161126376087,0.459545843669189
1,0,0,1,0,0,0,73.45818328857422,61.80731201171875,157.97210693359375,197.3761749267578,1.2494368705845535,0.4650073023299841,0.3912545905189484
0,1,0,0,0,1,0,78.02049255371094,68.56967163085938,169.55780029296875,192.58883666992188,1.1358300021418015,0.4601409809451645,0.4044029322884701
0,1,0,0,0,0,1,79.44677734375,67.41169738769531,174.70587158203125,187.3287048339844,1.0722519119572134,0.4547458916195992,0.3858582243244348
1,0,1,0,0,0,0,84.6201400756836,73.57213592529297,171.98062133789062,199.9522399902344,1.1626440143938537,0.4920329942838749,0.4277931743294825
1,0,1,0,0,0,0,83.78433227539062,72.33878326416016,164.14923095703125,200.94281005859375,1.224147130553379,0.5104156247757416,0.4406891390377334
1,0,1,0,0,0,0,73.34773254394531,61.93004608154297,154.11349487304688,190.74337768554688,1.2376812156694932,0.4759332244354495,0.401847003291689
0,1,1,0,0,0,0,72.54991912841797,53.97397232055664,162.21530151367188,182.72003173828125,1.1264044145852738,0.4472446091795063,0.332730462643856
0,1,0,0,1,0,0,82.29924011230469,67.64652252197266,182.3212890625,195.7017822265625,1.0733896366840388,0.4513967652131528,0.3710292027322346
0,1,0,0,0,0,1,85.61569213867188,72.85855102539062,185.86343383789065,202.4783172607422,1.0893929649300624,0.4606376325390907,0.3920004571148597
1,0,1,0,0,0,0,92.95488739013672,81.37909698486328,178.66488647460938,199.1026611328125,1.1143916695746907,0.5202750760057535,0.4554845587771849
1,0,1,0,0,0,0,79.1681137084961,59.52034759521485,184.4160614013672,193.19454956054688,1.0476015380247927,0.4292907738453044,0.3227503458371418
1,0,0,0,1,0,0,80.18689727783203,76.1233139038086,162.4688262939453,192.9468994140625,1.1875933606178397,0.4935525116230888,0.4685410465518053
1,0,0,0,1,0,0,88.88229370117188,74.69236755371094,183.9471435546875,191.77716064453125,1.0425666685469126,0.483194748141045,0.4060534244257231
1,0,0,0,1,0,0,75.84210205078125,66.77574920654297,163.09619140625,195.9442596435547,1.2014030367851125,0.4650145499833842,0.4094255581984366
1,0,0,1,0,0,0,75.46217346191406,60.68476486206055,171.70535278320312,187.4365234375,1.0916172408099545,0.439486435563796,0.3534238384442314
1,0,0,1,0,0,0,77.30281066894531,63.81624221801758,164.65560913085938,197.3527679443359,1.1985790765712123,0.4694817934049803,0.3875740556600163
0,1,1,0,0,0,0,82.43019104003906,72.5010986328125,172.56776428222656,199.4378204345703,1.1557072739749876,0.477668534345895,0.4201311811297521
0,1,1,0,0,0,0,78.29032897949219,69.7105484008789,159.80477905273438,196.81838989257812,1.231617671631895,0.4899123132835531,0.4362231768918184
1,0,0,0,0,1,0,80.73533630371094,59.40395736694336,179.02781677246094,207.0588531494141,1.1565736368923036,0.4509653178998611,0.3318141193803644
0,1,0,0,0,1,0,77.49410247802734,65.45394134521484,172.77914428710938,187.24317932128903,1.0837140101246512,0.4485153737609348,0.3788301048444201
1,0,0,0,0,1,0,83.37552642822266,71.43281555175781,166.4104766845703,204.06253051757812,1.2262601164491402,0.5010233014731414,0.4292567209404617
1,0,0,1,0,0,0,79.77763366699219,68.32601165771484,161.40757751464844,197.0803985595703,1.2210108199020857,0.4942620098474126,0.4233135315565588
1,0,0,0,1,0,0,85.12824249267578,66.15521240234375,194.6148223876953,195.55535888671875,1.0048328102016288,0.4374191104678062,0.3399289508923163
1,0,1,0,0,0,0,79.19783020019531,68.04931640625,170.26524353027344,193.47547912597656,1.1363181064700167,0.4651438459083624,0.399666514406099
1,0,1,0,0,0,0,75.82766723632812,66.72174835205078,159.9788360595703,193.95506286621097,1.2123795099621124,0.4739856164980013,0.4170660944626827
1,0,1,0,0,0,0,80.14474487304688,67.26592254638672,158.90087890625,199.6446533203125,1.2564100003380154,0.5043694246671316,0.4233200156562568
1,0,1,0,0,0,0,78.9714584350586,70.11298370361328,165.65208435058594,205.4197998046875,1.2400677034038232,0.4767308467300868,0.4232544611707162
1,0,0,1,0,0,0,72.73717498779297,58.00679016113281,159.3138427734375,187.1504669189453,1.1747282198515208,0.4565653161177811,0.3641038917354162
0,1,1,0,0,0,0,80.72163391113281,65.57815551757812,173.3711395263672,195.55148315429688,1.1279356165537366,0.4656001808124255,0.3782530108340475
0,1,0,0,1,0,0,72.71923828125,61.2484245300293,157.10166931152344,189.76695251464844,1.207924481937564,0.4628801119678238,0.3898648868496568
0,1,0,0,1,0,0,80.04853820800781,64.42675018310547,170.13218688964844,194.31544494628903,1.14214393230792,0.4705079013645377,0.3786864282470789
1,0,1,0,0,0,0,73.15839385986328,57.5014762878418,163.1248321533203,203.44056701660156,1.247146521661329,0.4484810368485285,0.3524998341993475
0,1,0,0,0,1,0,71.57935333251953,59.976558685302734,151.9896240234375,187.15866088867188,1.2313910379817188,0.4709489466299467,0.394609560163489
1,0,0,0,0,1,0,75.48661804199219,63.197898864746094,158.17884826660156,194.6244659423828,1.2304076561131243,0.4772232120110252,0.3995344482356426
0,1,0,1,0,0,0,77.91666412353516,70.43092346191406,169.99803161621094,205.22813415527344,1.2072382968445088,0.4583386253520894,0.4143043468933778
1,0,0,1,0,0,0,72.5705795288086,64.10297393798828,161.78286743164062,185.5753173828125,1.1470640886076833,0.4485677666670879,0.3962284446780139
1,0,1,0,0,0,0,73.92247009277344,59.01837158203125,166.81349182128906,189.19302368164065,1.1341590036633684,0.4431444320580987,0.3537985503310423
1,0,0,1,0,0,0,79.58550262451172,67.5625228881836,161.4993133544922,193.9414978027344,1.2008812531421194,0.4927915851247054,0.4183455736426777
0,1,0,1,0,0,0,78.18596649169922,70.01898193359375,167.59837341308594,194.82052612304688,1.1624249218867149,0.4665079075617957,0.4177784098239149
0,1,0,1,0,0,0,71.69601440429688,55.85617446899414,157.4615020751953,187.48129272460935,1.1906484458345772,0.4553240853123491,0.3547290844610397
1,0,0,0,0,1,0,70.84443664550781,57.9421501159668,147.3109588623047,193.9942321777344,1.3169029220634274,0.4809176261742204,0.3933322446847067
1,0,1,0,0,0,0,71.76931762695312,59.3584098815918,161.2207489013672,193.54627990722656,1.200504781339502,0.4451617928586889,0.3681809586302475
0,1,1,0,0,0,0,60.31474685668945,54.15215301513672,141.6210174560547,194.5319671630859,1.373609444823044,0.4258883881794257,0.3823737040438948
1,0,1,0,0,0,0,77.95462036132812,57.095157623291016,182.14878845214844,194.81382751464844,1.0695312835738524,0.427972214494346,0.3134534031682031
0,1,1,0,0,0,0,68.5035400390625,65.13105773925781,150.67483520507812,196.8787384033203,1.306646449192101,0.4546448645244893,0.4322623459359372
1,0,0,0,1,0,0,81.96642303466797,69.76007843017578,168.0711669921875,201.4437713623047,1.198562340985402,0.4876887838737863,0.4150627360933268
0,1,1,0,0,0,0,86.50126647949219,72.86441040039062,193.3795623779297,197.75125122070312,1.0226067780328805,0.4473133841850318,0.3767947838147895
0,1,0,1,0,0,0,80.40279388427734,62.95058822631836,181.3879852294922,190.4523468017578,1.049972226996167,0.4432641653886374,0.3470493822767436
0,1,0,0,1,0,0,78.58956909179688,62.124061584472656,176.28907775878906,186.8655242919922,1.0599949053433393,0.4457994226921339,0.3523988120777119
0,1,0,1,0,0,0,86.06019592285156,71.2040023803711,171.94488525390625,205.0070037841797,1.192283233557378,0.5005103571168683,0.414109453010051
0,1,0,0,0,1,0,77.9957046508789,70.14454650878906,168.0242156982422,200.0872802734375,1.190824069268551,0.4641932374256866,0.4174668884320993
0,1,0,1,0,0,0,82.5261001586914,68.03771209716797,170.9366912841797,206.8939971923828,1.2103545215370095,0.4827875135449592,0.398028718036061
0,1,1,0,0,0,0,77.26715087890625,66.65287780761719,164.74932861328125,190.86582946777344,1.1585226542306335,0.4689982747078544,0.4045714684766489
0,1,0,1,0,0,0,63.2897834777832,49.35342788696289,149.01756286621094,183.34136962890625,1.2303339693825988,0.424713585838236,0.3311920215154287
0,1,0,0,0,1,0,76.3146743774414,63.186798095703125,167.06161499023438,182.2260284423828,1.0907713806851136,0.4568055587269547,0.3782245137483959
0,1,1,0,0,0,0,79.08853149414062,57.59041213989258,179.67144775390625,195.17727661132812,1.0863010180596977,0.4401841944440009,0.3205317976775778
0,1,1,0,0,0,0,81.81063842773438,69.55916595458984,168.81544494628906,200.7294158935547,1.1890465114576425,0.4846158386382451,0.4120426657449562
0,1,1,0,0,0,0,72.74620819091797,62.075439453125,167.16726684570312,186.2900848388672,1.1143933160719472,0.43517017155077,0.3713372876426889
0,1,1,0,0,0,0,83.58644104003906,72.04206848144531,182.13633728027344,198.1551055908203,1.0879493271345246,0.4589223780832668,0.3955392403141728
0,1,0,1,0,0,0,72.79006958007812,61.3278694152832,155.751220703125,183.5569305419922,1.1785264328160048,0.4673483087418117,0.3937553050205578
0,1,1,0,0,0,0,81.65699768066406,71.96077728271484,167.76950073242188,199.71401977539065,1.1904071890511112,0.4867213487801936,0.4289264554556086
1,0,1,0,0,0,0,75.5866928100586,61.61749649047851,171.24440002441406,189.1748046875,1.1047065168877326,0.441396581723445,0.3598219648741436
0,1,0,0,0,0,1,75.83708953857422,65.63880920410156,159.14898681640625,194.1048583984375,1.219642438706545,0.4765163200571276,0.412436236743513
0,1,1,0,0,0,0,67.4170913696289,51.75474166870117,136.15118408203125,192.7942352294922,1.416030543761804,0.4951634598272023,0.3801270037983575
0,1,0,1,0,0,0,66.65717315673828,48.261131286621094,149.53646850585938,185.62745666503903,1.241352417372124,0.4457586421744767,0.3227382040570929
0,1,1,0,0,0,0,82.1343994140625,68.64418029785156,166.23126220703125,198.7989044189453,1.1959176738449653,0.4940971892024073,0.4129438673957686
1,0,0,1,0,0,0,81.59101104736328,70.3203125,179.09507751464844,203.4844207763672,1.1361809805170324,0.4555737219560925,0.3926423521844055
1,0,0,0,1,0,0,68.45588684082031,56.98031234741211,149.09283447265625,189.71292114257812,1.2724482823979824,0.4591494090440354,0.3821800863130169
1,0,0,0,1,0,0,74.90960693359375,56.39004135131836,162.83482360839844,191.8246307373047,1.178031986564642,0.4600343174365693,0.3463020998931457
1,0,0,0,0,1,0,75.70361328125,67.89244079589844,161.04981994628906,191.02821350097656,1.1861436018039972,0.4700633214398969,0.4215617305163142
1,0,0,1,0,0,0,75.40839385986328,65.24577331542969,155.58140563964844,196.26266479492188,1.261478927947841,0.4846877012701714,0.4193674240644759
1,0,1,0,0,0,0,81.2199478149414,70.79935455322266,167.69644165039062,200.8531494140625,1.1977186124962398,0.4843271986907553,0.4221875780812534
1,0,0,1,0,0,0,86.88287353515625,80.3113021850586,183.51284790039065,213.373779296875,1.1627184785050724,0.4734430015620247,0.437633130889293
0,1,1,0,0,0,0,88.4168701171875,74.71182250976562,174.7724609375,199.2655792236328,1.1401428929635071,0.5058970368838948,0.4274805201517598
0,1,1,0,0,0,0,77.46644592285156,56.84191131591797,177.62673950195312,186.85980224609375,1.051980139758401,0.4361192810275041,0.3200076265279471
1,0,1,0,0,0,0,61.408203125,38.31938552856445,165.88458251953125,188.1659240722656,1.1343183387769682,0.3701863198635099,0.2310002831278954
0,1,0,0,1,0,0,78.83631134033203,64.02812957763672,164.5775604248047,188.8430328369141,1.1474409533685868,0.4790222381279753,0.3890453194978006
0,1,0,0,0,1,0,77.55696105957031,58.08528518676758,173.16448974609375,193.4104461669922,1.1169174837784843,0.4478802852322085,0.3354341601556786
1,0,0,0,1,0,0,80.54376983642578,62.81991195678711,177.6399688720703,192.4489288330078,1.0833650222692977,0.4534101776072163,0.3536361346810844
1,0,1,0,0,0,0,79.62785339355469,67.22888946533203,178.0555877685547,203.1689453125,1.1410422321403857,0.4472078320679205,0.3775724778304594
0,1,0,0,1,0,0,68.60542297363281,50.37884140014648,155.63528442382812,178.8577117919922,1.1492105562959902,0.4408089285640754,0.3236980713380786
1,0,0,1,0,0,0,67.43204498291016,57.65771484375,150.77174377441406,185.9665374755859,1.233430965379233,0.4472459049342995,0.3824172447724552
1,0,0,1,0,0,0,77.54409790039062,65.92913818359375,173.5807647705078,208.95486450195312,1.2037904359864622,0.4467320904070918,0.3798182262346813
0,1,0,0,0,1,0,80.36648559570312,67.66471862792969,181.8646240234375,190.39877319335935,1.0469258340688732,0.4419027946047716,0.3720609161417204
1,0,0,0,1,0,0,82.37152099609375,64.47357177734375,194.23939514160156,187.1759796142578,0.9636355152249394,0.4240721658757456,0.3319284006745499
1,0,1,0,0,0,0,80.9630355834961,71.18335723876953,165.70030212402344,201.2479248046875,1.214529618986798,0.4886112731580709,0.4295909924502743
1,0,0,1,0,0,0,79.1835708618164,63.957298278808594,168.8319091796875,199.8740234375,1.1838640243342533,0.4690083245907115,0.3788223363081143
0,1,0,0,1,0,0,81.49505615234375,66.08690643310547,157.69874572753906,193.46051025390625,1.226772663037878,0.5167768188413194,0.4190705901192507
0,1,1,0,0,0,0,80.85221862792969,70.75054168701172,175.42007446289062,194.38525390625,1.1081129369111709,0.4609063066213305,0.4033206684220095
0,1,1,0,0,0,0,84.15135192871094,71.22111511230469,172.0557098388672,198.8573455810547,1.1557730096100132,0.4890936314029913,0.4139421770948744
1,0,1,0,0,0,0,75.18006134033203,53.50273513793945,179.77796936035156,187.6798095703125,1.0439533288649083,0.4181828374623544,0.2976045136581624
1,0,0,0,0,1,0,77.63186645507812,61.17829132080078,164.33566284179688,205.95407104492188,1.2532524437084014,0.4723981703826088,0.3722764144000567
1,0,0,0,0,1,0,79.39305877685547,68.94747161865234,165.01364135742188,196.2887420654297,1.189530395491761,0.4811302757987685,0.4178289203939882
1,0,0,0,1,0,0,81.26351928710938,69.78890228271484,168.03330993652344,199.48194885253903,1.187157170967445,0.4836155362160492,0.4153277841701649
0,1,0,1,0,0,0,74.05619812011719,63.89239501953125,165.76571655273438,191.749267578125,1.1567486423956943,0.4467521973794743,0.3854379322108225
0,1,0,0,0,1,0,81.70672607421875,69.2496109008789,169.15106201171875,198.05381774902344,1.1708694902270391,0.4830399827377857,0.4093950701656328
1,0,1,0,0,0,0,83.08271026611328,69.6658935546875,170.0706024169922,186.9367523193359,1.0991714597505218,0.4885189391074461,0.4096292514086315
1,0,1,0,0,0,0,89.50773620605469,73.28890991210938,198.68304443359375,194.28610229492188,0.9778695653108864,0.4505051574039628,0.3688734996035602
1,0,1,0,0,0,0,70.11570739746094,56.00080871582031,151.86045837402344,187.4967498779297,1.234664717105859,0.4617114168374893,0.3687649129695999
0,1,1,0,0,0,0,79.24445343017578,69.45525360107422,166.19833374023438,196.85626220703125,1.1844659195844571,0.4768065458107043,0.417905835985286
1,0,0,0,0,0,1,87.18549346923828,78.24951171875,170.90374755859375,204.77667236328125,1.1981988416788478,0.5101438366022198,0.4578572022940715
1,0,1,0,0,0,0,77.37654113769531,61.24433135986328,169.95599365234375,199.5290679931641,1.1740043037335537,0.4552739769564947,0.3603540542685574
1,0,0,0,0,1,0,76.95588684082031,62.73262023925781,175.56829833984375,189.94921875,1.081910689720985,0.4383245014533231,0.3573117745769093
1,0,1,0,0,0,0,80.03160858154297,67.695556640625,166.30029296875,197.56993103027344,1.1880311664117116,0.4812475501566431,0.4070681742776357
0,1,0,0,1,0,0,78.15203857421875,65.41842651367188,156.95249938964844,200.16368103027344,1.275313752942216,0.4979343360451967,0.4168039806187785
0,1,1,0,0,0,0,78.32171630859375,66.23322296142578,163.8369598388672,198.03228759765625,1.2087155901355835,0.4780466897434056,0.404263012610621
0,1,0,1,0,0,0,82.6450424194336,75.26115417480469,167.19351196289062,195.84437561035156,1.1713634895941425,0.4943077123577441,0.450143987593904
0,1,1,0,0,0,0,73.49185180664062,63.525177001953125,156.32431030273438,185.86672973632812,1.1889816073800838,0.4701242670722029,0.4063678699680913
0,1,1,0,0,0,0,87.22787475585938,75.77241516113281,172.09854125976562,192.9586639404297,1.121210339889969,0.5068484260084318,0.4402850518457439
1,0,0,0,0,0,1,68.97422790527344,56.3752326965332,146.93154907226562,188.38555908203125,1.2821314433251991,0.4694310264934981,0.3836836476065876
1,0,1,0,0,0,0,80.3484115600586,72.69535064697266,168.85182189941406,207.1129608154297,1.2265959495468637,0.4758516115267182,0.4305274875285483
1,0,0,1,0,0,0,72.95499420166016,60.782135009765625,160.77000427246094,182.5354766845703,1.135382669861866,0.4537848619946635,0.3780688772437713
0,1,1,0,0,0,0,77.80378723144531,65.93353271484375,167.6096649169922,196.6793212890625,1.1734366355691177,0.46419630556494,0.3933754819419094
1,0,1,0,0,0,0,63.68539047241211,49.49504852294922,145.68106079101562,198.6725616455078,1.3637501029080936,0.437156279111469,0.3397493693016934
0,1,1,0,0,0,0,86.248291015625,70.45738220214844,170.17837524414062,186.7130584716797,1.0971608948776137,0.5068111085905704,0.4140207714468372
0,1,0,1,0,0,0,77.21702575683594,62.873348236083984,161.95115661621094,193.8502197265625,1.196967183049797,0.4767920610769302,0.388224138374511
0,1,0,1,0,0,0,71.0932846069336,60.97886276245117,160.6966094970703,191.76483154296875,1.1933346455978888,0.4424068736075586,0.3794657706425529
1,0,0,0,1,0,0,77.64422607421875,60.45548248291016,189.4398956298828,181.282470703125,0.9569392450326548,0.4098620610830347,0.3191275115618979
1,0,0,0,1,0,0,80.71495056152344,68.75484466552734,165.59986877441406,191.2782287597656,1.1550626831735689,0.4874095079838267,0.41518658906178
0,1,1,0,0,0,0,81.94892883300781,74.28941345214844,172.58746337890625,201.10931396484375,1.1652602687793108,0.4748255013928414,0.4304450160962742
0,1,0,1,0,0,0,82.03963470458984,65.72594451904297,175.706298828125,203.2327880859375,1.156661937798478,0.4669134530278883,0.3740670935384949
0,1,1,0,0,0,0,78.39338684082031,65.37918090820312,162.5359344482422,192.97183227539065,1.1872564238207917,0.4823141855180575,0.4022444706159573
0,1,0,0,1,0,0,81.86372375488281,70.71153259277344,163.41905212402344,202.6522674560547,1.2400773644327348,0.5009435723122054,0.432700665397988
0,1,1,0,0,0,0,83.4786605834961,68.77762603759766,179.78009033203125,198.1667938232422,1.1022733021062177,0.4643376273163591,0.382565310266415
1,0,0,0,1,0,0,86.75009155273438,74.90038299560547,176.90145874023438,194.5747833251953,1.0999049115299429,0.4903865246251018,0.4234017261869541
0,1,1,0,0,0,0,85.02198791503906,73.82206726074219,183.83644104003903,199.24337768554688,1.0838078487504677,0.4624871295050883,0.4015638403523269
0,1,0,0,1,0,0,77.62018585205078,66.08051300048828,167.5741424560547,182.5632781982422,1.0894477842613357,0.4631990634975572,0.3943359758968631
0,1,0,0,0,1,0,72.18490600585938,59.05369186401367,157.7864227294922,184.24978637695312,1.1677163547387694,0.4574849011540911,0.3742634558947753
1,0,0,1,0,0,0,69.8882827758789,57.56780624389648,152.30453491210938,190.77992248535156,1.2526214179731765,0.4588719752580542,0.3779782806671989
1,0,0,0,1,0,0,85.81303405761719,65.81339263916016,196.6240692138672,190.1040496826172,0.9668401759900604,0.4364319912649081,0.3347168680939829
1,0,0,1,0,0,0,75.83971405029297,63.78620529174805,166.80502319335938,199.60629272460935,1.1966443749911952,0.454660852523488,0.3823997867127027
1,0,0,0,1,0,0,71.37948608398438,60.9422607421875,157.26315307617188,189.5218048095703,1.205125301778565,0.4538856349230837,0.3875177341298094
1,0,0,0,0,1,0,78.25173950195312,60.754878997802734,171.1918487548828,194.7134246826172,1.1373989246498133,0.4570996812704331,0.3548935269972651
1,0,0,0,0,1,0,79.39118194580078,61.871063232421875,179.68124389648438,191.93240356445312,1.0681827407374067,0.4418445699960681,0.3443379057864617
1,0,0,0,0,1,0,85.1634750366211,71.61283874511719,172.42611694335938,192.39210510253903,1.1157944545357843,0.4939128511755364,0.4153247780244418
0,1,0,0,0,1,0,85.1336669921875,74.6618423461914,178.11888122558594,201.9335021972656,1.1337007104907573,0.4779598120446674,0.4191686015118906
1,0,0,1,0,0,0,76.19728088378906,57.372467041015625,177.03219604492188,179.97122192382812,1.0166016461670084,0.4304148205022211,0.3240792823157284
0,1,0,0,0,1,0,87.78852081298828,73.6878433227539,176.2929229736328,193.9278564453125,1.100031998869956,0.4979696253951064,0.4179852604393825
1,0,1,0,0,0,0,85.5505599975586,75.88209533691406,171.7205047607422,206.2191925048828,1.200900223256434,0.4981965323055392,0.4418930368428652
1,0,0,0,0,1,0,80.17533874511719,65.63408660888672,170.6552734375,205.82736206054688,1.206100215449411,0.4698087385766032,0.3846004010706663
0,1,1,0,0,0,0,81.47724914550781,70.75993347167969,160.95904541015625,187.70480346679688,1.1661649892895862,0.5061986354223664,0.4396145199008173
0,1,1,0,0,0,0,81.60913848876953,59.315185546875,185.02325439453125,201.82321166992188,1.0907991664635166,0.4410750354371762,0.3205823275618926
0,1,1,0,0,0,0,74.41783142089844,59.729732513427734,165.7574920654297,202.51206970214844,1.2217370519952762,0.4489560652348877,0.360344089242437
0,1,1,0,0,0,0,75.7638931274414,61.96842956542969,170.26658630371094,194.8026885986328,1.1441040360740886,0.444972174354271,0.3639494448716688
1,0,0,1,0,0,0,76.3679428100586,64.63092041015625,167.75604248046875,193.0720672607422,1.1509097639998327,0.4552321435393294,0.3852673170784951
0,1,0,0,0,1,0,79.8960189819336,65.93087768554688,164.20236206054688,191.7442169189453,1.1677311733691311,0.4865704608589812,0.4015221027163785
0,1,1,0,0,0,0,77.18478393554688,63.32914733886719,180.24346923828125,186.77093505859375,1.0362147147294598,0.4282251349340644,0.3513533533642002
1,0,1,0,0,0,0,71.43231964111328,55.72383499145508,160.41551208496094,183.13758850097656,1.1416451321988197,0.445295587145466,0.3473718611573053
1,0,1,0,0,0,0,83.0363998413086,67.34426879882812,185.87648010253903,189.41258239746097,1.0190239361804745,0.4467289233984926,0.362306563808813
0,1,1,0,0,0,0,83.35479736328125,70.47443389892578,179.41465759277344,202.9883575439453,1.131392274563644,0.4645930186622537,0.392801986440178
1,0,0,1,0,0,0,72.65422821044922,57.842185974121094,167.2028350830078,178.40855407714844,1.067018714058153,0.4345274897664267,0.3459402225171921
0,1,1,0,0,0,0,80.51917266845703,67.51028442382812,176.5800323486328,202.3848571777344,1.1461367091504069,0.4559925128424661,0.3823211691939121
1,0,0,0,0,1,0,79.28956604003906,63.4311408996582,167.64230346679688,191.4760284423828,1.1421701114975815,0.4729687220967057,0.3783719239590461
0,1,1,0,0,0,0,88.95233917236328,81.73307800292969,180.19940185546875,207.29823303222656,1.1503824701842948,0.4936328215101882,0.4535701959126632
1,0,0,0,0,0,1,84.07304382324219,74.2277603149414,182.35682678222656,199.32794189453125,1.0930654224016074,0.4610359003649672,0.4070467863733195
0,1,0,0,0,0,1,81.0035171508789,65.15995788574219,178.85345458984375,179.79200744628906,1.0052476082086177,0.4529044034214518,0.364320376339224
1,0,1,0,0,0,0,78.2608871459961,62.92377853393555,166.2086181640625,194.6400146484375,1.1710584974379048,0.470859381483731,0.3785831278124474
1,0,0,1,0,0,0,92.68287658691406,88.26828002929688,184.49725341796875,202.17572021484375,1.095819674652963,0.5023536929134979,0.4784259840948947
1,0,0,0,0,0,1,77.45877838134766,66.39279174804688,163.88087463378906,200.49794006347656,1.2234370881380308,0.4726529471754305,0.405128370814528
0,1,1,0,0,0,0,80.24388122558594,66.56497955322266,167.05435180664062,191.50303649902344,1.146351677929835,0.4803459494336629,0.3984630081966928
0,1,1,0,0,0,0,79.75466918945312,69.80728149414062,178.5575408935547,179.4666748046875,1.0050915458769385,0.4466608847228585,0.3909511810299602
1,0,0,1,0,0,0,63.42577362060547,50.82007598876953,133.3352813720703,168.82533264160156,1.2661714956786023,0.4756863522387349,0.3811450012765698
1,0,1,0,0,0,0,83.8010482788086,73.3199462890625,189.3516845703125,195.77197265625,1.0339066858607928,0.4425682743144041,0.3872157063479221
0,1,0,0,1,0,0,90.39044189453124,77.68524169921875,187.0495758056641,193.85252380371097,1.0363697590264245,0.4832432338068638,0.4153189942538557
1,0,1,0,0,0,0,77.44200897216797,58.45912170410156,160.92095947265625,182.5582733154297,1.1344592644344136,0.4812425256843372,0.3632784809118352
1,0,1,0,0,0,0,83.62374877929688,69.32962036132812,185.81459045410156,196.7257537841797,1.0587207027360606,0.4500386572170334,0.3731118217998784
0,1,0,1,0,0,0,89.39894104003906,75.4782485961914,174.89987182617188,199.98275756835935,1.1434128308974214,0.5111435480575434,0.4315511944526016
1,0,1,0,0,0,0,79.94046020507812,72.34563446044922,163.60032653808594,204.63514709472656,1.250823585899676,0.4886326445471249,0.4422095969570528
0,1,0,0,1,0,0,73.33252716064453,59.00786590576172,160.9664306640625,190.27394104003903,1.182072188934483,0.4555765252302188,0.3665849187456442
1,0,0,0,0,0,1,84.41874694824219,67.09536743164062,190.1176300048828,210.81605529785156,1.1088716774579883,0.4440342904867584,0.3529150212419406
1,0,1,0,0,0,0,85.92281341552734,75.24000549316406,186.29461669921875,200.77685546875,1.0777383642433076,0.4612200552968939,0.4038764341464709
0,1,1,0,0,0,0,75.52012634277344,67.07141876220703,158.54959106445312,193.7931976318359,1.222287590467866,0.4763186447581136,0.423031168430711
1,0,0,0,0,1,0,75.5303955078125,65.8437271118164,157.9779052734375,201.11178588867188,1.273037425965205,0.4781073364473344,0.4167907341083564
1,0,1,0,0,0,0,77.1551284790039,56.8017692565918,186.95016479492188,190.20030212402344,1.017385046612111,0.4127042549742629,0.3038337479878739
1,0,1,0,0,0,0,82.775390625,71.94084930419922,161.75982666015625,198.9956970214844,1.2301923235832688,0.5117178494441893,0.4447386646583201
0,1,1,0,0,0,0,81.6148681640625,69.0576400756836,157.48587036132812,196.8130340576172,1.249718680196888,0.5182361311323309,0.4385005455869851
1,0,0,0,1,0,0,76.24559020996094,59.20131301879883,163.98110961914062,193.76727294921875,1.181643869829024,0.4649656926157378,0.3610252007459802
0,1,1,0,0,0,0,69.67919158935547,54.71963882446289,149.93743896484375,197.46221923828125,1.3169640658233517,0.4647217670944302,0.3649498030794907
0,1,1,0,0,0,0,78.71492004394531,65.30645751953125,163.57215881347656,191.08502197265625,1.16820015923708,0.4812244370614741,0.3992516696805417
0,1,1,0,0,0,0,81.60258483886719,70.44821166992188,163.20164489746094,201.03114318847656,1.2317960601119171,0.5000107988503292,0.4316636129138542
0,1,1,0,0,0,0,65.91252136230469,52.34967041015625,153.43377685546875,181.66830444335935,1.1840176795914168,0.4295828644327307,0.3411873935650328
0,1,0,0,1,0,0,85.07498931884766,72.88263702392578,176.66497802734375,193.68695068359375,1.0963517095822772,0.4815611462373712,0.4125471717017121
0,1,1,0,0,0,0,86.19894409179688,74.81822204589844,170.88890075683594,203.3479461669922,1.1899423851777442,0.5044151124504715,0.4378179139460907
1,0,0,0,0,0,1,84.89990234375,76.24922943115234,182.4267578125,196.1457672119141,1.075202835175718,0.4653917186370814,0.4179717402505286
0,1,0,1,0,0,0,82.85610961914062,74.29231262207031,182.82693481445312,188.0985870361328,1.0288341114892603,0.4531942172701708,0.406353214297816
1,0,1,0,0,0,0,71.0466537475586,61.06312561035156,147.41612243652344,187.58660888671875,1.272497239692982,0.4819462930735468,0.4142228448360185
0,1,0,1,0,0,0,72.38284301757812,58.44758224487305,158.64303588867188,197.7421112060547,1.246459449659175,0.4562623415021694,0.3684219853551515
1,0,1,0,0,0,0,84.66480255126953,72.86930847167969,190.96011352539065,210.2862548828125,1.1012051208005391,0.4433638050807518,0.3815943922864853
0,1,1,0,0,0,0,72.97827911376953,59.86898422241211,162.5815887451172,194.86083984375,1.1985418604146976,0.4488717306618231,0.3682396308494073
0,1,0,0,1,0,0,80.01834869384766,64.610107421875,163.4322967529297,189.10757446289065,1.157100390926867,0.4896116023800127,0.395332554859398
0,1,0,1,0,0,0,69.38404083251953,53.66597366333008,155.34559631347656,176.89395141601562,1.138712365293291,0.4466431136709365,0.3454618279300038
1,0,0,0,0,0,1,78.0705337524414,59.96719741821289,189.4801788330078,183.69972229003903,0.9694930806031,0.412024805091863,0.3164826937970278
1,0,0,0,1,0,0,88.19819641113281,72.9026870727539,172.55831909179688,192.43374633789065,1.1151809275304805,0.5111210915552179,0.4224814396457549
0,1,0,0,0,1,0,78.54330444335938,67.37081146240234,173.1372528076172,202.82427978515625,1.1714652768028266,0.453647630245314,0.3891179418057531
1,0,1,0,0,0,0,77.65328979492188,61.35478591918945,177.9100799560547,186.30828857421875,1.0472047936813835,0.4364749305610053,0.3448640230747162
1,0,0,0,1,0,0,75.0296401977539,59.16964340209961,166.05023193359375,184.87400817871097,1.1133619388899447,0.4518490538920747,0.3563358070211099
1,0,0,0,0,0,1,79.27175903320312,66.30128479003906,176.15643310546875,187.0321044921875,1.0617387125465196,0.450007743888305,0.3763773120357348
1,0,0,0,1,0,0,69.91242218017578,57.735862731933594,141.98519897460938,142.95127868652344,1.00680408746046,0.4923923245878461,0.4066329670197403
0,1,1,0,0,0,0,77.58403015136719,70.94468688964844,162.8247528076172,196.90594482421875,1.2093121065988637,0.4764879345036394,0.43571192749466
1,0,1,0,0,0,0,74.28375244140625,66.5632095336914,156.00387573242188,191.74229431152344,1.229086735257784,0.4761660701867297,0.4266766400589992
1,0,0,0,0,1,0,75.80152130126953,63.29622268676758,154.10475158691406,196.51156616210935,1.275181745783342,0.4918830893966172,0.4107350489518743
1,0,0,1,0,0,0,76.75474548339844,64.56348419189453,158.42576599121094,200.6485290527344,1.2665144952738678,0.4844839789990764,0.4075314630037916
0,1,0,0,0,1,0,81.42948913574219,68.40579223632812,167.7895965576172,197.22157287597656,1.1754100189891854,0.4853071394553366,0.4076879236838637
1,0,0,0,0,1,0,87.05674743652344,73.32337951660156,170.5457000732422,199.50607299804688,1.1698100445356725,0.510459937712509,0.4299339091229638
1,0,0,1,0,0,0,75.95355224609375,58.137577056884766,172.73870849609375,186.7028045654297,1.080839414575406,0.4397019805657012,0.3365636895345866
1,0,1,0,0,0,0,74.04508972167969,57.91288375854492,157.14927673339844,198.0641326904297,1.260356629107767,0.4711767770162643,0.3685214781916771
0,1,0,0,0,0,1,75.69380187988281,54.82145309448242,175.0967559814453,192.79005432128903,1.1010486929964518,0.4322969974835167,0.3130923402161246
1,0,1,0,0,0,0,74.09835815429688,67.45697784423828,157.9846954345703,201.95138549804688,1.2782971473441582,0.4690223818862559,0.4269842572958323
0,1,0,0,0,1,0,76.50650787353516,62.966583251953125,169.73440551757812,196.38475036621097,1.1570120375263155,0.4507424858280247,0.3709712421588689
0,1,0,0,1,0,0,79.20115661621094,63.8917236328125,165.0219268798828,189.8829803466797,1.1506530310053458,0.4799432300524546,0.3871711162318351
0,1,0,0,1,0,0,66.71134948730469,55.693634033203125,153.966064453125,194.5016326904297,1.2632759912470566,0.4332860603033402,0.3617266845848298
1,0,1,0,0,0,0,79.53155517578125,61.647193908691406,186.42930603027344,185.09320068359375,0.992833179637204,0.4266043620999504,0.3306733003591227
1,0,1,0,0,0,0,74.94136047363281,61.26513671875,159.2945098876953,195.75372314453125,1.228879283300725,0.4704578991860262,0.3846029393099782
1,0,1,0,0,0,0,77.65164947509766,66.46554565429688,169.00502014160156,191.4815368652344,1.1329931898164969,0.4594635674729478,0.3932755701493863
1,0,0,0,0,1,0,76.55254364013672,64.44434356689453,171.8253173828125,209.33245849609375,1.2182864649085354,0.4455254022291955,0.3750573230330074
1,0,0,0,1,0,0,84.77047729492188,71.88037109375,166.73492431640625,191.4627685546875,1.148306327181678,0.5084146446371146,0.4311056690039663
1,0,0,0,0,0,1,76.71292114257812,67.59120178222656,165.76666259765625,189.95169067382812,1.1458980213341994,0.4627765314234103,0.4077490656024236
1,0,1,0,0,0,0,77.70591735839844,67.67578887939453,161.5077667236328,200.31637573242188,1.2402894287752562,0.4811280530636427,0.4190249809793933
1,0,1,0,0,0,0,75.4494857788086,56.9403076171875,174.8418426513672,188.29917907714844,1.0769686261692806,0.4315299166072854,0.3256675104409983
0,1,1,0,0,0,0,80.84619140625,68.87129974365234,180.16436767578125,190.9925537109375,1.060101706984826,0.4487357430839961,0.3822692612980565
0,1,0,0,1,0,0,68.12542724609375,56.34259796142578,151.85006713867188,181.4023895263672,1.1946151420579068,0.4486361351679913,0.3710409815622461
0,1,1,0,0,0,0,89.04678344726562,75.2539291381836,170.7564697265625,199.21466064453125,1.1666595178709172,0.5214840971464152,0.4407090944120008
0,1,0,1,0,0,0,62.20365524291992,49.02833557128906,138.30751037597656,170.3273162841797,1.2315116931912096,0.4497489331839237,0.3544878758789738
1,0,0,1,0,0,0,83.13199615478516,73.85377502441406,175.90231323242188,214.55418395996097,1.2197348631593483,0.4726032001918123,0.4198567583749178
0,1,1,0,0,0,0,82.69756317138672,70.69461059570312,181.05433654785156,198.4866180419922,1.0962820434269651,0.4567554953290514,0.390460742027126
1,0,0,0,0,1,0,75.56082153320312,60.57746887207031,164.63522338867188,197.7329864501953,1.2010369493251516,0.4589590245510139,0.3679496259986761
0,1,0,1,0,0,0,80.51145935058594,73.39108276367188,177.7784423828125,203.5475921630859,1.1449509256290162,0.4528752658166485,0.4128232972456692
1,0,0,0,0,1,0,69.59001922607422,55.310543060302734,155.01683044433594,186.35496520996097,1.2021595634215865,0.448919120760006,0.3568034703184301
0,1,1,0,0,0,0,79.57305145263672,70.00790405273438,173.942626953125,203.65069580078125,1.1707923432458114,0.4574672283987093,0.4024769849635563
1,0,0,0,1,0,0,84.20543670654297,65.88328552246094,181.65663146972656,200.5295257568359,1.1038932305108529,0.4635417712266451,0.3626803216013642
0,1,1,0,0,0,0,71.54878234863281,57.7373046875,151.39488220214844,182.66758728027344,1.206563819220576,0.4725971004297097,0.3813689330026815
0,1,1,0,0,0,0,83.89849853515625,70.69074249267578,166.37594604492188,196.67657470703125,1.1821214507410112,0.5042706023892629,0.4248855929786216
1,0,1,0,0,0,0,80.15339660644531,64.8624496459961,166.80508422851562,196.68649291992188,1.1791396756856043,0.4805213041146796,0.3888517544053836
